Date,Adj Close,Close,High,Low,Open,Volume
2019-01-01,3135.25,3135.25,3164.05,3122.4,3162.25,40505072
2019-01-02,3028.45,3028.45,3097.1,3021.65,3095.55,96283282
2019-01-03,2960.4,2960.4,3031.15,2956.2,3030.9,89885691
2019-01-04,3001.7,3001.7,3013.35,2949.3,2959.25,89989395
2019-01-07,2997.1,2997.1,3055.3,2991.45,3040.65,66062618
2019-01-08,3010.3,3010.3,3021.35,2987.6,3000.55,71438988
2019-01-09,2975.5,2975.5,3031.7,2951.9,3020.4,90222621
2019-01-10,2972.35,2972.35,2990.05,2961.15,2979.7,58939337
2019-01-11,2971.25,2971.25,3003.5,2961.6,2980.3,60820607
2019-01-14,2939.35,2939.35,2969.75,2930.1,2969.7,56454301
2019-01-15,2986.3,2986.3,2989.75,2937.0,2953.3,64651310
2019-01-16,2967.05,2967.05,3003.95,2963.15,2997.65,61573323
2019-01-17,2963.05,2963.05,2981.65,2948.1,2974.9,56460592
2019-01-18,2957.1,2957.1,2980.3,2940.75,2969.75,49723159
2019-01-21,2945.8,2945.8,2975.4,2938.75,2967.2,43679406
2019-01-22,2880.65,2880.65,2936.05,2864.5,2936.05,71433596
2019-01-23,2896.9,2896.9,2921.2,2877.35,2881.3,56023579
2019-01-24,2893.5,2893.5,2902.1,2864.15,2899.95,43614797
2019-01-25,2857.55,2857.55,2921.6,2846.95,2905.95,51696479
2019-01-28,2827.15,2827.15,2862.2,2802.35,2859.2,54734856
2019-01-29,2828.35,2828.35,2846.35,2803.75,2823.75,48811996
2019-01-30,2882.05,2882.05,2892.35,2830.8,2835.05,76238031
2019-01-31,2915.85,2915.85,2920.35,2875.6,2899.85,106481396
2019-02-01,2815.65,2815.65,2867.9,2777.3,2867.9,163561461
2019-02-04,2794.45,2794.45,2815.9,2737.25,2814.3,83039665
2019-02-05,2768.3,2768.3,2806.6,2749.25,2791.75,61569729
2019-02-06,2832.95,2832.95,2842.5,2741.25,2776.35,71753345
2019-02-07,2835.8,2835.8,2855.05,2806.6,2829.85,66561603
2019-02-08,2740.5,2740.5,2826.9,2731.7,2821.65,93084422
2019-02-11,2725.2,2725.2,2756.1,2675.5,2739.6,116314919
2019-02-12,2767.95,2767.95,2805.2,2713.0,2724.4,144981172
2019-02-13,2741.7,2741.7,2796.45,2733.95,2785.4,90932779
2019-02-14,2733.65,2733.65,2741.6,2678.0,2727.0,124843281
2019-02-15,2677.1,2677.1,2740.65,2653.75,2739.5,104074553
2019-02-18,2652.0,2652.0,2696.25,2649.25,2681.6,88794007
2019-02-19,2689.7,2689.7,2725.25,2654.2,2654.45,102655306
2019-02-20,2765.0,2765.0,2772.55,2701.15,2701.15,123109869
2019-02-21,2796.15,2796.15,2805.6,2760.65,2775.5,112682863
2019-02-22,2842.2,2842.2,2846.7,2774.6,2796.75,109494758
2019-02-25,2852.1,2852.1,2871.3,2826.35,2854.1,142656681
2019-02-26,2854.9,2854.9,2871.05,2777.3,2808.75,116511246
2019-02-27,2846.85,2846.85,2893.15,2827.4,2874.4,118095703
2019-02-28,2871.6,2871.6,2892.05,2845.25,2862.35,211351359
2019-03-01,2922.7,2922.7,2925.65,2895.0,2899.5,148269173
2019-03-05,3000.2,3000.2,3005.55,2918.7,2927.65,131405584
2019-03-06,3021.3,3021.3,3035.7,3004.05,3018.45,115511278
2019-03-07,2992.85,2992.85,3026.55,2977.25,3026.55,91111688
2019-03-08,2947.95,2947.95,2975.6,2938.05,2967.85,99976638
2019-03-11,3028.85,3028.85,3033.95,2961.9,2967.6,111767821
2019-03-12,3043.05,3043.05,3065.8,3036.65,3052.8,101887781
2019-03-13,2985.75,2985.75,3042.45,2977.4,3041.4,109275233
2019-03-14,3002.05,3002.05,3021.25,2982.3,2993.0,78589536
2019-03-15,3008.25,3008.25,3015.15,2973.35,2996.9,136776443
2019-03-18,3028.4,3028.4,3032.4,2988.95,3017.9,80827976
2019-03-19,3027.4,3027.4,3055.2,3014.65,3033.65,86874452
2019-03-20,2996.1,2996.1,3038.25,2988.0,3037.65,120227305
2019-03-22,2983.2,2983.2,3009.8,2976.15,2986.0,90812893
2019-03-25,2949.65,2949.65,2956.4,2920.6,2956.0,74806493
2019-03-26,2980.6,2980.6,2989.9,2956.6,2957.45,67500715
2019-03-27,2982.1,2982.1,3006.2,2972.75,2992.85,76769807
2019-03-28,2973.7,2973.7,2989.6,2967.75,2980.9,124252847
2019-03-29,3044.15,3044.15,3053.15,2990.15,2995.15,157340337
2019-04-01,3102.3,3102.3,3145.95,3082.4,3084.65,138097719
2019-04-02,3089.1,3089.1,3122.85,3072.1,3122.85,88241720
2019-04-03,3085.0,3085.0,3135.35,3077.7,3106.4,106223165
2019-04-04,3071.9,3071.9,3091.35,3052.3,3082.9,93270209
2019-04-05,3132.35,3132.35,3140.05,3073.45,3082.1,91462167
2019-04-08,3101.7,3101.7,3162.2,3092.75,3153.8,85426172
2019-04-09,3133.65,3133.65,3139.7,3069.65,3105.25,78803264
2019-04-10,3105.2,3105.2,3156.35,3098.7,3121.25,90987829
2019-04-11,3067.45,3067.45,3110.3,3058.45,3099.4,79431691
2019-04-12,3071.6,3071.6,3083.8,3050.7,3072.55,60047587
2019-04-15,3141.35,3141.35,3152.95,3087.8,3090.7,94034922
2019-04-16,3149.9,3149.9,3177.4,3143.7,3154.45,135304023
2019-04-18,3109.85,3109.85,3158.3,3085.4,3155.55,95808893
2019-04-22,3054.1,3054.1,3113.05,3048.25,3105.65,68977745
2019-04-23,3042.0,3042.0,3077.85,3038.65,3054.75,65943741
2019-04-24,3047.75,3047.75,3057.3,3009.3,3050.35,86510330
2019-04-25,2991.1,2991.1,3060.9,2985.0,3044.4,89501642
2019-04-26,3046.65,3046.65,3073.0,3007.25,3016.95,136936099
2019-04-30,3089.1,3089.1,3099.45,2996.4,3048.9,117468859
2019-05-02,3085.5,3085.5,3108.95,3063.9,3078.45,80273337
2019-05-03,3081.25,3081.25,3096.8,3068.25,3090.45,65227022
2019-05-06,3018.75,3018.75,3034.3,3004.75,3011.75,77267042
2019-05-07,2980.4,2980.4,3061.85,2972.25,3042.0,78305970
2019-05-08,2959.5,2959.5,2991.1,2949.0,2968.9,91165223
2019-05-09,2917.1,2917.1,2973.0,2905.1,2959.45,75203817
2019-05-10,2872.5,2872.5,2944.2,2855.05,2928.95,116341181
2019-05-13,2820.85,2820.85,2868.3,2805.5,2862.6,69842092
2019-05-14,2837.9,2837.9,2852.15,2787.95,2801.5,124242089
2019-05-15,2778.4,2778.4,2863.3,2767.0,2845.2,90068380
2019-05-16,2810.85,2810.85,2819.65,2760.35,2788.2,80146535
2019-05-17,2807.25,2807.25,2821.7,2779.2,2800.7,69715606
2019-05-20,2899.15,2899.15,2927.7,2856.65,2875.0,76801082
2019-05-21,2854.25,2854.25,2913.0,2839.2,2912.55,62948602
2019-05-22,2864.45,2864.45,2879.15,2826.4,2852.2,91162224
2019-05-23,2822.0,2822.0,2910.35,2811.15,2904.8,100656475
2019-05-24,2904.3,2904.3,2910.6,2804.35,2839.45,87403573
2019-05-27,2965.7,2965.7,2972.55,2887.4,2898.45,88464809
2019-05-28,2992.95,2992.95,3020.85,2969.3,2972.0,150197289
2019-05-29,2937.3,2937.3,2986.85,2927.85,2985.1,88244602
2019-05-30,2924.5,2924.5,2946.65,2914.3,2939.1,89231022
2019-05-31,2900.4,2900.4,2965.65,2875.1,2953.55,130520838
2019-06-03,2951.25,2951.25,2956.8,2886.3,2905.0,77402301
2019-06-04,2956.4,2956.4,2973.6,2937.85,2942.1,69661230
2019-06-06,2923.05,2923.05,2966.9,2911.8,2959.45,77101810
2019-06-07,2906.95,2906.95,2952.15,2892.7,2921.25,69140744
2019-06-10,2912.25,2912.25,2954.1,2890.6,2935.35,57918434
2019-06-11,2950.65,2950.65,2955.95,2906.7,2926.35,67851791
2019-06-12,2962.1,2962.1,2997.2,2942.75,2950.85,91882222
2019-06-13,2955.95,2955.95,2960.65,2914.8,2956.6,89607153
2019-06-14,2944.9,2944.9,2975.55,2926.25,2946.15,58594521
2019-06-17,2860.5,2860.5,2941.35,2855.35,2940.9,81137278
2019-06-18,2874.9,2874.9,2892.05,2838.3,2861.9,81423991
2019-06-19,2886.3,2886.3,2935.4,2856.8,2906.85,123650583
2019-06-20,2940.1,2940.1,2944.1,2870.35,2884.1,89601872
2019-06-21,2930.2,2930.2,2952.6,2919.65,2932.7,102037213
2019-06-24,2892.45,2892.45,2949.6,2887.05,2932.85,79123328
2019-06-25,2942.65,2942.65,2946.6,2854.9,2862.55,90176604
2019-06-26,3022.95,3022.95,3028.9,2924.15,2927.25,101079711
2019-06-27,3014.2,3014.2,3044.5,3004.65,3027.5,109220854
2019-06-28,2980.2,2980.2,3024.55,2960.35,3014.7,79692527
2019-07-01,2977.95,2977.95,3022.45,2959.5,3002.6,85634331
2019-07-02,2993.35,2993.35,2998.85,2958.4,2978.35,64410279
2019-07-03,2992.15,2992.15,3007.55,2968.15,2991.1,82613321
2019-07-04,2962.5,2962.5,2991.5,2957.35,2983.55,61655453
2019-07-05,2851.25,2851.25,2971.05,2843.9,2966.75,88238012
2019-07-08,2791.2,2791.2,2854.25,2782.1,2831.55,89644191
2019-07-09,2788.05,2788.05,2811.55,2770.75,2791.65,71971971
2019-07-10,2756.45,2756.45,2812.45,2736.6,2791.7,97290500
2019-07-11,2805.25,2805.25,2812.25,2765.7,2792.15,99484054
2019-07-12,2826.3,2826.3,2859.55,2785.4,2811.0,95026826
2019-07-15,2823.0,2823.0,2833.5,2783.0,2831.0,67395775
2019-07-16,2847.35,2847.35,2851.7,2810.55,2814.2,65890342
2019-07-17,2848.8,2848.8,2859.4,2827.9,2842.5,58210307
2019-07-18,2778.6,2778.6,2840.4,2772.0,2837.85,68926959
2019-07-19,2741.85,2741.85,2807.9,2734.0,2795.4,87063590
2019-07-22,2788.1,2788.1,2795.7,2734.85,2743.65,85850050
2019-07-23,2778.75,2778.75,2796.95,2765.9,2792.25,61577981
2019-07-24,2712.95,2712.95,2786.1,2691.45,2780.4,95406532
2019-07-25,2686.4,2686.4,2736.25,2678.05,2718.0,105150125
2019-07-26,2692.45,2692.45,2708.4,2662.35,2694.95,100451734
2019-07-29,2611.9,2611.9,2689.15,2603.3,2686.85,87105689
2019-07-30,2527.0,2527.0,2646.2,2510.35,2614.0,102407306
2019-07-31,2588.15,2588.15,2595.9,2495.4,2513.55,100321010
2019-08-01,2507.05,2507.05,2572.05,2486.7,2571.2,97881598
2019-08-02,2459.1,2459.1,2494.95,2430.35,2474.7,133622061
2019-08-05,2415.35,2415.35,2439.45,2362.75,2428.2,105475190
2019-08-06,2448.05,2448.05,2466.5,2385.1,2385.5,97127314
2019-08-07,2389.45,2389.45,2445.15,2378.2,2441.85,98686916
2019-08-08,2418.8,2418.8,2425.15,2355.75,2391.25,138274688
2019-08-09,2398.0,2398.0,2453.5,2390.1,2430.7,111809408
2019-08-13,2355.9,2355.9,2410.75,2350.05,2381.85,140378237
2019-08-14,2411.05,2411.05,2423.65,2367.75,2381.7,162317062
2019-08-16,2402.05,2402.05,2411.2,2356.5,2391.95,115682747
2019-08-19,2391.35,2391.35,2420.7,2384.9,2413.7,74033733
2019-08-20,2351.15,2351.15,2393.05,2337.2,2391.65,92494798
2019-08-21,2283.2,2283.2,2342.4,2277.25,2340.35,126068128
2019-08-22,2203.6,2203.6,2272.55,2189.85,2263.2,156143956
2019-08-23,2278.65,2278.65,2290.15,2183.25,2191.4,129503257
2019-08-26,2256.65,2256.65,2305.25,2174.1,2297.3,148604221
2019-08-27,2303.9,2303.9,2314.2,2262.65,2275.85,130994096
2019-08-28,2226.45,2226.45,2299.7,2211.9,2297.8,104131736
2019-08-29,2254.35,2254.35,2274.75,2196.1,2212.95,162182495
2019-08-30,2289.95,2289.95,2310.9,2243.0,2282.15,164734483
2019-09-03,2218.95,2218.95,2270.4,2211.1,2269.7,80035369
2019-09-04,2254.65,2254.65,2259.4,2198.85,2219.95,107721458
2019-09-05,2313.6,2313.6,2341.35,2280.1,2280.1,140379199
2019-09-06,2357.7,2357.7,2366.5,2295.5,2324.65,112756509
2019-09-09,2360.05,2360.05,2382.9,2322.6,2356.85,106820438
2019-09-11,2414.55,2414.55,2419.1,2371.45,2373.1,130371811
2019-09-12,2410.6,2410.6,2452.55,2403.85,2423.6,140491714
2019-09-13,2444.1,2444.1,2450.35,2384.8,2417.35,117248330
2019-09-16,2440.55,2440.55,2447.65,2414.55,2418.8,82831422
2019-09-17,2375.85,2375.85,2468.7,2369.7,2441.35,193803566
2019-09-18,2402.65,2402.65,2415.75,2373.45,2387.8,131309592
2019-09-19,2363.45,2363.45,2395.95,2335.9,2395.65,122579323
2019-09-20,2497.65,2497.65,2519.4,2338.95,2374.75,275208322
2019-09-23,2526.2,2526.2,2576.25,2496.85,2569.25,144675202
2019-09-24,2485.1,2485.1,2528.4,2481.15,2528.4,95245400
2019-09-25,2419.75,2419.75,2461.6,2404.5,2455.2,99755216
2019-09-26,2520.45,2520.45,2529.95,2422.55,2427.85,176637060
2019-09-27,2453.95,2453.95,2515.8,2446.1,2514.0,139274345
2019-09-30,2439.85,2439.85,2444.05,2385.1,2428.65,125396406
2019-10-01,2397.05,2397.05,2449.75,2352.55,2441.55,137817713
2019-10-03,2326.55,2326.55,2370.9,2316.5,2368.95,127881703
2019-10-04,2297.2,2297.2,2349.0,2290.0,2344.85,114280310
2019-10-07,2269.95,2269.95,2316.75,2264.95,2305.7,142416626
2019-10-09,2317.7,2317.7,2325.65,2252.35,2262.8,134386007
2019-10-10,2283.35,2283.35,2309.9,2278.7,2300.65,116215329
2019-10-11,2337.1,2337.1,2357.5,2300.0,2300.75,138257780
2019-10-14,2360.2,2360.2,2386.5,2352.0,2360.65,115024579
2019-10-15,2397.05,2397.05,2425.85,2331.45,2354.45,167962621
2019-10-16,2388.3,2388.3,2416.25,2379.55,2411.8,106691693
2019-10-17,2410.95,2410.95,2424.75,2352.1,2369.55,132333606
2019-10-18,2456.0,2456.0,2463.25,2398.65,2413.25,193396086
2019-10-22,2442.85,2442.85,2478.4,2430.1,2453.0,129682491
2019-10-23,2436.85,2436.85,2458.1,2420.75,2436.5,93103718
2019-10-24,2419.55,2419.55,2453.45,2414.85,2435.2,118983065
2019-10-25,2410.85,2410.85,2437.0,2404.9,2419.05,101929012
2019-10-29,2518.3,2518.3,2528.1,2428.4,2434.5,152777135
2019-10-30,2514.25,2514.25,2534.4,2502.6,2534.4,104269436
2019-10-31,2500.75,2500.75,2539.3,2492.0,2525.8,140575878
2019-11-01,2561.75,2561.75,2568.35,2483.5,2494.85,163442365
2019-11-04,2642.15,2642.15,2660.1,2578.35,2578.85,250913240
2019-11-05,2616.95,2616.95,2673.75,2609.2,2667.0,158682098
2019-11-06,2633.45,2633.45,2656.7,2608.8,2613.9,149055760
2019-11-07,2659.05,2659.05,2677.85,2596.7,2645.35,209561002
2019-11-08,2612.95,2612.95,2669.95,2607.25,2652.15,130225586
2019-11-11,2610.1,2610.1,2622.45,2598.55,2610.15,117297112
2019-11-13,2556.65,2556.65,2637.8,2546.8,2617.95,146928227
2019-11-14,2506.6,2506.6,2562.1,2499.5,2560.2,126711898
2019-11-15,2498.8,2498.8,2529.05,2491.0,2512.65,106985072
2019-11-18,2539.65,2539.65,2550.3,2495.6,2511.35,107277965
2019-11-19,2517.95,2517.95,2549.25,2512.45,2547.1,84027887
2019-11-20,2524.9,2524.9,2549.85,2509.75,2520.1,98967916
2019-11-21,2470.45,2470.45,2524.65,2466.65,2524.65,88636286
2019-11-22,2521.15,2521.15,2529.7,2468.0,2472.9,120472726
2019-11-25,2602.0,2602.0,2608.95,2533.3,2535.05,159550308
2019-11-26,2580.55,2580.55,2627.9,2565.65,2614.6,155795660
2019-11-27,2602.85,2602.85,2616.85,2583.4,2585.15,84538138
2019-11-28,2656.85,2656.85,2662.8,2597.9,2604.0,117266089
2019-11-29,2625.5,2625.5,2668.35,2608.45,2644.95,103823440
2019-12-02,2632.65,2632.65,2637.1,2612.15,2631.85,80531419
2019-12-03,2564.2,2564.2,2629.25,2555.45,2627.85,138745383
2019-12-04,2604.0,2604.0,2613.15,2514.0,2536.8,148570248
2019-12-05,2543.95,2543.95,2611.2,2535.85,2605.7,100777191
2019-12-06,2535.85,2535.85,2571.5,2516.55,2551.05,119518611
2019-12-09,2551.7,2551.7,2577.05,2528.45,2539.0,95567208
2019-12-10,2515.9,2515.9,2556.6,2510.75,2549.0,72816872
2019-12-11,2509.55,2509.55,2533.6,2484.0,2524.65,82300049
2019-12-12,2568.8,2568.8,2580.55,2518.5,2525.4,103754947
2019-12-13,2626.75,2626.75,2645.3,2607.55,2620.3,184004809
2019-12-16,2591.1,2591.1,2642.5,2586.65,2640.55,109215224
2019-12-17,2665.75,2665.75,2677.25,2600.95,2603.9,201488191
2019-12-18,2687.65,2687.65,2704.6,2648.85,2667.75,171742506
2019-12-19,2691.1,2691.1,2697.65,2667.75,2678.85,136867866
2019-12-20,2707.5,2707.5,2724.65,2684.3,2693.35,176182487
2019-12-23,2706.35,2706.35,2738.0,2694.55,2711.0,134979945
2019-12-24,2723.15,2723.15,2734.15,2709.6,2716.5,101451396
2019-12-26,2739.0,2739.0,2754.95,2721.1,2725.1,149468563
2019-12-27,2760.35,2760.35,2768.75,2724.65,2750.8,92652472
2019-12-30,2796.5,2796.5,2801.6,2737.7,2765.2,105739743
2019-12-31,2801.3,2801.3,2813.6,2783.8,2788.1,100854196
2020-01-01,2796.05,2796.05,2818.0,2773.75,2805.45,107671089
2020-01-02,2869.9,2869.9,2873.1,2818.2,2818.4,235152637
2020-01-03,2848.35,2848.35,2867.75,2835.55,2860.65,129974194
2020-01-06,2765.75,2765.75,2829.0,2761.45,2828.25,103564241
2020-01-07,2785.9,2785.9,2815.25,2763.3,2785.25,132967777
2020-01-08,2767.25,2767.25,2777.2,2736.4,2751.2,155905479
2020-01-09,2806.8,2806.8,2820.45,2787.25,2814.95,127392791
2020-01-10,2840.75,2840.75,2864.55,2803.2,2820.6,150019071
2020-01-13,2874.1,2874.1,2877.35,2846.15,2851.85,99128959
2020-01-14,2900.65,2900.65,2917.1,2876.85,2880.5,134446695
2020-01-15,2921.45,2921.45,2927.95,2870.8,2888.8,125337815
2020-01-16,2884.8,2884.8,2924.1,2872.5,2920.1,109111806
2020-01-17,2864.65,2864.65,2895.0,2860.6,2882.9,82853773
2020-01-20,2835.85,2835.85,2882.35,2832.25,2872.7,100482749
2020-01-21,2799.95,2799.95,2845.75,2794.35,2823.65,107638493
2020-01-22,2756.75,2756.75,2806.15,2749.5,2804.8,116380307
2020-01-23,2769.25,2769.25,2779.35,2750.95,2759.05,139648420
2020-01-24,2796.2,2796.2,2808.0,2756.9,2772.4,93124814
2020-01-27,2709.75,2709.75,2767.65,2698.5,2766.7,123485073
2020-01-28,2642.25,2642.25,2706.95,2625.2,2705.75,132512577
2020-01-29,2665.85,2665.85,2700.4,2662.35,2673.1,110717373
2020-01-30,2628.9,2628.9,2669.55,2621.05,2667.4,126951289
2020-01-31,2569.0,2569.0,2645.7,2559.85,2642.25,137534113
2020-02-03,2510.95,2510.95,2522.7,2458.45,2475.45,131170680
2020-02-04,2594.25,2594.25,2598.85,2523.7,2537.6,112808619
2020-02-05,2665.4,2665.4,2677.8,2585.8,2605.7,127180315
2020-02-06,2688.75,2688.75,2708.65,2662.75,2684.75,133425015
2020-02-07,2710.8,2710.8,2715.85,2660.8,2684.2,114189552
2020-02-10,2628.9,2628.9,2692.85,2616.75,2687.65,133847259
2020-02-11,2651.75,2651.75,2683.1,2648.2,2650.85,137925323
2020-02-12,2668.25,2668.25,2691.05,2653.05,2669.0,109788845
2020-02-13,2651.6,2651.6,2674.85,2635.1,2671.4,85232381
2020-02-14,2613.6,2613.6,2663.25,2608.85,2649.5,89067532
2020-02-17,2586.7,2586.7,2622.35,2581.75,2614.35,104089806
2020-02-18,2556.05,2556.05,2573.3,2514.0,2572.4,127284914
2020-02-19,2591.05,2591.05,2606.8,2569.6,2588.3,102756753
2020-02-20,2612.25,2612.25,2627.25,2568.25,2582.95,114333180
2020-02-24,2469.6,2469.6,2578.8,2463.25,2578.8,134909623
2020-02-25,2470.35,2470.35,2510.75,2462.05,2495.25,117122552
2020-02-26,2430.0,2430.0,2456.55,2416.4,2431.6,123856240
2020-02-27,2410.05,2410.05,2425.3,2367.8,2424.2,117509544
2020-02-28,2246.05,2246.05,2335.05,2230.6,2333.2,203174565
2020-03-02,2197.6,2197.6,2326.55,2169.05,2307.6,161174340
2020-03-03,2320.75,2320.75,2339.45,2238.05,2238.95,175329617
2020-03-04,2304.3,2304.3,2323.95,2247.25,2321.95,177381029
2020-03-05,2284.85,2284.85,2351.45,2278.0,2327.65,146859224
2020-03-06,2183.9,2183.9,2201.65,2133.8,2171.05,117204890
2020-03-09,2020.05,2020.05,2107.95,2004.0,2101.95,186736947
2020-03-11,1986.95,1986.95,2032.95,1968.35,2010.3,204547100
2020-03-12,1800.6,1800.6,1875.6,1768.25,1869.8,250273602
2020-03-13,1903.35,1903.35,1922.9,1546.15,1677.65,279252967
2020-03-16,1730.6,1730.6,1852.45,1722.5,1807.6,193262175
2020-03-17,1710.45,1710.45,1816.0,1699.85,1757.65,187154130
2020-03-18,1664.2,1664.2,1763.1,1640.15,1761.6,207200136
2020-03-19,1574.2,1574.2,1649.7,1558.05,1584.0,190771195
2020-03-20,1692.85,1692.85,1714.9,1582.4,1605.05,191057441
2020-03-23,1496.45,1496.45,1587.45,1480.7,1538.25,109383947
2020-03-24,1502.4,1502.4,1579.7,1485.2,1539.5,136431730
2020-03-25,1541.2,1541.2,1557.05,1483.8,1485.25,113944103
2020-03-26,1542.95,1542.95,1596.3,1523.85,1561.6,158858121
2020-03-27,1554.85,1554.85,1606.75,1528.55,1580.7,138629039
2020-03-30,1507.7,1507.7,1527.6,1483.5,1506.4,113197414
2020-03-31,1585.9,1585.9,1601.0,1539.25,1544.5,185188259
2020-04-01,1553.55,1553.55,1578.4,1535.25,1575.75,139382093
2020-04-03,1522.9,1522.9,1568.75,1496.65,1563.55,149271522
2020-04-07,1637.0,1637.0,1648.5,1559.15,1579.7,221845744
2020-04-08,1624.85,1624.85,1726.4,1597.05,1613.4,254788623
2020-04-09,1705.45,1705.45,1709.55,1660.1,1665.3,171463356
2020-04-13,1738.4,1738.4,1745.2,1659.95,1714.5,174048377
2020-04-15,1752.9,1752.9,1814.45,1735.3,1771.2,218389670
2020-04-16,1779.75,1779.75,1798.75,1724.35,1738.55,164419124
2020-04-17,1816.5,1816.5,1842.15,1784.05,1837.2,149469809
2020-04-20,1756.45,1756.45,1842.9,1750.25,1842.4,152206988
2020-04-21,1666.6,1666.6,1714.5,1649.25,1712.6,174668213
2020-04-22,1673.3,1673.3,1680.2,1616.65,1651.75,138323328
2020-04-23,1694.75,1694.75,1725.5,1679.95,1685.55,132411436
2020-04-24,1645.2,1645.2,1709.6,1641.45,1680.45,197401203
2020-04-27,1666.6,1666.6,1687.45,1664.1,1672.6,111601513
2020-04-28,1661.65,1661.65,1685.95,1653.8,1678.3,112137492
2020-04-29,1723.8,1723.8,1730.8,1662.2,1666.35,190737433
2020-04-30,1859.9,1859.9,1871.95,1761.05,1763.5,254541594
2020-05-04,1713.8,1713.8,1772.3,1704.55,1769.25,146066900
2020-05-05,1693.65,1693.65,1755.5,1685.45,1748.8,145812363
2020-05-06,1697.95,1697.95,1719.8,1681.0,1707.8,113508461
2020-05-07,1695.55,1695.55,1717.65,1672.05,1676.35,102660412
2020-05-08,1676.55,1676.55,1737.0,1671.0,1734.85,101840611
2020-05-11,1697.9,1697.9,1720.1,1688.3,1695.3,106473542
2020-05-12,1717.55,1717.55,1727.3,1657.4,1687.2,210393978
2020-05-13,1760.6,1760.6,1813.55,1750.8,1812.2,282829818
2020-05-14,1715.05,1715.05,1753.25,1710.3,1732.15,116071601
2020-05-15,1742.6,1742.6,1763.85,1714.15,1728.8,206532996
2020-05-18,1673.5,1673.5,1746.4,1667.8,1746.2,216301436
2020-05-19,1693.55,1693.55,1722.15,1683.1,1701.4,156826674
2020-05-20,1711.5,1711.5,1716.05,1681.55,1690.95,104498429
2020-05-21,1742.9,1742.9,1759.45,1707.75,1718.15,166597091
2020-05-22,1710.45,1710.45,1726.6,1697.7,1725.65,114714267
2020-05-26,1756.35,1756.35,1763.95,1724.35,1724.95,183828784
2020-05-27,1801.25,1801.25,1813.4,1756.0,1763.55,187432158
2020-05-28,1844.5,1844.5,1852.75,1804.1,1813.7,160808814
2020-05-29,1879.85,1879.85,1890.75,1814.75,1823.05,175975027
2020-06-01,1952.5,1952.5,1968.2,1907.0,1909.8,181711821
2020-06-02,1956.1,1956.1,1976.05,1936.0,1967.85,167542617
2020-06-03,1952.7,1952.7,1995.6,1943.85,1980.85,140729429
2020-06-04,1972.9,1972.9,1979.3,1939.3,1951.75,179091774
2020-06-05,2049.7,2049.7,2057.05,1990.15,1995.9,264439637
2020-06-08,2044.85,2044.85,2105.65,2029.7,2088.25,214880748
2020-06-09,2022.5,2022.5,2076.55,2013.85,2060.45,157991339
2020-06-10,2010.8,2010.8,2029.8,1995.05,2020.3,134301641
2020-06-11,1954.85,1954.85,2019.35,1948.3,2000.75,119795934
2020-06-12,1966.1,1966.1,1972.75,1872.4,1873.4,137656103
2020-06-15,1928.55,1928.55,1967.0,1915.95,1966.3,147660917
2020-06-16,1955.9,1955.9,2001.05,1918.05,1976.85,212262130
2020-06-17,1940.45,1940.45,1974.85,1935.3,1947.5,118634682
2020-06-18,1998.65,1998.65,2005.45,1931.65,1937.25,158618839
2020-06-19,1997.55,1997.55,2026.45,1988.1,2021.4,185813648
2020-06-22,2049.8,2049.8,2056.35,1995.7,2001.05,152881736
2020-06-23,2085.8,2085.8,2096.45,2056.65,2064.1,176948330
2020-06-24,2042.35,2042.35,2123.6,2034.55,2114.5,225322334
2020-06-25,2030.8,2030.8,2055.95,2013.25,2020.05,200838104
2020-06-26,2043.35,2043.35,2066.45,2037.0,2052.3,131711582
2020-06-29,1989.5,1989.5,2036.7,1964.35,2034.35,134062622
2020-06-30,1991.35,1991.35,2041.3,1985.35,2007.2,194179512
2020-07-01,1997.35,1997.35,2006.95,1976.05,1999.6,106074475
2020-07-02,2017.0,2017.0,2020.8,1995.45,2011.15,117944585
2020-07-03,2008.5,2008.5,2031.25,1999.3,2027.7,126758444
2020-07-06,2058.15,2058.15,2069.95,2013.7,2024.35,175224450
2020-07-07,2022.6,2022.6,2065.1,2019.3,2065.1,148281391
2020-07-08,2054.3,2054.3,2101.1,2027.5,2031.65,448246662
2020-07-09,2094.3,2094.3,2121.75,2071.35,2072.1,271245984
2020-07-10,2078.2,2078.2,2086.15,2054.6,2081.45,181548682
2020-07-13,2105.15,2105.15,2118.65,2087.6,2098.2,206644242
2020-07-14,2052.45,2052.45,2094.65,2042.8,2094.65,116837461
2020-07-15,2055.75,2055.75,2091.2,2048.0,2069.65,106981675
2020-07-16,2070.65,2070.65,2077.8,2018.55,2054.5,140611195
2020-07-17,2103.0,2103.0,2130.5,2083.7,2087.5,214920897
2020-07-20,2106.0,2106.0,2122.8,2094.6,2115.45,105406879
2020-07-21,2118.6,2118.6,2126.1,2090.3,2122.6,128613942
2020-07-22,2113.95,2113.95,2168.7,2092.75,2128.55,209962750
2020-07-23,2131.4,2131.4,2138.35,2113.05,2120.9,88223809
2020-07-24,2087.5,2087.5,2117.15,2071.25,2112.4,105128699
2020-07-27,2094.4,2094.4,2107.05,2064.5,2094.35,106579664
2020-07-28,2141.3,2141.3,2144.55,2101.6,2101.7,128501352
2020-07-29,2160.75,2160.75,2192.3,2131.95,2138.75,160660857
2020-07-30,2135.15,2135.15,2178.45,2123.4,2170.2,192324487
2020-07-31,2147.3,2147.3,2158.3,2122.1,2137.05,93918089
2020-08-03,2156.15,2156.15,2181.55,2133.4,2149.1,112092048
2020-08-04,2177.35,2177.35,2185.75,2155.4,2168.8,91255160
2020-08-05,2263.8,2263.8,2272.75,2190.35,2190.7,240099199
2020-08-06,2294.75,2294.75,2301.4,2255.6,2268.05,151521842
2020-08-07,2314.35,2314.35,2319.9,2280.5,2286.45,112004310
2020-08-10,2332.0,2332.0,2337.2,2295.65,2322.45,96606951
2020-08-11,2370.65,2370.65,2407.95,2349.65,2349.65,219961951
2020-08-12,2354.8,2354.8,2359.15,2320.9,2352.05,103343433
2020-08-13,2380.65,2380.65,2403.05,2359.85,2370.7,114247218
2020-08-14,2405.8,2405.8,2454.3,2377.7,2384.85,192468239
2020-08-17,2464.25,2464.25,2470.3,2414.7,2420.0,132353624
2020-08-18,2507.5,2507.5,2515.75,2455.1,2469.45,128228900
2020-08-19,2513.15,2513.15,2521.75,2498.95,2518.15,131809344
2020-08-20,2538.9,2538.9,2545.0,2471.95,2479.3,148700143
2020-08-21,2523.6,2523.6,2579.45,2517.05,2562.35,150122407
2020-08-24,2526.1,2526.1,2552.25,2521.2,2545.75,101737466
2020-08-25,2507.5,2507.5,2542.45,2493.4,2541.85,121952253
2020-08-26,2527.8,2527.8,2540.75,2505.45,2513.25,118139617
2020-08-27,2531.05,2531.05,2551.5,2513.55,2531.95,145430727
2020-08-28,2520.35,2520.35,2570.65,2517.35,2539.4,232943434
2020-08-31,2420.6,2420.6,2533.1,2410.5,2524.7,192871136
2020-09-01,2496.75,2496.75,2507.0,2421.15,2424.7,135303022
2020-09-02,2541.35,2541.35,2548.25,2500.7,2512.8,123598735
2020-09-03,2527.3,2527.3,2556.35,2518.5,2551.9,98171054
2020-09-04,2451.35,2451.35,2511.95,2442.05,2476.55,109988206
2020-09-07,2450.05,2450.05,2480.15,2433.45,2456.75,84737051
2020-09-08,2376.85,2376.85,2457.3,2365.25,2456.85,133629994
2020-09-09,2397.2,2397.2,2407.5,2302.4,2339.35,170670989
2020-09-10,2369.8,2369.8,2426.65,2336.1,2423.2,125972629
2020-09-11,2384.3,2384.3,2389.65,2353.95,2376.8,99992921
2020-09-14,2387.05,2387.05,2416.5,2375.5,2401.45,99708180
2020-09-15,2385.55,2385.55,2411.2,2380.95,2402.4,104193819
2020-09-16,2396.35,2396.35,2405.5,2381.8,2389.85,110726973
2020-09-17,2363.3,2363.3,2397.55,2352.8,2382.95,121886756
2020-09-18,2362.2,2362.2,2389.15,2354.2,2374.2,119276523
2020-09-21,2240.35,2240.35,2368.3,2229.15,2367.2,128751817
2020-09-22,2213.95,2213.95,2242.3,2163.4,2239.65,146311691
2020-09-23,2205.25,2205.25,2239.9,2168.9,2232.2,138856426
2020-09-24,2111.85,2111.85,2172.15,2107.55,2165.5,131221036
2020-09-25,2172.65,2172.65,2180.65,2112.4,2134.95,114755381
2020-09-28,2237.0,2237.0,2249.1,2189.55,2198.4,91102908
2020-09-29,2280.9,2280.9,2293.35,2244.95,2253.95,154951218
2020-09-30,2242.55,2242.55,2285.7,2228.2,2284.75,110367011
2020-10-01,2261.25,2261.25,2291.4,2256.65,2266.05,87981299
2020-10-05,2318.85,2318.85,2328.1,2276.0,2280.1,107856475
2020-10-06,2302.7,2302.7,2345.65,2290.05,2340.05,93220316
2020-10-07,2267.75,2267.75,2303.9,2256.2,2300.3,94464353
2020-10-08,2272.4,2272.4,2305.75,2260.2,2276.5,137906796
2020-10-09,2260.85,2260.85,2322.65,2255.7,2286.3,153376414
2020-10-12,2240.85,2240.85,2287.8,2218.2,2279.6,97423191
2020-10-13,2249.65,2249.65,2262.05,2234.0,2238.5,67596705
2020-10-14,2251.95,2251.95,2257.8,2223.15,2247.5,106960388
2020-10-15,2240.95,2240.95,2292.6,2232.7,2266.4,114752237
2020-10-16,2329.85,2329.85,2339.65,2239.75,2252.9,120980628
2020-10-19,2367.85,2367.85,2374.8,2323.6,2350.6,117558250
2020-10-20,2363.35,2363.35,2374.75,2344.05,2356.25,84900588
2020-10-21,2416.05,2416.05,2429.2,2372.85,2376.65,141406858
2020-10-22,2432.5,2432.5,2440.85,2394.75,2409.4,135935043
2020-10-23,2443.0,2443.0,2462.1,2431.55,2447.05,119199465
2020-10-26,2357.55,2357.55,2434.75,2331.4,2432.8,114856120
2020-10-27,2359.6,2359.6,2376.85,2328.75,2355.9,97169076
2020-10-28,2325.4,2325.4,2385.7,2315.75,2360.95,97068481
2020-10-29,2307.7,2307.7,2323.15,2279.45,2305.5,89584713
2020-10-30,2343.6,2343.6,2354.4,2295.65,2315.5,119684440
2020-11-02,2338.9,2338.9,2354.85,2325.2,2350.8,90717789
2020-11-03,2391.2,2391.2,2396.35,2354.95,2355.6,101899964
2020-11-04,2383.8,2383.8,2413.5,2362.65,2389.3,83720519
2020-11-05,2488.65,2488.65,2497.15,2402.3,2416.0,207356248
2020-11-06,2500.35,2500.35,2512.5,2475.0,2486.35,125226866
2020-11-09,2545.25,2545.25,2551.45,2502.2,2525.65,106613021
2020-11-10,2556.7,2556.7,2577.05,2531.2,2560.85,117963917
2020-11-11,2645.05,2645.05,2662.1,2547.85,2562.6,198261111
2020-11-12,2636.9,2636.9,2658.15,2614.4,2649.9,169516409
2020-11-13,2681.0,2681.0,2684.45,2606.25,2626.45,105432548
2020-11-17,2761.35,2761.35,2777.55,2718.8,2723.15,194105864
2020-11-18,2772.5,2772.5,2776.8,2732.85,2749.45,116528839
2020-11-19,2752.65,2752.65,2828.2,2743.55,2757.1,157757120
2020-11-20,2774.75,2774.75,2809.9,2732.85,2765.65,138487847
2020-11-23,2808.6,2808.6,2820.0,2779.5,2792.9,159740003
2020-11-24,2839.15,2839.15,2846.75,2803.25,2827.5,111624500
2020-11-25,2816.55,2816.55,2873.65,2808.4,2850.65,136074720
2020-11-26,2925.05,2925.05,2933.7,2804.3,2829.0,177849686
2020-11-27,2925.75,2925.75,2963.75,2903.35,2934.75,301742366
2020-12-01,2974.05,2974.05,2982.4,2935.7,2968.85,141144554
2020-12-02,3050.2,3050.2,3061.55,2977.8,2978.75,266162312
2020-12-03,3126.1,3126.1,3132.0,3070.7,3076.05,193002201
2020-12-04,3161.35,3161.35,3193.55,3100.55,3144.7,223859728
2020-12-07,3161.2,3161.2,3202.35,3142.95,3168.25,175668913
2020-12-08,3122.35,3122.35,3182.05,3083.1,3173.35,158186381
2020-12-09,3105.9,3105.9,3152.95,3101.85,3146.9,128397535
2020-12-10,3113.05,3113.05,3123.95,3056.7,3099.9,135875634
2020-12-11,3146.1,3146.1,3178.75,3126.75,3127.45,215210693
2020-12-14,3189.5,3189.5,3220.65,3173.5,3178.05,190558647
2020-12-15,3214.15,3214.15,3219.55,3150.6,3188.7,143460747
2020-12-16,3271.75,3271.75,3277.95,3236.45,3248.45,215507876
2020-12-17,3227.7,3227.7,3289.3,3213.6,3272.15,177976831
2020-12-18,3216.6,3216.6,3244.9,3181.7,3237.85,164691623
2020-12-21,3038.25,3038.25,3214.75,2981.15,3188.85,178335443
2020-12-22,3079.65,3079.65,3107.7,2980.25,3040.45,159979696
2020-12-23,3134.1,3134.1,3143.3,3051.95,3078.25,114654670
2020-12-24,3144.3,3144.3,3223.9,3134.25,3158.05,187762289
2020-12-28,3224.85,3224.85,3232.5,3173.75,3181.4,134135005
2020-12-29,3189.85,3189.85,3255.2,3170.35,3252.6,122412121
2020-12-30,3230.9,3230.9,3243.7,3163.7,3204.9,157372176
2020-12-31,3254.65,3254.65,3284.5,3212.2,3224.0,247937361
2021-01-01,3258.85,3258.85,3270.45,3242.1,3255.35,136431012
2021-01-04,3424.6,3424.6,3442.0,3287.1,3291.5,263518507
2021-01-05,3376.25,3376.25,3406.9,3351.1,3400.25,177450299
2021-01-06,3419.8,3419.8,3455.1,3368.5,3390.2,192297330
2021-01-07,3550.45,3550.45,3571.55,3455.3,3457.65,231307598
2021-01-08,3529.2,3529.2,3581.85,3498.6,3577.5,184048132
2021-01-11,3493.9,3493.9,3537.4,3451.85,3532.7,150146554
2021-01-12,3509.9,3509.9,3586.9,3473.25,3485.5,153115771
2021-01-13,3523.25,3523.25,3575.6,3460.25,3539.35,156810844
2021-01-14,3487.4,3487.4,3533.95,3471.1,3521.05,396217522
2021-01-15,3449.15,3449.15,3528.1,3420.4,3501.1,429314270
2021-01-18,3308.5,3308.5,3453.8,3283.55,3449.9,231516621
2021-01-19,3405.2,3405.2,3416.95,3309.95,3342.15,136584028
2021-01-20,3437.0,3437.0,3456.7,3399.1,3420.85,123615493
2021-01-21,3362.15,3362.15,3462.7,3338.3,3448.95,159173916
2021-01-22,3231.45,3231.45,3382.75,3212.2,3372.05,261728779
2021-01-25,3236.35,3236.35,3304.0,3165.15,3276.0,149849106
2021-01-27,3154.8,3154.8,3230.9,3146.5,3230.9,189786659
2021-01-28,3138.1,3138.1,3155.1,3104.2,3105.85,243730356
2021-01-29,3077.45,3077.45,3183.6,3062.7,3175.6,301636791
2021-02-01,3227.25,3227.25,3245.7,3071.95,3096.25,297482454
2021-02-02,3289.1,3289.1,3301.25,3226.05,3264.2,197352828
2021-02-03,3344.4,3344.4,3388.95,3278.9,3288.65,172726208
2021-02-04,3409.55,3409.55,3426.6,3337.7,3356.0,169158370
2021-02-05,3443.15,3443.15,3466.8,3345.3,3427.8,209680651
2021-02-08,3552.45,3552.45,3558.85,3450.3,3467.1,175829487
2021-02-09,3513.65,3513.65,3593.15,3484.95,3564.45,215885328
2021-02-10,3510.85,3510.85,3573.95,3464.95,3548.55,263094288
2021-02-11,3546.7,3546.7,3569.15,3488.3,3502.35,145484864
2021-02-12,3486.25,3486.25,3549.2,3474.35,3549.05,117203108
2021-02-15,3469.95,3469.95,3513.4,3463.15,3508.25,96443807
2021-02-16,3570.15,3570.15,3615.25,3477.35,3479.4,210116260
2021-02-17,3576.05,3576.05,3590.85,3533.75,3561.5,120454314
2021-02-18,3623.05,3623.05,3644.8,3578.9,3590.35,179075915
2021-02-19,3552.1,3552.1,3629.05,3499.0,3620.05,189379494
2021-02-22,3609.1,3609.1,3682.05,3558.85,3561.55,245934464
2021-02-23,3749.55,3749.55,3769.5,3609.75,3648.2,325761428
2021-02-24,3778.65,3778.65,3832.05,3740.9,3781.8,234577748
2021-02-25,3928.6,3928.6,3945.8,3821.65,3825.6,313228479
2021-02-26,3822.65,3822.65,3939.6,3795.6,3859.65,474522166
2021-03-01,3896.95,3896.95,3917.6,3811.35,3877.25,212824117
2021-03-02,3927.6,3927.6,3939.8,3875.3,3911.95,219947608
2021-03-03,4058.6,4058.6,4075.4,3964.1,3964.5,211204574
2021-03-04,3976.85,3976.85,4014.95,3934.6,3964.85,170618156
2021-03-05,3869.4,3869.4,3955.4,3827.65,3947.55,203343659
2021-03-08,3900.8,3900.8,3947.35,3891.7,3922.15,142744976
2021-03-09,3802.7,3802.7,3953.75,3760.85,3938.2,148941620
2021-03-10,3873.65,3873.65,3886.25,3786.6,3838.0,133352735
2021-03-12,3840.2,3840.2,3950.55,3806.3,3924.25,166760815
2021-03-15,3880.05,3880.05,3890.35,3785.05,3845.5,166931725
2021-03-16,3847.25,3847.25,3903.55,3814.95,3900.95,130181562
2021-03-17,3752.7,3752.7,3844.4,3737.8,3842.75,108102958
2021-03-18,3754.35,3754.35,3837.65,3722.6,3795.65,152685937
2021-03-19,3832.5,3832.5,3860.0,3631.15,3733.95,229305343
2021-03-22,3867.45,3867.45,3877.1,3803.2,3835.0,99363140
2021-03-23,3841.95,3841.95,3894.9,3828.7,3877.25,113961401
2021-03-24,3717.55,3717.55,3810.45,3706.65,3803.75,127433824
2021-03-25,3718.3,3718.3,3751.55,3614.4,3729.35,225891521
2021-03-26,3855.3,3855.3,3878.4,3755.7,3764.05,232578945
2021-03-30,3963.0,3963.0,3984.65,3907.75,3914.25,221361464
2021-03-31,3977.2,3977.2,4025.4,3931.75,3954.8,145469953
2021-04-01,4189.15,4189.15,4204.4,4008.75,4010.5,287840440
2021-04-05,4226.4,4226.4,4241.85,4101.15,4206.1,330038224
2021-04-06,4286.95,4286.95,4305.5,4231.45,4266.35,301172946
2021-04-07,4325.45,4325.45,4363.5,4296.1,4306.7,220026554
2021-04-08,4494.95,4494.95,4588.85,4363.05,4365.35,421112958
2021-04-09,4467.3,4467.3,4550.45,4399.3,4510.2,256455313
2021-04-12,4196.0,4196.0,4378.45,4166.45,4372.65,259141238
2021-04-13,4337.9,4337.9,4347.35,4200.25,4215.25,194871342
2021-04-15,4397.45,4397.45,4463.75,4318.7,4378.1,272567674
2021-04-16,4434.0,4434.0,4500.85,4394.5,4422.3,190260271
2021-04-19,4366.1,4366.1,4403.65,4266.85,4302.35,177377481
2021-04-20,4384.4,4384.4,4457.35,4332.7,4420.95,151074539
2021-04-22,4460.9,4460.9,4497.7,4367.55,4380.6,187980037
2021-04-23,4446.85,4446.85,4528.2,4396.65,4471.75,198490348
2021-04-26,4536.3,4536.3,4582.15,4488.85,4491.0,295340187
2021-04-27,4659.25,4659.25,4668.0,4562.5,4567.5,267370521
2021-04-28,4645.05,4645.05,4690.85,4598.15,4690.85,205666516
2021-04-29,4855.3,4855.3,4868.9,4695.1,4698.95,444468054
2021-04-30,4847.95,4847.95,4936.5,4791.65,4819.6,452819405
2021-05-03,4952.45,4952.45,4973.2,4786.05,4825.8,356771818
2021-05-04,4921.65,4921.65,5048.3,4886.35,4994.55,407269270
2021-05-05,4970.15,4970.15,5006.65,4904.95,4979.45,305834253
2021-05-06,5095.0,5095.0,5118.2,4964.6,4980.25,302077829
2021-05-07,5335.85,5335.85,5387.1,5176.35,5180.95,568022431
2021-05-10,5503.35,5503.35,5519.05,5405.45,5425.4,453310795
2021-05-11,5452.65,5452.65,5524.25,5337.15,5390.95,397980065
2021-05-12,5290.45,5290.45,5518.0,5228.05,5479.85,381035997
2021-05-14,5091.35,5091.35,5332.55,4984.4,5332.55,523292088
2021-05-17,5207.75,5207.75,5222.45,5036.25,5117.95,303268556
2021-05-18,5294.4,5294.4,5365.65,5231.9,5305.3,291986709
2021-05-19,5245.95,5245.95,5318.9,5218.65,5279.45,202889383
2021-05-20,5077.35,5077.35,5164.5,5040.2,5154.25,283035505
2021-05-21,5099.15,5099.15,5147.85,5090.2,5119.45,170497303
2021-05-24,5068.6,5068.6,5098.45,5004.3,5098.45,284720535
2021-05-25,5099.4,5099.4,5187.75,5089.8,5117.55,252710458
2021-05-26,5004.75,5004.75,5070.7,4987.25,5062.05,212377683
2021-05-27,5043.3,5043.3,5095.25,4987.3,5017.15,280031504
2021-05-28,5055.75,5055.75,5188.55,5032.5,5145.7,215988328
2021-05-31,5161.8,5161.8,5176.7,5035.1,5081.1,217621926
2021-06-01,5121.65,5121.65,5186.45,5034.65,5181.85,230746914
2021-06-02,5233.3,5233.3,5252.75,5124.3,5126.2,156817385
2021-06-03,5268.05,5268.05,5322.4,5234.65,5275.5,157022598
2021-06-04,5339.15,5339.15,5360.75,5235.5,5259.45,176692129
2021-06-07,5315.5,5315.5,5421.5,5305.7,5379.1,206537973
2021-06-08,5258.9,5258.9,5327.3,5189.9,5327.3,166113446
2021-06-09,5209.45,5209.45,5306.75,5173.45,5276.35,209483795
2021-06-10,5265.2,5265.2,5306.6,5244.7,5247.7,164023032
2021-06-11,5406.8,5406.8,5421.35,5262.65,5308.15,364889947
2021-06-14,5371.6,5371.6,5392.5,5200.25,5369.75,281331132
2021-06-15,5368.95,5368.95,5412.75,5356.15,5397.55,180561818
2021-06-16,5216.2,5216.2,5382.25,5195.7,5338.15,208841085
2021-06-17,5095.1,5095.1,5216.35,5062.7,5140.0,200281979
2021-06-18,5048.65,5048.65,5098.85,4858.8,5086.75,331878780
2021-06-21,5105.2,5105.2,5119.5,4925.8,4969.0,197601541
2021-06-22,5119.4,5119.4,5176.65,5104.6,5150.05,171284415
2021-06-23,5061.8,5061.8,5175.65,5053.75,5156.75,168100160
2021-06-24,5090.9,5090.9,5125.85,5059.0,5082.15,130145798
2021-06-25,5223.95,5223.95,5250.3,5140.9,5147.4,223236297
2021-06-28,5290.8,5290.8,5316.95,5206.85,5253.05,335778304
2021-06-29,5226.05,5226.05,5308.95,5212.05,5293.8,221074648
2021-06-30,5215.8,5215.8,5301.3,5204.0,5256.95,153432240
2021-07-01,5207.4,5207.4,5255.4,5194.75,5234.55,114876808
2021-07-02,5130.05,5130.05,5230.2,5114.95,5220.4,140368154
2021-07-05,5189.6,5189.6,5200.95,5134.05,5159.15,176924513
2021-07-06,5172.7,5172.7,5225.75,5153.15,5194.2,188030679
2021-07-07,5286.45,5286.45,5300.6,5124.5,5163.65,266326115
2021-07-08,5170.5,5170.5,5294.5,5144.5,5285.85,181275815
2021-07-09,5273.6,5273.6,5283.95,5169.0,5176.05,147380011
2021-07-12,5262.55,5262.55,5336.85,5235.9,5313.5,132841876
2021-07-13,5295.6,5295.6,5319.25,5267.65,5298.7,130878563
2021-07-14,5299.95,5299.95,5331.55,5283.55,5319.85,119838248
2021-07-15,5335.4,5335.4,5358.1,5285.45,5300.55,120598776
2021-07-16,5391.3,5391.3,5396.8,5350.5,5362.1,179191882
2021-07-19,5317.85,5317.85,5412.05,5278.55,5334.5,221098567
2021-07-20,5193.65,5193.65,5305.7,5148.6,5302.85,149509107
2021-07-22,5348.95,5348.95,5369.2,5257.75,5260.95,156511014
2021-07-23,5353.8,5353.8,5408.55,5341.5,5384.85,190748749
2021-07-26,5387.4,5387.4,5421.9,5350.0,5402.6,171774084
2021-07-27,5465.9,5465.9,5499.65,5405.55,5432.55,200771084
2021-07-28,5532.8,5532.8,5541.3,5378.2,5483.05,212741103
2021-07-29,5810.75,5810.75,5852.45,5544.75,5571.9,482355239
2021-07-30,5770.35,5770.35,5879.1,5754.85,5810.2,283221583
2021-08-02,5781.3,5781.3,5832.35,5752.7,5815.65,163342079
2021-08-03,5778.2,5778.2,5806.15,5707.95,5801.95,139258459
2021-08-04,5759.9,5759.9,5880.7,5727.5,5800.15,165697645
2021-08-05,5834.4,5834.4,5847.3,5664.5,5767.15,214450803
2021-08-06,5841.35,5841.35,5905.3,5810.8,5847.1,184070368
2021-08-09,5732.0,5732.0,5861.55,5706.35,5861.55,232446598
2021-08-10,5573.3,5573.3,5756.7,5540.05,5737.0,180289969
2021-08-11,5748.3,5748.3,5759.85,5600.2,5623.9,260672662
2021-08-12,5769.25,5769.25,5793.2,5728.6,5775.95,132501852
2021-08-13,5799.3,5799.3,5832.7,5669.9,5742.0,224480669
2021-08-16,5884.9,5884.9,5936.1,5771.95,5818.8,159210861
2021-08-17,5749.4,5749.4,5907.45,5706.7,5878.5,210705602
2021-08-18,5702.6,5702.6,5776.75,5666.1,5760.15,143229194
2021-08-20,5335.95,5335.95,5558.0,5302.1,5558.0,260692606
2021-08-23,5291.25,5291.25,5430.15,5171.95,5410.8,247076097
2021-08-24,5444.8,5444.8,5475.6,5346.65,5359.95,231874923
2021-08-25,5474.05,5474.05,5533.0,5437.05,5483.4,160686425
2021-08-26,5404.7,5404.7,5487.25,5376.7,5476.95,195578241
2021-08-27,5492.7,5492.7,5501.95,5425.5,5428.1,230871677
2021-08-30,5628.1,5628.1,5646.0,5542.9,5544.25,197522576
2021-08-31,5714.6,5714.6,5730.8,5604.25,5639.95,216072725
2021-09-01,5612.45,5612.45,5739.5,5595.45,5737.3,149096109
2021-09-02,5653.3,5653.3,5672.5,5624.55,5634.5,127397461
2021-09-03,5719.35,5719.35,5746.4,5628.65,5660.75,180660962
2021-09-06,5742.7,5742.7,5788.85,5682.7,5757.5,245665695
2021-09-07,5708.35,5708.35,5798.8,5693.6,5765.8,131758388
2021-09-08,5720.75,5720.75,5763.55,5685.4,5716.9,106196410
2021-09-09,5765.15,5765.15,5783.7,5714.9,5715.2,104899895
2021-09-13,5839.3,5839.3,5850.75,5769.1,5803.6,164791516
2021-09-14,5810.35,5810.35,5876.2,5799.95,5876.2,106552228
2021-09-15,5859.05,5859.05,5879.9,5794.0,5825.75,132671541
2021-09-16,5822.5,5822.5,5913.85,5809.9,5873.0,110594464
2021-09-17,5683.85,5683.85,5841.75,5615.55,5836.35,191345147
2021-09-20,5309.0,5309.0,5567.05,5288.15,5565.2,225645722
2021-09-21,5444.45,5444.45,5453.45,5268.95,5321.95,215769567
2021-09-22,5524.65,5524.65,5558.35,5431.35,5466.85,189317989
2021-09-23,5616.05,5616.05,5627.05,5579.5,5607.7,148494437
2021-09-24,5498.2,5498.2,5627.3,5449.7,5621.95,150758199
2021-09-27,5504.45,5504.45,5544.8,5478.85,5501.4,116977183
2021-09-28,5534.6,5534.6,5587.05,5497.5,5522.1,139862681
2021-09-29,5661.25,5661.25,5691.25,5492.15,5502.9,297487704
2021-09-30,5611.25,5611.25,5733.1,5596.5,5686.1,223351251
2021-10-01,5638.8,5638.8,5674.75,5524.25,5571.0,182958728
2021-10-04,5807.35,5807.35,5816.1,5611.8,5669.7,307465036
2021-10-05,5800.3,5800.3,5861.7,5773.55,5777.15,217164124
2021-10-06,5627.35,5627.35,5859.3,5606.95,5825.1,224406886
2021-10-07,5659.95,5659.95,5705.25,5643.8,5697.9,109317175
2021-10-08,5681.45,5681.45,5791.65,5663.85,5702.35,125760099
2021-10-11,5766.4,5766.4,5806.7,5707.65,5718.8,133181108
2021-10-12,5829.35,5829.35,5837.15,5720.6,5798.5,154690094
2021-10-13,5914.65,5914.65,5971.75,5812.3,5845.6,238205528
2021-10-14,6019.2,6019.2,6079.55,5954.95,5978.75,238646602
2021-10-18,6253.1,6253.1,6300.45,6133.55,6157.2,489823370
2021-10-19,6099.35,6099.35,6312.2,6061.2,6312.2,234933753
2021-10-20,5974.0,5974.0,6085.9,5919.05,6085.9,170651603
2021-10-21,5868.4,5868.4,6040.1,5782.75,6019.55,179069222
2021-10-22,5690.1,5690.1,5877.85,5645.25,5865.25,171846231
2021-10-25,5679.65,5679.65,5747.5,5561.65,5715.25,148308574
2021-10-26,5830.65,5830.65,5846.5,5694.3,5702.9,139482114
2021-10-27,5741.9,5741.9,5855.55,5722.55,5833.2,136478204
2021-10-28,5544.55,5544.55,5668.9,5521.65,5654.95,234886612
2021-10-29,5563.4,5563.4,5660.5,5482.3,5534.05,195550618
2021-11-01,5733.75,5733.75,5746.6,5616.9,5648.5,316519262
2021-11-02,5643.15,5643.15,5764.75,5634.95,5764.65,144165727
2021-11-03,5695.45,5695.45,5714.9,5647.45,5671.85,123151077
2021-11-04,5697.95,5697.95,5737.4,5688.2,5728.3,21905156
2021-11-08,5780.45,5780.45,5787.3,5634.95,5751.1,140372974
2021-11-09,5761.6,5761.6,5812.6,5737.45,5777.95,172634309
2021-11-10,5660.45,5660.45,5754.2,5626.8,5739.55,197267232
2021-11-11,5681.0,5681.0,5723.45,5644.9,5665.25,127326607
2021-11-12,5728.7,5728.7,5765.75,5670.0,5759.6,165059818
2021-11-15,5624.3,5624.3,5761.25,5618.1,5754.75,127124071
2021-11-16,5586.35,5586.35,5687.5,5568.6,5629.25,112987137
2021-11-17,5568.1,5568.1,5618.65,5546.5,5563.85,113890338
2021-11-18,5423.9,5423.9,5603.05,5405.35,5589.3,191883268
2021-11-22,5421.6,5421.6,5478.8,5327.4,5433.05,179769344
2021-11-23,5600.4,5600.4,5619.95,5436.95,5438.7,503084272
2021-11-24,5602.6,5602.6,5687.35,5564.8,5613.75,145167060
2021-11-25,5624.0,5624.0,5642.8,5548.25,5611.15,167827613
2021-11-26,5323.75,5323.75,5572.8,5309.0,5545.0,230110398
2021-11-29,5304.7,5304.7,5394.8,5177.8,5312.0,181157296
2021-11-30,5201.7,5201.7,5400.3,5174.0,5308.35,215160992
2021-12-01,5322.2,5322.2,5338.5,5219.8,5274.35,145740644
2021-12-02,5405.05,5405.05,5416.35,5282.0,5332.8,151362939
2021-12-03,5392.4,5392.4,5460.4,5378.0,5404.15,160040631
2021-12-06,5327.9,5327.9,5465.4,5313.6,5393.15,157206053
2021-12-07,5494.45,5494.45,5516.15,5383.25,5390.45,227114303
2021-12-08,5594.9,5594.9,5601.25,5493.8,5535.7,172719274
2021-12-09,5629.8,5629.8,5642.4,5561.2,5625.65,141352114
2021-12-10,5658.9,5658.9,5677.1,5601.0,5608.1,121173874
2021-12-13,5642.8,5642.8,5758.85,5635.3,5738.95,183253828
2021-12-14,5666.8,5666.8,5705.55,5605.9,5620.0,137959797
2021-12-15,5604.1,5604.1,5701.7,5593.95,5671.65,109779511
2021-12-16,5597.15,5597.15,5663.65,5556.05,5646.85,102517513
2021-12-17,5476.8,5476.8,5590.3,5466.35,5576.7,122762962
2021-12-20,5269.6,5269.6,5409.2,5195.35,5400.1,138941246
2021-12-21,5424.6,5424.6,5488.2,5321.4,5328.35,126961715
2021-12-22,5521.1,5521.1,5527.75,5461.6,5469.95,99035093
2021-12-23,5519.9,5519.9,5603.95,5498.45,5560.6,98747930
2021-12-24,5492.7,5492.7,5542.95,5433.2,5541.3,84980456
2021-12-27,5489.45,5489.45,5498.0,5431.2,5477.65,68116294
2021-12-28,5538.7,5538.7,5548.4,5502.7,5520.9,56859809
2021-12-29,5480.55,5480.55,5538.5,5450.9,5523.7,77636299
2021-12-30,5416.65,5416.65,5508.2,5407.45,5480.3,97695484
2021-12-31,5521.75,5521.75,5547.7,5436.15,5436.15,94388244
2022-01-03,5628.1,5628.1,5640.7,5526.15,5529.95,106820003
2022-01-04,5606.85,5606.85,5670.9,5559.9,5663.8,127873466
2022-01-05,5684.15,5684.15,5691.9,5583.25,5600.6,123141478
2022-01-06,5656.0,5656.0,5706.95,5626.2,5667.1,121732305
2022-01-07,5684.85,5684.85,5701.8,5627.85,5677.0,125553726
2022-01-10,5718.8,5718.8,5729.35,5666.1,5714.65,116805101
2022-01-11,5610.35,5610.35,5707.65,5602.9,5692.35,174861676
2022-01-12,5685.0,5685.0,5699.4,5653.95,5669.95,114127929
2022-01-13,5882.75,5882.75,5896.05,5704.6,5715.7,178957708
2022-01-14,5871.4,5871.4,5901.9,5829.6,5857.75,95644307
2022-01-17,5888.4,5888.4,5921.8,5791.3,5879.55,135516250
2022-01-18,5755.15,5755.15,5912.85,5736.75,5908.2,101591463
2022-01-19,5801.1,5801.1,5830.75,5704.9,5751.8,147237712
2022-01-20,5831.15,5831.15,5870.55,5789.05,5814.75,121049887
2022-01-21,5719.55,5719.55,5824.75,5663.85,5800.65,148505534
2022-01-24,5420.45,5420.45,5669.6,5382.2,5669.05,153874868
2022-01-25,5485.15,5485.15,5512.75,5351.9,5381.5,114289783
2022-01-27,5445.9,5445.9,5491.45,5329.7,5411.2,134567366
2022-01-28,5466.05,5466.05,5610.7,5452.05,5497.7,130555703
2022-01-31,5473.45,5473.45,5544.0,5463.45,5543.0,94463581
2022-02-01,5719.4,5719.4,5736.95,5479.1,5530.55,179702692
2022-02-02,5779.7,5779.7,5785.75,5715.75,5763.0,143561294
2022-02-03,5761.6,5761.6,5819.15,5725.15,5741.55,127606899
2022-02-04,5829.5,5829.5,5882.05,5763.4,5766.95,160622939
2022-02-07,5829.0,5829.0,5935.2,5794.65,5837.75,149488895
2022-02-08,5875.6,5875.6,5912.5,5730.7,5867.95,171965187
2022-02-09,5985.0,5985.0,6001.2,5881.4,5914.25,188351307
2022-02-10,6059.45,6059.45,6081.95,6000.95,6015.5,221811924
2022-02-11,6023.8,6023.8,6076.95,5982.5,6022.45,127513191
2022-02-14,5719.0,5719.0,5913.5,5702.45,5892.75,134544121
2022-02-15,5845.5,5845.5,5858.65,5615.25,5764.2,152400562
2022-02-16,5812.15,5812.15,5887.8,5788.15,5878.15,101508142
2022-02-17,5793.4,5793.4,5870.65,5776.45,5842.05,85521954
2022-02-18,5778.4,5778.4,5844.4,5761.25,5779.9,91410190
2022-02-21,5658.95,5658.95,5767.45,5646.75,5753.5,100187542
2022-02-22,5595.9,5595.9,5609.2,5476.7,5540.25,141292614
2022-02-23,5608.9,5608.9,5655.2,5599.3,5635.7,113875752
2022-02-24,5313.65,5313.65,5535.95,5293.4,5427.15,226937804
2022-02-25,5618.7,5618.7,5647.4,5421.4,5426.9,169088592
2022-02-28,5896.85,5896.85,5909.15,5554.45,5586.5,216793004
2022-03-02,6136.7,6136.7,6173.1,5897.2,5902.25,319277312
2022-03-03,6210.25,6210.25,6294.65,6169.55,6254.35,299599567
2022-03-04,6010.15,6010.15,6269.0,5993.55,6199.5,233610906
2022-03-07,6136.15,6136.15,6156.95,5988.45,6014.3,210984914
2022-03-08,6045.3,6045.3,6161.65,5959.75,6161.65,202463674
2022-03-09,6024.6,6024.6,6090.85,5981.75,6045.9,130428915
2022-03-10,6161.95,6161.95,6172.7,5957.1,6017.7,185033451
2022-03-11,6190.05,6190.05,6275.55,6151.9,6175.6,154132220
2022-03-14,6161.05,6161.05,6205.3,6093.3,6187.25,121849140
2022-03-15,5910.1,5910.1,6116.3,5868.85,6113.4,153071343
2022-03-16,6065.7,6065.7,6082.05,5960.95,5973.85,119507456
2022-03-17,6183.8,6183.8,6230.3,6101.55,6117.25,217987984
2022-03-21,6276.35,6276.35,6358.4,6233.35,6236.8,182844277
2022-03-22,6323.7,6323.7,6382.6,6244.1,6326.9,144716745
2022-03-23,6399.95,6399.95,6444.15,6283.9,6387.85,226372162
2022-03-24,6498.2,6498.2,6536.4,6404.5,6407.85,176149726
2022-03-25,6500.2,6500.2,6565.45,6458.65,6518.45,130998499
2022-03-28,6559.4,6559.4,6580.3,6467.85,6497.95,128149528
2022-03-29,6571.85,6571.85,6617.85,6508.6,6582.1,111362554
2022-03-30,6428.95,6428.95,6561.3,6417.45,6561.3,129032385
2022-03-31,6423.7,6423.7,6471.2,6405.65,6445.05,140470173
2022-04-01,6477.2,6477.2,6537.05,6432.45,6439.4,116563960
2022-04-04,6606.1,6606.1,6634.7,6481.7,6491.65,144447742
2022-04-05,6640.45,6640.45,6678.05,6602.45,6648.5,115564060
2022-04-06,6730.0,6730.0,6770.05,6616.3,6628.95,186568574
2022-04-07,6618.35,6618.35,6760.65,6597.6,6742.3,127757024
2022-04-08,6755.55,6755.55,6783.8,6649.45,6665.9,99720836
2022-04-11,6774.9,6774.9,6825.65,6751.45,6768.6,88531646
2022-04-12,6589.25,6589.25,6760.15,6499.7,6753.1,130351385
2022-04-13,6627.0,6627.0,6702.05,6603.0,6642.4,80176064
2022-04-18,6648.95,6648.95,6684.75,6576.7,6624.9,87626869
2022-04-19,6578.0,6578.0,6773.1,6508.3,6705.65,110284655
2022-04-20,6556.1,6556.1,6644.15,6517.6,6618.2,88322500
2022-04-21,6570.2,6570.2,6601.75,6477.35,6581.85,105079356
2022-04-22,6440.65,6440.65,6554.85,6432.4,6527.95,98492162
2022-04-25,6256.8,6256.8,6346.3,6215.4,6322.25,125635521
2022-04-26,6336.85,6336.85,6347.6,6266.45,6309.6,79126864
2022-04-27,6321.55,6321.55,6361.35,6222.0,6301.8,105667512
2022-04-28,6362.4,6362.4,6400.05,6293.65,6400.05,96005810
2022-04-29,6327.3,6327.3,6422.55,6310.85,6397.4,91895996
2022-05-02,6363.1,6363.1,6379.05,6211.85,6272.6,83117337
2022-05-04,6158.55,6158.55,6420.9,6140.8,6420.9,111286159
2022-05-05,6196.6,6196.6,6325.9,6179.35,6242.05,79921165
2022-05-06,6066.0,6066.0,6095.55,5974.05,6077.3,122648088
2022-05-09,5942.8,5942.8,6019.05,5891.2,5974.35,102289132
2022-05-10,5633.85,5633.85,5938.15,5614.1,5896.9,117927193
2022-05-11,5634.15,5634.15,5734.45,5500.0,5649.2,128058896
2022-05-12,5425.9,5425.9,5616.3,5351.95,5581.75,135613814
2022-05-13,5313.05,5313.05,5564.95,5290.3,5514.55,126555927
2022-05-16,5359.95,5359.95,5484.15,5323.15,5401.5,100206558
2022-05-17,5727.45,5727.45,5745.2,5438.05,5447.0,179763910
2022-05-18,5708.95,5708.95,5775.1,5674.55,5770.25,121170536
2022-05-19,5476.25,5476.25,5580.3,5429.55,5567.15,119918948
2022-05-20,5706.35,5706.35,5716.1,5606.3,5649.95,131461729
2022-05-23,5241.6,5241.6,5491.2,5199.25,5491.2,287338888
2022-05-24,5180.3,5180.3,5311.75,5160.1,5262.3,149490665
2022-05-25,5079.25,5079.25,5227.0,5053.2,5205.45,138413891
2022-05-26,5214.75,5214.75,5239.1,4954.3,5124.35,179104210
2022-05-27,5211.5,5211.5,5316.75,5160.4,5295.1,117824580
2022-05-30,5264.05,5264.05,5297.9,5192.3,5238.05,103387429
2022-05-31,5332.75,5332.75,5390.85,5219.6,5243.8,264581698
2022-06-01,5336.7,5336.7,5399.95,5285.95,5350.9,118827451
2022-06-02,5397.55,5397.55,5407.1,5308.85,5344.55,105736983
2022-06-03,5328.8,5328.8,5460.4,5314.8,5445.8,87693145
2022-06-06,5388.65,5388.65,5399.5,5249.4,5284.85,101061667
2022-06-07,5340.85,5340.85,5391.85,5314.75,5352.3,83902963
2022-06-08,5348.2,5348.2,5398.0,5324.85,5366.45,77400434
2022-06-09,5278.2,5278.2,5348.95,5234.65,5302.2,81558505
2022-06-10,5199.95,5199.95,5220.6,5153.1,5204.2,103590162
2022-06-13,5000.0,5000.0,5106.4,4977.7,5105.6,102450550
2022-06-14,5018.3,5018.3,5107.65,4968.45,5056.0,101906176
2022-06-15,4982.3,4982.3,5036.3,4964.55,4992.55,78796610
2022-06-16,4721.3,4721.3,5053.1,4706.15,5046.05,128077096
2022-06-17,4724.85,4724.85,4810.35,4677.15,4691.25,159145088
2022-06-20,4540.55,4540.55,4720.15,4437.3,4714.25,193128522
2022-06-21,4720.75,4720.75,4761.75,4576.5,4604.35,176631731
2022-06-22,4490.75,4490.75,4672.55,4480.75,4671.05,159715611
2022-06-23,4523.0,4523.0,4590.25,4452.15,4500.5,140535695
2022-06-24,4596.6,4596.6,4613.65,4530.1,4558.5,115064690
2022-06-27,4666.3,4666.3,4728.95,4650.95,4683.1,115301791
2022-06-28,4744.0,4744.0,4755.1,4625.1,4657.55,131530664
2022-06-29,4755.4,4755.4,4768.2,4678.25,4695.35,99391079
2022-06-30,4660.9,4660.9,4808.0,4642.7,4764.7,112865748
2022-07-01,4696.5,4696.5,4709.0,4571.3,4629.95,100500242
2022-07-04,4649.95,4649.95,4684.95,4571.15,4653.25,92087696
2022-07-05,4663.75,4663.75,4763.15,4653.4,4675.85,107404711
2022-07-06,4665.3,4665.3,4676.3,4551.55,4635.2,129462397
2022-07-07,4842.2,4842.2,4864.1,4675.7,4717.55,144725079
2022-07-08,4799.55,4799.55,4908.8,4758.35,4908.8,151808077
2022-07-11,4893.9,4893.9,4947.85,4751.05,4776.5,141574477
2022-07-12,4834.05,4834.05,4900.25,4795.85,4855.3,143742965
2022-07-13,4872.55,4872.55,4901.25,4817.35,4843.1,99772720
2022-07-14,4870.35,4870.35,4905.35,4820.0,4905.2,110261294
2022-07-15,4830.7,4830.7,4892.65,4790.85,4872.2,136458654
2022-07-18,4950.95,4950.95,4963.3,4872.55,4888.5,115259691
2022-07-19,4991.0,4991.0,4999.05,4920.0,4926.2,120936915
2022-07-20,5046.7,5046.7,5097.15,5033.45,5069.8,189417939
2022-07-21,5090.1,5090.1,5107.6,5042.8,5059.3,100965515
2022-07-22,5094.1,5094.1,5130.35,5070.1,5119.9,85361030
2022-07-25,5168.55,5168.55,5180.05,5081.5,5086.3,97691127
2022-07-26,5153.4,5153.4,5201.55,5132.35,5189.2,105310690
2022-07-27,5193.65,5193.65,5201.7,5121.95,5150.15,66015481
2022-07-28,5282.1,5282.1,5324.1,5200.8,5237.3,233038488
2022-07-29,5485.8,5485.8,5517.45,5337.5,5346.75,302943407
2022-08-01,5578.15,5578.15,5586.5,5496.35,5551.0,206899996
2022-08-02,5563.45,5563.45,5573.5,5462.55,5557.65,151641752
2022-08-03,5553.15,5553.15,5609.8,5499.35,5561.7,138504750
2022-08-04,5620.35,5620.35,5685.25,5549.15,5597.3,191853225
2022-08-05,5595.85,5595.85,5679.7,5587.2,5641.3,274325742
2022-08-08,5668.0,5668.0,5677.05,5590.75,5617.05,111035793
2022-08-10,5759.6,5759.6,5782.95,5632.05,5694.8,185252765
2022-08-11,5758.85,5758.85,5809.65,5739.85,5806.65,154053514
2022-08-12,5853.45,5853.45,5878.35,5758.55,5767.85,191126507
2022-08-16,5893.4,5893.4,5913.05,5784.9,5869.05,159658923
2022-08-17,5922.8,5922.8,5955.65,5889.65,5914.45,156395017
2022-08-18,5977.15,5977.15,6000.95,5892.75,5913.9,119559576
2022-08-19,5883.25,5883.25,6022.7,5866.0,6006.25,125611519
2022-08-22,5708.1,5708.1,5876.2,5694.65,5856.95,136529347
2022-08-23,5789.2,5789.2,5808.5,5651.65,5670.25,135186982
2022-08-24,5830.05,5830.05,5840.45,5750.05,5799.35,112235391
2022-08-25,5800.1,5800.1,5883.2,5783.75,5863.8,92254221
2022-08-26,5902.7,5902.7,5954.5,5847.5,5849.85,160377714
2022-08-29,5812.25,5812.25,5837.75,5706.75,5724.35,127776014
2022-08-30,5934.6,5934.6,5949.85,5858.55,5866.25,131833426
2022-09-01,5878.95,5878.95,5906.95,5848.45,5855.75,131112031
2022-09-02,5887.7,5887.7,5934.95,5825.2,5908.1,119508379
2022-09-05,5985.75,5985.75,6005.1,5902.25,5908.15,115996625
2022-09-06,6064.7,6064.7,6072.05,5968.3,6010.95,124392187
2022-09-07,6066.4,6066.4,6075.8,5996.2,6017.25,98573716
2022-09-08,6011.5,6011.5,6111.95,5993.8,6105.3,123186811
2022-09-09,6025.3,6025.3,6101.45,6014.9,6058.8,124435819
2022-09-12,6080.95,6080.95,6091.3,6051.8,6065.85,88894207
2022-09-13,6158.9,6158.9,6180.3,6088.55,6111.25,110650395
2022-09-14,6256.3,6256.3,6308.25,6064.65,6076.75,222532270
2022-09-15,6263.9,6263.9,6286.35,6201.15,6268.3,207558071
2022-09-16,6137.65,6137.65,6277.35,6065.1,6216.45,234373013
2022-09-19,6110.1,6110.1,6174.15,6073.4,6156.6,124400575
2022-09-20,6205.6,6205.6,6265.4,6160.7,6165.55,122218301
2022-09-21,6076.1,6076.1,6246.7,6055.6,6194.55,100232157
2022-09-22,6100.75,6100.75,6131.75,6029.3,6059.15,123258680
2022-09-23,6027.35,6027.35,6174.45,6010.95,6140.5,164603966
2022-09-26,5778.25,5778.25,5973.0,5734.55,5971.25,179575162
2022-09-27,5728.65,5728.65,5840.45,5647.7,5818.65,170835581
2022-09-28,5617.65,5617.65,5733.5,5603.0,5666.15,129096284
2022-09-29,5645.95,5645.95,5775.35,5635.55,5688.85,156205965
2022-09-30,5768.2,5768.2,5814.95,5600.25,5659.5,152578512
2022-10-03,5593.95,5593.95,5772.0,5555.0,5772.0,97268456
2022-10-04,5769.3,5769.3,5778.85,5662.0,5731.75,110429652
2022-10-06,5956.95,5956.95,5968.25,5820.75,5832.3,128405939
2022-10-07,5931.55,5931.55,5946.35,5864.6,5941.15,79575604
2022-10-10,5916.4,5916.4,5927.35,5821.8,5844.8,86480814
2022-10-11,5785.95,5785.95,5951.85,5771.35,5926.65,106486491
2022-10-12,5798.15,5798.15,5813.75,5718.3,5810.9,91201803
2022-10-13,5804.25,5804.25,5869.95,5751.15,5838.6,106362600
2022-10-14,5767.2,5767.2,5914.85,5757.35,5902.35,82919626
2022-10-17,5711.4,5711.4,5759.45,5656.1,5740.5,94455775
2022-10-18,5775.05,5775.05,5788.45,5752.3,5756.45,74326400
2022-10-19,5736.15,5736.15,5808.95,5726.55,5791.5,77046032
2022-10-20,5801.7,5801.7,5812.8,5668.85,5692.1,86850695
2022-10-21,5748.35,5748.35,5826.35,5701.0,5817.7,76669650
2022-10-24,5789.05,5789.05,5803.05,5777.15,5791.8,15351698
2022-10-25,5812.45,5812.45,5865.45,5765.75,5783.35,90160491
2022-10-27,5970.25,5970.25,5981.15,5871.65,5877.95,169350869
2022-10-28,5883.35,5883.35,5974.4,5843.7,5968.1,119272269
2022-10-31,5896.35,5896.35,5913.5,5855.3,5883.25,83940544
2022-11-01,6036.95,6036.95,6048.15,5858.55,5860.7,128359076
2022-11-02,6075.7,6075.7,6114.1,6034.15,6035.3,112532150
2022-11-03,6068.75,6068.75,6099.8,6008.1,6019.85,106462939
2022-11-04,6324.15,6324.15,6332.7,6103.2,6107.9,210454108
2022-11-07,6423.85,6423.85,6449.35,6296.05,6367.3,210078558
2022-11-09,6364.05,6364.05,6451.9,6345.95,6438.3,132719900
2022-11-10,6318.75,6318.75,6368.05,6293.25,6325.9,84498643
2022-11-11,6447.2,6447.2,6459.5,6377.45,6387.4,172848701
2022-11-14,6558.5,6558.5,6594.4,6472.9,6480.4,181310448
2022-11-15,6589.55,6589.55,6603.2,6521.8,6570.4,98494053
2022-11-16,6461.6,6461.6,6594.5,6395.3,6587.8,107423269
2022-11-17,6455.7,6455.7,6480.05,6367.6,6444.15,96075355
2022-11-18,6444.4,6444.4,6498.5,6400.05,6471.4,92954668
2022-11-21,6392.25,6392.25,6506.35,6375.75,6505.15,131144601
2022-11-22,6448.85,6448.85,6456.95,6370.0,6403.5,77338282
2022-11-23,6422.85,6422.85,6490.95,6409.9,6483.95,82555871
2022-11-24,6440.7,6440.7,6452.0,6387.4,6441.35,67819511
2022-11-25,6455.15,6455.15,6464.9,6400.55,6442.75,71507469
2022-11-28,6381.35,6381.35,6445.55,6371.0,6427.8,89272541
2022-11-29,6447.35,6447.35,6481.85,6386.25,6390.8,106838956
2022-11-30,6564.2,6564.2,6584.75,6459.45,6464.15,149315771
2022-12-01,6664.85,6664.85,6684.3,6602.65,6613.6,185675702
2022-12-02,6694.5,6694.5,6715.6,6642.15,6663.0,136567653
2022-12-05,6819.75,6819.75,6835.35,6717.7,6739.8,195626295
2022-12-06,6768.85,6768.85,6798.85,6734.5,6795.85,116999139
2022-12-07,6709.3,6709.3,6795.45,6694.35,6783.0,86186072
2022-12-08,6756.95,6756.95,6782.6,6707.6,6725.55,77683920
2022-12-09,6681.55,6681.55,6814.75,6645.15,6799.4,89981847
2022-12-12,6708.15,6708.15,6723.2,6592.4,6661.95,82299154
2022-12-13,6722.0,6722.0,6756.4,6691.85,6739.35,75893658
2022-12-14,6805.85,6805.85,6815.7,6746.7,6754.0,85073540
2022-12-15,6708.55,6708.55,6827.85,6691.3,6791.4,76107898
2022-12-16,6657.7,6657.7,6724.1,6615.75,6673.05,84689944
2022-12-19,6742.45,6742.45,6757.5,6660.1,6667.85,51109521
2022-12-20,6750.3,6750.3,6758.55,6637.5,6720.05,85790972
2022-12-21,6593.65,6593.65,6802.95,6565.55,6785.55,95746154
2022-12-22,6519.25,6519.25,6652.85,6463.5,6630.65,92368034
2022-12-23,6228.0,6228.0,6474.6,6205.5,6449.2,109234105
2022-12-26,6364.6,6364.6,6394.6,6194.5,6241.75,85471292
2022-12-27,6633.95,6633.95,6644.3,6411.65,6422.45,185015298
2022-12-28,6615.75,6615.75,6664.75,6585.45,6611.1,103608586
2022-12-29,6687.1,6687.1,6699.55,6556.3,6567.75,117640776
2022-12-30,6723.4,6723.4,6804.6,6704.45,6739.4,139721569
2023-01-02,6886.65,6886.65,6907.35,6753.35,6768.5,307277045
2023-01-03,6850.05,6850.05,6907.35,6838.55,6897.25,157381661
2023-01-04,6705.85,6705.85,6848.5,6693.5,6844.6,132720493
2023-01-05,6761.2,6761.2,6777.2,6668.2,6733.75,128040131
2023-01-06,6697.3,6697.3,6804.75,6681.7,6773.25,116977746
2023-01-09,6792.9,6792.9,6819.5,6747.65,6766.1,97645184
2023-01-10,6741.7,6741.7,6855.95,6657.5,6820.55,145077873
2023-01-11,6792.15,6792.15,6820.95,6744.35,6779.0,137112878
2023-01-12,6783.65,6783.65,6817.05,6749.85,6815.8,97413105
2023-01-13,6869.8,6869.8,6879.15,6790.9,6800.7,126420725
2023-01-16,6779.25,6779.25,6905.3,6751.55,6895.65,98026045
2023-01-17,6793.5,6793.5,6807.35,6709.1,6776.5,81729441
2023-01-18,6905.8,6905.8,6919.6,6806.55,6814.25,169390400
2023-01-19,6867.3,6867.3,6893.0,6803.75,6814.65,173927365
2023-01-20,6805.25,6805.25,6893.7,6791.3,6858.2,122271104
2023-01-23,6777.85,6777.85,6843.05,6758.0,6816.0,99882744
2023-01-24,6717.6,6717.6,6808.85,6705.9,6800.25,71473635
2023-01-25,6703.8,6703.8,6746.85,6653.1,6708.4,101816246
2023-01-27,6389.25,6389.25,6719.55,6323.85,6710.3,142269858
2023-01-30,6371.65,6371.65,6531.1,6221.15,6426.45,119464790
2023-01-31,6468.4,6468.4,6530.8,6370.6,6426.5,119450056
2023-02-01,6177.05,6177.05,6551.2,6092.0,6513.55,158371376
2023-02-02,5908.2,5908.2,6278.15,5867.05,6256.95,133137490
2023-02-03,5901.95,5901.95,5937.85,5580.25,5899.85,160645844
2023-02-06,5772.4,5772.4,5882.55,5751.15,5882.55,112140823
2023-02-07,5757.35,5757.35,5815.85,5657.55,5695.3,197090069
2023-02-08,5975.15,5975.15,5999.1,5791.9,5797.3,132938346
2023-02-09,5880.7,5880.7,5992.2,5776.4,5990.85,129012816
2023-02-10,5773.6,5773.6,5873.0,5753.5,5808.45,107900615
2023-02-13,5704.75,5704.75,5850.8,5682.55,5772.45,116576754
2023-02-14,5762.85,5762.85,5824.25,5658.75,5739.1,95001596
2023-02-15,5789.65,5789.65,5819.6,5747.3,5767.5,82521882
2023-02-16,5860.75,5860.75,5868.8,5820.65,5837.65,74159701
2023-02-17,5807.7,5807.7,5906.8,5787.7,5852.25,85937417
2023-02-20,5762.95,5762.95,5805.3,5716.25,5783.45,61999153
2023-02-21,5744.15,5744.15,5824.6,5731.95,5797.6,77259315
2023-02-22,5592.3,5592.3,5751.3,5564.95,5727.65,80597730
2023-02-23,5611.8,5611.8,5680.15,5583.85,5594.7,93332322
2023-02-24,5443.6,5443.6,5654.05,5429.4,5643.35,107901905
2023-02-27,5313.75,5313.75,5436.35,5231.9,5435.75,122136083
2023-02-28,5269.1,5269.1,5326.2,5209.35,5308.3,210888336
2023-03-01,5477.7,5477.7,5489.85,5306.2,5312.3,165078895
2023-03-02,5473.35,5473.35,5522.45,5428.2,5464.9,127466429
2023-03-03,5667.9,5667.9,5694.4,5547.2,5548.25,193185798
2023-03-06,5679.55,5679.55,5799.6,5648.1,5726.8,189689574
2023-03-08,5679.25,5679.25,5691.35,5587.3,5670.3,106741667
2023-03-09,5682.75,5682.75,5776.15,5670.15,5719.1,116602066
2023-03-10,5635.7,5635.7,5658.35,5548.15,5586.8,110583306
2023-03-13,5585.25,5585.25,5733.55,5568.6,5660.35,99993179
2023-03-14,5517.35,5517.35,5612.85,5470.8,5603.5,111582831
2023-03-15,5616.5,5616.5,5651.95,5581.6,5581.75,103399078
2023-03-16,5471.75,5471.75,5581.55,5409.7,5578.75,167673584
2023-03-17,5602.6,5602.6,5614.85,5496.2,5552.55,201748428
2023-03-20,5470.85,5470.85,5568.2,5420.45,5565.7,110983404
2023-03-21,5494.5,5494.5,5524.1,5472.35,5514.1,72219318
2023-03-22,5492.35,5492.35,5556.8,5475.7,5512.25,88019094
2023-03-23,5497.85,5497.85,5528.7,5451.55,5464.05,104958509
2023-03-24,5372.9,5372.9,5522.2,5358.35,5520.8,119266490
2023-03-27,5372.85,5372.85,5418.15,5363.0,5390.75,75105705
2023-03-28,5330.3,5330.3,5412.75,5304.45,5398.65,70554286
2023-03-29,5460.2,5460.2,5484.0,5321.65,5344.95,116741749
2023-03-31,5497.45,5497.45,5546.9,5475.4,5519.55,140005330
2023-04-03,5477.85,5477.85,5524.3,5445.4,5523.35,75610803
2023-04-05,5496.3,5496.3,5502.8,5436.05,5472.8,79527761
2023-04-06,5528.1,5528.1,5556.7,5466.65,5495.25,80830389
2023-04-10,5570.25,5570.25,5603.1,5538.7,5548.9,62542127
2023-04-11,5668.25,5668.25,5673.85,5590.3,5601.45,107033339
2023-04-12,5695.55,5695.55,5709.7,5670.9,5699.2,76386895
2023-04-13,5710.05,5710.05,5717.7,5655.9,5697.1,83345088
2023-04-17,5734.5,5734.5,5741.1,5697.35,5704.3,66688334
2023-04-18,5749.0,5749.0,5772.85,5712.95,5745.6,58845254
2023-04-19,5779.65,5779.65,5839.9,5750.05,5758.05,125879466
2023-04-20,5756.95,5756.95,5805.7,5751.9,5784.9,52543008
2023-04-21,5677.9,5677.9,5764.5,5644.2,5764.35,92907670
2023-04-24,5703.3,5703.3,5711.7,5647.3,5666.6,53601587
2023-04-25,5738.25,5738.25,5774.85,5697.7,5704.1,60707537
2023-04-26,5713.2,5713.2,5720.65,5668.5,5715.85,59542066
2023-04-27,5753.75,5753.75,5762.85,5688.9,5707.55,53199168
2023-04-28,5799.4,5799.4,5805.35,5765.9,5782.4,79603739
2023-05-02,5882.0,5882.0,5911.25,5820.7,5828.4,116105540
2023-05-03,5824.25,5824.25,5869.05,5787.1,5856.3,101426854
2023-05-04,5895.05,5895.05,5902.9,5830.5,5841.0,89348093
2023-05-05,5807.05,5807.05,5902.45,5798.35,5902.45,91774006
2023-05-08,5845.65,5845.65,5861.6,5796.65,5835.3,70388080
2023-05-09,5836.85,5836.85,5914.2,5820.6,5856.25,82087214
2023-05-10,5822.1,5822.1,5861.1,5804.4,5843.65,58150771
2023-05-11,5797.3,5797.3,5848.9,5789.65,5848.9,76034817
2023-05-12,5690.9,5690.9,5784.45,5683.5,5784.45,96407385
2023-05-15,5701.75,5701.75,5723.25,5625.75,5698.55,74951854
2023-05-16,5683.45,5683.45,5753.65,5672.85,5732.7,59849426
2023-05-17,5632.85,5632.85,5680.5,5612.15,5677.75,88729435
2023-05-18,5601.65,5601.65,5703.7,5594.75,5666.55,75196175
2023-05-19,5618.05,5618.05,5629.75,5544.95,5620.55,88092363
2023-05-22,5797.5,5797.5,5806.6,5620.25,5641.95,90525838
2023-05-23,5947.7,5947.7,5993.45,5848.7,5855.8,103892224
2023-05-24,5855.15,5855.15,5981.0,5842.5,5965.9,100114581
2023-05-25,5872.55,5872.55,5885.2,5786.85,5830.4,90648123
2023-05-26,5935.4,5935.4,5948.4,5876.45,5888.65,133426293
2023-05-29,5991.2,5991.2,6016.25,5956.3,5973.3,121497656
2023-05-30,5936.55,5936.55,6013.3,5925.9,6001.85,99664098
2023-05-31,5890.05,5890.05,5926.65,5848.4,5900.7,144614198
2023-06-01,5884.2,5884.2,5944.65,5876.4,5907.3,81647379
2023-06-02,5956.0,5956.0,5967.7,5906.85,5934.7,116875081
2023-06-05,5975.9,5975.9,5998.9,5956.2,5991.15,92887901
2023-06-06,5967.45,5967.45,6012.35,5943.55,6002.85,74796632
2023-06-07,6057.75,6057.75,6062.15,5968.75,5995.0,105413069
2023-06-08,6067.7,6067.7,6149.25,6056.65,6072.45,117356847
2023-06-09,6039.35,6039.35,6099.75,6017.45,6093.45,83109212
2023-06-12,6076.3,6076.3,6101.3,6048.2,6068.35,63407870
2023-06-13,6127.65,6127.65,6157.85,6088.25,6110.45,83443856
2023-06-14,6214.75,6214.75,6225.8,6158.5,6163.5,134309317
2023-06-15,6203.05,6203.05,6236.25,6190.2,6230.8,89655511
2023-06-16,6231.5,6231.5,6265.3,6214.7,6244.25,93281885
2023-06-19,6203.5,6203.5,6285.2,6166.6,6260.85,96951070
2023-06-20,6246.65,6246.65,6279.4,6184.9,6214.1,98214066
2023-06-21,6187.75,6187.75,6270.1,6158.25,6264.4,88655389
2023-06-22,6190.95,6190.95,6244.6,6158.45,6193.9,87920317
2023-06-23,6037.2,6037.2,6166.2,6023.15,6164.8,81427987
2023-06-26,6083.1,6083.1,6098.3,5988.6,6037.8,73518135
2023-06-27,6127.65,6127.65,6156.1,6112.45,6117.1,69426598
2023-06-28,6211.05,6211.05,6238.05,6151.85,6167.2,114242987
2023-06-30,6209.1,6209.1,6238.15,6186.45,6236.4,79944483
2023-07-03,6275.45,6275.45,6308.75,6243.45,6254.4,94813917
2023-07-04,6275.2,6275.2,6315.85,6243.1,6301.65,71375706
2023-07-05,6292.3,6292.3,6314.45,6270.05,6285.1,84087258
2023-07-06,6325.35,6325.35,6331.55,6262.55,6297.8,104224004
2023-07-07,6279.25,6279.25,6343.55,6253.35,6305.85,90348941
2023-07-10,6385.1,6385.1,6408.5,6284.7,6300.35,154992671
2023-07-11,6369.1,6369.1,6413.45,6361.75,6405.65,97636608
2023-07-12,6363.25,6363.25,6411.9,6327.7,6391.5,125832466
2023-07-13,6379.7,6379.7,6451.2,6355.3,6419.9,126935964
2023-07-14,6469.45,6469.45,6487.15,6403.85,6431.4,125767625
2023-07-17,6500.55,6500.55,6554.85,6482.15,6500.4,145617014
2023-07-18,6446.75,6446.75,6541.0,6427.45,6511.4,78764611
2023-07-19,6474.55,6474.55,6497.7,6452.7,6470.65,61821658
2023-07-20,6485.25,6485.25,6493.6,6455.95,6493.3,64513750
2023-07-21,6442.3,6442.3,6538.0,6432.75,6471.9,91489887
2023-07-24,6395.55,6395.55,6448.3,6384.6,6442.1,86567809
2023-07-25,6583.65,6583.65,6591.0,6411.35,6426.2,186973931
2023-07-26,6604.95,6604.95,6617.35,6580.35,6610.4,81682312
2023-07-27,6581.55,6581.55,6674.6,6556.2,6626.8,84859166
2023-07-28,6640.8,6640.8,6647.65,6551.1,6593.05,77108575
2023-07-31,6758.2,6758.2,6767.85,6643.65,6643.65,184140261
2023-08-01,6770.15,6770.15,6819.85,6751.1,6793.85,141457794
2023-08-02,6633.45,6633.45,6757.6,6580.3,6757.6,142543327
2023-08-03,6602.2,6602.2,6627.9,6532.75,6600.8,319394242
2023-08-04,6622.9,6622.9,6676.65,6608.05,6658.8,112540419
2023-08-07,6622.15,6622.15,6659.75,6580.65,6655.7,97997189
2023-08-08,6544.8,6544.8,6635.95,6537.6,6635.05,90022001
2023-08-09,6677.85,6677.85,6690.85,6545.9,6562.8,102737442
2023-08-10,6723.3,6723.3,6747.1,6663.65,6679.95,93821684
2023-08-11,6688.85,6688.85,6729.7,6652.9,6722.4,119685942
2023-08-14,6545.95,6545.95,6648.15,6513.1,6643.5,147698479
2023-08-16,6484.1,6484.1,6536.55,6455.1,6534.65,137642025
2023-08-17,6480.5,6480.5,6508.3,6433.55,6487.15,88471489
2023-08-18,6493.7,6493.7,6537.7,6444.75,6485.45,88594812
2023-08-21,6578.4,6578.4,6587.85,6513.0,6534.35,80483093
2023-08-22,6634.4,6634.4,6647.75,6596.5,6606.35,88210763
2023-08-23,6625.55,6625.55,6708.2,6610.7,6676.1,123562838
2023-08-24,6602.85,6602.85,6706.35,6594.9,6677.8,91794048
2023-08-25,6519.35,6519.35,6597.4,6510.05,6589.6,65327694
2023-08-28,6533.3,6533.3,6591.2,6525.1,6563.7,81272997
2023-08-29,6616.7,6616.7,6630.65,6536.25,6559.65,107277598
2023-08-30,6677.8,6677.8,6711.55,6646.35,6653.75,140982641
2023-08-31,6659.35,6659.35,6705.05,6631.25,6678.45,152911798
2023-09-01,6851.0,6851.0,6867.75,6663.45,6665.0,245820730
2023-09-04,7007.05,7007.05,7042.55,6851.0,6911.45,276257688
2023-09-05,7039.15,7039.15,7064.2,6954.1,7021.7,137532308
2023-09-06,6983.7,6983.7,7054.05,6934.9,7053.35,125795586
2023-09-07,6981.15,6981.15,6998.3,6935.95,6972.3,97281547
2023-09-08,6977.9,6977.9,7018.15,6951.0,6996.25,113980169
2023-09-11,7104.4,7104.4,7114.8,7001.75,7020.35,114799975
2023-09-12,6914.55,6914.55,7168.5,6901.65,7167.1,144620275
2023-09-13,6943.65,6943.65,6985.5,6851.5,6934.0,98917785
2023-09-14,7046.9,7046.9,7120.25,6986.45,6996.05,176135269
2023-09-15,7035.8,7035.8,7113.65,7011.05,7095.0,210004378
2023-09-18,6957.8,6957.8,7073.1,6949.35,7073.1,124723042
2023-09-20,6844.05,6844.05,6980.1,6830.55,6945.0,118784731
2023-09-21,6806.6,6806.6,6878.75,6786.65,6847.15,91257675
2023-09-22,6761.8,6761.8,6824.6,6722.75,6809.05,84065981
2023-09-25,6754.25,6754.25,6783.5,6721.6,6783.2,72441275
2023-09-26,6775.3,6775.3,6841.6,6751.25,6776.95,97366241
2023-09-27,6777.3,6777.3,6786.9,6708.3,6759.15,114483789
2023-09-28,6712.0,6712.0,6839.65,6690.45,6791.35,107629779
2023-09-29,6839.3,6839.3,6869.95,6764.2,6767.85,126624089
2023-10-03,6798.0,6798.0,6837.4,6771.45,6833.5,120625527
2023-10-04,6725.95,6725.95,6789.45,6686.05,6771.45,109488246
2023-10-05,6709.1,6709.1,6775.85,6699.6,6756.6,73726835
2023-10-06,6744.4,6744.4,6792.35,6719.7,6752.55,66849583
2023-10-09,6647.15,6647.15,6680.95,6586.7,6673.45,68504480
2023-10-10,6783.15,6783.15,6808.6,6666.9,6674.9,91311294
2023-10-11,6812.15,6812.15,6862.9,6804.65,6837.5,110879664
2023-10-12,6863.05,6863.05,6910.5,6826.2,6828.75,151893656
2023-10-13,6820.8,6820.8,6840.55,6775.3,6811.65,112638464
2023-10-16,6882.8,6882.8,6914.85,6808.6,6827.0,104405347
2023-10-17,6902.0,6902.0,6941.65,6884.45,6927.6,79888323
2023-10-18,6863.4,6863.4,6967.6,6850.85,6925.0,93373406
2023-10-19,6803.3,6803.3,6823.3,6739.35,6808.85,82518546
2023-10-20,6712.75,6712.75,6823.4,6694.1,6782.5,87367361
2023-10-23,6494.0,6494.0,6729.2,6480.1,6725.0,104474714
2023-10-25,6503.65,6503.65,6610.15,6460.8,6552.25,98517190
2023-10-26,6398.05,6398.05,6472.8,6348.7,6466.3,93608580
2023-10-27,6453.1,6453.1,6488.55,6430.15,6436.45,74175308
2023-10-30,6467.95,6467.95,6488.95,6417.6,6478.4,59990470
2023-10-31,6452.45,6452.45,6521.55,6423.65,6521.55,63355617
2023-11-01,6359.9,6359.9,6455.85,6346.3,6447.2,78233957
2023-11-02,6448.95,6448.95,6481.4,6371.35,6371.35,124317321
2023-11-03,6479.15,6479.15,6517.4,6469.55,6487.35,76087931
2023-11-06,6567.1,6567.1,6577.95,6505.75,6527.05,83579471
2023-11-07,6576.85,6576.85,6617.55,6545.95,6575.7,91544954
2023-11-08,6626.3,6626.3,6635.05,6583.0,6609.95,77845122
2023-11-09,6599.65,6599.65,6653.75,6593.15,6636.65,85161198
2023-11-10,6646.05,6646.05,6664.65,6571.3,6594.75,100597089
2023-11-13,6714.1,6714.1,6739.75,6670.65,6692.8,125380274
2023-11-15,6792.4,6792.4,6851.45,6775.6,6782.45,133383318
2023-11-16,6792.4,6792.4,6828.1,6747.55,6792.35,83610443
2023-11-17,6803.9,6803.9,6837.1,6783.5,6792.65,78861575
2023-11-20,6771.55,6771.55,6853.55,6767.05,6820.15,96651664
2023-11-21,6854.2,6854.2,6889.05,6814.25,6817.45,91288006
2023-11-22,6792.65,6792.65,6874.65,6768.2,6865.25,73172643
2023-11-23,6828.35,6828.35,6836.4,6774.2,6808.75,88575912
2023-11-24,6874.25,6874.25,6891.2,6828.05,6849.7,87228242
2023-11-28,7001.65,7001.65,7021.6,6922.7,6949.05,111704251
2023-11-29,7016.4,7016.4,7055.85,7002.6,7046.85,124631467
2023-11-30,7017.45,7017.45,7047.35,6957.55,7028.25,180116111
2023-12-01,7087.0,7087.0,7127.35,7025.4,7065.55,120258854
2023-12-04,7202.6,7202.6,7275.55,7190.05,7270.45,156179134
2023-12-05,7423.4,7423.4,7445.45,7197.25,7203.3,152140828
2023-12-06,7425.35,7425.35,7512.65,7354.95,7507.65,211485081
2023-12-07,7369.85,7369.85,7450.45,7360.15,7437.3,115123074
2023-12-08,7362.9,7362.9,7487.8,7277.95,7399.4,160081717
2023-12-11,7439.7,7439.7,7449.6,7355.1,7388.85,99315613
2023-12-12,7462.6,7462.6,7533.1,7429.75,7457.75,126059622
2023-12-13,7528.2,7528.2,7539.3,7411.4,7479.25,135949364
2023-12-14,7574.25,7574.25,7634.75,7567.3,7604.25,348434393
2023-12-15,7735.35,7735.35,7751.15,7634.2,7654.6,327906933
2023-12-18,7768.55,7768.55,7790.3,7638.8,7712.1,256789778
2023-12-19,7716.65,7716.65,7799.05,7674.85,7788.85,161123317
2023-12-20,7421.55,7421.55,7766.75,7393.05,7752.45,192197359
2023-12-21,7524.0,7524.0,7551.3,7310.45,7353.0,239632458
2023-12-22,7652.65,7652.65,7662.45,7571.75,7580.95,253188939
2023-12-26,7739.8,7739.8,7762.9,7674.65,7698.05,163059883
2023-12-27,7847.75,7847.75,7863.75,7769.45,7780.35,235370480
2023-12-28,7926.35,7926.35,7946.55,7871.95,7890.0,430674249
2023-12-29,7978.0,7978.0,8016.45,7874.1,7940.5,297780739
2024-01-01,7999.8,7999.8,8055.6,7966.45,7995.55,154119796
2024-01-02,8023.9,8023.9,8042.7,7866.35,8017.95,187245384
2024-01-03,7878.4,7878.4,8045.95,7860.55,8042.55,217737739
2024-01-04,7883.05,7883.05,7930.25,7874.4,7926.15,165567148
2024-01-05,7871.8,7871.8,7992.2,7823.0,7905.9,181054278
2024-01-08,7747.0,7747.0,7921.35,7737.4,7915.2,144529644
2024-01-09,7808.3,7808.3,7863.6,7775.8,7819.7,117438304
2024-01-10,7882.65,7882.65,7893.15,7729.75,7811.3,148786769
2024-01-11,7876.15,7876.15,7940.05,7857.95,7926.35,102709289
2024-01-12,7898.35,7898.35,7938.8,7870.3,7912.65,101990569
2024-01-15,7864.1,7864.1,7945.1,7827.6,7941.4,124253461
2024-01-16,7941.85,7941.85,7973.2,7808.1,7889.05,279973174
2024-01-17,7693.55,7693.55,7852.9,7683.7,7852.9,206597677
2024-01-18,7629.1,7629.1,7708.35,7484.95,7697.55,169310880
2024-01-19,7732.35,7732.35,7748.5,7668.35,7683.55,114737123
2024-01-23,7486.85,7486.85,7792.05,7470.15,7780.55,159847714
2024-01-24,7708.65,7708.65,7717.45,7504.2,7523.05,181966591
2024-01-25,7719.65,7719.65,7746.5,7626.3,7744.35,260223980
2024-01-29,7843.75,7843.75,7853.95,7748.5,7766.65,190661451
2024-01-30,7864.0,7864.0,7978.95,7852.6,7880.95,172375930
2024-01-31,7973.1,7973.1,7986.55,7858.65,7872.6,140330304
2024-02-01,7891.05,7891.05,8003.8,7869.6,8000.15,135040105
2024-02-02,8078.25,8078.25,8115.2,7928.4,7953.2,332062053
2024-02-05,8109.55,8109.55,8226.45,8059.25,8120.55,341613132
2024-02-06,8238.25,8238.25,8255.95,8028.35,8137.2,276519014
2024-02-07,8276.65,8276.65,8348.25,8224.15,8324.1,245636258
2024-02-08,8221.85,8221.85,8344.25,8197.1,8314.3,136313526
2024-02-09,8095.6,8095.6,8239.2,7935.3,8235.45,174067830
2024-02-12,7901.65,7901.65,8182.95,7863.25,8135.75,186391542
2024-02-13,7737.85,7737.85,7806.8,7547.2,7806.5,230594527
2024-02-14,7874.8,7874.8,7885.9,7666.7,7694.6,245504052
2024-02-15,7910.6,7910.6,7987.15,7890.2,7943.95,313331077
2024-02-16,7976.45,7976.45,8022.2,7928.85,7968.55,220922380
2024-02-19,7981.25,7981.25,8035.5,7965.0,8018.35,111788579
2024-02-20,7955.8,7955.8,8007.5,7904.5,8004.55,119522685
2024-02-21,7976.45,7976.45,8118.9,7937.25,8037.7,270352026
2024-02-22,8069.4,8069.4,8078.3,7950.5,8026.6,188709208
2024-02-23,8047.75,8047.75,8112.8,8032.5,8103.9,111289869
2024-02-26,7971.75,7971.75,8081.4,7945.4,8058.5,110898681
2024-02-27,8000.55,8000.55,8016.45,7957.0,7987.5,106304765
2024-02-28,7850.35,7850.35,8049.1,7824.55,8030.9,121400157
2024-02-29,7921.9,7921.9,7965.95,7812.0,7859.75,326135801
2024-03-01,8208.5,8208.5,8225.65,7990.75,7992.8,348271299
2024-03-04,8318.95,8318.95,8375.25,8229.35,8337.0,282924178
2024-03-05,8300.55,8300.55,8347.75,8257.15,8324.8,155370959
2024-03-06,8257.65,8257.65,8324.8,8097.2,8304.9,186571439
2024-03-07,8371.3,8371.3,8436.55,8281.7,8290.55,259258059
2024-03-11,8250.75,8250.75,8410.25,8235.05,8407.8,139004496
2024-03-12,8108.4,8108.4,8273.5,8065.3,8256.2,128589529
2024-03-13,7647.4,7647.4,8121.2,7578.35,8110.85,240645324
2024-03-14,7799.95,7799.95,7814.4,7591.85,7663.5,238802524
2024-03-15,7802.65,7802.65,7855.45,7684.85,7802.05,257069731
2024-03-18,7996.9,7996.9,8015.55,7742.6,7781.6,272579800
2024-03-19,7923.6,7923.6,8086.15,7877.95,7992.6,201878251
2024-03-20,7860.9,7860.9,7999.25,7770.9,7957.15,177447605
2024-03-21,8052.75,8052.75,8069.2,7953.05,7974.45,255904104
2024-03-22,8130.8,8130.8,8169.45,7983.35,8029.85,179125574
2024-03-26,8161.2,8161.2,8201.25,8103.7,8109.1,154450944
2024-03-27,8154.95,8154.95,8219.85,8146.35,8191.3,127929100
2024-03-28,8257.2,8257.2,8320.9,8173.9,8191.25,156560712
2024-04-01,8562.7,8562.7,8571.95,8335.3,8343.5,247900604
2024-04-02,8690.85,8690.85,8702.35,8527.75,8573.0,289715871
2024-04-03,8691.2,8691.2,8781.6,8634.45,8678.3,282535417
2024-04-04,8684.45,8684.45,8813.05,8608.4,8797.3,206416040
2024-04-05,8699.05,8699.05,8746.75,8578.65,8676.95,163673239
2024-04-08,8794.65,8794.65,8808.15,8712.2,8789.3,148332999
2024-04-09,8894.4,8894.4,8985.85,8771.2,8832.9,316119422
2024-04-10,8999.6,8999.6,9054.95,8949.7,8970.15,335818048
2024-04-12,8951.3,8951.3,9028.45,8906.15,9017.85,273930890
2024-04-15,8899.7,8899.7,9060.8,8744.8,8902.3,340710514
2024-04-16,8851.95,8851.95,8968.25,8800.55,8864.6,172024431
2024-04-18,8824.25,8824.25,9025.1,8786.1,8916.6,205784602
2024-04-19,8909.0,8909.0,8923.55,8670.5,8783.8,201958797
2024-04-22,8931.2,8931.2,9041.35,8904.15,8995.7,184846181
2024-04-23,8900.45,8900.45,8972.85,8879.45,8972.7,132526457
2024-04-24,9140.1,9140.1,9158.4,8920.8,8932.1,338087729
2024-04-25,9242.0,9242.0,9253.85,9063.5,9135.85,204307625
2024-04-26,9222.65,9222.65,9377.1,9212.2,9283.65,263543342
2024-04-29,9268.8,9268.8,9323.05,9217.7,9320.3,134374392
2024-04-30,9175.8,9175.8,9327.55,9162.2,9326.6,151082003
2024-05-02,9279.55,9279.55,9341.4,9177.6,9186.55,196282173
2024-05-03,9276.3,9276.3,9401.55,9170.3,9352.9,248490790
2024-05-06,9189.75,9189.75,9338.25,9078.25,9326.25,170902833
2024-05-07,8969.9,8969.9,9223.8,8897.55,9223.25,155737819
2024-05-08,9102.35,9102.35,9130.6,8931.0,8940.35,117392142
2024-05-09,8841.25,8841.25,9140.3,8816.9,9117.35,104076437
2024-05-10,8977.45,8977.45,8990.7,8807.85,8886.25,133621144
2024-05-13,9094.8,9094.8,9106.7,8789.95,8970.6,138815408
2024-05-14,9347.15,9347.15,9373.95,9135.5,9148.75,203949255
2024-05-15,9376.9,9376.9,9492.5,9361.3,9389.4,131961098
2024-05-16,9405.4,9405.4,9465.85,9262.0,9423.45,136496654
2024-05-17,9557.95,9557.95,9582.5,9403.15,9422.2,148632232
2024-05-21,9981.15,9981.15,10002.3,9645.3,9671.45,298923496
2024-05-22,9919.45,9919.45,10051.7,9845.5,10051.7,263463369
2024-05-23,9959.45,9959.45,9977.6,9738.35,9872.8,172505799
2024-05-24,9928.4,9928.4,10060.25,9907.2,9966.1,138617989
2024-05-27,9866.4,9866.4,10022.55,9847.4,9997.75,125413262
2024-05-28,9815.05,9815.05,9996.85,9788.05,9910.65,211108131
2024-05-29,9841.2,9841.2,9927.85,9763.8,9830.8,159354274
2024-05-30,9545.25,9545.25,9808.55,9517.4,9800.45,214717837
2024-05-31,9723.6,9723.6,9783.8,9574.05,9631.5,288082089
2024-06-03,10048.55,10048.55,10195.6,9933.3,10195.6,215898878
2024-06-04,8980.15,8980.15,9988.2,8534.95,9986.4,470717780
2024-06-05,9496.6,9496.6,9524.3,8736.5,9077.6,257210076
2024-06-06,9632.5,9632.5,9733.9,9556.5,9592.95,213426110
2024-06-07,9833.6,9833.6,9857.4,9577.55,9641.35,193254897
2024-06-10,9795.85,9795.85,9865.1,9750.35,9853.45,154176232
2024-06-11,9789.55,9789.55,9890.25,9777.1,9813.3,137080327
2024-06-12,9838.35,9838.35,9888.55,9802.0,9828.2,113818165
2024-06-13,9840.25,9840.25,9937.85,9798.1,9907.0,107972099
2024-06-14,9912.1,9912.1,9925.05,9796.85,9872.2,134965354
2024-06-18,9890.2,9890.2,9988.05,9881.15,9957.3,100283143
2024-06-19,9773.3,9773.3,9937.8,9747.05,9933.1,87078741
2024-06-20,9951.05,9951.05,10016.35,9764.7,9803.25,160836809
2024-06-21,9990.9,9990.9,10042.85,9910.0,9988.75,219627213
2024-06-24,9926.85,9926.85,9967.65,9807.4,9912.85,148189509
2024-06-25,9857.45,9857.45,9994.5,9833.2,9961.9,115550700
2024-06-26,9714.3,9714.3,9832.55,9701.3,9821.25,291002593
2024-06-27,9767.4,9767.4,9814.85,9646.1,9720.8,195799873
2024-06-28,9814.3,9814.3,9889.25,9784.65,9793.5,171059458
2024-07-01,9882.8,9882.8,9913.65,9842.3,9849.65,126300215
2024-07-02,9835.7,9835.7,9942.6,9798.35,9901.95,128477772
2024-07-03,9940.1,9940.1,9952.8,9835.55,9868.9,115881154
2024-07-04,9936.8,9936.8,10027.95,9928.5,9989.5,115116546
2024-07-05,9970.5,9970.5,10004.75,9898.4,9943.25,162604047
2024-07-08,9877.35,9877.35,9993.7,9840.8,9992.85,133276546
2024-07-09,9881.9,9881.9,9957.7,9853.35,9923.55,110314698
2024-07-10,9722.8,9722.8,9921.85,9600.1,9899.8,151866269
2024-07-11,9723.25,9723.25,9819.7,9694.85,9792.4,113550085
2024-07-12,9708.2,9708.2,9782.75,9653.15,9763.95,88455509
2024-07-15,9729.6,9729.6,9752.65,9635.05,9721.55,116821805
2024-07-16,9722.0,9722.0,9821.9,9708.3,9775.0,99863949
2024-07-18,9636.95,9636.95,9724.1,9587.7,9719.95,127812504
2024-07-19,9256.3,9256.3,9614.0,9241.15,9611.35,180759298
2024-07-22,9350.6,9350.6,9366.1,9154.55,9211.25,120291735
2024-07-23,9263.1,9263.1,9391.8,8964.05,9383.6,160395993
2024-07-24,9267.15,9267.15,9328.95,9225.35,9272.4,123143828
2024-07-25,9148.0,9148.0,9181.45,9093.75,9152.95,136549396
2024-07-26,9423.4,9423.4,9448.35,9215.75,9240.05,139289980
2024-07-29,9450.3,9450.3,9520.35,9416.85,9510.75,127840532
2024-07-30,9468.35,9468.35,9512.45,9367.4,9441.55,100953547
2024-07-31,9583.4,9583.4,9611.1,9499.75,9550.75,140814036
2024-08-01,9573.2,9573.2,9759.6,9513.6,9690.85,238364255
2024-08-02,9314.55,9314.55,9448.3,9301.5,9440.35,161600204
2024-08-05,8862.5,8862.5,9100.05,8797.6,9077.2,238900110
2024-08-06,8888.95,8888.95,9086.65,8865.0,8955.55,133453734
2024-08-07,9128.45,9128.45,9152.05,8993.45,9064.25,104481503
2024-08-08,8969.25,8969.25,9115.8,8953.8,9115.0,125317082
2024-08-09,9038.3,9038.3,9099.05,8987.3,9086.75,145898869
2024-08-12,9106.25,9106.25,9149.3,8902.6,8970.2,143004291
2024-08-13,8957.15,8957.15,9171.5,8941.15,9164.1,115937555
2024-08-14,8844.3,8844.3,8992.8,8727.8,8989.25,225381729
2024-08-16,8994.1,8994.1,9009.7,8871.75,8938.7,162387499
2024-08-19,9161.95,9161.95,9173.35,9031.45,9033.45,178500023
2024-08-20,9204.65,9204.65,9225.25,9132.7,9224.9,147497409
2024-08-21,9264.05,9264.05,9313.55,9174.45,9185.2,125560931
2024-08-22,9326.25,9326.25,9333.0,9273.15,9309.7,104043607
2024-08-23,9290.5,9290.5,9352.45,9273.3,9344.45,91657668
2024-08-26,9490.75,9490.75,9512.2,9322.6,9349.8,157508211
2024-08-27,9432.75,9432.75,9518.45,9424.3,9499.9,117505583
2024-08-28,9414.8,9414.8,9461.2,9375.5,9460.65,82551286
2024-08-29,9369.95,9369.95,9404.9,9266.65,9392.35,116801539
2024-08-30,9405.25,9405.25,9457.2,9369.9,9390.65,141815022
2024-09-02,9307.15,9307.15,9449.25,9276.6,9437.6,85528728
2024-09-03,9254.75,9254.75,9344.05,9245.4,9331.4,85101987
2024-09-04,9185.5,9185.5,9222.35,9111.1,9136.0,113272613
2024-09-05,9212.95,9212.95,9249.2,9198.75,9213.8,76374904
2024-09-06,9161.15,9161.15,9263.45,9101.95,9224.85,99906744
2024-09-09,9099.0,9099.0,9137.55,8993.35,9136.1,101128358
2024-09-10,9156.2,9156.2,9231.75,9100.05,9140.65,96812615
2024-09-11,9028.2,9028.2,9169.7,9010.25,9160.05,75605123
2024-09-12,9290.85,9290.85,9305.6,9068.95,9144.35,154688891
2024-09-13,9370.65,9370.65,9442.65,9327.55,9342.9,139347485
2024-09-16,9427.7,9427.7,9500.85,9406.4,9432.8,124788003
2024-09-17,9388.15,9388.15,9463.9,9369.6,9445.35,67283045
2024-09-18,9310.55,9310.55,9384.2,9253.95,9381.75,67930943
2024-09-19,9251.2,9251.2,9387.1,9122.95,9370.9,122424122
2024-09-20,9404.3,9404.3,9451.7,9329.1,9337.85,151645257
2024-09-23,9454.85,9454.85,9466.35,9403.4,9461.65,87643422
2024-09-24,9735.4,9735.4,9745.3,9522.15,9531.35,335875600
2024-09-25,9777.15,9777.15,9869.5,9734.65,9816.75,202845771
2024-09-26,9985.7,9985.7,9999.2,9702.75,9793.4,277990303
2024-09-27,10064.6,10064.6,10167.4,10043.65,10058.85,240754548
2024-09-30,10198.35,10198.35,10263.65,10119.65,10124.1,261831084
2024-10-01,10222.95,10222.95,10236.2,10061.85,10214.25,201286952
2024-10-03,10155.0,10155.0,10322.05,10123.75,10129.8,209377372
2024-10-04,10113.2,10113.2,10250.65,9979.4,10150.85,149046670
2024-10-07,9886.3,9886.3,10177.6,9778.9,10157.75,150286175
2024-10-08,9794.45,9794.45,9836.75,9574.7,9817.55,204741034
2024-10-09,9800.75,9800.75,9914.65,9724.5,9779.1,133733442
2024-10-10,9839.95,9839.95,9882.4,9779.75,9799.65,103537685
2024-10-11,9932.7,9932.7,10011.8,9855.85,9858.15,144977252
2024-10-14,9905.0,9905.0,10062.65,9881.45,9968.05,118994019
2024-10-15,9762.05,9762.05,9956.35,9722.65,9938.6,94975383
2024-10-16,9741.7,9741.7,9828.7,9694.1,9743.5,93791418
2024-10-17,9603.3,9603.3,9816.3,9574.85,9786.9,136720195
2024-10-18,9753.9,9753.9,9780.0,9484.2,9579.15,132863255
2024-10-21,9606.8,9606.8,9858.75,9594.1,9802.8,90889690
2024-10-22,9318.8,9318.8,9627.0,9301.45,9597.1,123054442
2024-10-23,9295.25,9295.25,9432.25,9247.35,9315.65,146004114
2024-10-24,9273.45,9273.45,9314.7,9151.15,9304.05,93795090
2024-10-25,9048.95,9048.95,9300.3,8924.55,9295.25,152585120
2024-10-28,9278.4,9278.4,9314.7,9001.75,9056.6,102274255
2024-10-29,9338.75,9338.75,9358.25,9097.3,9297.7,96312891
2024-10-30,9342.45,9342.45,9427.85,9267.75,9305.35,77872056
2024-10-31,9326.85,9326.85,9365.6,9279.45,9338.95,88685214
2024-11-01,9390.3,9390.3,9414.7,9371.75,9376.8,16513870
2024-11-04,9242.9,9242.9,9398.7,9118.7,9393.5,101337079
2024-11-05,9505.4,9505.4,9525.3,9234.1,9245.5,141194820
2024-11-06,9656.45,9656.45,9671.25,9399.85,9557.7,173663944
2024-11-07,9392.85,9392.85,9657.75,9355.9,9646.25,207194045
2024-11-08,9308.9,9308.9,9473.8,9262.35,9432.4,194601720
2024-11-11,9216.25,9216.25,9294.35,9166.3,9281.6,116293233
2024-11-12,9078.5,9078.5,9304.45,9049.9,9266.15,125686813
2024-11-13,8836.75,8836.75,9061.45,8802.2,9039.25,138289275
2024-11-14,8828.7,8828.7,8948.6,8812.9,8866.8,120626592
2024-11-18,8996.65,8996.65,9129.65,8894.8,8918.3,219983024
2024-11-19,8920.35,8920.35,9067.8,8897.55,9017.35,116314235
2024-11-21,8717.4,8717.4,8832.5,8652.15,8816.05,200854396
2024-11-22,8846.2,8846.2,8872.15,8658.35,8712.1,140152154
2024-11-25,8883.0,8883.0,8978.95,8865.95,8973.6,167172101
2024-11-26,8916.7,8916.7,8981.05,8867.3,8907.3,99798195
2024-11-27,8987.35,8987.35,9004.05,8864.1,8930.2,94271316
2024-11-28,8964.85,8964.85,9074.85,8947.0,9020.45,106861629
2024-11-29,9034.0,9034.0,9074.2,8955.35,8994.55,99936588
2024-12-02,9133.6,9133.6,9143.6,8996.3,9032.5,71226099
2024-12-03,9246.25,9246.25,9261.9,9169.65,9175.05,101442433
2024-12-04,9230.1,9230.1,9283.65,9155.85,9264.7,97139367
2024-12-05,9282.75,9282.75,9325.45,9154.65,9251.4,98350609
2024-12-06,9397.15,9397.15,9416.6,9270.1,9300.3,109617164
2024-12-09,9455.25,9455.25,9462.4,9299.85,9397.6,118493160
2024-12-10,9475.35,9475.35,9562.3,9427.85,9496.95,116614033
2024-12-11,9483.65,9483.65,9605.35,9450.15,9483.4,102880164
2024-12-12,9507.75,9507.75,9537.7,9417.4,9522.55,160700653
2024-12-13,9439.3,9439.3,9465.1,9239.1,9460.7,146811459
2024-12-16,9347.75,9347.75,9469.9,9311.7,9446.45,77011638
2024-12-17,9194.95,9194.95,9357.3,9171.15,9332.8,91469920
2024-12-18,9069.9,9069.9,9220.6,9030.65,9207.5,102954431
2024-12-19,8977.2,8977.2,8989.1,8854.7,8901.35,84496658
2024-12-20,8813.25,8813.25,9051.2,8788.95,8981.8,156800704
2024-12-23,8891.4,8891.4,8979.45,8828.45,8902.05,107773004
2024-12-24,8817.6,8817.6,8897.0,8786.8,8875.3,98108981
2024-12-26,8805.25,8805.25,8853.25,8757.75,8835.9,94353392
2024-12-27,8720.7,8720.7,8869.8,8707.65,8820.5,87231941
2024-12-30,8609.85,8609.85,8753.3,8584.0,8720.85,147909117
2024-12-31,8649.9,8649.9,8679.95,8573.35,8590.7,97002022
2025-01-01,8639.9,8639.9,8667.7,8580.25,8646.6,75777253
2025-01-02,8723.35,8723.35,8728.15,8616.5,8655.75,94526953
2025-01-03,8729.95,8729.95,8817.15,8710.9,8723.7,95275929
2025-01-06,8455.5,8455.5,8740.8,8430.5,8740.65,125151116
2025-01-07,8560.55,8560.55,8595.05,8459.75,8464.05,100898170
2025-01-08,8503.2,8503.2,8567.2,8436.85,8558.35,103756491
2025-01-09,8398.85,8398.85,8501.75,8386.35,8474.1,87581913
2025-01-10,8262.95,8262.95,8412.45,8204.45,8391.15,112931617
2025-01-13,7951.35,7951.35,8198.45,7935.35,8194.65,131282530
2025-01-14,8267.5,8267.5,8283.8,7977.9,7978.15,142609691
2025-01-15,8280.95,8280.95,8353.9,8236.35,8323.0,83678270
2025-01-16,8422.0,8422.0,8450.3,8367.8,8389.65,96972152
2025-01-17,8521.7,8521.7,8556.35,8412.2,8435.9,103435020
2025-01-20,8613.35,8613.35,8643.45,8473.5,8558.3,89799347
2025-01-21,8532.1,8532.1,8696.45,8520.1,8661.6,115926798
2025-01-22,8470.25,8470.25,8560.75,8332.1,8560.7,98678064
2025-01-23,8515.55,8515.55,8557.7,8409.35,8448.9,91609152
2025-01-24,8438.8,8438.8,8617.7,8417.5,8523.15,96930893
2025-01-27,8189.8,8189.8,8348.0,8170.25,8333.45,82416322
2025-01-28,8157.45,8157.45,8259.15,8055.15,8218.05,105174086
2025-01-29,8308.65,8308.65,8321.55,8153.8,8183.05,64906236
2025-01-30,8299.75,8299.75,8437.55,8250.7,8320.35,80553821
2025-01-31,8399.7,8399.7,8409.2,8190.9,8278.8,115663370
2025-02-03,8155.15,8155.15,8196.05,7979.55,8187.95,123170736
2025-02-04,8301.45,8301.45,8358.65,8227.8,8229.15,81524799
2025-02-05,8427.1,8427.1,8467.8,8312.75,8313.75,76925912
2025-02-06,8363.65,8363.65,8469.45,8325.8,8449.55,87167734
2025-02-07,8585.8,8585.8,8611.9,8370.8,8377.95,153565910
2025-02-10,8359.25,8359.25,8563.75,8319.35,8560.9,88155050
2025-02-11,8213.55,8213.55,8423.9,8182.25,8302.15,140101482
2025-02-12,8268.4,8268.4,8316.75,8060.45,8205.7,162156517
2025-02-13,8336.35,8336.35,8459.15,8256.05,8263.7,130750766
2025-02-14,8187.5,8187.5,8460.8,8097.8,8380.45,143656484
2025-02-17,8250.2,8250.2,8261.35,8028.8,8155.4,85236017
2025-02-18,8255.6,8255.6,8278.2,8119.8,8263.1,85330173
2025-02-19,8359.2,8359.2,8380.95,8167.2,8201.35,82207040
2025-02-20,8523.0,8523.0,8538.4,8336.4,8341.15,95481796
2025-02-21,8609.7,8609.7,8657.3,8498.7,8528.9,161689440
2025-02-24,8422.8,8422.8,8557.05,8378.2,8506.15,97579375
2025-02-25,8293.45,8293.45,8437.0,8282.1,8413.65,105752432
2025-02-27,8334.8,8334.8,8364.65,8241.0,8308.95,101988676
2025-02-28,8219.25,8219.25,8272.25,8119.55,8272.25,164289860
2025-03-03,8316.3,8316.3,8344.55,8085.55,8244.7,109783895
2025-03-04,8347.75,8347.75,8393.0,8157.9,8197.2,107574275
2025-03-05,8685.2,8685.2,8693.9,8322.15,8322.2,189397264
2025-03-06,8888.65,8888.65,8947.25,8734.65,8762.5,190921759
2025-03-07,8926.9,8926.9,8978.05,8853.25,8870.3,166447648
2025-03-10,8850.3,8850.3,9042.8,8825.6,8924.65,144016744
2025-03-11,8897.3,8897.3,8915.85,8715.15,8739.9,121780148
2025-03-12,8854.3,8854.3,8972.6,8725.8,8941.35,102928370
2025-03-13,8777.65,8777.65,8920.4,8763.1,8897.75,112647615
2025-03-17,8845.25,8845.25,8910.0,8803.85,8810.2,95328292
2025-03-18,9033.45,9033.45,9041.6,8892.45,8923.0,119037464
2025-03-19,9148.55,9148.55,9185.2,9076.85,9142.3,201795766
2025-03-20,9254.1,9254.1,9274.0,9092.4,9219.5,156402511
2025-03-21,9203.55,9203.55,9291.65,9166.4,9282.85,190618416
2025-03-24,9262.85,9262.85,9305.55,9200.95,9261.25,137936756
2025-03-25,9132.9,9132.9,9299.15,9098.2,9291.35,112618009
2025-03-26,9097.7,9097.7,9212.7,9078.4,9150.65,104978229
2025-03-27,9159.8,9159.8,9178.7,9057.1,9066.85,106674268
2025-03-28,9092.5,9092.5,9235.2,9045.1,9172.9,114287248
2025-04-01,9016.85,9016.85,9127.05,8975.55,9015.85,103688407
2025-04-02,9080.05,9080.05,9097.6,8932.25,9038.75,100976913
2025-04-03,9005.15,9005.15,9083.65,8963.05,9006.2,97060234
2025-04-04,8414.45,8414.45,8945.5,8375.35,8936.95,251623204
2025-04-07,7846.35,7846.35,7930.8,7690.2,7691.0,290678853
2025-04-08,7965.6,7965.6,8161.4,7800.85,8080.9,184429012
2025-04-09,7847.5,7847.5,7924.85,7764.45,7924.85,185779410
2025-04-11,8168.3,8168.3,8229.0,8031.5,8136.8,176799491
2025-04-15,8429.85,8429.85,8446.3,8282.85,8332.4,125013033
2025-04-16,8454.8,8454.8,8478.45,8332.8,8427.4,123389766
2025-04-17,8476.5,8476.5,8515.9,8348.5,8403.0,132096532
2025-04-21,8653.5,8653.5,8674.0,8469.0,8502.75,106598046
2025-04-22,8669.5,8669.5,8783.4,8658.5,8759.15,144813346
2025-04-23,8737.3,8737.3,8747.65,8589.3,8738.65,130841964
2025-04-24,8753.3,8753.3,8793.3,8705.4,8729.5,100776114
2025-04-25,8569.75,8569.75,8833.75,8487.4,8790.15,162665252
2025-04-28,8689.9,8689.9,8717.05,8551.15,8554.2,84623553
2025-04-29,8607.15,8607.15,8762.4,8596.05,8711.3,79225090
2025-04-30,8581.8,8581.8,8666.15,8524.55,8600.85,93091204
2025-05-02,8518.4,8518.4,8714.55,8458.6,8590.15,135405628
2025-05-05,8600.15,8600.15,8640.7,8505.9,8523.1,68434733
2025-05-06,8524.7,8524.7,8655.6,8498.9,8622.1,99801615
2025-05-07,8608.05,8608.05,8635.75,8428.2,8428.55,96581063
2025-05-08,8428.4,8428.4,8640.25,8378.7,8618.25,101360903
2025-05-09,8420.55,8420.55,8436.1,8256.2,8258.8,89509903
2025-05-12,8914.25,8914.25,8925.65,8620.65,8641.9,161696033
2025-05-13,8834.65,8834.65,8928.1,8814.8,8907.9,125054962
2025-05-14,9052.1,9052.1,9085.05,8881.0,8881.0,191523769
2025-05-15,9210.05,9210.05,9223.4,9029.65,9067.1,157007034
2025-05-16,9201.85,9201.85,9242.9,9175.95,9222.0,78574081
2025-05-19,9210.75,9210.75,9251.55,9161.65,9222.1,87197709
2025-05-20,9156.05,9156.05,9343.35,9140.35,9285.65,148283405
2025-05-21,9208.15,9208.15,9232.3,9124.45,9185.85,105472654
2025-05-22,9179.65,9179.65,9234.45,9111.0,9208.55,198975000
2025-05-23,9249.6,9249.6,9277.65,9170.75,9205.1,119003276
2025-05-26,9336.45,9336.45,9379.5,9254.15,9282.9,113914716
2025-05-27,9294.95,9294.95,9365.45,9262.95,9338.85,85219733
2025-05-28,9239.5,9239.5,9321.65,9228.2,9309.0,115499772
2025-05-29,9351.65,9351.65,9378.65,9279.15,9313.75,146004468
2025-05-30,9193.25,9193.25,9384.45,9178.75,9351.7,131731946
2025-06-02,9128.55,9128.55,9161.2,9047.95,9130.75,112116516
2025-06-03,9122.3,9122.3,9204.2,9113.35,9148.3,112093061
2025-06-04,9177.4,9177.4,9204.0,9064.65,9129.45,86129978
2025-06-05,9231.5,9231.5,9258.95,9162.0,9204.75,101325385
2025-06-06,9406.45,9406.45,9418.65,9246.55,9261.7,147827682
2025-06-09,9477.0,9477.0,9523.9,9418.1,9450.05,97819308
2025-06-10,9509.7,9509.7,9581.8,9499.05,9522.4,121645731
2025-06-11,9495.8,9495.8,9573.6,9479.7,9544.8,96812660
2025-06-12,9348.5,9348.5,9511.1,9323.85,9503.75,95351812
2025-06-13,9258.8,9258.8,9311.0,9156.9,9165.05,95267348
2025-06-16,9358.25,9358.25,9381.65,9167.1,9272.5,78869084
2025-06-17,9224.4,9224.4,9366.9,9211.2,9349.9,76915633
2025-06-18,9158.25,9158.25,9238.8,9120.55,9215.45,218453098
2025-06-19,9040.45,9040.45,9158.25,8997.35,9156.15,98113183
2025-06-20,9138.6,9138.6,9194.9,9025.1,9035.35,121495658
2025-06-23,9198.55,9198.55,9245.05,9064.1,9083.0,70975399
2025-06-24,9291.1,9291.1,9395.7,9261.15,9290.7,97592911
2025-06-25,9329.2,9329.2,9354.25,9311.15,9351.7,70705540
2025-06-26,9544.55,9544.55,9554.9,9354.35,9360.45,161322138
2025-06-27,9578.2,9578.2,9678.45,9563.4,9592.8,167374796
2025-06-30,9534.8,9534.8,9610.05,9510.8,9604.2,75682063
2025-07-01,9564.55,9564.55,9573.95,9453.3,9551.95,124495699
2025-07-02,9699.2,9699.2,9747.55,9538.75,9584.35,169143532
2025-07-03,9623.45,9623.45,9786.15,9610.9,9720.7,166493613
2025-07-04,9580.4,9580.4,9657.0,9522.05,9644.25,61722427
2025-07-07,9522.15,9522.15,9578.55,9496.85,9577.9,55150865
2025-07-08,9517.4,9517.4,9560.2,9483.8,9524.25,54418175
2025-07-09,9384.5,9384.5,9554.45,9266.65,9554.4,140430478
2025-07-10,9423.55,9423.55,9463.2,9366.4,9403.7,70824673
2025-07-11,9382.85,9382.85,9476.65,9373.1,9411.15,97057119
2025-07-14,9407.95,9407.95,9472.8,9352.55,9379.65,72221714
2025-07-15,9411.95,9411.95,9444.3,9344.35,9430.9,79148034
2025-07-16,9360.7,9360.7,9412.45,9334.05,9407.15,72089027
2025-07-17,9423.35,9423.35,9473.3,9358.3,9383.05,75624307
2025-07-18,9458.2,9458.2,9509.05,9398.75,9439.85,125463275
2025-07-21,9555.5,9555.5,9585.35,9492.75,9510.9,118853456
2025-07-22,9533.3,9533.3,9598.85,9522.3,9576.25,80608817
2025-07-23,9579.05,9579.05,9594.85,9519.4,9558.2,84358910
2025-07-24,9582.3,9582.3,9644.75,9554.3,9595.7,69622205
2025-07-25,9425.1,9425.1,9584.9,9406.4,9579.95,82522254
2025-07-28,9316.45,9316.45,9432.5,9288.5,9418.1,103126614
2025-07-29,9409.7,9409.7,9427.35,9279.65,9279.65,68058096
2025-07-30,9399.75,9399.75,9464.6,9379.2,9426.65,65586332
2025-07-31,9285.45,9285.45,9402.45,9255.85,9290.8,103991857
2025-08-01,9102.35,9102.35,9285.4,9086.35,9281.8,75668134
2025-08-04,9327.85,9327.85,9350.6,9102.15,9127.4,94340586
2025-08-05,9336.05,9336.05,9374.3,9290.15,9347.15,60185769
2025-08-06,9298.75,9298.75,9368.65,9256.6,9368.65,53608614
2025-08-07,9310.65,9310.65,9328.75,9144.1,9253.4,72609144
2025-08-08,9147.1,9147.1,9327.3,9127.25,9309.65,55355525
2025-08-11,9194.8,9194.8,9227.2,9134.45,9153.35,53731711
2025-08-12,9229.7,9229.7,9280.7,9160.5,9163.15,68634317
2025-08-13,9345.95,9345.95,9424.75,9275.3,9285.7,101499911
2025-08-14,9216.25,9216.25,9362.25,9181.7,9351.2,114743024
2025-08-18,9387.5,9387.5,9414.55,9290.75,9335.0,110641932
2025-08-19,9457.5,9457.5,9463.6,9369.55,9412.6,80190742
2025-08-20,9497.75,9497.75,9538.95,9407.85,9433.7,109474168
2025-08-21,9493.65,9493.65,9538.35,9484.35,9506.65,61406626
2025-08-22,9375.45,9375.45,9499.75,9363.15,9494.35,62051947
2025-08-25,9436.75,9436.75,9477.0,9396.7,9419.9,62350537
2025-08-26,9280.05,9280.05,9414.6,9256.8,9412.85,83279066
2025-08-28,9210.5,9210.5,9312.1,9191.7,9274.1,72228203
2025-08-29,9154.8,9154.8,9238.75,9132.2,9226.9,68106415
2025-09-01,9305.3,9305.3,9316.7,9163.4,9169.35,56977224
2025-09-02,9384.35,9384.35,9432.1,9269.7,9318.9,122526738
2025-09-03,9676.4,9676.4,9685.8,9406.35,9406.35,201827972
2025-09-04,9616.35,9616.35,9736.15,9605.95,9734.45,80293465
2025-09-05,9681.65,9681.65,9700.9,9572.1,9612.6,65907070
2025-09-08,9717.85,9717.85,9816.95,9708.4,9722.6,113923186
2025-09-09,9734.2,9734.2,9766.25,9683.65,9733.3,83711433
2025-09-10,9759.45,9759.45,9812.25,9730.8,9767.6,60805944
2025-09-11,9792.95,9792.95,9837.65,9746.8,9757.95,82021116
2025-09-12,9883.6,9883.6,9902.35,9800.25,9828.35,142300497
2025-09-15,9891.0,9891.0,9951.45,9864.9,9900.6,81385692
2025-09-16,9973.45,9973.45,9979.75,9891.85,9917.1,91305327
2025-09-17,9923.15,9923.15,10018.7,9833.8,10005.55,94335970
2025-09-18,9955.15,9955.15,9959.65,9868.35,9932.0,68298647
2025-09-19,9989.9,9989.9,10016.1,9916.55,9997.2,131426289
2025-09-22,10029.1,10029.1,10079.95,9980.8,9984.5,118788787
2025-09-23,10129.05,10129.05,10168.2,9994.2,10044.9,127488990
2025-09-24,10060.1,10060.1,10153.65,10050.1,10118.15,99598782
2025-09-25,10082.55,10082.55,10187.35,10057.55,10082.2,145545764
2025-09-26,9888.25,9888.25,10124.65,9871.8,10087.15,104468519
2025-09-29,9923.1,9923.1,10002.7,9910.7,9910.7,102809252
2025-09-30,10038.15,10038.15,10082.75,9963.65,9978.45,169657336
2025-10-01,10092.95,10092.95,10102.45,9952.05,10060.3,101955702
2025-10-03,10277.1,10277.1,10346.95,10108.65,10108.9,188261747
2025-10-06,10185.5,10185.5,10315.4,10147.0,10303.1,105174948
2025-10-07,10156.65,10156.65,10268.5,10150.2,10193.85,91134375
2025-10-08,10136.55,10136.55,10209.5,10089.05,10181.05,133552562
2025-10-09,10356.2,10356.2,10373.3,10148.6,10163.95,256790809
2025-10-10,10261.55,10261.55,10357.25,10206.4,10352.7,129504814
2025-10-13,10217.45,10217.45,10241.5,10156.05,10218.0,90231243
2025-10-14,10116.8,10116.8,10340.8,10053.9,10291.85,115099983
2025-10-15,10218.0,10218.0,10245.7,10120.15,10139.9,91427528
2025-10-16,10287.25,10287.25,10294.5,10190.65,10243.8,65295296
2025-10-17,10199.3,10199.3,10315.05,10153.95,10286.8,83258075
2025-10-20,10191.85,10191.85,10253.2,10138.35,10249.95,69500668
2025-10-21,10232.75,10232.75,10249.95,10215.3,10236.85,15516001
2025-10-23,10241.85,10241.85,10319.1,10225.45,10287.8,106871012
2025-10-24,10347.45,10347.45,10457.4,10314.85,10320.75,154300149
2025-10-27,10467.15,10467.15,10477.6,10396.85,10416.45,97806143
2025-10-28,10596.2,10596.2,10624.65,10455.3,10465.85,174829676
2025-10-29,10777.5,10777.5,10837.45,10620.15,10648.3,307229806
2025-10-30,10729.2,10729.2,10765.75,10656.05,10758.7,102625396
2025-10-31,10612.15,10612.15,10724.85,10601.25,10717.3,101881533
2025-11-03,10652.8,10652.8,10720.45,10628.95,10644.05,100449965
2025-11-04,10499.05,10499.05,10670.55,10483.75,10651.6,99220707
2025-11-06,10281.9,10281.9,10437.9,10245.25,10416.65,115337892
2025-11-07,10426.8,10426.8,10470.85,10184.55,10237.1,114815792
2025-11-10,10484.5,10484.5,10534.95,10465.1,10474.8,197731102
2025-11-11,10559.1,10559.1,10589.15,10418.5,10538.75,147993358
2025-11-12,10542.55,10542.55,10624.3,10532.95,10593.65,135010471
2025-11-13,10588.6,10588.6,10721.3,10565.8,10679.05,216570524
2025-11-14,10494.75,10494.75,10578.65,10446.75,10578.4,103917347
2025-11-17,10495.85,10495.85,10531.5,10446.65,10526.25,81100970
2025-11-18,10383.7,10383.7,10483.0,10325.6,10481.5,108244744
2025-11-19,10384.15,10384.15,10417.7,10351.25,10386.35,65099035
2025-11-20,10386.05,10386.05,10454.25,10370.25,10446.7,83571225
2025-11-21,10142.55,10142.55,10336.5,10121.5,10336.5,95730263
2025-11-24,10017.9,10017.9,10183.9,9997.9,10163.3,107909172
2025-11-25,10073.4,10073.4,10129.2,10027.9,10039.65,107294330
2025-11-26,10280.7,10280.7,10289.8,10096.05,10105.65,102603400
2025-11-27,10273.75,10273.75,10379.6,10211.55,10334.4,78068712
2025-11-28,10293.05,10293.05,10360.15,10247.1,10300.35,78014488
2025-12-01,10353.2,10353.2,10418.9,10314.6,10390.9,107599445
2025-12-02,10315.85,10315.85,10366.2,10292.65,10344.15,98259355
2025-12-03,10265.2,10265.2,10347.15,10168.35,10340.35,101991987
2025-12-04,10271.45,10271.45,10376.0,10248.35,10324.25,133569150
2025-12-05,10340.35,10340.35,10366.75,10189.7,10274.5,139237615
2025-12-08,10141.8,10141.8,10378.55,10109.35,10352.6,92395106
2025-12-09,10112.65,10112.65,10149.3,9968.4,10126.9,86972140
2025-12-10,10159.0,10159.0,10244.85,10119.35,10133.25,103435098
2025-12-11,10266.85,10266.85,10273.05,10174.6,10209.4,103645626
2025-12-12,10536.45,10536.45,10553.15,10331.5,10335.05,211717426
2025-12-15,10553.15,10553.15,10564.95,10477.3,10513.65,118240223
2025-12-16,10464.35,10464.35,10532.3,10380.7,10527.1,119402006
2025-12-17,10490.15,10490.15,10551.6,10449.75,10520.8,104250856
2025-12-18,10516.15,10516.15,10585.45,10430.55,10490.25,113892481
2025-12-19,10521.1,10521.1,10560.25,10456.75,10557.95,112079611
2025-12-22,10669.0,10669.0,10721.0,10575.5,10602.45,145638366
2025-12-23,10727.05,10727.05,10770.65,10674.9,10701.4,165081833
2025-12-24,10742.75,10742.75,10828.25,10723.95,10772.55,153296521
2025-12-26,10806.15,10806.15,10836.05,10741.8,10780.8,191534847
2025-12-29,10789.1,10789.1,10984.55,10751.0,10921.6,428917234
2025-12-30,11007.65,11007.65,11029.65,10755.3,10797.0,346546417
2025-12-31,11167.65,11167.65,11216.05,11108.9,11154.45,274754054
2026-01-01,11256.0,11256.0,11269.2,11152.25,11177.25,122017602
2026-01-02,11421.85,11421.85,11433.8,11276.05,11280.1,153333375
2026-01-05,11490.8,11490.8,11532.1,11429.25,11469.85,172674028
2026-01-06,11524.05,11524.05,11652.7,11475.6,11533.0,192547618
2026-01-07,11524.0,11524.0,11612.25,11492.15,11567.15,172048203
2026-01-08,11132.0,11132.0,11517.75,11107.15,11517.45,232336744
2026-01-09,11094.8,11094.8,11208.1,11036.55,11110.65,194687437
2026-01-12,11315.75,11315.75,11335.45,11048.25,11162.15,185321485
2026-01-13,11355.2,11355.2,11440.95,11267.55,11366.8,132191772
2026-01-14,11661.4,11661.4,11717.55,11352.2,11399.4,279274690
2026-01-16,11600.05,11600.05,11729.65,11551.5,11696.25,158224381
2026-01-19,11593.05,11593.05,11649.3,11557.25,11603.5,133296223
2026-01-20,11374.45,11374.45,11692.55,11347.95,11614.45,179383644
2026-01-21,11438.95,11438.95,11474.05,11246.95,11376.65,183622597
2026-01-22,11573.7,11573.7,11685.85,11468.6,11514.9,200709098
2026-01-23,11477.8,11477.8,11783.9,11460.75,11673.95,211560859
2026-01-27,11829.65,11829.65,11865.6,11579.6,11710.6,225058200
2026-01-28,12106.45,12106.45,12158.9,11828.55,11911.05,314393778
2026-01-29,12478.05,12478.05,12509.75,12188.55,12193.85,450089649
2026-01-30,11827.55,11827.55,12265.2,11776.25,12265.2,411481884
2026-02-02,11561.55,11561.55,11596.35,11227.9,11343.1,273147270
2026-02-03,11893.2,11893.2,12041.35,11746.25,11984.55,241228110
2026-02-04,12044.25,12044.25,12104.3,11937.5,11959.7,193893127
2026-02-05,11921.2,11921.2,11934.15,11726.1,11838.2,178649953
2026-02-06,11943.15,11943.15,11959.55,11756.0,11823.75,154233049
2026-02-09,12129.45,12129.45,12243.15,12019.75,12129.05,180233303
2026-02-10,12228.3,12228.3,12287.6,12098.0,12194.1,206006134
2026-02-11,12276.55,12276.55,12291.35,12175.8,12278.5,141016420
2026-02-12,12279.2,12279.2,12325.1,12206.45,12257.3,122137615
2026-02-13,11872.8,11872.8,12086.5,11841.25,12073.9,145221042
2026-02-16,11955.0,11955.0,11970.4,11749.1,11776.55,85599728
2026-02-17,11828.4,11828.4,11921.65,11713.05,11903.25,103093111
2026-02-18,11985.75,11985.75,12002.4,11844.7,11856.1,123524671
2026-02-19,11842.4,11842.4,12098.25,11799.65,12079.45,104446882
2026-02-20,11989.95,11989.95,12029.6,11812.25,11856.35,108607615
2026-02-23,11962.75,11962.75,12112.9,11875.3,12109.8,101491710
2026-02-24,12073.85,12073.85,12102.15,11912.45,11934.45,140330609
2026-02-25,12399.4,12399.4,12430.15,12155.45,12180.95,220409958
2026-02-26,12448.0,12448.0,12457.0,12348.9,12453.45,117457188
2026-02-27,12240.65,12240.65,12437.6,12217.8,12416.55,122069231
2026-03-02,12269.8,12269.8,12344.8,11896.0,11909.9,140557257
2026-03-04,11779.75,11779.75,12105.2,11671.5,12073.0,222674623
2026-03-05,12049.2,12049.2,12200.9,11849.6,11861.05,191304390
2026-03-06,12000.45,12000.45,12166.3,11922.35,12013.65,125870520
2026-03-09,11688.8,11688.8,11803.85,11516.65,11751.7,144396542
2026-03-10,11868.5,11868.5,11907.45,11688.45,11835.35,102660345
2026-03-11,11822.1,11822.1,12103.95,11793.65,11929.2,115784924
2026-03-12,11863.9,11863.9,11917.5,11580.9,11833.75,110739534
2026-03-13,11292.5,11292.5,11817.1,11249.5,11801.15,167971452
2026-03-16,11318.0,11318.0,11415.8,11202.0,11262.25,146173017
2026-03-17,11637.35,11637.35,11660.1,11273.6,11380.6,156346672
2026-03-18,11625.45,11625.45,11676.15,11503.0,11635.75,112545631
2026-03-19,11249.35,11249.35,11521.1,11198.8,11389.55,119715488
2026-03-20,11412.75,11412.75,11583.2,11291.35,11295.55,219205097
2026-03-23,10863.45,10863.45,11223.8,10819.85,11215.15,181855473
2026-03-24,11059.15,11059.15,11150.8,10909.9,11114.2,137082223
2026-03-25,11342.2,11342.2,11387.65,11172.3,11195.3,131959576
2026-03-27,11161.65,11161.65,11292.85,11148.3,11224.5,160963765
2026-03-30,11138.4,11138.4,11340.6,11087.95,11154.9,238086714
2026-04-01,11412.05,11412.05,11573.0,11374.55,11447.55,188916591
2026-04-02,11456.6,11456.6,11481.25,11052.55,11307.05,147690125
2026-04-06,11583.5,11583.5,11608.7,11366.1,11431.4,171739550
2026-04-07,11762.65,11762.65,11784.45,11529.45,11602.7,135875271
2026-04-08,12078.95,12078.95,12140.25,11984.5,12065.1,170222428
2026-04-09,12229.7,12229.7,12286.55,12042.45,12089.85,142846967
2026-04-10,12356.4,12356.4,12387.15,12225.6,12317.05,115907090
2026-04-13,12329.3,12329.3,12372.75,12104.3,12147.75,134160993
2026-04-15,12548.0,12548.0,12644.15,12504.2,12594.9,150523481
2026-04-16,12740.2,12740.2,12816.25,12603.3,12629.7,162481369
2026-04-17,12880.0,12880.0,12902.7,12618.0,12756.0,131733604
2026-04-20,12829.65,12829.65,12902.0,12698.5,12854.6,115485947
2026-04-21,12835.0,12835.0,12986.6,12816.8,12919.0,124293369
2026-04-22,12892.2,12892.2,12925.85,12825.75,12862.45,114974593
2026-04-23,12786.25,12786.25,12888.9,12768.35,12884.8,113412809
2026-04-24,12746.65,12746.65,12839.1,12618.35,12778.95,136567366
2026-04-27,12980.85,12980.85,13033.25,12837.1,12851.1,182865626
2026-04-28,13046.45,13046.45,13164.3,12978.55,13002.7,167081442
2026-04-29,13111.35,13111.35,13159.55,12871.4,13103.2,174836329
2026-04-30,12833.05,12833.05,13056.1,12805.85,13056.0,194761316
2026-05-04,12972.7,12972.7,13025.75,12897.8,12911.15,191625398
2026-05-05,12989.6,12989.6,13041.1,12880.95,12955.2,146675437
2026-05-06,13129.55,13129.55,13195.95,13019.25,13131.6,166200562
2026-05-07,13165.4,13165.4,13256.2,13129.8,13182.65,161324761
2026-05-08,13050.95,13050.95,13167.15,13030.4,13156.0,95300158
2026-05-11,12926.4,12926.4,13036.85,12914.6,12997.55,114379317
2026-05-12,12881.4,12881.4,13076.65,12865.3,12945.75,150948027
2026-05-13,13290.8,13290.8,13344.1,12949.2,12949.6,390024379
2026-05-14,13562.25,13562.25,13580.0,13375.3,13424.45,251509284
2026-05-15,13300.6,13300.6,13628.65,13257.45,13628.65,183268871
2026-05-18,13169.95,13169.95,13212.3,12985.0,13157.65,193776780
2026-05-19,13163.75,13163.75,13239.5,13103.8,13209.2,152017057
2026-05-20,13186.5,13186.5,13201.25,13004.3,13069.75,153336869
2026-05-21,13213.5,13213.5,13348.4,13181.5,13312.05,100528120
2026-05-22,13271.6,13271.6,13293.85,13196.85,13239.15,100596697
2026-05-25,13345.65,13345.65,13385.85,13271.65,13355.7,100104719
2026-05-26,13492.55,13492.55,13516.35,13319.15,13350.2,150083247
2026-05-27,13718.3,13718.3,13873.75,13555.75,13556.7,167305572
2026-05-29,13440.95,13440.95,13828.8,13388.75,13828.8,319207709
2026-06-01,13506.55,13506.55,13569.1,13395.95,13505.15,166836946
2026-06-02,13557.65,13557.65,13629.15,13450.0,13470.55,210112280
2026-06-03,13535.2,13535.2,13613.6,13384.3,13588.7,128148764
2026-06-04,13436.0,13436.0,13545.25,13412.45,13492.85,130034057
2026-06-05,13221.65,13221.65,13476.25,13125.85,13438.35,161265435
2026-06-08,12913.65,12913.65,13075.55,12849.9,13011.1,123504886
2026-06-09,12987.1,12987.1,13011.2,12877.5,12968.45,135181913
2026-06-10,12766.45,12766.45,12964.3,12741.75,12963.5,124503704
2026-06-11,12733.6,12733.6,12839.75,12627.6,12664.55,121004190
2026-06-12,12854.5,12854.5,12933.95,12744.25,12928.3,103917553
2026-06-15,13083.85,13083.85,13931.35,12974.9,13004.9,361082575
2026-06-16,12881.5,12881.5,12984.5,12783.7,12984.5,453062673
2026-06-17,13011.4,13011.4,13066.7,12757.7,12848.95,391881664
2026-06-18,13010.4,13010.4,13100.95,12948.55,13008.2,535892651
2026-06-19,13020.8,13020.8,13050.7,12846.25,12928.5,236644274
2026-06-22,13091.2,13091.2,13106.4,12986.5,13053.85,194032009
2026-06-23,12669.1,12669.1,12987.7,12617.75,12987.7,446323079
2026-06-24,12618.75,12618.75,12712.45,12497.2,12611.95,163893232
2026-06-25,12445.65,12445.65,12575.25,12428.25,12561.5,168836492
2026-06-29,12545.0,12545.0,12576.75,12442.9,12447.15,282338839
2026-06-30,12519.15,12519.15,12573.05,12442.1,12529.25,142676665
2026-07-01,12394.75,12394.75,12522.9,12375.05,12515.3,109334956
2026-07-02,12503.9,12503.9,12590.2,12446.85,12450.85,100291159
2026-07-03,12598.45,12598.45,12744.55,12577.85,12653.8,104125548
2026-07-06,12722.45,12722.45,12739.8,12595.35,12648.2,84342639
2026-07-07,12582.75,12582.75,12707.25,12553.9,12689.6,83145213
2026-07-08,12468.7,12468.7,12655.65,12394.55,12482.25,94197032
2026-07-09,12503.3,12503.3,12579.4,12422.0,12506.35,81216244
2026-07-10,12688.9,12688.9,12822.05,12610.0,12626.2,95452068
2026-07-13,12601.45,12601.45,12615.15,12510.55,12584.7,110278528
2026-07-14,12677.7,12677.7,12768.25,12565.8,12566.35,109312470
2026-07-15,12536.9,12536.9,12728.2,12528.85,12700.3,92774790
2026-07-16,12495.9,12495.9,12623.15,12483.4,12620.9,73872829
2026-07-17,12436.95,12436.95,12501.65,12325.7,12486.5,108343693
2026-07-20,12543.75,12543.75,12594.1,12454.9,12472.85,78465096
2026-07-21,12623.3,12623.3,12639.45,12528.0,12560.55,77616720
2026-07-22,12562.85,12562.85,12684.2,12540.85,12655.6,68281432
2026-07-23,12469.7,12469.7,12626.4,12423.95,12537.4,73971531
2026-07-24,12401.55,12401.55,12431.75,12295.1,12392.2,67853748
2026-07-27,12476.45,12476.45,12515.55,12452.35,12494.2,63897127
2026-07-28,12400.25,12400.25,12508.5,12383.15,12483.05,81475481
2026-07-29,12686.8,12686.8,12705.6,12426.45,12456.45,120858170
2026-07-30,12701.8,12701.8,12749.4,12625.8,12720.45,67910985
2026-07-31,12719.0,12719.0,12809.9,12691.3,12778.3,107903209
2026-08-03,12914.55,12914.55,12917.6,12806.9,12859.4,99075176
2026-08-04,13032.3,13032.3,13041.15,12865.2,12914.2,120312188
2026-08-05,13256.35,13256.35,13257.65,13010.0,13110.8,138130275
2026-08-06,13124.6,13124.6,13322.8,13112.35,13316.2,128235640
2026-08-07,13189.85,13189.85,13191.85,13064.75,13099.05,72412570
2026-08-10,13226.7,13226.7,13296.45,13158.3,13220.45,144902138
2026-08-11,13100.8,13100.8,13289.7,13073.65,13261.3,92561995
2026-08-12,13171.45,13171.45,13263.35,13105.3,13171.65,177344367
2026-08-13,13033.75,13033.75,13155.4,12980.35,13141.4,88191555
2026-08-14,12941.7,12941.7,12991.35,12812.9,12953.8,110078194
2026-08-17,13104.6,13104.6,13154.6,12921.2,12947.2,125605330
2026-08-18,13025.3,13025.3,13132.15,13024.3,13101.05,79857506
2026-08-19,13023.25,13023.25,13023.25,12907.85,12980.2,75514591
2026-08-20,13060.25,13060.25,13154.35,12995.15,13119.15,94654880
2026-08-21,13172.6,13172.6,13210.35,13073.1,13122.75,144552602
2026-08-24,13381.45,13381.45,13381.45,13230.95,13250.0,181589918
2026-08-25,13372.3,13372.3,13372.3,13222.35,13345.7,186880401
2026-08-26,13541.7,13541.7,13590.1,13288.65,13393.55,220726702
2026-08-27,13425.2,13425.2,13640.6,13402.6,13586.35,159695730
2026-08-28,13525.35,13525.35,13525.35,13393.0,13471.25,147225976
2026-08-31,13193.9,13193.9,13435.2,13186.6,13425.8,146993062
2026-09-01,13189.85,13189.85,13370.0,13127.7,13239.15,133282689
2026-09-02,13157.35,13157.35,13160.15,13030.0,13105.3,88027592
2026-09-03,13176.05,13176.05,13337.4,13078.35,13221.6,83435019
2026-09-04,13317.45,13317.45,13382.3,13144.65,13198.85,98643579
2026-09-07,13152.9,13152.9,13353.8,13125.55,13336.7,98019595
2026-09-08,13155.95,13155.95,13266.85,13134.35,13192.7,107376227
2026-09-09,13391.4,13391.4,13437.8,13168.0,13191.8,131331481
2026-09-10,13304.95,13304.95,13422.45,13241.7,13410.45,73755575
2026-09-11,12999.05,12999.05,13084.1,12886.1,13079.85,96375577
2026-09-15,12669.15,12669.15,13049.5,12669.05,13039.3,85581433
2026-09-16,12739.1,12739.1,12803.55,12553.1,12700.75,80451117
2026-09-17,12858.45,12858.45,12895.75,12726.35,12731.0,67975937
2026-09-18,13052.6,13052.6,13054.7,12908.0,12908.1,113326133
