Date,Adj Close,Close,High,Low,Open,Volume,Return_20D,Return_60D,Relative_Strength_20D,Relative_Strength_60D,Volatility_20D,Volatility_60D
2019-01-02,8902.65,8902.65,9121.95,8885.3,9121.95,80074426,,,,,,
2019-01-03,8767.35,8767.35,8959.35,8755.75,8900.05,57987411,,,,,,
2019-01-04,8809.35,8809.35,8871.1,8754.05,8807.4,65040904,,,,,,
2019-01-07,8820.0,8820.0,8901.6,8809.9,8891.9,74853665,,,,,,
2019-01-08,8859.65,8859.65,8882.3,8781.8,8813.9,69837622,,,,,,
2019-01-09,8907.1,8907.1,8925.6,8827.9,8893.9,63915954,,,,,,
2019-01-10,8933.35,8933.35,8964.15,8908.05,8924.65,65217864,,,,,,
2019-01-11,8862.35,8862.35,8950.3,8816.9,8942.05,55529471,,,,,,
2019-01-14,8849.7,8849.7,8863.55,8752.1,8859.1,42617093,,,,,,
2019-01-15,8888.4,8888.4,8902.3,8845.5,8877.35,39982618,,,,,,
2019-01-16,8866.75,8866.75,8916.4,8856.75,8894.1,36040650,,,,,,
2019-01-17,8878.2,8878.2,8920.8,8850.25,8893.2,34385129,,,,,,
2019-01-18,8844.8,8844.8,8907.65,8806.05,8898.95,30451018,,,,,,
2019-01-21,8746.85,8746.85,8867.2,8725.25,8859.65,33802275,,,,,,
2019-01-22,8675.15,8675.15,8726.05,8580.0,8726.05,66674234,,,,,,
2019-01-23,8612.25,8612.25,8693.7,8594.2,8679.85,44701045,,,,,,
2019-01-24,8537.25,8537.25,8632.1,8510.4,8623.2,63934687,,,,,,
2019-01-25,8259.8,8259.8,8587.7,8241.1,8538.7,59732289,,,,,,
2019-01-28,8143.0,8143.0,8264.6,8092.85,8259.55,55235426,,,,,,
2019-01-29,8120.45,8120.45,8178.75,8059.45,8127.65,58347276,,,,,,
2019-01-30,8118.4,8118.4,8176.45,8080.2,8149.25,46436797,-0.08809174796268526,,-0.07505489873289606,,0.14662150442517968,
2019-01-31,8218.4,8218.4,8236.55,8083.9,8145.15,82045633,-0.06261299024220557,,-0.07748334984889571,,0.15245300135501513,
2019-02-01,8441.25,8441.25,8657.8,8254.15,8265.5,114415843,-0.04178514873401562,,-0.05728765282921777,,0.18438385453895062,
2019-02-04,8395.55,8395.55,8446.0,8325.75,8444.75,54660012,-0.04812358276644002,,-0.061162276193640674,,0.1842931784473094,
2019-02-05,8468.3,8468.3,8489.7,8408.25,8410.6,54040095,-0.044172173844339246,,-0.056410405489839555,,0.18693334664331715,
2019-02-06,8567.4,8567.4,8593.55,8441.5,8490.2,41261679,-0.03813811453784066,,-0.05723502220173937,,0.19160325727393354,
2019-02-07,8736.7,8736.7,8756.25,8581.0,8584.6,82981307,-0.022013018632427883,,-0.04491173880271804,,0.2057905567430945,
2019-02-08,8420.35,8420.35,8643.85,8399.9,8639.95,173156396,-0.04987390477694964,,-0.06364417804111433,,0.2411200392423966,
2019-02-11,8320.3,8320.3,8365.9,8257.9,8364.55,81645832,-0.05982123687808638,,-0.07390261454283809,,0.24334993639486724,
2019-02-12,8278.1,8278.1,8344.85,8259.2,8312.5,54349458,-0.0686625264389541,,-0.06357384886093465,,0.24182096376649445,
2019-02-14,8223.35,8223.35,8268.35,8166.7,8178.1,80697005,-0.07256322778921243,,-0.059317495110860374,,0.24202245449774817,
2019-02-15,8132.55,8132.55,8236.7,8057.15,8228.2,99047864,-0.08398661890923842,,-0.0674073905182534,,0.24258548711413425,
2019-02-18,8067.7,8067.7,8156.9,8035.55,8156.9,46562219,-0.087859533285094,,-0.06347141422003044,,0.24290853575374308,
2019-02-19,8073.4,8073.4,8162.2,8061.85,8089.3,65194176,-0.076993431921206,,-0.04438032257018443,,0.24231752751836605,
2019-02-20,8121.5,8121.5,8132.45,8072.9,8111.7,63344986,-0.06382022212872396,,-0.046672543688084045,,0.24425376473936586,
2019-02-21,8156.75,8156.75,8175.55,8056.45,8136.65,55711185,-0.052889779093732714,,-0.049044476907978196,,0.24521886620694638,
2019-02-22,8278.95,8278.95,8289.25,8156.5,8178.2,73433607,-0.030255644381973035,,-0.02489615249186672,,0.25175917690683375,
2019-02-25,8371.45,8371.45,8381.4,8307.55,8309.9,91376146,0.013517276447371884,,0.004283071653455428,,0.22594048181512422,
2019-02-26,8399.1,8399.1,8442.0,8234.55,8315.95,95423504,0.03145032543288728,,0.0151534452247577,,0.21905902179962042,
2019-02-27,8420.05,8420.05,8533.15,8343.65,8443.3,83778076,0.036894507077809724,,0.02239513676176319,,0.21847788892059844,
2019-02-28,8355.15,8355.15,8486.2,8343.8,8486.2,99546391,0.02916215017737489,,0.015953096506409192,,0.2210166317341295,
2019-03-01,8413.65,8413.65,8440.25,8362.8,8408.3,93506677,0.023757665725688604,,0.020752407267239814,,0.21837704259647298,
2019-03-05,8676.6,8676.6,8698.2,8376.7,8417.35,134156514,0.027880941803642978,,0.01927043923342797,,0.22498800074513212,
2019-03-06,8651.75,8651.75,8706.8,8599.4,8702.55,87596813,0.030516166302386516,,0.01761781811571561,,0.22414305653046568,
2019-03-07,8635.7,8635.7,8680.2,8580.7,8678.8,77218895,0.01976784006235044,,0.008441095412507593,,0.22280847965374992,
2019-03-08,8582.6,8582.6,8632.9,8565.75,8609.15,67598260,0.0017741671919135893,,0.004219358285199815,,0.2204651471917981,
2019-03-11,8782.7,8782.7,8793.55,8607.85,8610.0,82518870,0.00526514587887883,,-0.0036467563544209103,,0.22484417550299524,
2019-03-12,8802.9,8802.9,8872.15,8775.45,8834.85,81980786,0.04543160319939177,,0.012754915573580217,,0.17689915125141076,
2019-03-13,8767.55,8767.55,8836.25,8748.3,8819.95,56147219,0.053754071367619005,,0.012160838068386859,,0.17059927620039425,
2019-03-14,8725.5,8725.5,8787.35,8670.8,8775.9,50339393,0.05404621833512513,,0.0067901303949151615,,0.1704360312825501,
2019-03-15,8748.05,8748.05,8796.5,8723.45,8750.35,71316174,0.06380611308043549,,0.000452618814055894,,0.16689212999105713,
2019-03-18,8627.05,8627.05,8766.5,8589.1,8764.5,54775500,0.06080503655065139,,-0.007991332273144636,,0.1703448113665458,
2019-03-19,8567.05,8567.05,8624.1,8520.3,8624.05,42958890,0.06189496386826465,,-0.021880467737946274,,0.16950561694783217,
2019-03-20,8445.1,8445.1,8573.1,8428.65,8572.9,36964661,0.04604008224539857,,-0.0404055960922971,,0.1802774328403489,
2019-03-22,8336.6,8336.6,8508.05,8319.45,8432.15,56308885,0.026485255186849743,,-0.040717347609213084,,0.18745695857893782,
2019-03-25,8238.55,8238.55,8297.5,8218.6,8281.5,43070737,0.010028503999754745,,-0.04227995358380676,,0.19270435493922877,
2019-03-26,8287.25,8287.25,8297.95,8219.05,8269.05,47822032,0.0010025425929616194,,-0.06308400435224071,,0.1863550803970332,
2019-03-27,8215.35,8215.35,8334.6,8205.3,8325.65,56442347,-0.018646709948694662,,-0.07057180398236529,,0.1840207304043544,
2019-03-28,8234.25,8234.25,8260.75,8194.6,8222.4,67482555,-0.019627102903882587,,-0.08743327426562542,,0.18374938615865014,
2019-04-01,8414.35,8414.35,8492.35,8394.7,8407.5,99486807,-0.000676955600026008,,-0.08048892034612687,,0.20037630354094133,
2019-04-02,8504.3,8504.3,8515.9,8429.05,8441.15,137860596,0.017851265387216264,-0.04474510398589193,-0.06745799523937634,-0.13005436461248454,0.20161574014480924,0.19404740705041534
2019-04-03,8480.65,8480.65,8572.65,8462.9,8523.2,129281591,0.007963250194624294,-0.03270087312585912,-0.06387825533421077,-0.12375010785260376,0.20067879502549443,0.1917192770938809
2019-04-04,8536.35,8536.35,8546.15,8484.95,8520.55,89019243,-0.016164165687020282,-0.030989800609579565,-0.071732090349648,-0.11215154347513401,0.1677646098344537,0.19196332304587632
2019-04-05,8564.6,8564.6,8604.15,8526.25,8566.65,63941295,-0.01007310659693117,-0.028956916099773244,-0.06552865670210617,-0.11196536471909291,0.1681926793631897,0.19209212923972732
2019-04-08,8526.3,8526.3,8597.25,8483.95,8590.25,52275795,-0.012668341883113277,-0.037625639839045655,-0.062070576879643014,-0.11190248105682266,0.16872953062505755,0.1919792017154621
2019-04-09,8622.8,8622.8,8636.9,8482.9,8532.95,84324364,0.004683895323095433,-0.031918357265552366,-0.05299863382448988,-0.10716372700201648,0.1724480134614631,0.19314486748645504
2019-04-10,8644.5,8644.5,8667.7,8583.2,8625.35,111813443,-0.01573547997768343,-0.03233389489944982,-0.0530069828165487,-0.10281332703920065,0.1504156254764766,0.19311379709331272
2019-04-11,8690.05,8690.05,8702.95,8639.1,8644.6,98468946,-0.012819638982608073,-0.019441795911919635,-0.038967304265324465,-0.09371263417369724,0.15158365515086372,0.19284297618839463
2019-04-12,8777.45,8777.45,8785.75,8665.0,8698.8,65224215,0.0011291637914812025,-0.008164118557691169,-0.025476194735339464,-0.0925266035535558,0.15556558739985465,0.19398477307380915
2019-04-15,8911.6,8911.6,8922.1,8804.0,8805.4,104682218,0.021328290642370185,0.0026101435578957943,-0.009271370775213006,-0.07119940737565922,0.16325122026949054,0.1963051589281502
2019-04-16,8983.55,8983.55,9002.75,8928.3,8956.0,91834806,0.0269202850921062,0.01317280852623548,-0.00461078371222956,-0.06918034997464151,0.1650685647657296,0.19691315985044067
2019-04-18,8972.65,8972.65,9059.35,8952.55,9034.95,82867882,0.04006004369975846,0.01063841769728091,0.014707179116757896,-0.06708593345578939,0.15536744982626233,0.19692179860948128
2019-04-22,8813.9,8813.9,8944.05,8802.5,8937.9,63005033,0.028813885759975788,-0.0034935781476120864,0.023433409659098903,-0.06652678061840611,0.16795070458946956,0.20021406511785286
2019-04-23,8682.9,8682.9,8853.8,8666.8,8823.55,54354401,0.02815834033936837,-0.007311203461817795,0.023393115680530263,-0.06333282461344336,0.16875715476664735,0.20127289042293478
2019-04-24,8646.05,8646.05,8726.5,8557.1,8701.45,83285806,0.0371194491759228,-0.003354408857483726,0.013618328382350775,-0.07690735025273665,0.16165273984777434,0.20075281288920985
2019-04-25,8587.9,8587.9,8670.1,8573.8,8657.85,69747490,0.042404306583075924,-0.0028273679932654394,0.017079005071527487,-0.07763693312159481,0.1568957205273436,0.20067449937690965
2019-04-26,8493.8,8493.8,8578.95,8458.5,8562.7,61087986,0.024923828773115275,-0.005089460891973485,0.0012893707037533453,-0.08848736704933613,0.16281100118509198,0.20114843093548243
2019-04-30,8350.6,8350.6,8458.1,8293.95,8441.6,66898511,0.016463084348201873,0.01099300225187072,-0.010020032030493065,-0.0787612870439105,0.171929861523896,0.19242312012601173
2019-05-02,8333.85,8333.85,8369.25,8213.45,8273.75,107852574,0.012095819291374488,0.023437308117401523,-0.0012792887466548386,-0.07628554782658603,0.17211702244216975,0.19012593247036172
2019-05-03,8381.45,8381.45,8415.5,8315.6,8325.3,81387259,-0.003909987105361612,0.03214107592559534,-0.0076034530332347305,-0.06737355816417456,0.1546974700380012,0.19031693131398622
2019-05-06,8268.45,8268.45,8319.3,8260.2,8303.65,64166697,-0.027733029173476753,0.018482705951911926,-0.017919298220726354,-0.07037084111681913,0.1560801712487219,0.192495699272164
2019-05-07,8206.25,8206.25,8323.7,8189.8,8314.15,63289162,-0.0323560104473124,-0.001478389954248982,-0.01981303300085313,-0.06305656945701754,0.15754853565285784,0.1915246522978311
2019-05-08,8095.9,8095.9,8193.95,8086.0,8183.9,60972959,-0.05159699403140694,-0.040912187176069925,-0.031028809457558038,-0.08367102264304649,0.15981363073772392,0.18515687023642247
2019-05-09,8103.5,8103.5,8131.1,8049.8,8077.75,78533086,-0.053837890853046355,-0.03478628559177177,-0.022623083269578403,-0.07048468002807051,0.1588627409442355,0.18492143372431594
2019-05-10,8093.2,8093.2,8147.95,8070.75,8111.15,60983583,-0.050795773078592066,-0.04429460458415502,-0.02273772582321698,-0.07580546655207532,0.15881179150506,0.18392392522737835
2019-05-13,7938.65,7938.65,8098.7,7911.45,8081.85,43858625,-0.07934197708400981,-0.0733886593365548,-0.03446944154060594,-0.08114010666386895,0.16044406803099143,0.1859307395850995
2019-05-14,7955.5,7955.5,7988.5,7855.9,7890.55,61323064,-0.07970385794435764,-0.08941591218652356,-0.0484330857692955,-0.10320612743538049,0.16023398376649142,0.1809500539601431
2019-05-15,7856.85,7856.85,8021.05,7840.1,7983.9,68107263,-0.09587977054217167,-0.06692120873835405,-0.05796379548831698,-0.08642122685325171,0.15878135979983643,0.16697670590194455
2019-05-16,7891.9,7891.9,7917.5,7821.75,7900.55,65662092,-0.10088921041988286,-0.05148852805788251,-0.06770741469295649,-0.08531225622753369,0.15291447267478578,0.1658258377190606
2019-05-17,8085.75,8085.75,8115.8,7884.15,7900.2,56383253,-0.0926713497015127,-0.023236008262765617,-0.06844630697713683,-0.07639164642921492,0.1713767764598021,0.17338528053650995
2019-05-20,8422.1,8422.1,8438.55,8221.3,8282.3,96833371,-0.06249756499379411,0.024168982227437796,-0.06598437970413229,-0.07653780910349739,0.23249311904261366,0.1922700425697923
2019-05-21,8209.45,8209.45,8436.4,8172.65,8430.3,107072422,-0.08505848327974441,0.009455828737603866,-0.0813402037175357,-0.0823627515916796,0.24541593077906126,0.19816365948246992
2019-05-22,8246.55,8246.55,8271.75,8154.0,8230.45,59799872,-0.06436991570133543,0.022168647817841558,-0.07674223115364509,-0.08091896890605987,0.24202676831600786,0.19762080438048674
2019-05-23,8216.9,8216.9,8415.15,8182.4,8366.65,83675598,-0.05366870515611144,0.017774419699259303,-0.06067457577637725,-0.08149618473100562,0.2381024904927018,0.1977862312416758
2019-05-24,8460.25,8460.25,8475.7,8217.25,8269.95,105764817,-0.021489581947825798,0.04171027519546877,-0.03154822991163675,-0.061559675658253044,0.26354410643241855,0.20617984868772182
2019-05-27,8462.2,8462.2,8517.6,8382.05,8466.35,89346088,-0.014636872809417723,0.03744751279615044,-0.038941550785289714,-0.06773471232392136,0.2627184345678026,0.20604101856543444
2019-05-28,8398.2,8398.2,8515.05,8382.2,8478.2,106488422,-0.011255268548823638,0.014404000507310721,-0.026066394663969872,-0.09096446198132124,0.2612175194715727,0.20453911486979887
2019-05-29,8281.9,8281.9,8385.25,8251.55,8385.05,64401882,-0.00822695375182625,-0.010697071594526819,-0.017841166627423632,-0.10086168728928635,0.2588803628609315,0.2052945908723963
2019-05-30,8235.7,8235.7,8284.25,8220.5,8271.0,72417748,-0.01177726980927174,-0.019454465359383666,-0.030639112545790548,-0.12195283697407955,0.25948564393106144,0.20546008157860313
2019-05-31,8175.5,8175.5,8314.4,8151.75,8270.05,69967873,-0.024572120575795497,-0.029043770523927925,-0.04254900842292131,-0.13232733885614523,0.25942061708063957,0.20587099291876265
2019-06-03,8328.2,8328.2,8345.25,8107.3,8145.45,89801248,0.00722626368908319,-0.003225555495712129,-0.03504733833600682,-0.12331356148945782,0.26414657914397505,0.20892802553478618
2019-06-04,8300.2,8300.2,8358.0,8283.45,8320.4,69225396,0.011448591012947595,-0.013484040814628506,-0.034103203854491726,-0.12009336475488708,0.2628993182089726,0.2085163161618817
2019-06-06,8226.45,8226.45,8350.55,8174.6,8329.6,58357187,0.016125446213515637,-0.05188092109812592,-0.0265086422644063,-0.1298152725141457,0.26011119836065966,0.19896050170091584
2019-06-07,8192.0,8192.0,8252.65,8129.85,8245.8,50359183,0.01092120688591347,-0.05313953824370787,-0.03941153619643756,-0.12711496488127239,0.2607128508469625,0.19903558169143748
2019-06-10,8216.65,8216.65,8261.1,8163.65,8239.25,57218569,0.015253546186922318,-0.048525307734173406,-0.04182646892010222,-0.12670258656174038,0.2607599063066813,0.19918610138681903
2019-06-11,8240.25,8240.25,8257.85,8202.95,8242.75,49864612,0.037991346135678006,-0.03988884487218325,-0.035329853676125955,-0.12418113929044838,0.24980818457323192,0.19901238719238026
2019-06-12,8146.95,8146.95,8238.75,8131.2,8229.9,49208636,0.02406511218653762,-0.07238662370341709,-0.0368997206677264,-0.13848145704801584,0.25418749953494507,0.19392547458573756
2019-06-13,8116.95,8116.95,8150.6,8060.5,8133.45,55681111,0.03310487027243725,-0.07792318440513923,-0.0347493741200966,-0.13215190337157223,0.24979668461985174,0.1938455144533135
2019-06-14,8031.6,8031.6,8126.35,8013.75,8102.05,38030659,0.017701694142095104,-0.08394021134752572,-0.032595470754710476,-0.1264029463062618,0.2532130946028697,0.194693402063135
2019-06-17,7896.1,7896.1,8043.8,7878.95,8037.8,92608293,-0.023454843397334724,-0.09505472465761267,-0.04668588628932557,-0.12404997651444372,0.244902294076159,0.1971809823512429
2019-06-18,7859.35,7859.35,7953.15,7815.55,7901.3,53629690,-0.06681825197990998,-0.10158835397602883,-0.05525694747586252,-0.12474875248235662,0.1882474084780813,0.197073740824938
2019-06-19,7772.2,7772.2,7931.15,7727.85,7904.0,62751320,-0.0532617897666714,-0.09908949177296988,-0.05175446515151749,-0.11909001489188675,0.17203809529372552,0.19642390635119084
2019-06-20,7965.45,7965.45,7981.45,7722.65,7758.8,79852588,-0.034086981828764684,-0.0702225386801757,-0.042082415956827046,-0.09617980683211658,0.19625688704504055,0.2033431807637921
2019-06-21,7868.25,7868.25,7937.5,7840.35,7921.8,63645618,-0.04243084374885897,-0.06830588151709283,-0.0481827111433466,-0.08593012654074383,0.1997374119486291,0.2028186388648224
2019-06-24,7832.3,7832.3,7868.85,7761.75,7855.65,48557902,-0.07422357495345877,-0.06049228702348686,-0.06202769485163462,-0.08168039128584381,0.16179555922768238,0.20146948101396833
2019-06-25,7878.25,7878.25,7890.55,7793.9,7811.65,64613518,-0.06900687764411151,-0.04373342396416835,-0.05824775861121778,-0.08267921037124049,0.16487803970737017,0.20068149872830682
2019-06-26,7883.55,7883.55,7922.85,7847.8,7863.85,63228652,-0.061280988783310786,-0.0487133850191559,-0.05447388868376135,-0.08043783625791678,0.16481748067499558,0.20022847717541528
2019-06-27,7971.45,7971.45,8021.25,7901.05,7903.35,86570976,-0.037485359639696236,-0.029688327338457943,-0.0358371309483152,-0.06433212590345916,0.16703395742257468,0.20101028100622145
2019-06-28,7928.05,7928.05,8004.1,7918.65,7984.05,44954490,-0.03735565889966863,-0.03718614324316116,-0.024208823909042776,-0.05610140766623817,0.16699522485303325,0.20117730754571647
2019-07-01,8029.15,8029.15,8047.05,7965.2,7981.85,60202481,-0.017901045807595883,-0.04577893717280601,-0.013103498566216287,-0.06261385764035154,0.17334357476322657,0.1977487591868598
2019-07-02,8045.65,8045.65,8057.85,7959.95,8017.0,47770125,-0.03392689896976553,-0.053931540514798315,-0.019181540520658458,-0.07075867623248866,0.15807662791527174,0.19641067283538835
2019-07-03,8039.5,8039.5,8090.0,8024.65,8063.25,52767982,-0.031408881713693715,-0.05201841839953303,-0.022682925857681946,-0.07544687696485053,0.15798804079777476,0.1963725560703514
2019-07-04,8077.2,8077.2,8099.05,8031.4,8053.65,44669387,-0.01814269824772541,-0.05378762585882735,-0.02683926816856974,-0.08385746548634943,0.15699390192610727,0.1961075352175203
2019-07-05,7849.1,7849.1,8097.1,7810.5,8091.45,46549411,-0.041857910156249956,-0.08354155477196834,-0.036845547897903064,-0.09598805016081735,0.18522230866385178,0.20394210002233604
2019-07-08,7593.3,7593.3,7794.25,7564.4,7794.25,52868834,-0.07586425124594565,-0.1094261285669047,-0.04532581783967338,-0.10547073276139818,0.21408416926216758,0.21396511560667975
2019-07-09,7593.3,7593.3,7630.7,7538.65,7591.5,47860460,-0.07851096750705377,-0.11939277264925541,-0.04427121086092611,-0.10945014928764218,0.21311347136767175,0.21223895179483515
2019-07-10,7511.15,7511.15,7609.7,7484.35,7593.15,57074937,-0.07804147564425956,-0.1311064838914917,-0.0438324250650618,-0.12373448769816597,0.21288964827523665,0.21276420456483225
2019-07-11,7650.95,7650.95,7665.9,7504.45,7552.05,58527421,-0.05741072693561,-0.11957353525008485,-0.02961586125255644,-0.11838355840709658,0.22740321699914262,0.2164593056691214
2019-07-12,7653.65,7653.65,7719.0,7603.75,7641.8,58668910,-0.04705787140793871,-0.12803262906652857,-0.024153960557252385,-0.12022135373259746,0.22585243485144618,0.21504824125608862
2019-07-15,7674.25,7674.25,7709.7,7628.7,7659.65,43579162,-0.028096148731652337,-0.13884712060684956,-0.020916599253151036,-0.1301219752169972,0.21969882995160628,0.21222498018398664
2019-07-16,7727.1,7727.1,7739.15,7602.6,7633.3,82376753,-0.01682709129889881,-0.1398611907319488,-0.014355176606601017,-0.12929453321741824,0.2212493053631731,0.21198881884736914
2019-07-17,7648.15,7648.15,7738.8,7638.35,7719.1,49942047,-0.015960731839118947,-0.14761525301889633,-0.015622861408461475,-0.14205914674867337,0.22072681687544476,0.2125637766163331
2019-07-18,7438.7,7438.7,7638.05,7427.2,7632.1,62688612,-0.06612934611352783,-0.15602627667661306,-0.04628024438512757,-0.15623760151489574,0.21912079135841958,0.21652500907583097
2019-07-19,7192.75,7192.75,7475.2,7180.05,7462.6,73142805,-0.08585136466177357,-0.17161892915961252,-0.059849401224749244,-0.1580822265418047,0.24242364770862287,0.2242290593246793
2019-07-22,7220.25,7220.25,7291.85,7146.8,7203.75,64075458,-0.07814435095693473,-0.16490767460285327,-0.047934029835226544,-0.13250571977066317,0.24420683070868687,0.22466703173779246
2019-07-23,7176.65,7176.65,7235.5,7157.3,7234.35,81728947,-0.08905531050677506,-0.16433004576206056,-0.04960273088159817,-0.13763743764189018,0.24143483281617237,0.2246222696257317
2019-07-24,7036.7,7036.7,7174.9,7017.0,7162.85,67418856,-0.10741988063753005,-0.17154865902187477,-0.05878113174009936,-0.13042871330889982,0.24623994418165218,0.2266408505524911
2019-07-25,7010.55,7010.55,7086.45,6996.3,7040.4,70812366,-0.12054268671320767,-0.16047349891025797,-0.07076884597580813,-0.11825408704472662,0.23834735654521377,0.2247970873556868
2019-07-26,7161.5,7161.5,7227.65,6968.05,6979.85,127546963,-0.09668834076475297,-0.14067327825674814,-0.053889439989374455,-0.10310742863841937,0.2579105310435541,0.23021023301117505
2019-07-29,6905.7,6905.7,7127.15,6896.25,7123.55,82855253,-0.13992141135736658,-0.17607335246287947,-0.08291633480581351,-0.1314149986292864,0.27152343468493073,0.23973892766857002
2019-07-30,6763.75,6763.75,6954.2,6747.4,6907.95,86871285,-0.1593283327015219,-0.1819809033131966,-0.09006900022545383,-0.13776305929578014,0.27291478970800176,0.24151229674787608
2019-07-31,6851.65,6851.65,6883.4,6727.55,6762.15,84478097,-0.14775172585359786,-0.1650693069306931,-0.08072422254942513,-0.1320284579305785,0.28232982533157747,0.24362297091298687
2019-08-01,6856.1,6856.1,6883.35,6764.2,6806.7,115698845,-0.15117862625662348,-0.15313924332069306,-0.07025703670297923,-0.11973532070223036,0.28028609515994,0.2427368628425812
2019-08-02,6933.75,6933.75,6971.05,6732.65,6791.75,225293788,-0.11661846581136692,-0.1443512062688962,-0.04771740585230089,-0.11741300168432844,0.27744928247924694,0.24432739731614664
2019-08-05,6844.6,6844.6,6900.85,6751.0,6859.85,100754900,-0.09860008165092904,-0.15427766520041508,-0.03838517469667435,-0.11736796950028916,0.2601724459815852,0.24522550561776793
2019-08-06,6942.45,6942.45,6956.5,6801.9,6802.05,94537331,-0.08571372130694166,-0.12548733096937137,-0.03313016052114859,-0.10755168289977779,0.26866857453008536,0.24520839087389135
2019-08-07,6792.6,6792.6,6964.15,6768.9,6951.15,93977926,-0.09566444552432041,-0.1461756017849286,-0.03971123532436416,-0.11351224606408783,0.2748612337205876,0.24828177871324575
2019-08-08,6998.45,6998.45,7019.25,6784.8,6792.4,101327372,-0.08528352688228258,-0.10925498132203115,-0.03776087048803223,-0.09809160364994185,0.29033713944975675,0.25614585108598
2019-08-09,7137.4,7137.4,7175.1,7005.75,7032.65,138892086,-0.06745147739967206,-0.0956043538311433,-0.02911781720707307,-0.08250602265645923,0.30241661522557783,0.25963625541195445
2019-08-13,6855.75,6855.75,7137.25,6840.3,7137.25,99501359,-0.10665537348926601,-0.1521194694369724,-0.049485886691591596,-0.10992656719860461,0.32811195113477015,0.265705877072784
2019-08-14,6919.05,6919.05,6985.85,6811.0,6876.95,90734066,-0.10457351399619519,-0.17846499091675472,-0.05028036838901839,-0.11092756066502685,0.3293898506297616,0.2511040530023603
2019-08-16,6998.45,6998.45,7013.75,6772.1,6883.7,87715179,-0.0849486477121918,-0.14751292717538944,-0.030214941161389675,-0.09103550134855443,0.3342005062291677,0.2485029562572957
2019-08-19,6959.15,6959.15,7042.95,6938.5,7019.15,64873190,-0.0644669095406456,-0.15611376878815986,-0.017644053285109873,-0.09784099621068021,0.3227468906018762,0.24812214262274015
2019-08-20,7040.5,7040.5,7067.85,6940.6,6979.4,71208803,-0.021167147474887904,-0.1431683481604984,0.014058458409911934,-0.08826167662597983,0.30594881323750417,0.2498749321493037
2019-08-21,7001.85,7001.85,7094.25,6967.6,7053.05,129827659,-0.03024826010179693,-0.1723826128069501,0.007429552085636115,-0.09425093166759058,0.30576355569396235,0.24099767311269413
2019-08-22,6882.1,6882.1,6991.55,6864.95,6990.05,120560834,-0.041042826388356546,-0.1867244924487722,0.011000029788001409,-0.087485481934925,0.31050371503294233,0.24260673829937457
2019-08-23,6988.35,6988.35,7003.8,6801.0,6864.0,104958890,-0.00687111856409961,-0.16787525898406808,0.0323391058972089,-0.07571133647542294,0.3090551404115166,0.24546131756104497
2019-08-26,7022.75,7022.75,7202.7,6871.05,7202.7,158857486,0.001740234361070181,-0.1520363684661732,0.019008114233337703,-0.08431499132124876,0.3093227286621307,0.24493200755610636
2019-08-27,7152.95,7152.95,7185.0,7055.9,7069.7,162100149,-0.001193883962857023,-0.13147030610634203,0.01466445004189565,-0.06110718957561534,0.30681935574258,0.248638605823009
2019-08-28,7018.55,7018.55,7186.1,6985.3,7148.2,127422968,0.016341572903543433,-0.14151428047214232,0.0291307431247938,-0.06798287764108735,0.2849392873961877,0.2507687206472271
2019-08-29,6970.15,6970.15,7043.9,6944.1,7000.6,86464330,0.03051561633709099,-0.16306644893254252,0.04288328742756842,-0.06874165245796027,0.2750983166926469,0.2470393488165811
2019-08-30,7009.3,7009.3,7029.15,6901.65,7004.5,83120519,0.02300905621273719,-0.15552637285848536,0.03153127243867715,-0.07247617940055584,0.2722865513267286,0.24766019668664851
2019-09-03,6897.75,6897.75,6962.75,6884.75,6921.75,103145073,0.006074882221671185,-0.1615155990737196,0.022659546099175754,-0.0732116742716088,0.2790460247960379,0.24883667736533985
2019-09-04,6782.05,6782.05,6932.65,6744.75,6902.95,143223717,-0.02187849287903365,-0.17211303710937498,-0.007993400181805277,-0.08568137867132541,0.28227554327882143,0.25047182542802937
2019-09-05,6921.75,6921.75,6935.0,6786.1,6788.4,126336613,0.01127165941033792,-0.1575946401513999,0.01262485471151742,-0.06744729206073286,0.2884672444860683,0.2547924196128161
2019-09-06,7102.45,7102.45,7119.15,6920.35,6947.95,123463539,0.023046618988973533,-0.13807833500197209,0.023233845686162602,-0.052884157748723126,0.2984773931616363,0.26123289663513316
2019-09-09,7165.35,7165.35,7178.6,6992.85,7023.9,102959477,0.054875894355622234,-0.1204868079465321,0.041283724056004445,-0.04463133971909772,0.2868033429217908,0.2615706739933622
2019-09-11,7423.6,7423.6,7443.9,7177.9,7193.15,193625715,0.06074916588673207,-0.08542001613906691,0.06045458037377127,-0.011696167089063847,0.29436077446369624,0.27261982740010404
2019-09-12,7284.0,7284.0,7459.15,7270.65,7420.55,127198971,0.020539692324936354,-0.09308232481697298,0.031957746131971,-0.021993879638007585,0.29721074970417843,0.27435672232593644
2019-09-13,7360.6,7360.6,7372.75,7249.75,7307.75,139514421,0.0736389162381943,-0.06781829004191942,0.05990535897586047,-0.016735157967224357,0.2553685439888865,0.27355252145714615
2019-09-16,7300.65,7300.65,7384.65,7263.4,7286.75,80491033,0.055152080126606995,-0.07108730365742721,0.05750038463162932,-0.012241133362768664,0.25771413861204917,0.2738387955819868
2019-09-17,7020.75,7020.75,7324.7,7004.35,7308.65,110555921,0.0031864198501097007,-0.09668433648130514,0.02402316557162687,-0.021941633793502002,0.2947274969160286,0.28396352665818414
2019-09-18,7012.1,7012.1,7111.55,6924.2,7068.15,120391847,0.007608687842624473,-0.11968564236797663,0.026900520812357165,-0.035919537660304424,0.2939939834127907,0.2786478509717713
2019-09-19,6920.6,6920.6,7051.75,6886.85,7033.7,92834925,-0.0170300404800795,-0.12043974200108021,0.011308000303482224,-0.03349918036746591,0.29457031453258237,0.2787867253526025
2019-09-20,7605.85,7605.85,7778.15,6936.2,6955.55,276682874,0.08626291622928228,-0.02891232460452231,0.05370409570661416,0.007452026560484826,0.4474997454830155,0.34178639834075086
2019-09-23,7802.65,7802.65,7939.25,7654.4,7714.0,195308260,0.13376004417256349,-0.009596039729635408,0.0538026256757389,0.007040320934014299,0.4461538557259242,0.34570761727106464
2019-09-24,7773.25,7773.25,7921.4,7700.65,7854.1,139583803,0.11231549650489736,-0.013991158805360504,0.04224198209175478,0.007899410438956034,0.44616906942058043,0.3457819837876193
2019-09-25,7470.45,7470.45,7747.7,7437.65,7747.7,133274744,0.06374995550176221,-0.06284929341587786,0.02917265526308488,-0.028955958844407714,0.473990339839399,0.35425591808407325
2019-09-26,7659.75,7659.75,7680.1,7491.05,7501.45,121310120,0.07085188628467987,-0.033841865275824445,0.02890358187972586,-0.015379553746341923,0.4774115585182819,0.358134284200468
2019-09-27,7554.25,7554.25,7648.85,7528.3,7628.55,92823672,0.07632630671577467,-0.05914698318003775,0.03411224041727379,-0.029380327437589004,0.47457429316714644,0.3580721642557217
2019-09-30,7493.15,7493.15,7572.1,7395.5,7568.25,97283068,0.07503425320832413,-0.06867064811419832,0.026976527350311974,-0.03207630401519723,0.47494904955753703,0.35830669034668133
2019-10-01,7464.1,7464.1,7593.7,7353.8,7513.05,106674267,0.0648852239167963,-0.07157161515019583,0.034345193469786484,-0.024843303372655834,0.4756166635088625,0.35834807303989724
2019-10-03,7493.75,7493.75,7521.95,7431.75,7458.4,122347551,0.08640498713348554,-0.0722341900658644,0.03860869427056102,-0.019269994782628364,0.47018351938299224,0.35830071591721707
2019-10-04,7404.9,7404.9,7578.6,7381.75,7530.75,110952225,0.09183801357996457,-0.056592475570447665,0.06139907848433768,-0.002711154143016037,0.46754611981549354,0.3544581748736333
2019-10-07,7355.45,7355.45,7397.0,7296.5,7385.85,86005241,0.06265756492216568,-0.03132366691688726,0.036984394080674,0.006068338460602396,0.465135744446922,0.3483002696297605
2019-10-09,7460.75,7460.75,7473.3,7331.65,7363.9,115383248,0.05044738083337452,-0.017456178473127637,0.0169106646373558,0.0035374765201531266,0.45941839206115015,0.34960848212587614
2019-10-10,7359.65,7359.65,7445.8,7332.95,7440.8,90133067,0.027116609795753144,-0.02017001391264983,0.006076988589878374,0.0028191917467907945,0.4622062886570857,0.35001184949849345
2019-10-11,7397.05,7397.05,7457.85,7322.3,7386.65,86661942,-0.003576431919823264,-0.0331854214182552,-0.02798354742749254,-0.009197423890245027,0.4447628790782312,0.3480143275302275
2019-10-14,7520.35,7520.35,7559.6,7397.8,7401.5,115690568,0.03244783086216363,-0.017416526755208217,-0.000180514578909996,0.0008781808297301241,0.44270877274432135,0.3497710755471148
2019-10-15,7688.25,7688.25,7701.95,7510.1,7522.0,111068086,0.044514034181996065,0.0018242825031762333,0.012697260679700673,0.015635550723632652,0.4476877929441896,0.35272240920044123
2019-10-16,7673.8,7673.8,7720.4,7642.8,7709.8,89943065,0.05111188729770655,-0.006897801244969082,0.009261566945091504,0.010130958725094175,0.44631180949654947,0.35245405435489585
2019-10-17,7914.0,7914.0,7954.2,7655.5,7676.55,151459726,0.12722999679521418,0.0347600400096757,0.05616524788975763,0.04341461888668108,0.4285554654270658,0.3574229012645882
2019-10-18,7964.75,7964.75,8007.15,7848.95,7900.15,148501636,0.1358580168565764,0.07071800180138998,0.06010617640794669,0.06511743470481424,0.4277052949610928,0.35267992464637543
2019-10-22,7936.65,7936.65,8027.8,7920.0,7961.15,106951075,0.14681530503135565,0.10342358625004344,0.06427758169153153,0.08861529241507182,0.4232329332747224,0.3453271823209084
2019-10-23,8036.6,8036.6,8071.15,7879.4,7915.6,99136842,0.05663403827317137,0.1130639520792216,0.02737259104433254,0.09033392708203825,0.27093318734891725,0.34602073574054526
2019-10-24,8012.4,8012.4,8103.1,7965.55,8060.35,92130602,0.026881892690303832,0.1164540558617182,0.028399158396167468,0.09425401182136484,0.25771291575514443,0.34578239803445643
2019-10-25,7986.35,7986.35,8034.35,7927.75,8032.45,84276526,0.02741453060174326,0.13495672687481353,0.02778558086106131,0.10722251774593428,0.2575833122084397,0.34304117788586685
2019-10-29,8449.75,8449.75,8479.05,8128.5,8133.25,278954755,0.131089827252709,0.20529059774197456,0.10078883529939198,0.1577708614971145,0.27933303732155446,0.3603677702722847
2019-10-30,8428.9,8428.9,8501.15,8360.75,8501.15,143314181,0.1004145043898299,0.1769740976052503,0.07683013894318846,0.12736536561685008,0.27164891300775657,0.3585308560811942
2019-10-31,8449.5,8449.5,8499.7,8427.75,8457.45,144960319,0.11850944832379118,0.22355445501542204,0.08680017898802572,0.16204424981877819,0.26282058337376046,0.3491584245945192
2019-11-01,8392.9,8392.9,8499.1,8367.3,8461.65,95690034,0.1200763363872337,0.24086490482350764,0.08380885454897502,0.1682288979697577,0.26189662088101123,0.3461855744775348
2019-11-04,8280.35,8280.35,8417.8,8266.65,8377.1,83073032,0.10935678782438596,0.20851911583341254,0.05817681317053136,0.13446804507540744,0.26868611782636886,0.347379854965396
2019-11-05,8256.15,8256.15,8381.2,8227.85,8288.75,88141197,0.10173811509591313,0.20420501451262374,0.0484236201946846,0.11884980546776935,0.2702118783158922,0.34756736264487265
2019-11-06,8258.85,8258.85,8304.1,8195.6,8273.3,91021450,0.11532228659401222,0.19110870740941044,0.04451087652331709,0.10302382971426982,0.26354256480591487,0.3471924277300101
2019-11-07,8239.9,8239.9,8276.25,8164.9,8273.75,81620633,0.1202441726882788,0.20385413318528456,0.04064525632996219,0.09803690373309482,0.2613024064346664,0.3457987477707841
2019-11-08,8169.65,8169.65,8337.3,8157.4,8220.2,103327789,0.09501725697818575,0.17676756764542767,0.04243749720809342,0.08909141934547105,0.2639271708988616,0.3458229783529679
2019-11-11,8159.0,8159.0,8209.3,8115.95,8134.1,140881874,0.10861250195321803,0.20116008597591484,0.04818280940410169,0.10370255796591987,0.25617328456778865,0.3421427179301748
2019-11-13,8150.2,8150.2,8211.65,8135.1,8146.55,116472134,0.10181761648224619,0.1645721552629511,0.0544582151638191,0.09133366465609516,0.2571286241145209,0.33763700804308894
2019-11-14,8190.9,8190.9,8205.05,8125.0,8155.95,73741948,0.08916473302439365,0.14760276851514553,0.04234856354753869,0.07897331646745553,0.25340968283773946,0.3357929861319424
2019-11-15,8153.9,8153.9,8297.15,8130.2,8259.75,100560371,0.06056644880174278,0.189352003792437,0.01968981810350101,0.10060827945034756,0.24610281092321334,0.3242373284818104
2019-11-18,8119.0,8119.0,8188.85,8105.75,8179.15,67604361,0.05801558549870989,0.17342698780902,0.021335543628507425,0.09589787660712412,0.24687575892083077,0.324295408092272
2019-11-19,8063.95,8063.95,8152.8,8052.05,8150.9,61454502,0.018947434925448592,0.152247997770935,-0.011584183049704322,0.07148080245038768,0.22547186126218116,0.3243458586532983
2019-11-20,8083.8,8083.8,8132.6,8039.8,8088.05,69518222,0.014947110706550859,0.16160738021166376,-0.01397197256895999,0.0760991717650199,0.22464073287444,0.3239177686728953
2019-11-21,8004.65,8004.65,8121.05,7998.75,8082.4,69276971,0.008567846635545218,0.13694339890632756,-0.024228090151047654,0.050585915868749165,0.22733139019052284,0.3243212561408272
2019-11-22,8034.95,8034.95,8047.15,7973.35,8015.5,65947144,-0.00020531070353135839,0.1475467197954825,-0.02694592752823577,0.056354528646213264,0.2232483677874864,0.32394453126198997
2019-11-25,8174.75,8174.75,8189.6,8024.1,8045.0,62921287,0.02026234336777999,0.18782784324552093,-0.02214181521398273,0.06378380417410967,0.23108160617025358,0.322767954169904
2019-11-26,8099.9,8099.9,8227.0,8085.5,8197.35,86312819,0.0142180094786728,0.159057574391666,-0.02495703427902085,0.047476488774905956,0.23348434126346873,0.3226392267885278
2019-11-27,8202.85,8202.85,8247.65,8157.1,8160.6,96231580,-0.02921979940234909,0.16803958563240906,-0.055846981078432334,0.07373096119123779,0.11826029053600888,0.3232768677318727
2019-11-28,8179.75,8179.75,8223.15,8150.2,8213.95,49899239,-0.029559017190855186,0.14354916502981285,-0.05548338386934548,0.04937826379432653,0.11830550721157576,0.3217719725717454
2019-11-29,8086.0,8086.0,8182.45,8066.95,8172.8,71783316,-0.04302029705899757,0.15208981912218333,-0.05805716157437024,0.060659338588100686,0.12245128015018832,0.3200343389454222
2019-12-02,8012.75,8012.75,8087.35,7995.15,8070.7,66566458,-0.04529423679538658,0.1495807120363264,-0.05854845366542927,0.04911758897185936,0.12389924666177315,0.32033540125119725
2019-12-03,7964.25,7964.25,8055.25,7931.75,8021.65,51977605,-0.03817471483693324,0.13624042343743303,-0.042604751054953094,0.048158397237129114,0.11765428081275651,0.32071819993064565
2019-12-04,7996.55,7996.55,8043.9,7916.95,7946.65,107569542,-0.03144322717004888,0.15929832191656712,-0.042016180375077816,0.0439703637360398,0.11947369205430776,0.31849148199847466
2019-12-05,7941.8,7941.8,8045.5,7928.15,8015.3,58799891,-0.03838912197218747,0.1710028678644362,-0.04276404826716185,0.06276977986976129,0.12066170932195355,0.3165401238191114
2019-12-06,7806.6,7806.6,7971.8,7781.05,7964.2,67759510,-0.052585589630942065,0.1278361685989815,-0.045047342107845334,0.028867744229706505,0.13221437261429583,0.31689905069214636
2019-12-09,7863.3,7863.3,7950.55,7826.3,7853.75,67176008,-0.03749854644935824,0.10712500615984633,-0.03996321211213871,0.01656391765426557,0.134793663999676,0.31321713042077276
2019-12-10,7801.35,7801.35,7902.8,7778.5,7888.7,52183026,-0.0438350288025493,0.0887604932068915,-0.039079866385595574,0.011168369645268905,0.1364286230023574,0.3134686048596009
2019-12-11,7838.4,7838.4,7846.65,7773.6,7823.3,49071137,-0.03825672989619888,0.05587585538013884,-0.044143346888185775,-0.023362451191829336,0.13863062978267238,0.30546383208797834
2019-12-12,7941.7,7941.7,7967.25,7866.05,7878.4,97282299,-0.030424007129863595,0.09029379461834153,-0.038821864172249754,0.00024389681560710308,0.14676135427191211,0.30361071351056496
2019-12-13,8069.7,8069.7,8090.75,7986.65,7989.55,154790506,-0.010326346901482708,0.09633725511507207,-0.02640392251735668,0.005076069203444167,0.15880586070454597,0.30452214782186826
2019-12-16,7990.8,7990.8,8109.05,7981.95,8087.75,57313544,-0.015790121936198998,0.09453267859711123,-0.03004820560084631,-0.000932418445874994,0.16173790692721443,0.3047651440017345
2019-12-17,8039.9,8039.9,8068.1,8013.85,8028.1,68358483,-0.002982409365137495,0.14516255385820598,-0.021818130840058347,0.02060623459332178,0.16187961695081096,0.29289482218257773
2019-12-18,8082.35,8082.35,8111.95,8039.25,8061.0,109141213,-0.00017937108785470723,0.15262902696767022,-0.01872666117586419,0.02523814632509458,0.16278371481438625,0.29286670577827856
2019-12-19,8165.5,8165.5,8183.55,8058.4,8082.2,104431725,0.020094570031169434,0.17988324711730197,-0.0042445058001905345,0.03463061101063425,0.1623005320069026,0.2914961190811731
2019-12-20,8133.55,8133.55,8219.6,8121.2,8169.9,90494617,0.012271389367700003,0.06938080556413806,-0.017725874644320738,-0.019104372283756943,0.16284912736368456,0.22042865145698257
2019-12-23,8180.5,8180.5,8212.45,8120.75,8137.85,60822725,0.0007033854246307758,0.04842585531838539,-0.014950408964022222,-0.00868952144513191,0.15202379201403007,0.21471865912292146
2019-12-24,8152.6,8152.6,8228.45,8142.6,8206.1,45268784,0.006506253163619302,0.048801981153314244,-0.008185058839969672,-0.005248656462384149,0.14871538348761407,0.21468735631213287
2019-12-26,8129.65,8129.65,8176.3,8120.45,8166.35,46004970,-0.008923727728777253,0.08824100288469894,-0.011059935465335569,0.028246457539572445,0.14170601681124215,0.19757067694150807
2019-12-27,8205.9,8205.9,8226.25,8145.4,8155.4,42217109,0.0031969192212475406,0.07130128267893854,-0.0045924184973873405,0.013001400385977968,0.1455251120165981,0.1921018831542522
2019-12-30,8325.4,8325.4,8337.9,8218.8,8232.05,76938201,0.029606727677467193,0.10208160968990954,0.013034151425350471,0.0375034857953116,0.14707029017089907,0.19141438582004772
2019-12-31,8248.3,8248.3,8327.6,8236.85,8326.45,82304377,0.02939689869270845,0.10077871122291682,0.019416154842951894,0.040296510491110826,0.14726602034414205,0.19168666255740183
2020-01-02,8267.45,8267.45,8275.05,8206.85,8226.6,95024515,0.038070125875004024,0.10762851515922889,0.014058520656629048,0.026439440169746753,0.14457049035759698,0.19134983029006386
2020-01-03,8168.15,8168.15,8261.65,8136.8,8261.5,76927732,0.021459254303418218,0.08999499582985826,0.0062265759174935376,0.009329414194274133,0.15246901586771988,0.193355911792192
2020-01-06,7978.75,7978.75,8134.5,7967.2,8132.65,62846094,0.00465259764788839,0.07749598239003919,0.006761912125152314,0.004268410883965235,0.1737974026889801,0.1981458676436904
2020-01-07,8002.5,8002.5,8097.7,7961.2,8029.9,69137157,0.0250941511029128,0.08796878505054084,0.014067837693316765,0.004693891809398609,0.16130514231099663,0.1974799028700732
2020-01-08,7942.75,7942.75,8002.9,7900.8,7921.65,48307772,0.010103900398051646,0.06460476493650091,0.002744770816899722,0.0016655856536826885,0.16251157797375676,0.19647457614709501
2020-01-09,8155.25,8155.25,8165.9,8022.35,8035.45,83425221,0.04536394342004901,0.10810296685304333,0.015077475582788935,0.020751839927775517,0.18326900699022305,0.20078214768769073
2020-01-10,8225.5,8225.5,8246.7,8147.65,8177.55,97824275,0.04938507858746677,0.11199735029504998,0.020279701854746257,0.02780930898227596,0.18447183894959254,0.2011611387434737
2020-01-13,8235.85,8235.85,8262.3,8192.05,8244.25,66635460,0.037038669302542404,0.09514184845120233,0.00715594441267875,0.007990247421420849,0.1801140869184317,0.1987952181203832
2020-01-14,8289.3,8289.3,8297.7,8216.55,8234.2,67598217,0.027212907543031184,0.07817773875719425,0.004411017455455024,-0.0035492036543887107,0.17321820573982766,0.19442355502001787
2020-01-15,8385.35,8385.35,8395.7,8246.4,8287.6,80644300,0.0493755318616409,0.09272459537647593,0.02537098524525283,0.016023635442116158,0.17152890638208448,0.19543767059228181
2020-01-16,8395.9,8395.9,8414.35,8373.65,8385.3,67729374,0.044279157700966465,0.06089208996714679,0.028619478292828404,-0.00549209629999714,0.17099975243634324,0.18562381951934637
2020-01-17,8427.6,8427.6,8463.25,8369.7,8401.95,50146035,0.0427165366508504,0.058112307354279746,0.03202246387240981,-0.0010978542520665435,0.1707221203523058,0.1853751035944251
2020-01-20,8352.7,8352.7,8459.45,8343.4,8436.9,65281378,0.022925724083032284,0.052421361657626564,0.02579287336604985,-0.002478621235348255,0.17214292180398222,0.18625860647032055
2020-01-21,8245.9,8245.9,8325.8,8229.3,8321.25,61056949,0.013813156616729438,0.026043351666127368,0.02212083739176607,-0.022710969569009976,0.17844237134620222,0.18673354986321528
2020-01-22,8169.15,8169.15,8294.05,8147.15,8278.55,64701562,-0.0013874457551494856,0.019563426688632646,0.011321743405112272,-0.02570281741304803,0.18079164284184063,0.18768165345498494
2020-01-23,8241.75,8241.75,8251.85,8145.8,8176.75,60518993,0.010935161788877101,0.03197956513300815,0.013735117240315398,-0.019509933104797428,0.18300805692335223,0.1883338939403538
2020-01-24,8274.85,8274.85,8324.4,8234.95,8246.45,54172677,0.01786054750204502,-0.02069883724370536,0.007824700763060966,-0.059844190405589526,0.18294870689761836,0.1482893794336024
2020-01-27,8258.15,8258.15,8347.9,8189.0,8243.35,57326339,0.006367369819276325,-0.020257684869911863,0.016721924581715175,-0.043467586820365556,0.18041496160369333,0.14826472320125342
2020-01-28,8156.05,8156.05,8340.45,8125.9,8290.1,75179867,-0.020341364979460375,-0.03472986567252501,-0.0040185631286222545,-0.04974568189925921,0.1776980321651941,0.1501961990230254
2020-01-29,8220.4,8220.4,8264.6,8179.25,8200.7,81946729,-0.0033825151849471435,-0.020553086537430487,-0.00018159849569576725,-0.04064462089845977,0.1775390447068904,0.15062533178155427
2020-01-30,8181.45,8181.45,8267.55,8148.2,8239.65,103601158,-0.01040224011031221,-0.011943939567771955,0.009659343865418668,-0.01985765093467895,0.17799739173796114,0.1484123874564566
2020-01-31,8086.55,8086.55,8238.75,8072.95,8211.6,125866539,-0.009990022220453754,-0.020542262434669833,0.011647202432084724,-0.02430987675066998,0.17764442364569008,0.15016879491112886
2020-02-03,7988.35,7988.35,8016.8,7816.35,7826.0,124213082,0.001203195989346817,-0.032752744026105285,0.024979417943419624,-0.011179257514176033,0.1621827488038217,0.15211683600915193
2020-02-04,8100.8,8100.8,8142.1,7997.85,8026.6,101430536,0.01228366135582637,-0.016881272830980842,0.01836514377296994,-0.014184030096451306,0.16935117695863017,0.15495127107385584
2020-02-05,8131.7,8131.7,8212.2,8064.7,8138.3,165901552,0.023788989959396822,-0.0046452418402257445,0.018483465935358323,-0.019844915514358852,0.16691139481662864,0.15420043813714532
2020-02-06,8142.15,8142.15,8189.2,8092.55,8158.8,113488793,-0.001606327212531844,-0.0020652040691261364,0.0047747165762929145,-0.020909451228385945,0.13784269448702954,0.1542037318663526
2020-02-07,8064.6,8064.6,8173.6,8042.2,8172.35,96990047,-0.019561120904504237,-0.01050280974700002,-0.006633586977426331,-0.03228402666091423,0.1377770563582656,0.1554264281901374
2020-02-10,7860.55,7860.55,8067.35,7820.3,8065.4,120638033,-0.04556906694512408,-0.04033134332002586,-0.02139545076214011,-0.05375781343649355,0.16275330638192978,0.16353554440363383
2020-02-11,7892.4,7892.4,7969.3,7881.35,7923.0,84781272,-0.04788100322101985,-0.03207054293037692,-0.02730235538997161,-0.04993032896825356,0.16123447990886827,0.16361898212734083
2020-02-12,7933.8,7933.8,7961.1,7905.75,7932.3,71096518,-0.05384986911697187,-0.022810690971794556,-0.042337582157771836,-0.049458862566097994,0.15544702969041616,0.1638512502965372
2020-02-13,7914.9,7914.9,7933.4,7873.75,7930.25,87754381,-0.0572898676735073,-0.01848349754152745,-0.04265269318643672,-0.03812745269461837,0.15473217267927422,0.16336141718379904
2020-02-14,7822.2,7822.2,7977.15,7807.3,7933.6,95722834,-0.07183539797807215,-0.03236101833296223,-0.052494995413592926,-0.041890948882764234,0.1556196826783781,0.16492939610644447
2020-02-17,7770.5,7770.5,7833.6,7742.45,7833.15,67993839,-0.06970201252289687,-0.029251747421811025,-0.055079797156613375,-0.03571872809895549,0.15481351078935485,0.16428727611619312
2020-02-18,7692.3,7692.3,7758.0,7620.5,7758.0,94588508,-0.06713639505693736,-0.04264494489698123,-0.05256352726748015,-0.049200004892820726,0.1529267165901916,0.16520850483076663
2020-02-19,7687.35,7687.35,7769.4,7606.25,7754.35,115975048,-0.05897798424560685,-0.05962261842869809,-0.060547337208542995,-0.06394193849288698,0.15160671722498067,0.1609066696322224
2020-02-20,7697.9,7697.9,7756.35,7667.85,7687.5,104257555,-0.06598719932053265,-0.04963024234867097,-0.05781830407606314,-0.05321476541889192,0.14605271087212102,0.16006922760209555
2020-02-24,7429.1,7429.1,7644.05,7414.0,7644.05,89107742,-0.10220729076659996,-0.09432697172324256,-0.06801060067821996,-0.07190679765822483,0.1823601913300504,0.1726912804877728
2020-02-25,7366.0,7366.0,7485.15,7339.9,7452.75,128000336,-0.10803267075555656,-0.09948348054647149,-0.08153711754365789,-0.0704121590136112,0.1822282897813529,0.1732518854648949
2020-02-26,7207.95,7207.95,7328.2,7178.5,7306.3,116463070,-0.11624499604588012,-0.10858891911946578,-0.08494887212212354,-0.07727270769002181,0.18956534219526155,0.1769156146298224
2020-02-27,7178.85,7178.85,7202.05,7090.45,7200.15,120786335,-0.12670308014208542,-0.10407163583039525,-0.08579453524637659,-0.06963492462879839,0.18244951330194048,0.17634123342673658
2020-02-28,6903.95,6903.95,7017.6,6883.35,7008.1,185874149,-0.15614591545508438,-0.13313243557146004,-0.08684850122236609,-0.06706298680386313,0.21509617722756816,0.1919820722664028
2020-03-02,6856.9,6856.9,7047.6,6813.2,6993.2,205715986,-0.15206113855723402,-0.14251771076276654,-0.08272969704967315,-0.06691901767894082,0.21483259432345897,0.19172119888298614
2020-03-03,6986.65,6986.65,7022.25,6846.7,6889.45,144602750,-0.1253951066240213,-0.12026870482762098,-0.09083719509092691,-0.06076822533824422,0.2344611289232514,0.1963933796215188
2020-03-04,6938.85,6938.85,7019.55,6775.8,6990.85,174403462,-0.14343645072091638,-0.1111559449696411,-0.08261243942963314,-0.0549130225186073,0.22138959717514992,0.19414649038709073
2020-03-05,6953.75,6953.75,7013.65,6892.75,6966.3,163392161,-0.14485900857139344,-0.11567026566454286,-0.07701715334383197,-0.05967026566454281,0.22031563892806302,0.19339481663650274
2020-03-06,6895.0,6895.0,6918.85,6661.95,6712.2,130898149,-0.1531720737151735,-0.11617861011235242,-0.058551484446028645,-0.04302652661068951,0.21767188195869408,0.19347281803872465
2020-03-09,6632.15,6632.15,6758.7,6498.8,6703.45,133699193,-0.17762195273169168,-0.15388982445397026,-0.04149599611473964,-0.03141444442344543,0.24325527591105717,0.20708977843870754
2020-03-11,6568.45,6568.45,6714.75,6539.75,6614.15,172323537,-0.16437781071299085,-0.17291637810544347,-0.03362939119963004,-0.046502686033017104,0.235949491774381,0.20487541012728938
2020-03-12,6033.4,6033.4,6299.9,5953.2,6299.9,282205921,-0.23554305407734022,-0.25233899649305425,-0.02760031266286156,-0.045785531581620464,0.35320395675886335,0.2612722555900892
2020-03-13,6182.0,6182.0,6292.85,5265.8,5641.55,203336978,-0.22080213768937962,-0.2263603143615157,-0.03672188623486483,-0.05224726710368355,0.37256377559671616,0.2677882465715612
2020-03-16,5843.7,5843.7,6041.35,5826.1,5970.15,140253925,-0.2616836599325323,-0.2731626015248946,-0.017138650057537452,-0.029216887642855904,0.40121787998302355,0.28726372727039423
2020-03-17,5803.85,5803.85,6020.7,5767.5,5858.3,126029595,-0.2580284318989542,-0.2819105829368933,0.0017159299379856385,-0.015612621375658997,0.40215285097367115,0.2864289138306738
2020-03-18,5516.5,5516.5,5896.85,5491.0,5873.1,125615136,-0.2900714239752912,-0.32441369175188295,0.006878555104391615,-0.01519728921094221,0.42020743022527723,0.29910733632530534
2020-03-19,5180.5,5180.5,5429.5,5042.9,5217.95,202740130,-0.32653432653432657,-0.3630702460795102,-0.01558583333545227,-0.03643929763102616,0.44921379786483845,0.3205151358138145
2020-03-20,5370.15,5370.15,5423.2,5154.1,5230.2,229830607,-0.3014302718101818,-0.3435425707475094,-0.02265095758077773,-0.056714591323032804,0.48706635838703627,0.33163895493301443
2020-03-23,4626.5,4626.5,5013.85,4593.05,4908.15,120637088,-0.3989919328648073,-0.43251232735569023,-0.028935210537453848,-0.055560259673217205,0.6673130996517943,0.4411260560114884
2020-03-24,4693.35,4693.35,4850.85,4452.2,4726.4,146706064,-0.36824783621165413,-0.4226873235625149,-0.027710661636851874,-0.06599064811341193,0.6806761532367909,0.44362240477548287
2020-03-25,4936.15,4936.15,5001.9,4577.15,4600.05,147442630,-0.3298737442302472,-0.39846330079576897,-0.03490170123729541,-0.07770432564014518,0.7278124903906388,0.4586824411984766
2020-03-26,5061.3,5061.3,5163.7,4847.15,4981.9,208806955,-0.29781699373608306,-0.3920652461143007,-0.037762208901772176,-0.09715305893327508,0.7450811708257518,0.46144553965024643
2020-03-27,4938.7,4938.7,5284.75,4866.05,5245.6,175519110,-0.3120485871692542,-0.4012463174229841,-0.056484830143965103,-0.1129433586235209,0.743655873003755,0.46263997132579904
2020-03-30,4669.15,4669.15,4848.0,4625.5,4834.15,95603443,-0.32369875216361654,-0.4352369835922807,-0.06296713517296781,-0.10947282714541551,0.752274224140626,0.47218234175999435
2020-03-31,4731.3,4731.3,4794.3,4630.2,4787.8,111576333,-0.30999431229856056,-0.4207623513280241,-0.08228777078815208,-0.12395985230445472,0.7601020167548507,0.4744389086883304
2020-04-01,4657.55,4657.55,4803.55,4612.7,4708.95,108107529,-0.33336434485769284,-0.4162556791477362,-0.06357587134172304,-0.10447093207376767,0.747411184578936,0.4737022771670361
2020-04-03,4517.75,4517.75,4659.8,4511.1,4652.75,104162675,-0.3489194895407741,-0.435457669478288,-0.0674156058582126,-0.10614822023086323,0.7464907395646242,0.4750578772166902
2020-04-07,4951.55,4951.55,4970.85,4656.5,4665.1,140084138,-0.2879309724968542,-0.3765950080261874,-0.06814218869283428,-0.107733850630653,0.8451797887459248,0.518380766937581
2020-04-08,5043.6,5043.6,5257.0,4830.4,4833.0,219644053,-0.2685134155184916,-0.38155176113546485,-0.06461784699694173,-0.09772901538961398,0.8541143242417164,0.5163804214324803
2020-04-09,5568.45,5568.45,5607.35,5146.4,5160.85,226178245,-0.16038539538460372,-0.3230259558689441,-0.0322165977867076,-0.06644189933081235,0.9402272127800841,0.5601764992051702
2020-04-13,5432.1,5432.1,5554.4,5308.85,5554.4,153555220,-0.17300124077978818,-0.34043237795734504,-0.03296541058123925,-0.0698872041145564,0.9419559287420212,0.561178119925624
2020-04-15,5333.0,5333.0,5592.8,5314.25,5495.55,221470743,-0.11608711505950209,-0.3566404883403905,-0.04676071673863369,-0.07861778590627155,0.899919429800277,0.5609561221848103
2020-04-16,5394.15,5394.15,5420.4,5235.65,5271.25,168466689,-0.127442575218376,-0.3567173701753654,-0.03076944240903723,-0.08527455885131319,0.8952653804571146,0.5609390033731547
2020-04-17,5668.9,5668.9,5702.65,5507.75,5586.4,196606439,-0.029912555401543583,-0.3248013911552067,-0.03745268700717519,-0.07481150810717141,0.8966277970218536,0.5727670721628263
2020-04-20,5591.0,5591.0,5728.45,5565.95,5724.9,228792177,-0.036673931958958295,-0.3365845555080925,-0.06954982883792893,-0.08638924063015063,0.8975219262001634,0.5725493161934766
2020-04-21,5294.05,5294.05,5447.9,5268.15,5447.9,146929307,-0.040324481102148035,-0.3661869814550984,-0.10085848857050828,-0.10089299016787456,0.9003627540018819,0.5808428178659318
2020-04-22,5426.85,5426.85,5468.25,5243.6,5267.8,144746153,0.047553324968632404,-0.34187293078984704,-0.06424617615246841,-0.09679596596113593,0.8752763172918308,0.5844962208691633
2020-04-23,5464.75,5464.75,5518.7,5390.95,5439.1,109244052,0.017615895272943938,-0.33105035407600547,-0.047383639641471964,-0.10035546852439359,0.866507173903974,0.5851681678762947
2020-04-24,5377.25,5377.25,5462.5,5362.85,5405.9,88175839,0.16227169566627042,-0.34755968089301426,-0.04063233384984266,-0.09913091523418782,0.6669504380033853,0.5845728309949354
2020-04-27,5433.2,5433.2,5528.8,5405.7,5458.65,106148950,0.15763793452438013,-0.3434080376079325,-0.03224035584494245,-0.10125506103474857,0.6665587068718573,0.5852326111699319
2020-04-28,5447.1,5447.1,5524.05,5399.3,5476.85,99044323,0.10351184627695686,-0.3403970622960347,-0.02429171247599804,-0.11446261148532422,0.6468542083922751,0.5854743451787953
2020-04-29,5543.75,5543.75,5568.0,5461.05,5492.0,200005473,0.09532136012486903,-0.3202898461877992,-0.010204841317239977,-0.11271753776745663,0.6443174876482358,0.5874990911117771
2020-04-30,5901.4,5901.4,5926.5,5660.55,5667.35,337079062,0.19492983983639411,-0.2821030606783125,0.05640608005751946,-0.09498903212190046,0.6659392131197281,0.6036368377897678
2020-05-04,5476.2,5476.2,5652.8,5436.05,5647.85,177071898,0.17284730625488587,-0.3306565462112462,0.05059296342837705,-0.1028112971053683,0.6928459249156048,0.6200895838837193
2020-05-05,5451.9,5451.9,5602.1,5442.75,5582.15,161356727,0.15230486335679405,-0.3258064316673984,0.0816061794714753,-0.09537029670663777,0.6939079653486492,0.6200186416725004
2020-05-06,5552.4,5552.4,5593.3,5351.2,5471.6,142224254,0.19212890897574897,-0.3049378156941046,0.06890074618945663,-0.09678777011023487,0.689569410282112,0.6219770763438026
2020-05-07,5519.0,5519.0,5616.4,5505.45,5549.95,101010878,0.22162580930773057,-0.3187092632826388,0.08366469857447023,-0.08659893491165949,0.6764446070064689,0.6205734962804932
2020-05-08,5447.75,5447.75,5623.75,5424.8,5622.7,120922862,0.10021104502630496,-0.33006013502711606,0.047971583402993456,-0.09533310302447295,0.607327984537401,0.6203488083589828
2020-05-11,5679.7,5679.7,5789.7,5514.4,5517.6,301862752,0.12612023158061691,-0.30243240421755924,0.07006077219356155,-0.063615309621187,0.6197566153476542,0.6280442761433448
2020-05-12,5708.95,5708.95,5735.65,5502.8,5653.6,164451576,0.025231437832790027,-0.2920975621853533,0.015941453259473937,-0.05224668182734993,0.5132339809500618,0.6284105667031384
2020-05-13,5844.6,5844.6,6033.95,5815.5,6014.2,179261745,0.07593748274148115,-0.2564642423240103,0.03260785057748716,-0.03637944863141174,0.5093435682414641,0.6298362511971505
2020-05-14,5804.05,5804.05,5865.95,5668.4,5698.55,109783296,0.08832739546221635,-0.2646026557194262,0.06396404632314345,-0.01970880170978473,0.5043601610097727,0.6295696385514951
2020-05-15,5745.7,5745.7,5827.15,5680.25,5823.3,124232994,0.06517245534514249,-0.2757947011520331,0.04915410646425067,-0.02464313107003635,0.506079828299599,0.6292767871443016
2020-05-18,5430.05,5430.05,5752.15,5411.95,5747.5,142416404,-0.042133394485702635,-0.3139458489684013,0.005725887355288006,-0.038668918371221994,0.5168568115063971,0.6378922945070035
2020-05-19,5486.15,5486.15,5575.6,5456.1,5538.65,142201440,-0.01875335360400654,-0.2986436041011481,0.022572085281610255,-0.031638701799317936,0.5167145754510901,0.6386812578848317
2020-05-20,5603.8,5603.8,5632.45,5436.35,5464.85,116215577,0.058509080949367576,-0.27883662569976186,0.04903403988980526,-0.03150975257335853,0.48120254877688223,0.6410929738626293
2020-05-21,5749.9,5749.9,5784.3,5588.35,5616.95,130058200,0.05952808719607128,-0.2525122525122526,0.0683500268748164,-0.011840999645877814,0.4817959725570306,0.6441813542901318
2020-05-22,5767.0,5767.0,5789.25,5639.65,5707.25,101208059,0.055309026030468056,-0.24980650028943663,0.08479725106038705,0.004743701443327697,0.4815572236218328,0.64432468579873
2020-05-26,5854.3,5854.3,5872.75,5775.4,5817.2,112408957,0.08871635129480682,-0.23949388794346504,0.10240928371950953,0.013120779349407918,0.478086108914458,0.6454888420049878
2020-05-27,5896.95,5896.95,5910.75,5791.25,5872.45,139933641,0.08535485533387321,-0.20623628703342267,0.08183736599265279,0.006323108395042576,0.4776885401840651,0.6426686762428845
2020-05-28,6112.3,6112.3,6131.35,5876.4,5922.15,249406477,0.12212002717042081,-0.17020092316046698,0.11047943680031835,0.025410219910706466,0.4907219213862553,0.6477088880312045
2020-05-29,6218.8,6218.8,6246.95,6016.0,6036.45,330410493,0.12176775648252547,-0.13723041918992218,0.11894673595941452,0.04243308171451765,0.49062281143405184,0.6478570292979524
2020-06-01,6419.5,6419.5,6485.85,6294.05,6299.05,227171489,0.08779272714949005,-0.1057759947623923,0.09121568262195001,0.049566809463656325,0.45421589996888545,0.651628196024216
2020-06-02,6471.3,6471.3,6542.65,6395.5,6455.8,313034327,0.18171359701983136,-0.06266702395005752,0.10794164787526794,0.04648113509875185,0.34527233572653726,0.6472829022701405
2020-06-03,6498.65,6498.65,6622.1,6475.3,6567.95,203249224,0.19199728535006155,-0.05224664206857321,0.09901581411153426,0.04397398583670631,0.3423711385994576,0.6472592703384028
2020-06-04,6511.35,6511.35,6564.95,6411.25,6501.65,174970009,0.17270909876810037,-0.0680297424373626,0.09092640379742489,0.044698418128995776,0.34127254301495485,0.6459965644272052
2020-06-05,6628.75,6628.75,6645.15,6527.0,6563.8,318957389,0.2010780938575829,-0.04469040258832524,0.09855657196551415,0.05386524663174408,0.33880608348527563,0.647053844673182
2020-06-08,6610.55,6610.55,6743.15,6588.5,6707.95,348484881,0.2134459180395576,-0.049354664749236,0.11444033026325107,0.04839578379877185,0.3318000920046719,0.6470376710662755
2020-06-09,6577.7,6577.7,6665.75,6525.25,6648.95,215281290,0.15810694226807764,-0.04601885424220453,0.07071299276559162,0.039772499094984926,0.31288066128481595,0.6469007980164339
2020-06-10,6502.65,6502.65,6598.5,6470.5,6568.8,187890552,0.13902731675702173,-0.019526096363924217,0.039033231424196346,0.012555557226874403,0.3199093853550776,0.6424336585469163
2020-06-11,6373.6,6373.6,6549.9,6345.8,6491.95,138121727,0.09051089894945763,-0.0296645327284214,0.0352599325131191,0.023536757128846064,0.32652126354454625,0.6434302775810576
2020-06-12,6559.4,6559.4,6578.4,6074.15,6075.3,207413808,0.1301418836846684,0.08718135711207609,0.03934312066205492,0.047270616987065806,0.3346297141222094,0.6214988612922886
2020-06-15,6443.0,6443.0,6573.2,6417.75,6530.75,168470548,0.12136032163182908,0.04221934648980907,0.04728111327504414,0.056433023485137235,0.3407349862419199,0.6208681007945803
2020-06-16,6451.05,6451.05,6582.65,6355.75,6561.2,297809010,0.18802773455124733,0.10393244006365832,0.06440548651339273,0.026019162513467364,0.2505815091094632,0.609411183430742
2020-06-17,6503.5,6503.5,6545.5,6394.45,6418.85,210942041,0.1854396981489752,0.12054929055713015,0.07258469873079276,0.018609343099756037,0.25050903448376716,0.6092912741637306
2020-06-18,6535.9,6535.9,6557.05,6454.65,6487.1,112922082,0.16633355937042715,0.18479108130154986,0.05326953744143359,-0.006835905209484183,0.24617494159499492,0.5993362446318227
2020-06-19,6634.5,6634.5,6664.75,6500.15,6567.8,257357229,0.15384615384615397,0.28066788919988417,0.028860524127554132,0.04094354301380698,0.23855766761029165,0.583938745794652
2020-06-22,6729.1,6729.1,6753.05,6636.5,6656.3,154410001,0.16682850702271557,0.2530562461011332,0.02611437749731249,0.07402029425965662,0.23925897719885733,0.580562723521755
2020-06-23,6789.2,6789.2,6817.65,6744.1,6763.05,163118967,0.15969458346856147,0.4674592024208364,-6.628342663628217e-06,0.09155170923730105,0.2377594926256437,0.4854350203615706
2020-06-24,6742.8,6742.8,6935.75,6727.4,6854.25,237402396,0.1434385572202579,0.4366710345488829,0.03712026365886367,0.11565654769158273,0.2430973208859062,0.48589588842506287
2020-06-25,6737.85,6737.85,6791.75,6645.15,6681.75,155954852,0.10234281694288572,0.3650010635819416,0.0181708046216571,0.1280346751744812,0.21830948961775903,0.4771626571654082
2020-06-26,6731.45,6731.45,6808.8,6705.0,6807.4,156655986,0.08243551810638694,0.32998439136190294,-0.0013510242437544395,0.1284499538166639,0.21412239162556923,0.4755141470300299
2020-06-29,6645.85,6645.85,6728.65,6605.5,6685.85,152013775,0.03525975543266613,0.3456678883106892,-0.014225544574946625,0.15489390480848075,0.19494703063267757,0.47303202923398435
2020-06-30,6719.15,6719.15,6753.5,6670.9,6718.4,152206043,0.03829987792251943,0.4390520758596319,0.005932228270385087,0.19500236080584443,0.1964765537133968,0.4556998935828554
2020-07-01,6718.6,6718.6,6785.3,6702.5,6743.35,140092976,0.03384549098658973,0.4200325491936676,-0.0027790854607010473,0.20691867583290469,0.1963906153858933,0.4556231925027546
2020-07-02,6907.1,6907.1,6923.9,6751.95,6761.0,168680796,0.06077848679613296,0.4829899840044658,0.008670061683973884,0.20458483183201115,0.21702409122755997,0.4555311316325109
2020-07-03,6971.05,6971.05,6992.3,6903.1,6921.7,237050016,0.05163869507825769,0.5430358032206297,0.00577078730398406,0.2308620896627822,0.21123052907878473,0.4489604885204217
2020-07-06,7171.75,7171.75,7193.55,6993.8,7029.5,210529384,0.08489460029800844,0.44838484918863775,0.026256477281938473,0.22415767606721992,0.22908861498365993,0.4156021094289404
2020-07-07,7199.55,7199.55,7217.7,7099.5,7172.35,172502817,0.0945391246180276,0.42746252676659524,0.019588770945657474,0.19304042182303194,0.22658886369468442,0.4148400745908787
2020-07-08,7059.35,7059.35,7252.1,7037.9,7225.15,138439255,0.08561125079775178,0.26774057412745034,0.027328249200483823,0.09282101387689368,0.23592809871881887,0.36999370820898364
2020-07-09,7085.6,7085.6,7112.05,7022.2,7101.9,102206411,0.11171080707920167,0.30439424900130696,0.019663726154893535,0.1020781480025994,0.2180662699484072,0.36511452892562024
2020-07-10,7041.1,7041.1,7158.2,7020.3,7066.0,123653320,0.07343659481050113,0.3202887680480031,-0.006294414516532676,0.11382511524922512,0.20306425385675256,0.3627141496358425
2020-07-13,7084.45,7084.45,7139.85,7035.9,7094.15,134063369,0.09955765947539974,0.31335798967399864,-0.0012198230558471135,0.11209693305828372,0.18665392902431238,0.3624548336105374
2020-07-14,6916.0,6916.0,7050.1,6883.7,7047.65,104104014,0.07207353841622677,0.2199897687382033,0.002137124317477479,0.07532204711249846,0.21274698187455673,0.3546548519520508
2020-07-15,6931.05,6931.05,7003.55,6910.2,6960.4,105623424,0.06574152379487974,0.2396798426041853,-0.008849973707961256,0.0932349484261823,0.212079695936957,0.3528611268043385
2020-07-16,7015.9,7015.9,7027.25,6853.75,6940.75,102697719,0.07344053611591361,0.3252424892095842,0.00919932882143959,0.12945005460723258,0.2144100349237764,0.3317580177677329
2020-07-17,7137.3,7137.3,7154.75,7016.85,7039.55,112281160,0.07578566583766677,0.3151828408745405,0.011623803783835207,0.12857737168648953,0.21608637922114168,0.3301516026648424
2020-07-20,7175.85,7175.85,7183.2,7105.55,7161.7,97655565,0.06639075062043953,0.3131158790429571,-0.002563395020455106,0.12970187062098537,0.21264613740377292,0.3301186384017282
2020-07-21,7295.75,7295.75,7317.55,7198.25,7209.0,139658577,0.0746111471160078,0.3567808824213121,0.008595484810592913,0.13744924695655425,0.21706660248610582,0.32816685245481514
2020-07-22,7203.95,7203.95,7306.75,7154.15,7301.0,113375779,0.06839146941923224,0.32591290583818,-0.011887592846495432,0.12657655131178225,0.22170339688970658,0.32997377072913914
2020-07-23,7301.05,7301.05,7313.0,7172.4,7205.8,74120597,0.08358749452718595,0.34035541847955786,-0.006465841544737838,0.14479318795839213,0.2239448679190248,0.3304193907375546
2020-07-24,7218.65,7218.65,7271.0,7178.85,7228.4,102088182,0.07237667961583316,0.3021240135287486,-0.0057462511965524765,0.13037265423170896,0.22996427783901807,0.3309883467827577
2020-07-27,7186.45,7186.45,7238.6,7121.95,7233.9,74203200,0.08134399662947556,0.2177534144440303,0.001886316261729526,0.08875622748747158,0.2239610435215124,0.3084523964529574
2020-07-28,7416.9,7416.9,7438.05,7185.25,7193.15,134266723,0.10384498039186507,0.3543880793250793,0.006927824358554879,0.13842533066338025,0.24363714747387125,0.2678187604862348
2020-07-29,7330.25,7330.25,7464.15,7299.7,7425.75,98494781,0.09103831155300202,0.3445312643298668,0.01694472435457972,0.12757092662780156,0.2502588283575999,0.26933979546525205
2020-07-30,7287.85,7287.85,7398.9,7270.55,7340.8,98987863,0.05512443717334348,0.3125585332468843,0.002957470227388015,0.11503187209843624,0.23674065636373237,0.26876708593985926
2020-07-31,7279.75,7279.75,7328.5,7225.75,7311.45,83824283,0.044283142424742294,0.3190342453342996,0.00034185613720905117,0.11527402765726591,0.23579722956242405,0.2681291528059017
2020-08-03,7240.25,7240.25,7469.1,7224.8,7323.65,275246833,0.009551364729668554,0.32903492267449863,-0.0023357938184613847,0.15175560479361438,0.2156218312216472,0.2664520254015607
2020-08-04,7353.95,7353.95,7381.65,7273.2,7282.45,166384263,0.021445784805994794,0.2947778931985845,-0.005925435435690574,0.09388931351079233,0.22198155023813718,0.25615839263973306
2020-08-05,7489.1,7489.1,7511.8,7392.2,7397.0,168322483,0.06087670961207481,0.31181740950612635,0.023896545623096843,0.10466357177379915,0.2157029538916252,0.2577360669545367
2020-08-06,7498.25,7498.25,7532.4,7433.1,7521.95,106790496,0.058237834481201345,0.2829363857235738,0.022476797224088907,0.08934221041157975,0.21576821423431283,0.25476235225297966
2020-08-07,7554.45,7554.45,7598.3,7468.2,7484.95,123891668,0.07290764227180402,0.3015825156571703,0.03148881452772634,0.07503144462411138,0.21356432698009947,0.25378792289300633
2020-08-10,7621.3,7621.3,7688.7,7577.5,7593.7,173609058,0.07577864195526818,0.32643542127155967,0.03250703514761688,0.09295223259555319,0.2142087099123148,0.25212795700496937
2020-08-11,7630.35,7630.35,7699.05,7618.3,7675.4,154231463,0.10328947368421049,0.4052080551744459,0.0358692021780338,0.12195075202651284,0.188026655718062,0.21767173629710926
2020-08-12,7785.05,7785.05,7808.1,7586.75,7613.75,202279569,0.12321365449679345,0.41903702961092937,0.05821203627366045,0.14543938028565062,0.19516359985223572,0.21947512129922797
2020-08-13,7879.75,7879.75,7896.1,7757.05,7801.1,422670303,0.1231274676092875,0.4061440451122451,0.07093914365927212,0.1597547968592823,0.19513063104863274,0.21753081478445072
2020-08-14,7677.65,7677.65,7898.9,7657.95,7888.65,285591830,0.07570790074678091,0.3352667002904399,0.05032652074593713,0.10771415224651415,0.2203087524402703,0.22291985736965952
2020-08-17,7865.55,7865.55,7879.55,7667.75,7757.6,189533250,0.09611404920671407,0.3638893705566153,0.0757098277194157,0.11963795485564455,0.23206006239039756,0.2263791774254914
2020-08-18,7941.85,7941.85,7979.3,7878.3,7879.5,199524024,0.08855840729191655,0.35658404933126087,0.06857143249964803,0.09561530337703994,0.2285961407546934,0.2256472515998421
2020-08-19,7941.35,7941.35,8029.75,7927.6,7987.15,220157666,0.10236051055323814,0.3466876944861328,0.07758635259127011,0.12194680468878616,0.2204685366763404,0.22584450248787327
2020-08-20,7911.6,7911.6,7948.5,7844.65,7878.7,175590581,0.08362495805397852,0.2943736400373018,0.07499846528595411,0.10237348609397556,0.22008295129721,0.21711352487929708
2020-08-21,7934.7,7934.7,7995.35,7910.55,7994.9,136558848,0.09919444771529307,0.2759213996269376,0.08334248820449242,0.08894397290684242,0.21257012123179883,0.21543658438234375
2020-08-24,7948.4,7948.4,8062.95,7932.5,7972.7,115417975,0.10602592378712705,0.2381649661188565,0.07596336458766295,0.07123287781574161,0.21013755168232098,0.2075915629109249
2020-08-25,7983.6,7983.6,8034.4,7933.2,7997.0,163974737,0.0764065849613722,0.2336933846367808,0.06121261667840616,0.08406561769654108,0.18531717912782433,0.20739066894408753
2020-08-26,8100.5,8100.5,8143.25,8074.25,8096.6,275769356,0.10507827154599103,0.24648965554384383,0.07412632520281903,0.09859496401289869,0.17968861550080392,0.2086176594112424
2020-08-27,8183.0,8183.0,8198.5,8080.7,8141.05,260300137,0.12282772010949716,0.2567286353828315,0.08165555135910907,0.10415757215451871,0.17585091236457884,0.20900292049396024
2020-08-28,8111.85,8111.85,8223.6,8101.05,8209.1,171811251,0.11430337580274053,0.2237375070714691,0.06245418662179825,0.07530259329405387,0.18179957754725587,0.20846868517788325
2020-08-31,7840.35,7840.35,8177.0,7814.0,8161.75,250905252,0.08288387831911881,0.1860359576737185,0.03735334025213444,0.06604030672379002,0.22713913027435997,0.2218256048096407
2020-09-01,7885.95,7885.95,7972.55,7824.15,7872.2,130818030,0.07234207466735554,0.19889170986819105,0.038543827669766495,0.05719277997376304,0.2231316123009159,0.2213008974030465
2020-09-02,7976.95,7976.95,8004.25,7799.45,7895.15,140694647,0.06514133874564365,0.22672295141211674,0.02610663722586337,0.08646706803874382,0.21846990165409183,0.21987208011518386
2020-09-03,8049.55,8049.55,8097.9,8008.0,8012.75,175362482,0.07352382222518594,0.26295186393874737,0.044301017774143636,0.09879813789224157,0.21931972884272807,0.21464162073538645
2020-09-04,7996.55,7996.55,8128.45,7890.45,7916.8,196296692,0.05852179841020866,0.21909778333384167,0.04783878854543855,0.08263304735499277,0.22166035537725287,0.2093238912129253
2020-09-07,7957.85,7957.85,8062.35,7906.65,8039.3,150984310,0.04415913295631979,0.23511562936520258,0.036626011292466565,0.07805462498367244,0.22208723636611058,0.20534709131198361
2020-09-08,7888.0,7888.0,7995.65,7867.85,7975.2,124577594,0.033766472049119534,0.22274668464823555,0.03422135309350016,0.0811943738377654,0.22548148100881338,0.2068529241074453
2020-09-09,7903.1,7903.1,7926.8,7780.3,7836.8,174446800,0.015163679102895955,0.21520719612516337,0.017851980681800272,0.07384211674125907,0.21477496566801232,0.20663507063157643
2020-09-10,7945.0,7945.0,7980.1,7873.0,7962.55,133408261,0.00828071956597598,0.21559387383527917,-0.004886880141619976,0.08106685825057447,0.21134160078919143,0.20664741646653273
2020-09-11,7956.8,7956.8,7995.25,7930.8,7953.25,114792521,0.0363587816584503,0.19930665460848607,0.010769270217493077,0.08021234374925723,0.18692195633180908,0.20522416838170457
2020-09-14,8035.35,8035.35,8094.4,7955.1,7998.45,222420676,0.021587810134065633,0.19411957022484438,0.004432258746251305,0.08464156688938607,0.17032071678320418,0.2044108545071721
2020-09-15,8033.5,8033.5,8074.1,7997.8,8067.8,157619100,0.01154013233692397,0.18327638013315273,-0.0004445848649214934,0.08292304189540078,0.16729909558086808,0.20413430574981473
2020-09-16,8156.2,8156.2,8220.4,8041.0,8055.0,210284590,0.027054593992205334,0.20961618318799302,0.009861174463934974,0.08354027810767506,0.1750745465897058,0.2046688159719959
2020-09-17,8128.65,8128.65,8145.6,8041.85,8106.1,112245488,0.027434400121340685,0.20641599323226245,0.009409664831826259,0.08714190444156955,0.1749368970301586,0.20495656602657453
2020-09-18,8161.7,8161.7,8221.3,8125.45,8180.25,170659836,0.028608517020177304,0.21247279560867272,0.01688188307963978,0.10441633838893849,0.1751190573232289,0.2047878838888173
2020-09-21,7832.2,7832.2,8176.3,7791.65,8170.1,160775185,-0.014619294449197295,0.17850989715386278,0.004209583446531995,0.08753695404399564,0.23137481381424005,0.22184143438196727
2020-09-22,7695.25,7695.25,7846.2,7600.3,7837.9,213890672,-0.0361177914725187,0.1452713512869932,-0.00834646419365015,0.06261336761975311,0.2380103840259992,0.22503235586866663
2020-09-23,7690.9,7690.9,7793.0,7609.55,7748.25,158855206,-0.05056477995185482,0.14471764951031463,-0.014394694916101236,0.07743131647937407,0.2301359269844706,0.22505603827943238
2020-09-24,7418.85,7418.85,7614.05,7398.35,7598.1,161032056,-0.09338262251008178,0.07409042868931959,-0.02817941336480856,0.05003273138213382,0.2534065186588576,0.2320700320301094
2020-09-25,7669.5,7669.5,7686.4,7477.5,7505.5,205105797,-0.05453133378945618,0.10019294080518715,-0.0032461222945313617,0.05843883568607655,0.2865919633978854,0.24067401986314638
2020-09-28,7902.55,7902.55,7918.2,7734.15,7750.3,172017743,0.007933319303347508,0.1018998152473245,0.021979439638144416,0.05880110828202301,0.28406448678598895,0.24143090025726194
2020-09-29,7925.2,7925.2,8024.0,7861.1,7950.9,157969286,0.004977206297275494,0.1007910216610759,0.02658524530034867,0.06164623597736685,0.2835141728752327,0.24139961232260987
2020-09-30,7908.1,7908.1,7974.9,7887.85,7935.1,106578881,-0.008631118409918481,0.1202306161332134,0.01628870779836067,0.06962231641693939,0.28046875438973096,0.23744628842333249
2020-10-01,7966.1,7966.1,8089.05,7953.9,7985.35,108761354,-0.010367039151256918,0.12426611719543867,-0.0007812245844819321,0.06845599285033277,0.2797500286633743,0.23767821500828004
2020-10-05,7957.95,7957.95,8061.65,7878.3,8055.75,121082509,-0.0048270816789740545,0.13021402905795965,-0.019782282766148795,0.06192870181444965,0.27883987368097113,0.23714110399970942
2020-10-06,8058.1,8058.1,8098.55,7991.35,8026.1,237907290,0.012597623730027596,0.13743480439554245,-0.0144696803526565,0.057852831391650206,0.28182546978401424,0.23796884954821676
2020-10-07,8170.05,8170.05,8184.15,8039.9,8076.85,130842857,0.03575684584178496,0.181325910931174,-0.001486856486792032,0.07465458947308279,0.28320474790183325,0.23274999079601869
2020-10-08,8183.7,8183.7,8236.55,8125.65,8209.8,109622745,0.035505054978426154,0.1807301923950917,-0.013847632499406792,0.06617222666757683,0.2832042883073482,0.2327578728329377
2020-10-09,8163.5,8163.5,8260.4,8132.1,8191.5,91734026,0.027501573316551342,0.16357131658090918,-0.01310809066253027,0.054236545129873415,0.28325599836654475,0.23216579043917077
2020-10-12,8102.5,8102.5,8211.85,8068.25,8208.9,104348849,0.018311381459883425,0.1352332114384991,-0.022379623520951908,0.040821332414110234,0.2849923284876608,0.2310252881992695
2020-10-13,8052.85,8052.85,8135.2,8038.25,8099.3,93035026,0.002177876508179466,0.12221548666708482,-0.04104310624575058,0.03944618575423431,0.2840017364792259,0.23153600203724545
2020-10-14,8031.05,8031.05,8065.9,7968.4,8043.35,103435924,-0.0003049729258728373,0.10078470342322587,-0.03929627702900684,0.02832621121175416,0.2841774491037702,0.22969010888699454
2020-10-15,7935.35,7935.35,8120.25,7909.0,8043.05,162399753,-0.02707756062872413,0.10152763414515653,-0.03360946457702574,0.052325289749447945,0.2812752021445799,0.2295152617363145
2020-10-16,7959.45,7959.45,8036.5,7932.55,7955.65,136089276,-0.020815264527319965,0.0901788098972065,-0.0422071067563462,0.04140680427333776,0.28158863893540953,0.228223209688975
2020-10-19,7870.35,7870.35,8027.0,7844.6,8025.25,83585303,-0.03569721994192376,0.09028003851135602,-0.06769210937003922,0.029632343923379878,0.28314624317695475,0.22820106410319113
2020-10-20,7896.7,7896.7,7946.5,7824.75,7858.3,73102849,0.008235234033860284,0.09883182934550439,-0.04920640315001701,0.03010978857740998,0.24213283236968242,0.22789818529949962
2020-10-21,7878.05,7878.05,7991.95,7784.35,7955.25,97163861,0.023754913745492434,0.06217557200447632,-0.0465359751153398,0.0057977322578448565,0.2329256852611395,0.2192703599299441
2020-10-22,7864.15,7864.15,7888.6,7810.9,7857.0,137000453,0.022526622371894067,0.07283516933256018,-0.04615923063258509,0.01092229804336009,0.23308350988368423,0.21773862995623752
2020-10-23,8094.6,8094.6,8119.1,7883.75,7917.45,201669094,0.09108554560342919,0.11069794246588494,-0.013009093264419569,0.03609985204104649,0.20851777761367118,0.22449197443133997
2020-10-26,7833.65,7833.65,8135.35,7801.3,8111.9,170101769,0.02140295977573503,0.07608777773962005,-0.043527697901692974,0.013388276460298387,0.2186781725981009,0.23532857251664
2020-10-27,7930.65,7930.65,7963.85,7765.75,7868.1,153621529,0.0035558142624847466,0.09535582334864112,-0.0553929855603561,0.0037438639454385747,0.19553375412161847,0.23599206488020275
2020-10-28,7922.75,7922.75,8069.25,7884.4,7979.15,249357976,-0.00030914046333208045,0.07734618810299221,-0.045504392913396585,0.02017310868837785,0.1953107030765806,0.23421120862313244
2020-10-29,7846.75,7846.75,7894.75,7790.85,7843.75,126295560,-0.0077578685145610615,0.0477560721582031,-0.04538828645888582,-0.0035110272402005815,0.19818298877954688,0.23254118870975482
2020-10-30,7758.4,7758.4,7895.45,7707.9,7848.75,132528450,-0.02607298427084781,0.034694762111159294,-0.0458199562253252,-0.004791314823145321,0.19961509274701025,0.23385634789386242
2020-11-02,7732.25,7732.25,7840.1,7686.85,7821.8,98752564,-0.02836157553138685,0.023535796782029106,-0.04277483661447823,-0.01704727479905732,0.19974325654680822,0.2335457319969163
2020-11-03,7848.85,7848.85,7885.85,7756.15,7789.55,129624966,-0.025967659870192672,0.029857110991563074,-0.03892379276856783,-0.018354278434702387,0.20219772928315924,0.2348314348930575
2020-11-04,7901.75,7901.75,7946.45,7827.25,7852.45,103926487,-0.03283945630687701,0.0355684863734953,-0.0472915019732183,-0.016186868009370636,0.19666529954328635,0.23517475607372162
2020-11-05,7995.5,7995.5,8005.9,7918.6,7974.4,91397079,-0.022996932927648817,0.027032581678987366,-0.04713802808444456,-0.04476355093191575,0.2021528846937238,0.23284531277717097
2020-11-06,8006.1,8006.1,8096.7,7973.6,8009.5,137171239,-0.01928094567281191,0.016034772676798204,-0.04860306580240714,-0.06919188579513591,0.2022761654304702,0.23158726587836992
2020-11-09,8067.65,8067.65,8085.75,7992.05,8075.2,117118089,-0.004301141622955917,0.050796793289613396,-0.048731769586122464,-0.06394676296537827,0.20294455499287872,0.22548381142243026
2020-11-10,8127.25,8127.25,8153.95,8045.9,8153.6,236638755,0.009238965086894702,0.03327167203819181,-0.049129597431434524,-0.08978227502975877,0.2033719982225622,0.22062597621573576
2020-11-11,8255.2,8255.2,8300.65,8143.0,8171.95,182808325,0.027910422672004387,0.03945554247436056,-0.03708810282346375,-0.08033004409445321,0.20988699124108193,0.22201266084658566
2020-11-12,8284.05,8284.05,8352.1,8234.75,8256.35,129703672,0.043942611226977846,0.04315387182280084,-0.04256594623105259,-0.06925447379560223,0.20392168439992037,0.2220835951712642
2020-11-13,8308.9,8308.9,8347.6,8251.8,8282.75,103615986,0.0439037873219883,0.050217402295363645,-0.03749932037249337,-0.07422788471284703,0.20391959314884736,0.22193566621206284
2020-11-17,8425.55,8425.55,8437.45,8339.35,8389.3,147523065,0.07054324140603652,0.06186119197953288,-0.013778007733316278,-0.07027506303763476,0.20155186949686746,0.22352569809371134
2020-11-18,8686.6,8686.6,8716.25,8421.3,8426.6,302732050,0.10002912609064563,0.09287403754214685,0.012488761252182456,-0.0354830197526359,0.22333247497637868,0.23156563161561897
2020-11-19,8628.3,8628.3,8807.6,8594.75,8646.85,208985626,0.09523295739427895,0.08075304373966619,0.025365791126576553,-0.03251594842076444,0.22570900619147452,0.2320885613161033
2020-11-20,8684.75,8684.75,8712.15,8572.1,8661.8,159411912,0.10434694150035284,0.0721251774581817,0.023432080884680406,-0.041251064108633884,0.22454803822417477,0.23071249098200983
2020-11-23,8738.6,8738.6,8767.8,8651.1,8744.35,141074568,0.07955921231438245,0.06789685934253953,-0.0039337798067162755,-0.05038072746564448,0.2061820123496408,0.2301976629029422
2020-11-24,8887.95,8887.95,8942.15,8767.65,8776.65,119111245,0.1345860486490973,0.09567484605854393,0.02518532288376396,-0.025169862590015857,0.15934689871692925,0.23152694123637518
2020-11-25,8738.45,8738.45,8961.1,8708.75,8951.55,121509212,0.10185798137605384,0.11454845765814037,0.020356814945148516,-0.014619523955470948,0.17757572380981923,0.22280269735468156
2020-11-26,8767.75,8767.75,8823.7,8682.0,8757.6,107476787,0.10665488624530628,0.11181912134872785,-0.0005440320894687378,-0.02041426502035737,0.176343999845771,0.22267169904156317
2020-11-27,8891.6,8891.6,8972.55,8808.35,8829.05,264064140,0.13315703953866254,0.11466161878913628,0.021926411616863595,-0.009651358697859713,0.17006505755136936,0.22320795293459111
2020-12-01,8987.15,8987.15,8999.75,8855.05,8999.75,127557226,0.1583767271602392,0.11647856091334297,0.03240189681137795,-0.02072434021201941,0.15737203857809534,0.2234587512530749
2020-12-02,9093.7,9093.7,9103.9,8985.95,9010.5,151147496,0.17607423453716575,0.1372029187587147,0.05227776598401457,-0.019839961813189477,0.15280103394716554,0.22366973884216312
2020-12-03,9245.3,9245.3,9256.9,9123.25,9150.7,104962182,0.17791778413398118,0.1617836475932568,0.06614731893526793,0.005126423139413472,0.15383110910611475,0.22510258175911155
2020-12-04,9302.2,9302.2,9408.75,9207.5,9290.65,118642374,0.17723289144809695,0.17928498985801222,0.06386430559030631,0.00776071409432455,0.1539186617767931,0.2239751078258986
2020-12-07,9311.1,9311.1,9339.9,9260.6,9313.05,74655883,0.164542555187293,0.17815793802431967,0.06261024202498233,-0.006072421968586816,0.15532427140432503,0.22399892225412302
2020-12-08,9297.85,9297.85,9456.65,9235.75,9330.45,95394319,0.16134572388553736,0.17027690371302717,0.06925163949625968,0.0005103080571982055,0.15709746111416123,0.22409421712860453
2020-12-09,9293.3,9293.3,9345.05,9283.15,9331.7,88643263,0.1519215632805091,0.16796953549165483,0.0662105018990089,-0.012121910577575612,0.15961616075114063,0.22417345709925013
2020-12-10,9200.85,9200.85,9332.7,9173.25,9286.55,80728452,0.13209880340828706,0.1450465754447534,0.06502624270393675,-0.03312135518478265,0.17070681341928068,0.22511927287550684
2020-12-11,9188.95,9188.95,9274.55,9133.65,9234.85,92635442,0.11311052427560808,0.14382896620402086,0.05313011810577284,-0.029065012033394844,0.16888019975566185,0.22518004053760773
2020-12-14,9093.1,9093.1,9251.3,9074.9,9248.65,77680765,0.09766358242647022,0.11486966969912471,0.029318750005653538,-0.05347814377213722,0.17797200237468966,0.22502912924215593
2020-12-15,9149.75,9149.75,9168.7,9052.05,9078.25,88257986,0.10119871463129892,0.12561741494590128,0.03453969466320461,-0.05254620551546707,0.17793926182825726,0.22494194578088034
2020-12-16,9239.1,9239.1,9290.95,9207.4,9239.45,158009078,0.09655749476295328,0.13200681230625988,0.033757477073747655,-0.057281273520247034,0.17568494810258947,0.22546458285389154
2020-12-17,9185.2,9185.2,9288.0,9146.4,9265.7,105375277,0.057398752100937145,0.17274839764050975,-0.004622788317009574,-0.048587486725558016,0.1501316600188646,0.20739830681527968
2020-12-18,9168.65,9168.65,9200.85,9091.8,9180.25,102380602,0.06262531437247199,0.1914687631980767,-0.014799742139419036,-0.04225735540554054,0.1469696565844691,0.20327743056009992
2020-12-21,8745.0,8745.0,9132.65,8560.2,9128.35,153717475,0.006937447825210885,0.13705808162893818,-0.02956218419008838,-0.06026319545695724,0.23050964778596225,0.22779322741469243
2020-12-22,8818.6,8818.6,8854.4,8540.95,8754.4,201102638,0.00915478451925944,0.18867479461102454,-0.03260839107946478,-0.057564410991059134,0.23137883501987638,0.21377074976643612
2020-12-23,8935.95,8935.95,8955.75,8786.45,8825.7,110982046,0.005400570435252217,0.16512810483082352,-0.036418114330114326,-0.06571279101994909,0.22821221824824273,0.2054082336399766
2020-12-24,8978.05,8978.05,9052.7,8937.45,8966.45,118029028,0.027419050289238855,0.1360953110072065,-0.04186247636352536,-0.0885040218106885,0.2192970196973886,0.19739161036252706
2020-12-28,9066.85,9066.85,9102.7,9029.35,9035.85,135299864,0.0341136551566823,0.14405314692373694,-0.034123828119863475,-0.09215298656103266,0.22128345977726824,0.1980200329542258
2020-12-29,9043.9,9043.9,9128.85,8997.3,9109.95,113534750,0.017128525799630978,0.14362489093461117,-0.05717582417087019,-0.09509819554316423,0.2167878186045002,0.19805707287744106
2020-12-30,9164.8,9164.8,9189.95,9001.4,9077.15,79890831,0.019767111932036174,0.15047513839896554,-0.0468205052965498,-0.07419081495284297,0.21853546698915713,0.19908563187536021
2020-12-31,9193.5,9193.5,9216.65,9155.6,9174.45,100830356,0.010974630788347817,0.1552598345051175,-0.05521543688870878,-0.060190488642946516,0.21498857360119136,0.19896812577718012
2021-01-04,9417.95,9417.95,9434.35,9267.5,9346.15,164133309,0.018674353455269355,0.16875566200469105,-0.0573883522367189,-0.04307894470165641,0.2239713306067895,0.20287194208519738
2021-01-05,9416.05,9416.05,9431.0,9293.45,9356.9,136135156,0.012239040227042919,0.1525082465835581,-0.05873027460555136,-0.05710772708560374,0.22314407428543392,0.20159605525354427
2021-01-06,9379.55,9379.55,9484.05,9279.05,9424.5,130185749,0.007351440753509131,0.14612583550227876,-0.05183654943798133,-0.049203999635851536,0.2237046607454156,0.20199882044679324
2021-01-07,9429.65,9429.65,9530.6,9406.05,9453.65,162002782,0.014175320100883404,0.15509891590616776,-0.04140611664059257,-0.03149769801821223,0.2242709554635804,0.20184867458343692
2021-01-08,9741.25,9741.25,9767.1,9478.3,9491.45,130177465,0.048201392400977205,0.20225239123727246,-0.012271988256081556,-0.0002712774674069607,0.25094674269783335,0.20995630330050408
2021-01-11,9995.6,9995.6,10028.75,9693.7,9789.8,266777952,0.08637788899938603,0.24124999223877253,0.011705993441574192,0.027562782887731396,0.25957277992924704,0.21412211717381635
2021-01-12,10119.85,10119.85,10259.1,9975.05,9991.45,524426855,0.101306460476986,0.2600905236550639,0.023637948818445942,0.04353471335262116,0.2603013147456965,0.2144506155367134
2021-01-13,10208.55,10208.55,10269.9,10120.25,10166.15,278435840,0.12266993654529257,0.2864649952428058,0.04841945327538433,0.03951177068480005,0.25417478559372464,0.21210419843878553
2021-01-14,10238.3,10238.3,10285.25,10148.95,10237.3,143816688,0.11897046367387087,0.28630747099359866,0.04322154033012637,0.045443589147659,0.25437151083147025,0.21210722177905367
2021-01-15,10178.3,10178.3,10287.45,10092.05,10241.7,319178708,0.10165492309857016,0.29324617075479464,0.04676809598989151,0.07757703496004287,0.25704931067966325,0.21071507225103994
2021-01-18,9961.1,9961.1,10173.8,9863.9,10162.9,243272354,0.08447284762443918,0.26142565881950697,0.045129902818801026,0.06099360657462727,0.27137808050098955,0.21727489069871306
2021-01-19,10136.8,10136.8,10166.2,10008.75,10033.35,189171600,0.10559351703904052,0.28671435190180294,0.050319520234174187,0.07029823018082326,0.27447485303169383,0.21864564386241922
2021-01-20,10369.25,10369.25,10387.8,10118.45,10140.8,266689837,0.18573470554602634,0.3185468232421813,0.08697568224917474,0.08753253285471096,0.1997647128072608,0.22151411735961832
2021-01-21,10367.75,10367.75,10596.9,10282.25,10432.55,348416240,0.17566847345383607,0.2808230178143454,0.09219715460675171,0.05786224238914395,0.202120779147056,0.21584337086595423
2021-01-25,10433.5,10433.5,10692.15,10337.4,10649.8,229287932,0.16758710601558868,0.331882328161202,0.12069378124276109,0.1218888807625913,0.2012811728503232,0.2017089529059591
2021-01-27,10210.25,10210.25,10457.9,10161.3,10410.25,212260149,0.13724583846158134,0.2874417607636197,0.12137224535650293,0.1126558555792323,0.2266653420357933,0.20818404125538303
2021-01-28,10105.6,10105.6,10312.15,10056.95,10065.95,186624252,0.11456569812007467,0.27551670821368845,0.11857705742013025,0.0975097629771533,0.23381021710012653,0.21004349799199554
2021-01-29,9813.15,9813.15,10308.9,9776.9,10221.85,242836391,0.08505733146098482,0.2506005671137732,0.10644601758955774,0.08233448102267671,0.26344363864762954,0.2192273600249577
2021-02-01,10227.95,10227.95,10262.1,9726.55,9919.1,264249513,0.11600362255586605,0.31830660961022916,0.09460102879606813,0.0916523359080137,0.29364594393087307,0.23012479319629356
2021-02-02,10638.6,10638.6,10689.95,10383.55,10427.05,378775000,0.15718714309022674,0.3758737754211259,0.1095464965778088,0.1206110425710043,0.3170246745511869,0.24024076057985796
2021-02-03,10749.15,10749.15,10860.05,10626.45,10754.0,326033358,0.14134710844716736,0.369519101524427,0.09485631133355077,0.11756581119450793,0.3110438525461641,0.2396331736820299
2021-02-04,10867.1,10867.1,10988.35,10732.2,10763.6,212135538,0.15410389706936578,0.37527762837346157,0.1050774953914897,0.12443575990765976,0.3103166161572493,0.23989772211296595
2021-02-05,10723.95,10723.95,10987.05,10649.0,10958.9,174318543,0.14333310233433383,0.3412482021136891,0.08833619502674339,0.10990489868912556,0.3164689003217093,0.24248663950898694
2021-02-08,11061.15,11061.15,11077.85,10818.4,10830.1,205152241,0.17301808656737006,0.381590287405853,0.1038077874414538,0.14901081038446207,0.3278708034186006,0.24816300836689945
2021-02-09,10907.6,10907.6,11093.15,10855.25,11087.4,176334521,0.11973309380213015,0.3520170061913941,0.06661839902177147,0.13949478362521806,0.32323257727474985,0.251259750396579
2021-02-10,11010.85,11010.85,11049.7,10822.5,10922.9,203307670,0.1015696906638921,0.35480636131532806,0.05864523563360158,0.15882972688298458,0.3148340111141227,0.2513769867967079
2021-02-11,10965.25,10965.25,11057.1,10878.35,10947.5,137197474,0.08353878763025135,0.3282839906967727,0.04166343521058291,0.1381419545776379,0.3150579969290378,0.25109493878370287
2021-02-12,10912.25,10912.25,10989.95,10835.55,10951.6,292431448,0.06893241449569243,0.31726027727983297,0.02784375162839492,0.12243410099055363,0.31604574448376016,0.2518508407079076
2021-02-16,10944.9,10944.9,11034.05,10881.4,11005.5,145881829,0.06901536387876894,0.3172501775204901,0.01983269203592042,0.11335786975377071,0.31604448692257475,0.2518510488984019
2021-02-18,10827.0,10827.0,11027.8,10787.7,11027.8,120037695,0.06373362938801175,0.2850199690227939,0.016257930798779352,0.11065962306380261,0.31843973508735274,0.25303740231601124
2021-02-19,10540.35,10540.35,10786.45,10450.55,10785.05,160188914,0.05815120819989761,0.21340340294246318,0.009104538436505827,0.05546086821017715,0.3243371762578031,0.25483280651597295
2021-02-22,10300.0,10300.0,10559.95,10241.25,10559.8,137874947,0.01609975534685515,0.19374616088916707,0.005456672634394755,0.04466655747827497,0.33188309418921386,0.2597103757274968
2021-02-23,10379.55,10379.55,10423.25,10205.85,10343.55,212136303,0.000993321599922714,0.19514666513140844,-0.0033153776928902534,0.051376322214929715,0.32292762398199976,0.25979031109030687
2021-02-24,10405.5,10405.5,10513.35,10325.55,10410.2,85437145,0.0036410985990209532,0.19075137893941818,-0.023202013534038946,0.03173248561378572,0.3230426621734028,0.25970556907237885
2021-02-25,10497.95,10497.95,10537.55,10411.15,10488.6,125526453,0.006177217616332165,0.18114413334908508,-0.05411179313587522,0.024715508810487785,0.3238021926062587,0.25836263607099486
2021-02-26,10169.9,10169.9,10450.95,10110.5,10368.75,171209501,-0.00395191106975834,0.1638105155948708,-0.04416314361853235,0.033876002028304875,0.3347023055860553,0.2648811064410975
2021-03-01,10411.8,10411.8,10472.7,10292.75,10304.25,161742834,0.030300031665611016,0.1875110490148555,-0.0380188825661838,0.05087057741344636,0.3425880791358835,0.26834687357876497
2021-03-02,10744.05,10744.05,10766.7,10419.75,10491.8,203848525,0.09486250592317447,0.20833708218993197,0.0006536522127367217,0.05796643655607325,0.33787548947113655,0.2737467886281684
2021-03-03,10673.1,10673.1,10820.4,10640.15,10819.05,145083220,0.043522895594913846,0.1875956226389901,-0.024006401724161908,0.02461281026737816,0.31024492368039586,0.27401091996921145
2021-03-04,10625.75,10625.75,10710.1,10514.3,10559.4,110349226,-0.001207865696614241,0.16847377854998502,-0.030761718457905096,0.01847854453988118,0.2777848191435118,0.2737730571799078
2021-03-05,10524.4,10524.4,10663.75,10488.85,10558.15,143548748,-0.020908629984696447,0.1383513785382844,-0.030925527412076215,0.0009817347089584594,0.2768936504085636,0.2733255300265521
2021-03-08,10507.35,10507.35,10632.1,10488.4,10597.8,129958354,-0.03310450810243759,0.12955537399754902,-0.03716944001877798,0.0015134376143706163,0.2732578782131299,0.2733058818143977
2021-03-09,10464.25,10464.25,10621.45,10381.6,10572.65,128775369,-0.024216823092237494,0.12384680649976909,-0.035885777352920645,-0.00663260428771939,0.27002746750456064,0.2735880301251598
2021-03-10,10559.3,10559.3,10613.6,10511.15,10525.75,105320840,-0.04537050849143176,0.13567114978193873,-0.04927370916637752,0.002627303326163677,0.2454700692485567,0.27387806316423535
2021-03-12,10383.9,10383.9,10624.35,10313.35,10603.15,93164846,-0.048012395027320465,0.11735336209957725,-0.04282687283980702,0.006344453206867939,0.24740512137365087,0.27655430944407416
2021-03-15,10335.1,10335.1,10450.2,10178.25,10446.75,92986219,-0.06137128377918144,0.12327665378742192,-0.049654473134756905,0.01560727290543551,0.24345771695990073,0.27579813936212744
2021-03-16,10350.8,10350.8,10401.25,10301.7,10378.3,76199688,-0.05603611408768616,0.12643990880350842,-0.03871294689541871,0.023094035769030352,0.24398486436129876,0.275717599928581
2021-03-17,10159.1,10159.1,10378.8,10133.9,10369.75,101835105,-0.06901876331645629,0.11723174714893703,-0.039869435288043764,0.031442064887647225,0.25033145194571377,0.2778084562051002
2021-03-18,10143.95,10143.95,10345.2,10039.55,10251.95,149400391,-0.07318020265146319,0.10865870652203613,-0.02383792012856112,0.03569209585766542,0.24927644329546117,0.2777402588282146
2021-03-19,10186.5,10186.5,10207.15,9841.65,10067.15,193169078,-0.059157661402050477,0.10254245543397089,-0.03435764615834991,0.0249773703602596,0.24935794796089641,0.27729080529397293
2021-03-22,10140.45,10140.45,10226.8,10069.45,10176.3,97762665,-0.03793991660618479,0.10399882419544482,-0.02156335115989183,0.031535253841717736,0.23318761222862008,0.2771519173115269
2021-03-23,10187.65,10187.65,10265.0,10167.2,10183.65,104759808,-0.010907766990291279,0.11113958979784377,-0.020382599729918516,0.0345292646091373,0.22026745111827412,0.2771238456829453
2021-03-24,9925.25,9925.25,10164.35,9897.85,10116.7,109638896,-0.04376875683435211,0.13496283590623204,-0.03299900091123864,0.043353943299822006,0.23561638166811236,0.26419023640680533
2021-03-25,9651.35,9651.35,9924.35,9605.05,9916.6,167022338,-0.07247609437316804,0.09443108883496243,-0.028616822622066773,0.030671882639461856,0.2517806052808725,0.27092918629444207
2021-03-26,9771.5,9771.5,9853.85,9749.4,9766.4,132881924,-0.0691992246105193,0.09350432802332143,-0.030116218655547145,0.026877347754176606,0.25442013487206316,0.27077824312794374
2021-03-30,9865.0,9865.0,9885.95,9749.35,9835.85,94636811,-0.029980629111397317,0.09879094012619682,-0.051726513093289794,0.01908843930797044,0.23528723712865693,0.27120254170923763
2021-03-31,9862.45,9862.45,9946.95,9812.25,9866.0,98695893,-0.05276225052344441,0.0877482256792601,-0.04796264544725504,0.02882166306278333,0.21609658464854573,0.27067614895504905
2021-04-01,10022.6,10022.6,10044.6,9889.7,9967.85,93981628,-0.0671487939836467,0.10821658797642608,-0.0636800859948965,0.041125734423796745,0.18919892634018348,0.27221018851563505
2021-04-05,9768.05,9768.05,9991.3,9688.4,9988.1,115412838,-0.08479729413197679,0.06582249476256985,-0.04493006553745538,0.018915618381700083,0.20491195445601376,0.27682883369527356
2021-04-06,9781.35,9781.35,9881.2,9755.1,9836.85,98275351,-0.0794673317177611,0.06394191548376571,-0.053125803610737266,0.013751488677393064,0.20594017241109533,0.2767962457615474
2021-04-07,9937.0,9937.0,9950.55,9761.15,9790.0,83645837,-0.05581315799475506,0.05511284302847219,-0.047843616500147124,0.006563048216527312,0.2164681062076926,0.27434344992987636
2021-04-08,9959.35,9959.35,10083.3,9933.1,9992.3,143994891,-0.05215396841258735,0.05769935376298996,-0.04664452152441145,0.010211779926763365,0.21719859747043285,0.2743475632301936
2021-04-09,9922.95,9922.95,10032.85,9885.6,9961.55,124222936,-0.051728504192847025,0.05793454909883744,-0.03427296092790322,0.009257365437089549,0.2171651891767062,0.27433126072663366
2021-04-12,9415.65,9415.65,9738.35,9345.2,9738.35,171306475,-0.10830736885967818,-0.0014846786466093942,-0.051370868140036996,-0.013753611657750131,0.27524041132557336,0.29516813741684106
2021-04-13,9818.3,9818.3,9845.5,9406.4,9438.2,182406912,-0.05446893748976789,0.007909662517644023,-0.019464471119499227,-0.0030715223566351035,0.31926017293295217,0.3001585233682034
2021-04-15,9691.45,9691.45,9817.0,9558.7,9787.85,124802146,-0.062278062137763546,-0.030428388490935987,-0.03896517123803478,-0.037104388788662845,0.32126920007462245,0.2965066028177112
2021-04-16,9808.95,9808.95,9926.45,9679.5,9691.3,123527904,-0.05234861073540198,-0.0307217992361547,-0.03272475081804771,-0.03445713758887614,0.3254755060546644,0.2964511395469002
2021-04-19,9532.15,9532.15,9562.95,9395.25,9476.65,127131479,-0.06171314388085569,-0.06625818554055174,-0.037133139793188,-0.052155780121254436,0.33375641846968707,0.3013179428405615
2021-04-20,9630.7,9630.7,9738.1,9539.7,9683.95,115384411,-0.05059666106398397,-0.05934578982838934,-0.03263733150877057,-0.03884651424139529,0.33714988875122137,0.3021197054973897
2021-04-22,9644.55,9644.55,9665.95,9503.8,9529.3,117258633,-0.053202768369901454,-0.05243999489109186,-0.030288389003718552,-0.05053128095670878,0.33655719819482327,0.30198922008278023
2021-04-23,9596.95,9596.95,9695.9,9534.9,9569.25,117321310,-0.053597226947522,-0.03655720753732017,-0.02678940612437697,-0.040761993201702706,0.3365899641659202,0.29903599949473025
2021-04-26,9641.45,9641.45,9713.1,9612.7,9630.2,69631610,-0.0536139345187554,-0.048866506195248904,-0.03135571213903254,-0.04637700710925785,0.33658482346307683,0.2968639412152688
2021-04-27,9708.2,9708.2,9733.8,9653.9,9662.3,79787691,-0.021868466789249585,-0.06375099452708721,-0.028992431439317623,-0.06432113999019962,0.3264646904251497,0.2932673833472753
2021-04-28,9871.5,9871.5,9968.4,9758.15,9781.5,144645600,0.022810280427090435,-0.04786477297388536,-0.014861842892920585,-0.06665803034287354,0.31602215175088233,0.2955195240875264
2021-04-29,9773.7,9773.7,9985.0,9754.0,9959.2,95398354,0.00022514455303701553,-0.06323860641203805,-0.026492479757191933,-0.10930957973185396,0.31542345926636034,0.29572281514256155
2021-04-30,9640.85,9640.85,9780.35,9619.0,9701.3,87886826,-0.022721743537759687,-0.0557674885531696,-0.008306212107788369,-0.10327775233516356,0.3168959540083352,0.2938079876760606
2021-05-03,9662.95,9662.95,9715.9,9485.5,9539.55,84173401,-0.02022823943340646,-0.04380244616846096,-0.016378878685744946,-0.10290124425352198,0.31711995888358874,0.29322989745431094
2021-05-04,9577.7,9577.7,9758.7,9541.2,9728.45,84571093,-0.04438967932472604,-0.023993315092503353,-0.0194457842042971,-0.08720752125315712,0.31156862920009143,0.2876396920760916
2021-05-06,9815.1,9815.1,9826.55,9664.3,9669.2,96767762,0.004816723911118537,-0.040364882503336474,-0.0011267922703324107,-0.07142667025984473,0.3124105286646238,0.2791009378614922
2021-05-07,9819.45,9819.45,9907.45,9767.0,9858.35,80119487,0.0038951678449294924,-0.07699791325926342,-0.005615534005787293,-0.08896559356216616,0.3123838610836806,0.2663521402631621
2021-05-10,9973.05,9973.05,9984.8,9834.5,9856.65,98657080,0.0036278554895843307,-0.0722010577580553,-0.004692502854072744,-0.08250531247493742,0.31220892949475787,0.26753168142600026
2021-05-12,10013.65,10013.65,10066.8,9913.5,9992.0,159794759,0.005452163042768854,-0.07853521178603318,0.01737243943586808,-0.06516551087318545,0.3124347574383957,0.266568149552232
2021-05-14,9810.45,9810.45,10061.5,9777.5,10059.2,122799066,-0.01133735431499705,-0.08518316478536359,-0.0007508091984054222,-0.06866975906564565,0.32085112581647995,0.26835544664765687
2021-05-17,10001.7,10001.7,10037.8,9785.9,9844.15,111287569,0.06224211817559078,-0.09578118007621261,0.01945271476733934,-0.08303627629660859,0.2627415364007762,0.2633543738436285
2021-05-18,10324.0,10324.0,10344.5,10070.25,10102.4,178051932,0.0515058615035191,-0.05350397887711322,0.00991274661664332,-0.05342454466586488,0.2446690685055437,0.2707835097926367
2021-05-19,10249.1,10249.1,10303.0,10179.45,10231.85,183713092,0.057540409329873254,-0.06918176162603251,0.02676842236682453,-0.06412767170613043,0.24066659036415586,0.27022290643167507
2021-05-21,10312.4,10312.4,10332.0,10215.1,10276.1,84958643,0.05132557511252478,-0.05953808622694423,0.013190677695398056,-0.05966989671152867,0.23856091557515186,0.27056685689454535
2021-05-24,10315.75,10315.75,10390.3,10299.25,10347.95,76938445,0.0822060080884166,-0.05466333707530524,0.02382981759376679,-0.056931998321082644,0.20872817336879584,0.270462355154884
2021-05-26,10437.8,10437.8,10473.45,10399.1,10423.45,76408438,0.0838049155305427,-0.04633208160878588,0.013504016197409152,-0.045548456766118295,0.20938727041917735,0.27160154670098774
2021-05-27,10486.0,10486.0,10561.3,10441.35,10467.25,108963327,0.08724616493252668,-0.031495335734737284,0.02257245311591838,-0.04597381547272639,0.20917008625816982,0.2710061782139633
2021-05-28,10510.25,10510.25,10573.95,10429.4,10537.6,76036986,0.09516565158722301,-0.002855692647777408,0.01886176031783715,-0.033152579902270274,0.20653839553851858,0.2654511869148414
2021-06-01,10457.85,10457.85,10619.0,10443.75,10507.3,73116782,0.0846760601361829,0.015325242718446708,0.009436183755444194,-0.045942662873525775,0.2092953607206314,0.2613092692432639
2021-06-02,10647.75,10647.75,10671.6,10413.3,10431.55,150866245,0.09677901155724022,0.025839270488605015,0.03377844833458021,-0.0332042575820064,0.21491981432593024,0.26340663698817823
2021-06-03,10647.65,10647.65,10690.45,10600.65,10683.25,126681590,0.07862533556197127,0.023271346883859456,0.023070353033870283,-0.024008696459819623,0.21061863004093798,0.26337251631004116
2021-06-04,10735.75,10735.75,10749.15,10634.9,10672.85,125333298,0.09843252811115533,0.02265204158907208,0.046377825559199115,-0.015295042200339948,0.20469397764142935,0.26329234575520216
2021-06-07,10806.55,10806.55,10888.25,10791.2,10814.25,123931567,0.12091257513600961,0.06260140217701249,0.04432566019682094,-0.02153978757822772,0.19285651633317968,0.254903275459029
2021-06-08,10873.9,10873.9,10889.65,10762.15,10836.05,80305137,0.12531887260101726,0.04438233542711156,0.049745696896980496,-0.02190811629610545,0.1924367998271447,0.25081571108012773
2021-06-09,10734.4,10734.4,10913.95,10670.55,10889.15,99849601,0.12077012226317363,-0.0008981715461114925,0.042209807057779214,-0.048907100955626004,0.197040578365362,0.2440087213714504
2021-06-10,10722.7,10722.7,10781.5,10681.9,10773.85,57285263,0.09246976597283774,0.0046471971592134675,0.023677645961125426,-0.027634274428323335,0.18526558014953945,0.2436316205613518
2021-06-11,10765.5,10765.5,10807.15,10717.25,10772.35,94215096,0.0963444999465346,0.013152012799096502,0.030488106870511844,-0.03449811132437208,0.18468240079188938,0.24357562415281644
2021-06-14,10753.1,10753.1,10767.8,10570.85,10755.35,73534986,0.07821579155824954,0.021730454942799682,0.020025478606766622,-0.03676092099176986,0.18105173523004298,0.2427379175253372
2021-06-15,10754.4,10754.4,10803.25,10739.4,10768.2,59696269,0.07397402545525367,0.023512112949506614,-0.005823885612007196,-0.03753613411619283,0.18150597758185014,0.2427034864871509
2021-06-16,10669.45,10669.45,10772.25,10644.55,10742.5,73105347,0.0875596939997656,0.01960962324103499,0.013314915184075682,-0.02470960242196929,0.1640412500307906,0.2431317472918436
2021-06-17,10523.0,10523.0,10664.95,10484.95,10618.7,76483039,0.05212113940630081,-0.003437727879688879,0.0006407227455782483,-0.03748104921417683,0.1657088107151619,0.24414284001087563
2021-06-18,10443.75,10443.75,10552.05,10229.1,10540.75,122053732,0.01159918636187518,0.005763730390315747,-0.026476416452064555,-0.03764000693734526,0.12845021931043088,0.242177431419182
2021-06-21,10401.15,10401.15,10420.65,10276.1,10319.1,63646621,0.014835448966250553,0.0063908428558987485,-0.03282539212698432,-0.048333025994364176,0.1263416923058846,0.24212795664184997
2021-06-22,10540.45,10540.45,10614.3,10451.5,10456.0,67491862,0.022114153834219108,0.01832225528461584,-0.01725575667838597,-0.03950965410726748,0.1327909289863978,0.24362162599525616
2021-06-23,10588.5,10588.5,10684.95,10551.15,10599.5,61047544,0.026440152194459943,0.04226752369796527,-0.005752218605886705,-0.02332793345844153,0.1333118453634124,0.24051755045775008
2021-06-24,10618.45,10618.45,10638.25,10550.85,10604.55,47164355,0.01730728697618278,0.04677665012150101,-0.014650468253436078,-0.03789248845400173,0.12766893409935387,0.24051296056736438
2021-06-25,10706.8,10706.8,10754.9,10643.9,10644.65,141317283,0.02105664695784859,0.051077406371177414,-0.013009406192172612,-0.02463811244156,0.12975264527374258,0.24090872632668142
2021-06-28,10709.9,10709.9,10746.1,10676.9,10746.1,51507645,0.01899574225161138,0.05615628497749103,-0.005561033465317333,-0.0170162521485695,0.12968895198169766,0.2406529552235926
2021-06-29,10612.25,10612.25,10754.95,10588.25,10712.15,77044012,0.01476402893520179,0.04167791394482534,0.003617816272383889,-0.021347124973313703,0.13301512132025353,0.24139984832757655
2021-06-30,10600.35,10600.35,10699.5,10583.0,10637.75,42102528,-0.004451644713671876,0.06801843782272488,-0.013779966311080805,-0.012541556259935138,0.1163776190033977,0.23490725022159067
2021-07-01,10687.7,10687.7,10744.1,10619.55,10620.15,64393655,0.0037613933590980864,0.10737876048428463,0.004421009596636605,0.012781271327442001,0.12017003659843545,0.2273585925009458
2021-07-02,10685.5,10685.5,10743.8,10646.2,10741.45,36439982,-0.004680623151619545,0.09353732794350922,-0.007995834798689594,0.009793253789030842,0.11634257745425451,0.2262956145266637
2021-07-06,10559.7,10559.7,10816.85,10527.5,10755.15,197418178,-0.02284262785070157,0.07042067916877848,-0.027070731428637695,0.004867034112032931,0.12034629365369523,0.22729033973608304
2021-07-07,10552.5,10552.5,10598.0,10493.65,10565.3,136207039,-0.02955701266334987,0.06996740160913362,-0.038422952823403356,-0.010964764966008289,0.11719462058413882,0.22730308175465533
2021-07-08,10456.0,10456.0,10558.25,10425.95,10510.35,113210917,-0.025935310776568743,0.043242272464230735,-0.03185463996090032,-0.014639650263096327,0.11305661239422743,0.2260905709466233
2021-07-09,10420.3,10420.3,10456.05,10386.05,10444.0,79563937,-0.02820185214544857,0.06677381872533417,-0.02515502554618887,-0.005094905675659067,0.11329773832661379,0.21947741036959462
2021-07-12,10438.2,10438.2,10523.0,10422.75,10496.5,51084582,-0.030402675212484298,0.0671533070588417,-0.0236460679698256,-0.001570063348418138,0.11214072246728315,0.21948058190985575
2021-07-13,10497.8,10497.8,10531.25,10463.6,10505.7,48580500,-0.023741990681756975,0.05643554392673833,-0.023773612535768485,-0.010593031979208245,0.11505273056693346,0.21755859493124233
2021-07-14,10467.9,10467.9,10510.65,10455.75,10503.75,45852017,-0.026640258870787803,0.05106256934438491,-0.025676142438851857,-0.014835210879610372,0.11508355552369003,0.21767621878653737
2021-07-15,10426.0,10426.0,10488.25,10404.25,10480.95,42593448,-0.022817483562882823,0.05069560967252684,-0.03275246982044522,-0.022736249404027298,0.11293190343911517,0.21770816809408808
2021-07-16,10428.45,10428.45,10459.6,10400.35,10458.95,39758674,-0.008985080300294546,0.10756559557757583,-0.02377024887827639,-0.00511857357761647,0.10256724871751809,0.18725914435300173
2021-07-19,10310.9,10310.9,10379.7,10268.4,10372.3,42881793,-0.012720526630760065,0.0501716183045946,-0.017123334893653364,-0.03584132932218442,0.10682608487155239,0.16940413811665309
2021-07-20,10222.2,10222.2,10341.3,10175.6,10318.4,45481712,-0.017204828312253784,0.05476476688214871,-0.009939696973543577,-0.01728906864103208,0.10995101865329672,0.16811468199095736
2021-07-22,10235.8,10235.8,10303.25,10189.15,10296.4,40391500,-0.02890294057654097,0.04351638044846773,-0.03215537307483707,-0.03899918973080929,0.09692514545408179,0.16650223075955456
2021-07-23,10201.35,10201.35,10297.6,10190.8,10249.3,49425509,-0.03656325258535198,0.07020451839301733,-0.04734288835072398,-0.034019500564445915,0.0944520954668271,0.15515551127330673
2021-07-26,10137.95,10137.95,10212.65,10127.15,10204.65,41198611,-0.0452514255847134,0.05267010705348518,-0.04740462575186832,-0.05421342746822089,0.09396230797467375,0.15468524514910648
2021-07-27,10094.35,10094.35,10217.1,10047.65,10153.15,75265962,-0.0572019651062875,0.04663773841184926,-0.05002057145055283,-0.04639889999223956,0.08535709963907555,0.15504093743527447
2021-07-28,10000.4,10000.4,10122.55,9947.95,10119.1,52737251,-0.06624711715328813,0.04203939793371836,-0.059588767428851885,-0.05335265501196118,0.08734783116048801,0.15599292045767454
2021-07-29,9956.65,9956.65,10027.95,9945.8,10021.0,79991836,-0.06177766260689299,0.03269217804375879,-0.06368261195923808,-0.05660365870546458,0.08479885578833793,0.15611385463840996
2021-07-30,10048.5,10048.5,10179.6,9976.9,9990.7,136246175,-0.052059601805600764,0.035052841927442735,-0.05470246697034331,-0.04069930624616891,0.09536060591315847,0.15658080102289368
2021-08-02,10183.45,10183.45,10190.3,10114.1,10162.75,50520670,-0.04718040364156928,0.03160107379830834,-0.060263974472245296,-0.03705896632047523,0.10443850982528045,0.15525721491206285
2021-08-03,10342.6,10342.6,10355.65,10206.45,10220.1,90315727,-0.03209021571288195,0.05820722960598346,-0.05807575206353266,-0.02476409460326434,0.12222872816722938,0.1566829870907616
2021-08-04,10246.8,10246.8,10408.0,10203.2,10378.9,66434257,-0.02963152362283028,0.06285234185782373,-0.05748225329820522,-0.04839699952930876,0.11972353022917648,0.1551863047355356
2021-08-05,10224.9,10224.9,10240.0,10157.7,10237.65,52662448,-0.03104477611940304,0.058155118260986516,-0.05717565485682008,-0.05530888029226899,0.11970260274097685,0.155296461673736
2021-08-06,10249.5,10249.5,10316.4,10235.55,10263.3,42987000,-0.019749426166794204,0.07014210092193318,-0.052194939681851626,-0.05000415474753872,0.11696845524552724,0.15396936656884455
2021-08-09,10239.0,10239.0,10348.8,10200.45,10274.75,49578057,-0.017398731322514682,0.04318855640798347,-0.053629288906982375,-0.06095209172662419,0.11661891419405634,0.14611774098517633
2021-08-10,10158.75,10158.75,10271.8,10095.1,10247.1,40571232,-0.026771857216761563,0.03455387012510869,-0.06420988626384305,-0.06373489982972202,0.11873510150682394,0.14717037501180671
2021-08-11,10140.4,10140.4,10225.35,10000.95,10173.8,49694892,-0.03404522852407166,0.016780222700176983,-0.06376253191245607,-0.07289110916213803,0.11577616248032585,0.1438976540820752
2021-08-12,10180.55,10180.55,10223.75,10137.1,10177.35,73337284,-0.027450587032738172,0.01666724920483542,-0.059647622410294865,-0.09682238374348562,0.11741039935244241,0.14388534911891696
2021-08-13,10178.3,10178.3,10240.85,10151.6,10218.65,92851893,-0.023757912910032708,0.03749573159233255,-0.06174408531701858,-0.08863351320744117,0.11705929680119491,0.13722628585101748
2021-08-16,10088.8,10088.8,10209.2,10071.1,10182.3,46695548,-0.032569557316763365,0.008708519551676064,-0.07274002184905004,-0.10118117181370856,0.11997115495106747,0.13290303804843476
2021-08-17,10088.3,10088.3,10100.45,9963.25,10073.4,64204619,-0.021588804081118074,-0.022830298333979093,-0.07632326977328874,-0.12254502347817764,0.1144547966767001,0.11547358765714652
2021-08-18,10067.95,10067.95,10134.15,10045.6,10123.75,46364038,-0.015089706716753692,-0.017674722658574837,-0.07501447839862085,-0.1200488958211906,0.11102486953305775,0.11463177284537521
2021-08-20,9904.7,9904.7,10032.55,9876.6,9972.55,69250151,-0.03234725180249698,-0.03953492882355214,-0.07193573913946993,-0.12356623046008408,0.12362813460026194,0.11843476820508606
2021-08-23,9759.15,9759.15,10007.65,9744.5,9982.55,60450769,-0.04334720404652337,-0.053956328914523954,-0.08373553669878209,-0.13941327350131605,0.13211605108043026,0.12189849303057358
2021-08-24,9832.8,9832.8,9851.55,9704.6,9779.0,65794113,-0.03009977362287264,-0.057962405870969014,-0.08066389459938017,-0.1444345635536336,0.13554254366974103,0.12031206284890635
2021-08-25,9808.65,9808.65,9899.25,9799.1,9874.45,62579017,-0.028302961557703177,-0.06459565134465006,-0.08470933787081691,-0.14914471228063364,0.1351975073341807,0.11977701589592166
2021-08-26,9763.1,9763.1,9812.95,9745.95,9801.65,39134531,-0.023729050837966392,-0.07108774767488879,-0.08277013305225056,-0.14891083705566355,0.13255278030539488,0.11977736145236735
2021-08-27,9793.85,9793.85,9812.0,9718.25,9768.35,39788500,-0.01635088106943594,-0.0634929741772926,-0.07508599205725774,-0.13606828872123578,0.1328482562309113,0.11984541920981329
2021-08-30,9957.9,9957.9,9968.75,9863.45,9867.7,53889116,-0.009016271085236616,-0.06478833556385155,-0.08311366917980889,-0.15177043446787242,0.14253425504855236,0.11893386986789285
2021-08-31,10034.45,10034.45,10044.35,9893.85,9972.7,79899138,-0.014631583598878617,-0.05759017247937326,-0.09313564540876706,-0.14948421214522578,0.1365420223395315,0.12026920246783596
2021-09-01,10043.9,10043.9,10088.65,10010.6,10049.1,83544389,-0.028880552278924165,-0.06444356472533364,-0.08749530980724729,-0.15416772356134456,0.12263963976653314,0.11879826246320295
2021-09-02,10022.45,10022.45,10083.5,9981.3,10082.95,59022130,-0.021894640277940303,-0.0725578468613941,-0.08188372911931352,-0.16667496876516297,0.11915145733247876,0.11772846055953355
2021-09-03,10124.75,10124.75,10195.9,10042.55,10054.05,135494364,-0.00979471681874633,-0.06889432494321257,-0.07294447346621691,-0.16949724609987715,0.1255585661668474,0.11906628983153027
2021-09-06,10167.25,10167.25,10214.4,10156.1,10185.2,63149144,-0.008024781696668093,-0.052834811447309504,-0.07820500932229302,-0.16427786935182997,0.12626276988166402,0.11701548343393592
2021-09-07,10152.7,10152.7,10204.05,10115.55,10189.35,48917109,-0.00842855747631599,-0.053158253051936555,-0.07632329457132936,-0.1563718388170554,0.12629764046672629,0.11701989376224288
2021-09-08,10100.4,10100.4,10154.45,10047.15,10152.1,45884211,-0.005743816906607635,-0.06178068830987882,-0.07167709842086045,-0.16014868630030232,0.12453593763339087,0.11688756117702916
2021-09-09,10112.6,10112.6,10144.3,10054.35,10070.95,85623927,-0.002741509210681947,-0.059564218690424164,-0.06950132434679634,-0.15805999427012618,0.12450775197212176,0.11697982879528794
2021-09-13,10120.15,10120.15,10125.8,10045.0,10119.95,40423133,-0.00593288181876217,-0.05897586104292196,-0.06648507847563911,-0.1526192771621463,0.12362838886879371,0.11701297971446069
2021-09-14,10209.6,10209.6,10246.75,10149.35,10151.25,51224439,0.003075169723824267,-0.04309969117433421,-0.04840376202285035,-0.1453635314847126,0.12777970045531592,0.1178093248824835
2021-09-15,10297.0,10297.0,10309.6,10222.95,10239.95,56519960,0.020636745698199954,-0.02147676518103203,-0.03710614539905355,-0.13797680868366224,0.12643697005152016,0.11609520247660982
2021-09-16,10351.45,10351.45,10358.7,10300.45,10343.2,48665091,0.026084672343209547,-0.008837821663674417,-0.03500018160971563,-0.13292804722758422,0.12724846135296114,0.11567521423908837
2021-09-17,10351.45,10351.45,10469.85,10284.45,10392.1,57951511,0.02815866189244076,-0.0047783177821681955,-0.0331793793844235,-0.12154397304683029,0.12675341004328708,0.11538360343324659
2021-09-20,10202.65,10202.65,10348.05,10176.4,10286.95,49504426,0.030081678395105227,-0.032047967591516624,-0.027448511606718462,-0.13501989009234872,0.12341511026203726,0.11566738829499099
2021-09-21,10155.95,10155.95,10226.4,10021.35,10196.95,46835825,0.0406592787281681,-0.04085092317136507,-0.023933456782385676,-0.16038019950245153,0.11014928000579045,0.11546504021645713
2021-09-22,10284.6,10284.6,10314.0,10174.15,10179.5,62548211,0.0459482548206005,-0.03144055865027384,-0.009514782059399485,-0.1426596925945257,0.1148901274284581,0.118431758419056
2021-09-23,10372.95,10372.95,10404.45,10333.25,10337.75,76208125,0.057530852869660976,-0.03118111854148753,-0.013904302076228614,-0.15492363732019798,0.11555673737267638,0.11851817612026075
2021-09-24,10429.05,10429.05,10473.9,10341.75,10403.4,56801618,0.06821091661459966,-0.026223400778718764,-0.004897583139981565,-0.15512239970136132,0.11242511406625534,0.11912860379474206
2021-09-27,10765.15,10765.15,10801.0,10501.05,10513.05,115907475,0.09917448194530243,0.014407877688520365,0.030339601524699944,-0.1193608035426994,0.15102963536899644,0.1347819383616997
2021-09-28,10695.95,10695.95,10842.35,10608.75,10824.45,63936559,0.07411703270769943,0.00901857014155194,0.025830081195488575,-0.11991948343953118,0.14913462978471395,0.13545203852168256
2021-09-29,10655.5,10655.5,10715.65,10559.4,10640.1,52280169,0.06189178280822549,-0.003012809117022397,0.02808984324951358,-0.1325600528191907,0.1505070027424177,0.13463287589868314
2021-09-30,10598.45,10598.45,10676.15,10561.75,10652.15,82864408,0.055212616613068644,-0.008146553741050888,0.023478460072551943,-0.12873719447578524,0.15329385389347525,0.13507335351068459
2021-10-01,10596.95,10596.95,10617.85,10437.1,10544.85,77555803,0.05732131365085391,0.0035275623360511155,0.04003584358863077,-0.10481569821742354,0.15262276197988153,0.1328522992737126
2021-10-04,10641.15,10641.15,10695.45,10616.4,10649.4,59782703,0.0510037284871232,0.008400852878464704,0.02978121129005995,-0.10568223867653126,0.15024938126743864,0.13310764647590767
2021-10-05,10692.0,10692.0,10728.1,10599.95,10624.45,58370589,0.05161179276598893,0.02257077276205055,0.026033182123864407,-0.11059387977309765,0.15035025110925726,0.13199907329348573
2021-10-06,10567.55,10567.55,10766.9,10535.1,10722.65,53361880,0.04086105173993104,0.014131071082406521,0.024509320266641765,-0.11054867114910771,0.15815135756281784,0.13409214707982048
2021-10-07,11031.8,11031.8,11091.45,10639.45,10659.7,235375460,0.09221416973585206,0.05686804238278609,0.06704059614118818,-0.07680961792958008,0.21231763057436273,0.16018612957323045
2021-10-08,11079.35,11079.35,11206.95,11054.65,11147.75,125060054,0.09559856021201263,0.05539732134351971,0.06531808070080758,-0.0763256458833177,0.21198231097159914,0.16003430159479473
2021-10-11,11375.55,11375.55,11444.7,11125.05,11136.55,152199540,0.12404954472018703,0.08670793568910673,0.0900168048129586,-0.04524649823210214,0.22499104316831783,0.16811913417587057
2021-10-12,11476.1,11476.1,11525.5,11374.1,11400.15,132051596,0.12404991380661334,0.1007193554575101,0.08883994725022659,-0.029130118806583116,0.22499110033222156,0.16841249956878113
2021-10-13,11870.0,11870.0,12001.9,11603.1,11687.55,289499413,0.15276294066232876,0.13823243147351705,0.1161007846076405,-0.002337393718647496,0.2458224950937287,0.18080146195886915
2021-10-14,11800.3,11800.3,12014.5,11775.5,12005.95,135101175,0.13996589849731178,0.1444490781600054,0.09974633576155645,-0.019725925426377522,0.2500839807047713,0.17940433451311308
2021-10-18,11814.8,11814.8,11964.55,11796.85,11862.8,120255682,0.14136666843775503,0.15579816477861885,0.09064771688983475,-0.026196016615210427,0.24969508391052636,0.17798046333849007
2021-10-19,11626.85,11626.85,11892.05,11580.75,11859.2,91657354,0.1395911846432054,0.1359004669884134,0.08085373219876524,-0.02807147618278938,0.2514937766923132,0.1819459867278293
2021-10-20,11493.3,11493.3,11648.9,11388.85,11598.65,87651661,0.1316814281283385,0.12664500286726743,0.09156073519046126,-0.02538213090061925,0.25673937457066137,0.18376486544414164
2021-10-21,11557.4,11557.4,11602.05,11392.5,11588.05,78611863,0.12375785154502839,0.14001351358016145,0.08777097059096461,-0.008721474682476194,0.25562436013486967,0.18309962536356625
2021-10-22,11433.95,11433.95,11641.35,11380.8,11634.65,90380461,0.10228527082459671,0.13270790095449447,0.08590463884883692,-0.017703789676423387,0.26199562083003763,0.1845418802570755
2021-10-25,11228.2,11228.2,11445.65,11177.75,11417.85,60604957,0.0766273054592701,0.1227750889964403,0.06138067271071912,-0.031018177450687245,0.2744146194625681,0.1877267486530756
2021-10-26,11452.25,11452.25,11466.8,11258.85,11269.7,82843197,0.06382632847661207,0.15021116540201773,0.040678836147138187,-0.007595853949744713,0.2611770222951924,0.19075385820300225
2021-10-27,11395.15,11395.15,11491.15,11364.45,11466.95,52995208,0.06537053744641663,0.13401502711847546,0.03932061691461408,-0.021278488057411504,0.26052405521782845,0.19079262326165009
2021-10-28,11260.9,11260.9,11449.1,11223.45,11380.8,62608915,0.056815728966261414,0.10580402515846776,0.048575271613489956,-0.018343342721592215,0.2649136353796351,0.19143531945184908
2021-10-29,11297.45,11297.45,11413.15,11070.65,11262.95,63997072,0.06595304030306326,0.09232204668071864,0.06291639917934644,-0.0032036040562277712,0.2631656205112091,0.18928848706890164
2021-11-01,11421.0,11421.0,11460.15,11205.25,11306.45,66106281,0.07776294122365379,0.11459187258461179,0.055084498505462376,0.011825948530624464,0.26421785925726055,0.18889894075018535
2021-11-02,11521.25,11521.25,11610.35,11487.5,11534.4,85002523,0.0827072261926578,0.12678363602578013,0.07153225445521705,0.028938359210405107,0.2648127362792693,0.1892432809155029
2021-11-03,11401.2,11401.2,11560.95,11366.95,11515.1,47047072,0.06632996632996635,0.11236645690033664,0.06594289860034652,0.014387678199432541,0.2696885075525399,0.19095553939653873
2021-11-04,11569.8,11569.8,11590.2,11471.0,11480.8,11350640,0.09484222927736319,0.12997363023732778,0.07949593089529361,0.027960757926347224,0.26657558558487876,0.1926766164271057
2021-11-08,11645.75,11645.75,11684.25,11602.5,11645.85,72291174,0.05565274932467967,0.1463762766088348,0.04001499188969393,0.03652122567013483,0.22497349164691186,0.19177377714190777
2021-11-09,11766.25,11766.25,11824.9,11691.35,11701.25,131434929,0.061998221917350715,0.16033391187724355,0.0536691287662765,0.05211790978908004,0.2265366506745057,0.19227590437419984
2021-11-10,11829.15,11829.15,11855.8,11718.7,11776.25,65168494,0.039874995055184215,0.16193624116575234,0.035904739755143744,0.06093658406423885,0.2094022395641617,0.19234184945598842
2021-11-11,11690.15,11690.15,11848.75,11645.0,11818.75,55434274,0.018651806798476667,0.14853659255474883,0.025229727174756023,0.06719519878412727,0.21321964993958573,0.19449991483914758
2021-11-12,11706.5,11706.5,11795.25,11635.7,11791.35,52279671,-0.013774220724515618,0.16034612639758938,-0.010525635098130537,0.06738624605398758,0.17459098626881311,0.19312232415827188
2021-11-15,11687.65,11687.65,11840.95,11645.3,11716.1,59389835,-0.009546367465233851,0.15853513476006875,0.0029465260699653717,0.06856308340040118,0.1735598004879884,0.1932361561804067
2021-11-16,11977.3,11977.3,12078.8,11692.05,11717.95,119932177,0.013753935741612322,0.18964635303115318,0.03961583156888959,0.10331871755272637,0.1949071391663141,0.19818502237679705
2021-11-17,12061.8,12061.8,12139.75,11958.5,11982.75,81890957,0.037409100487234115,0.21778549577473294,0.06564660897043739,0.1297547130857568,0.18564200303755404,0.19424221376348869
2021-11-18,11747.45,11747.45,12067.25,11690.9,12061.9,82690394,0.022112883158013963,0.2037370057843153,0.04958372276997225,0.12685066826518532,0.20620124091664854,0.20022075345631604
2021-11-22,11379.75,11379.75,11788.8,11270.35,11788.8,75566781,-0.015371104227594357,0.15732548206004404,0.026522649491977357,0.10968817406566678,0.23596538957069318,0.21235416888460332
2021-11-23,11455.7,11455.7,11497.0,11275.25,11339.2,70570177,0.0019022297631177132,0.1679181130940548,0.035661774009162595,0.11569584221064733,0.2342940607951277,0.21227816254550444
2021-11-24,11308.85,11308.85,11532.65,11266.95,11521.05,44647132,0.00718280757378742,0.15832573670248173,0.04637364441413738,0.11155317857239333,0.22955737033008042,0.2141444914168618
2021-11-25,11247.75,11247.75,11366.2,11193.0,11312.95,36101180,-0.017856753039795725,0.14845030299626805,0.022220668900262308,0.09870227123875241,0.21846511152532627,0.2147438693847738
2021-11-26,10759.6,10759.6,11159.6,10721.35,11159.6,94286407,-0.055773728296687586,0.08050894264855057,0.009269558891244256,0.07487441714079845,0.2674651595285159,0.23298472937466738
2021-11-29,10704.15,10704.15,10807.65,10448.15,10705.65,79312435,-0.049440986066833004,0.06674008042294277,-0.004456412224276063,0.07130750337903125,0.2655334390102552,0.23297017806174994
2021-11-30,10603.55,10603.55,10868.75,10554.25,10725.95,74161561,-0.0614209401236564,0.055720387498879864,-0.022462995808493202,0.061169521896068946,0.26569098384763096,0.2339657979222988
2021-12-01,10758.15,10758.15,10802.65,10670.1,10725.75,60180156,-0.05803782505910171,0.07340520531406969,-0.0154965605401447,0.07730734139131912,0.26850589004305137,0.23551532975626469
2021-12-02,10873.15,10873.15,10891.6,10752.8,10787.15,50615695,-0.05625257676033424,0.07391787451542009,-0.02901236146505881,0.06941241473743243,0.26968441682167094,0.23559506720597245
2021-12-03,10788.75,10788.75,10929.0,10757.3,10880.1,46340759,-0.0537180296810863,0.06112764021736461,-0.018242516045295254,0.07154907183461512,0.26885138605633735,0.2362221024807436
2021-12-06,10589.8,10589.8,10793.35,10570.35,10788.5,38540551,-0.08470327922695298,0.043052586996562336,-0.02863574833710425,0.06896244925378003,0.2661665589932529,0.23957443387360855
2021-12-07,10759.0,10759.0,10812.55,10653.65,10698.6,41371456,-0.0761436575574781,0.06520533840243958,-0.026784327454175805,0.07539352990559456,0.2732116627266144,0.2412418240842189
2021-12-08,11007.7,11007.7,11018.4,10807.3,10822.85,48194275,-0.06446828853712949,0.0885133397939204,-0.032629891263759814,0.08272725231173195,0.28527217343155314,0.24534451679655886
2021-12-09,11058.75,11058.75,11095.85,10942.1,11095.45,43236047,-0.0651272492106364,0.092745660884473,-0.037356583898000006,0.08343733311987833,0.28499919026220233,0.24542832402185413
2021-12-10,11080.05,11080.05,11127.5,10997.45,11002.8,33013847,-0.05218923623734517,0.08525799247766797,-0.03191918230064583,0.07770328699723072,0.28376563466446586,0.24495627565247055
2021-12-13,11047.15,11047.15,11212.2,11032.05,11176.55,41998568,-0.056323410071327906,0.07285131591725746,-0.015749464123889,0.08148167962687569,0.28335644875060695,0.24465388231611657
2021-12-14,10972.15,10972.15,11012.45,10888.35,11010.5,35400611,-0.06121846564536071,0.05996261393331359,-0.017895843369653885,0.0772404499113617,0.283644347151741,0.24504190124825695
2021-12-15,11026.0,11026.0,11102.15,10961.2,10973.6,44506539,-0.07942524609052115,0.065164783677649,-0.036212277631637924,0.0858498498795236,0.26632353320754854,0.24516446423268912
2021-12-16,10945.75,10945.75,11094.75,10905.2,11091.7,37010771,-0.09252764927291113,0.07283401861281136,-0.056198094484769645,0.08137002196200716,0.2631932980699622,0.24365950015620502
2021-12-17,10678.65,10678.65,10931.6,10661.4,10927.0,50918372,-0.09098144703744226,0.051467366420669514,-0.04709682530147341,0.08431105058249622,0.26140761955155145,0.2491173060575217
2021-12-20,10405.3,10405.3,10543.5,10197.2,10536.1,64031951,-0.08563017640985093,0.011735993621531104,-0.039561837587919424,0.0648772571172237,0.2540852284257675,0.25381941218261844
2021-12-21,10483.9,10483.9,10589.5,10412.9,10466.95,41502870,-0.08483113210017734,0.010696089347774551,-0.04298199942858494,0.06972670187222563,0.2546109936961581,0.25368346616452947
2021-12-22,10652.55,10652.55,10686.35,10534.05,10534.25,39379874,-0.058034194458322585,0.02143052339378948,-0.031643139486789984,0.07171562854498026,0.2623693397807611,0.2555285896269392
2021-12-23,10731.05,10731.05,10769.55,10700.35,10737.55,28068464,-0.045938076504189795,-0.003167628876513562,-0.01949853608790919,0.04065738566382204,0.26470207784998384,0.24750597455059772
2021-12-24,10620.75,10620.75,10792.7,10561.2,10787.4,29400131,-0.01290475482359943,-0.007030698535427038,-0.011571580862407171,0.034935970709934816,0.21616395339708216,0.24806184510776907
2021-12-27,10641.65,10641.65,10656.85,10505.75,10582.15,27713842,-0.00583885689195307,-0.001299798226268134,-0.007732892158253013,0.033991273218450746,0.21566912923073764,0.24797840843893504
2021-12-28,10783.85,10783.85,10796.65,10671.35,10698.0,38347196,0.017003739313720567,0.01749312399454639,0.0022803189481432895,0.03933993436289318,0.217949037331915,0.24920172019641879
2021-12-29,10829.55,10829.55,10850.65,10740.75,10799.95,29588509,0.006636828822799368,0.02194971194541817,0.0039165230199240675,0.04011365499169173,0.21241375425558895,0.2493303920153692
2021-12-30,10755.65,10755.65,10850.55,10741.75,10844.15,28079277,-0.01080643603739484,0.010760115213111376,0.0005546226804328258,0.038304849545055086,0.21022056921132087,0.24963434878660745
2021-12-31,10936.9,10936.9,10950.45,10774.7,10788.4,31971391,0.01373189665160468,0.022904975682753514,0.004581794036072839,0.049178238924535655,0.21690127300182171,0.25176312761974384
2022-01-03,11114.55,11114.55,11145.95,10998.35,11001.3,63895680,0.04955239947874368,0.05176223438734606,0.007367047514930558,0.05291268101831059,0.2108718585111556,0.25251393699507524
2022-01-04,11139.4,11139.4,11171.05,11058.25,11165.0,44791605,0.03535644576633512,0.009753621349190666,-0.0012367770202568185,0.008916066666333489,0.20481962869313355,0.23677829703769138
2022-01-05,11256.85,11256.85,11277.8,11103.2,11133.1,42985507,0.02263415609073638,0.016020795443776104,-0.003439485489709737,0.014341530469820674,0.19222923196014935,0.23757848937563636
2022-01-06,11316.6,11316.6,11334.9,11122.05,11186.6,41422665,0.023316378433367202,-0.005182167016100192,0.010240352415114895,0.005965130108533834,0.19240513729514488,0.2315301653625213
2022-01-07,11290.9,11290.9,11384.55,11216.25,11341.75,30350284,0.019029697519415523,-0.01613788656425097,0.0018180442410526965,-0.00617509721771381,0.19275847138264546,0.23082589070714735
2022-01-10,11501.7,11501.7,11524.3,11327.2,11341.35,42181435,0.04114635901567376,-0.031027801179443926,0.004582469087212271,-0.022303464661762584,0.2018271322847158,0.22321674907484465
2022-01-11,11479.7,11479.7,11542.35,11439.5,11476.95,30945790,0.04625802600219653,-0.027168800793200054,0.004073101823903302,-0.0117476922975851,0.19972350629338725,0.22295727532751536
2022-01-12,11645.9,11645.9,11660.65,11484.75,11526.25,46630029,0.05622165789951028,-0.014295629210820282,-0.0013200748442132593,3.0313549677640772e-05,0.20416619558252697,0.22500050145992245
2022-01-13,11686.15,11686.15,11697.1,11507.5,11642.7,50283271,0.06764269236918441,0.005100263613962541,0.009121300949395783,0.013838599209483382,0.20069137158294706,0.22268957989239696
2022-01-14,11643.05,11643.05,11728.65,11592.15,11618.35,33778209,0.09031104118966349,0.013029330131467898,0.015507633535343235,0.013623289029512153,0.17391546477111303,0.22151480664595818
2022-01-17,11881.25,11881.25,11914.95,11676.4,11692.6,74727311,0.14184598233592505,0.0280210081852319,0.03989099983437039,0.020869545557479885,0.14162404287887023,0.2250468176496393
2022-01-18,11598.75,11598.75,11907.2,11555.6,11907.2,44608132,0.10633924398363215,0.014413216779852966,0.02630745053622663,0.014515321088191202,0.1785569046185558,0.22949219695860534
2022-01-19,11681.4,11681.4,11704.75,11492.45,11628.65,43435829,0.0965825084134786,0.04036265830676333,0.038609926313559084,0.05067967177790966,0.17409392312842326,0.22666446696089287
2022-01-20,11583.2,11583.2,11750.55,11525.15,11665.25,46605838,0.07940975021083685,0.011434434281473171,0.03932210062704544,0.03942814909448111,0.17973287083914355,0.2238662577790881
2022-01-21,11561.75,11561.75,11682.8,11421.25,11509.9,43511723,0.08860014594072929,0.014620255108533042,0.05252572761388952,0.04722694798281901,0.17328229820828805,0.22364764661296946
2022-01-24,11261.2,11261.2,11627.6,11152.65,11535.05,54043564,0.05821935508121401,2.664085463877086e-05,0.054540981571813196,0.039682824792535154,0.20452977063008934,0.2289027793021975
2022-01-25,11522.75,11522.75,11539.95,11075.15,11172.25,59807152,0.06851912814069183,0.01994255340806994,0.06592535048702808,0.0422212406371848,0.21377130715350423,0.23361402020588545
2022-01-27,11561.6,11561.6,11654.3,11296.9,11432.75,60025711,0.06759745326444788,0.01231065580947388,0.07360719097750934,0.058017068491591606,0.21374425258110089,0.2326708080327637
2022-01-28,11493.4,11493.4,11761.15,11470.0,11615.55,54105102,0.06859185637316201,-0.0024172724313767935,0.07452072762842199,0.0415763680209712,0.21318455547102952,0.23231278009966355
2022-01-31,11703.5,11703.5,11737.5,11578.1,11619.55,48902118,0.07009298795819663,0.02651475283303495,0.0709113082486007,0.05396128048529081,0.2144090619934463,0.234209046359506
2022-02-01,11616.1,11616.1,11771.1,11427.3,11741.2,81133974,0.04512553364733618,0.004001797783885763,0.04789703273901669,0.02297567465094119,0.2121904276229851,0.23285419654528022
2022-02-02,11632.4,11632.4,11765.05,11594.5,11664.05,41748830,0.04425732086108769,-0.0011463409398279056,0.04567544192088746,0.014823439079797884,0.212209558621324,0.23248152830927235
2022-02-03,11683.4,11683.4,11840.45,11633.6,11648.7,48667786,0.03789248324353611,-0.007041325825985378,0.0582576542313884,0.01978443757509807,0.21012864788357943,0.23167508362505237
2022-02-04,11560.6,11560.6,11720.25,11521.55,11706.25,39679508,0.02156124631072931,-0.022702391972373226,0.03449942382333926,0.0050987346854665105,0.21419307687407743,0.23236783085579968
2022-02-07,11407.25,11407.25,11600.75,11334.7,11572.45,33251872,0.010304758699483774,-0.024199860566374243,0.043938044818432886,0.01272610926758233,0.22001653145282732,0.2327112067850713
2022-02-08,11429.8,11429.8,11561.5,11300.2,11491.1,57361757,-0.00625124981524483,-0.02363644129329867,0.03466073572560113,0.022544387586291403,0.2096769134731418,0.23273334518701885
2022-02-09,11680.15,11680.15,11699.1,11478.4,11485.7,34910618,0.0174612576983717,-0.0006417029941861996,0.05024578444192984,0.03501086874894077,0.22353873065396662,0.23706441456533928
2022-02-10,11674.05,11674.05,11761.3,11603.5,11761.3,42819070,0.002417159687100101,-0.025318727926995188,0.03571873872596265,-0.0034649996252803517,0.21777910476682644,0.23150426154220916
2022-02-11,11552.9,11552.9,11651.25,11505.35,11585.5,44530822,-0.01140238658583026,-0.04219104942877516,0.03696328416663275,-0.012920664277310867,0.22052182750004226,0.23186736098550884
2022-02-14,11107.15,11107.15,11335.2,11056.65,11306.9,62752407,-0.046027458440872415,-0.054505445862719215,0.03137003104874048,-0.0026050608624476057,0.2599959342295591,0.23938546010042488
2022-02-15,11552.3,11552.3,11568.2,11060.1,11150.15,63342704,-0.02768648079957925,0.015162899009204978,0.024511749001161043,0.018843395986195888,0.2891155834524543,0.24451747402085863
2022-02-16,11509.7,11509.7,11663.25,11470.25,11598.85,44543435,-0.007677551460286591,0.0047138105921069595,0.0359844231044103,0.015063280531733447,0.2767159708309559,0.24427984799634883
2022-02-17,11492.85,11492.85,11671.45,11469.6,11571.3,52273602,-0.016141044737788213,0.016270443060081297,0.019191023197390522,0.022612725564012726,0.27530944967188314,0.24280419015267465
2022-02-18,11420.45,11420.45,11539.25,11396.85,11449.5,32738570,-0.014050521444851194,0.015354181947500711,0.013020448806317364,0.030177717124633796,0.27463166242700393,0.2429014356708142
2022-02-21,11361.6,11361.6,11456.35,11260.4,11361.25,44855027,-0.01731139317144892,0.05595003531729814,0.0059897645582625,0.04536643273758023,0.2750664318995032,0.22474894246812677
2022-02-22,11343.05,11343.05,11378.75,11113.9,11128.0,52244609,0.007268319539658119,0.05968713069230147,0.010586300770223378,0.057444248442016344,0.2581920869604641,0.22445755647396468
2022-02-23,11318.7,11318.7,11474.2,11286.65,11406.3,46520031,-0.017708446334425365,0.06744439362289056,-0.005282248292529879,0.06273086584647358,0.24404008466897026,0.22350860368767106
2022-02-24,10609.8,10609.8,11056.15,10542.1,10946.15,117158427,-0.082324245779131,-0.013789545600312314,-0.031933093414689084,0.039740804923207196,0.3319723576531236,0.25926473255572413
2022-02-25,10895.3,10895.3,11002.3,10790.05,10806.7,82865830,-0.05203856126124562,0.002037128155134349,-0.026102989680977573,0.04474859421242394,0.34941901088792293,0.2641217231502242
2022-02-28,10820.55,10820.55,10851.7,10618.55,10778.8,66685249,-0.07544324347417442,0.002947514772332127,-0.043958009689054056,0.026370546308862042,0.3408570015576998,0.264013322571997
2022-03-02,10500.45,10500.45,10723.65,10449.55,10723.65,59450985,-0.09604342249119757,-0.00843736425617092,-0.04080597026271926,0.009673814401311098,0.3531532092915303,0.2684592534286871
2022-03-03,10261.1,10261.1,10648.6,10222.25,10648.6,68541322,-0.11788624875348164,-0.04627753508690391,-0.0457856177776661,-0.0067677067515977685,0.3578689902001351,0.27039478814580803
2022-03-04,9896.65,9896.65,10161.15,9854.35,10143.75,104201812,-0.1529306537480528,-0.10093389173033429,-0.07805396282924693,-0.030847004933156286,0.37057810831514776,0.27535913444466453
2022-03-07,9480.45,9480.45,9655.0,9374.0,9648.8,107036080,-0.17993443246890295,-0.1427195659545608,-0.08555660627887862,-0.048313365317607104,0.39051569954118415,0.2876342309768242
2022-03-08,9560.0,9560.0,9581.65,9226.95,9432.65,115564350,-0.16193648775997715,-0.13718800907938133,-0.09221548568619442,-0.051651782807641156,0.3955537671323374,0.2883642184504186
2022-03-09,9832.35,9832.35,9872.45,9560.1,9628.25,97864469,-0.13976185060106028,-0.10996501360079292,-0.08639915115704211,-0.0510701686610322,0.4153833008635074,0.295076754672687
2022-03-10,10019.35,10019.35,10236.3,9958.6,10157.05,123029137,-0.14218995475229335,-0.086838039946592,-0.09243558561416765,-0.04470215555241541,0.4128619748876899,0.2979375422691891
2022-03-11,9979.7,9979.7,10020.1,9868.8,9964.7,87191670,-0.1451381482861559,-0.0948938871757663,-0.08973608520675724,-0.06057895584203443,0.4122520190421709,0.2976766059377226
2022-03-14,10074.3,10074.3,10092.15,9817.95,9963.45,75310583,-0.12798518120991265,-0.07961537583080203,-0.09900926968600587,-0.057752501544792056,0.41660433937325914,0.29829733761532323
2022-03-15,10131.3,10131.3,10302.45,10060.7,10075.4,91802882,-0.08785782131329822,-0.05125647904931807,-0.07718259077502809,-0.03228706841124185,0.40034556861837217,0.29462404497984385
2022-03-16,10350.1,10350.1,10372.45,10233.5,10300.6,67633024,-0.10406585701548599,-0.0053049888037826065,-0.08233407698713535,-0.02704244276529666,0.3787499753276255,0.2933875761716862
2022-03-17,10576.0,10576.0,10590.5,10443.0,10469.55,70882527,-0.08112287896296178,0.00878489874951116,-0.07909378109518328,-0.02199476858388616,0.39078736588224616,0.2963478924333571
2022-03-21,10448.4,10448.4,10673.4,10423.8,10639.25,45539765,-0.09087824168939829,-0.019164425419265774,-0.08007186626198359,-0.028727745655316328,0.391621375570285,0.29553751135447887
2022-03-22,10572.9,10572.9,10586.25,10302.65,10453.05,65905286,-0.07421336287099034,-0.014737607223896942,-0.07648232190604853,-0.02896510603383895,0.3959484602891989,0.29617972567546014
2022-03-23,10463.45,10463.45,10659.15,10435.7,10625.8,49658315,-0.07905136600478802,-0.014810630134406644,-0.08131793149630573,-0.029036926723394307,0.3966147592904499,0.2961905430465939
2022-03-24,10412.4,10412.4,10502.95,10353.2,10397.25,38275048,-0.08204583423329703,-0.021542711891483046,-0.08968386720840926,-0.029531591838809046,0.39651274687659077,0.2963048848873833
2022-03-25,10354.15,10354.15,10461.5,10300.6,10453.2,35301219,-0.0852173836217941,-0.0398466224956765,-0.0904772256800187,-0.03518992686368605,0.3964563149727969,0.2951177386811067
2022-03-28,10421.6,10421.6,10437.4,10300.15,10360.25,41229640,-0.017738317404663473,-0.03767007862745908,-0.07768740593452073,-0.03815808757478156,0.3275700619311205,0.29531494869654784
2022-03-29,10416.25,10416.25,10523.0,10387.2,10468.55,43111515,-0.043968500178976244,-0.0315555080353116,-0.08400237948231659,-0.03860921186557764,0.3111682273675047,0.2950314521659544
2022-03-30,10542.15,10542.15,10604.95,10491.45,10519.0,45250696,-0.025728821547888026,-0.036093408552697714,-0.06766962106389529,-0.04440266271863569,0.31464544939442063,0.29401409407609114
2022-03-31,10552.1,10552.1,10618.4,10528.65,10566.3,44609700,0.004918836811755645,-0.050604837802699976,-0.04679761552330963,-0.04147332950039195,0.29578409733233835,0.2919647903993424
2022-04-01,10676.85,10676.85,10692.8,10471.75,10522.2,45358241,0.04051709855668495,-0.041523780454961634,-0.03054574717248615,-0.03395293583048287,0.2850235922557044,0.2930461644873848
2022-04-04,10803.85,10803.85,10812.9,10641.8,10688.75,40379940,0.09166738239707373,-0.04024216366034905,-0.019629131665424238,-0.04739131865818724,0.24837886044005764,0.29327690849669635
2022-04-05,10936.5,10936.5,10988.45,10837.9,10850.65,50958887,0.15358448174928396,-0.033587826732410786,0.021564678089244005,-0.04550607237475268,0.1753519129215341,0.2942188248307649
2022-04-06,10906.8,10906.8,10942.35,10830.1,10915.4,44092625,0.14087866108786606,-0.034018545908652165,0.02883533666814153,-0.033735106096246525,0.17871122180921709,0.2942312715618729
2022-04-07,10820.7,10820.7,10926.4,10804.5,10869.3,43260523,0.1005202215136769,-0.05920863872297133,0.021341665973164003,-0.039004010448425275,0.16655611620740343,0.2918886153563687
2022-04-08,10894.3,10894.3,10921.9,10792.45,10838.8,45392843,0.08732602414328272,-0.050994363964215195,0.015650437622621416,-0.03596311958915466,0.15836152991388752,0.29231786778746005
2022-04-11,10882.1,10882.1,10928.4,10847.3,10928.4,35852477,0.09042355982644756,-0.06558531328622086,0.02761707839825034,-0.03607784158974259,0.15673303861286525,0.2905857473116259
2022-04-12,10788.8,10788.8,10850.3,10694.35,10837.8,45479128,0.07092304179943021,-0.07678747919545792,0.03186262739840284,-0.036941497266072876,0.1619381305867424,0.2908248230326325
2022-04-13,10698.3,10698.3,10874.2,10676.9,10819.1,30850128,0.05596517722306116,-0.08114282769549219,0.007195424439948805,-0.03841110703898676,0.16700298154533752,0.29115023936700124
2022-04-18,10745.75,10745.75,10761.95,10566.45,10637.85,35380229,0.03822668380015659,-0.09557075223566547,0.02654499324219106,-0.03360641716240176,0.1520788451195979,0.28790933177556594
2022-04-19,10615.15,10615.15,10877.05,10519.05,10795.95,29101483,0.0037017776096821553,-0.08480224162086436,0.02269867851432872,-0.0210691684590536,0.14089862474929946,0.2849848389722789
2022-04-20,10848.7,10848.7,10885.65,10668.5,10686.1,37045893,0.038312086061023765,-0.07128426387248099,0.03720496985854993,-0.026584090394690674,0.15248514887917994,0.28843311437578595
2022-04-21,11090.55,11090.55,11104.6,10890.75,10892.9,31439260,0.04896007717844686,-0.04253142482215633,0.04450744171455612,-0.02200991833879762,0.1651074089126176,0.29192536612178416
2022-04-22,11028.15,11028.15,11118.25,10899.75,10990.35,36374405,0.05396881525691799,-0.04615218284429268,0.05824242455582074,-0.02088128704085357,0.16102633965027444,0.29209117521608036
2022-04-25,10916.5,10916.5,11063.85,10864.4,10918.15,34354787,0.04841343014098576,-0.03060952651582427,0.06402073915087092,-0.019229897551612307,0.16533440501949978,0.2879002169050423
2022-04-26,11221.75,11221.75,11229.25,11018.4,11027.55,56367957,0.08379248900199432,-0.02612223644529299,0.08100575891104822,-0.021657097873391207,0.1849163853034588,0.28965904585649566
2022-04-27,11158.85,11158.85,11200.7,11063.1,11118.7,36074490,0.07074249635372687,-0.034835143924716316,0.0814032563917596,-0.030641726662918756,0.18774843945447864,0.28974006422624554
2022-04-28,11192.05,11192.05,11290.55,11128.85,11290.55,31702713,0.07447977919116755,-0.026219395479144536,0.07911173340733035,-0.034586954093054345,0.18718736643768494,0.28961480954257407
2022-04-29,11078.1,11078.1,11275.65,11034.75,11236.15,52517145,0.05083877577154583,-0.05343700602383894,0.07345242106464656,-0.03975183380661851,0.19053897635469175,0.2876768900506636
2022-05-02,10938.3,10938.3,11038.05,10897.05,11015.6,42858871,0.036599349892438404,-0.05835004863938853,0.05925357572590295,-0.029462619362575437,0.19800586025396888,0.28838214959069947
2022-05-04,10661.0,10661.0,11023.45,10617.9,10942.25,35761684,-0.0014845202470766816,-0.08350813245761834,0.05470248423051716,-0.021505860768923135,0.21673705380717284,0.2927253772451625
2022-05-05,10705.7,10705.7,10885.85,10684.35,10765.95,38273409,-0.009084724426940416,-0.08368283205231342,0.06684280004716481,-0.03370909216512619,0.2128353119716745,0.2927094261781099
2022-05-06,10518.45,10518.45,10604.05,10473.15,10554.75,60129152,-0.03822520916198047,-0.09014670518831203,0.04787580529399815,-0.02705971010582975,0.21564144343240818,0.29400711418819164
2022-05-09,10483.5,10483.5,10551.0,10312.65,10426.55,38974287,-0.038810650236549615,-0.08097920182340179,0.045748555959611026,-0.0280123604485486,0.21568113152888507,0.2930077611422765
2022-05-10,10472.45,10472.45,10635.2,10436.2,10459.8,40962910,-0.0321836849741699,-0.08375912089450377,0.04715512551584,-0.024298006596068955,0.21454467712273254,0.29292416127708715
2022-05-11,10377.4,10377.4,10541.5,10233.4,10486.7,48950683,-0.04744682999366634,-0.11153538267916085,0.043489866344526895,-0.03728458308992122,0.21369430370292036,0.28931584487227363
2022-05-12,10164.35,10164.35,10293.1,10092.6,10268.05,62873595,-0.06595693845856954,-0.12932101541453045,0.0396699120429016,-0.027204409328240975,0.22323828644790505,0.29184043334222626
2022-05-13,10412.35,10412.35,10610.85,10280.35,10300.25,113200935,-0.03489266646893063,-0.09872412987215329,0.06482897621359429,-0.00706240182570661,0.24250814395050516,0.296283760733148
2022-05-16,10649.1,10649.1,10672.65,10475.75,10506.6,46859334,-0.004598861501359908,-0.04123920177543283,0.08886550459821185,0.018163090607927312,0.2557257655368154,0.28978125091027984
2022-05-17,10911.15,10911.15,10928.0,10677.0,10677.5,46370201,0.015392131773026563,-0.05549977060845024,0.06863361306209714,0.007497066338423508,0.26987657352728,0.28248216014775984
2022-05-18,10909.45,10909.45,11015.2,10878.7,10917.2,41996606,0.027724525795678856,-0.05215166337958421,0.07008347355337397,0.010305730188053808,0.265535814858357,0.2824284939194119
2022-05-19,10618.0,10618.0,10800.85,10597.55,10680.25,38645665,-0.02126522071768977,-0.07612124059741499,0.05618037539825116,0.010283487191834473,0.27229085210654425,0.28748311308473273
2022-05-20,10914.6,10914.6,10970.25,10780.45,10816.75,82337428,-0.015864857919580033,-0.04429335096252773,0.04890114854576855,0.014176943310266976,0.27910368332618757,0.2932884156395433
2022-05-23,11115.2,11115.2,11229.9,11057.55,11057.7,81929799,0.007893436342450988,-0.021687086325869576,0.06363836146675095,0.035962146545913676,0.28636412205955525,0.2956901466997218
2022-05-24,11116.3,11116.3,11197.5,11062.8,11166.65,58655063,0.018302569504877964,-0.01999021427217551,0.06718786563449008,0.036588159040028545,0.28364424541719585,0.2956797192410072
2022-05-25,11011.5,11011.5,11196.4,10975.8,11174.9,46872453,-0.018735936908236273,-0.02714092607808327,0.049574893006341214,0.033659343232423256,0.26746483296767176,0.29625180347844526
2022-05-26,11097.15,11097.15,11122.55,10852.45,11057.8,46057100,-0.005529243604851852,0.0459339478595262,0.045429178553001326,0.05072223215091609,0.2685730138918855,0.26469677745443737
2022-05-27,11270.25,11270.25,11300.7,11141.1,11205.7,38620903,0.006987102452187033,0.03441392159922185,0.058746914427226016,0.052780042483474454,0.2741900034638029,0.2610329341067808
2022-05-30,11491.4,11491.4,11543.15,11380.25,11386.3,51717395,0.03730784159738576,0.061997772756468006,0.06310226234008842,0.06988754207259229,0.2791809610766898,0.2633867227841641
2022-05-31,11586.6,11586.6,11682.3,11494.7,11512.4,68485787,0.059268807767203446,0.10343842406753989,0.08765629388034724,0.1047270247502301,0.2745847959607896,0.255694470210463
2022-06-01,11563.0,11563.0,11675.5,11490.55,11608.7,46493318,0.08460744770659412,0.12687723538412055,0.09389233360156157,0.1253801361766147,0.25402909569012383,0.2506003312982023
2022-06-02,11491.4,11491.4,11557.4,11416.25,11543.5,40371663,0.07339081050281604,0.16114038588815416,0.0766666922929009,0.13758592877729114,0.2566290150593206,0.23834039604987659
2022-06-03,11282.15,11282.15,11592.9,11258.1,11562.5,36412154,0.07260575465016217,0.19004372155330174,0.06206111111295454,0.1445829919461996,0.2574419998047035,0.2231550295823698
2022-06-06,11303.15,11303.15,11352.95,11175.25,11245.4,33766061,0.07818476653789275,0.18233786610878666,0.06176324515905196,0.1476107723747777,0.25627173219373417,0.22287358555123574
2022-06-07,11362.2,11362.2,11383.3,11153.4,11228.85,32288138,0.08496101676303058,0.15559352545424043,0.0741051507522863,0.1512497823287169,0.2556735805921286,0.21662572818358564
2022-06-08,11382.35,11382.35,11450.0,11270.65,11421.6,34399343,0.09684024900264032,0.13603676885227078,0.08514053815807321,0.15041771631248102,0.25110090677200136,0.21390353046286226
2022-06-09,11419.25,11419.25,11438.75,11294.3,11320.9,29553568,0.12346091978336049,0.14424782308085415,0.08107101534415251,0.15340870667281592,0.23272750914356094,0.2135365049803849
2022-06-10,11394.0,11394.0,11421.8,11318.5,11324.65,26479620,0.0942774685829808,0.13099669455942364,0.06768733962870455,0.17067952549481624,0.2238844197459166,0.21319565797688153
2022-06-13,11165.65,11165.65,11261.2,11132.05,11215.4,39237898,0.048506446554168914,0.10209449922517355,0.052792403448029046,0.1554222078835784,0.22967572853907478,0.2178829250105227
2022-06-14,11104.15,11104.15,11258.85,11049.05,11093.45,45194367,0.017688327994757724,0.07285436855682548,0.05011286051740116,0.14609291907913036,0.21587366039599346,0.21441557034776731
2022-06-15,11206.75,11206.75,11250.45,11153.95,11158.8,34009273,0.027251602968068944,0.059639750378214895,0.06100402260654669,0.15189958178652385,0.21782456412960033,0.21084916830444422
2022-06-16,10956.6,10956.6,11338.85,10939.7,11322.3,46015451,0.03188924467884724,0.048639026070977476,0.06027746751847751,0.15128192227692228,0.2104923382882684,0.214669399633808
2022-06-17,10830.9,10830.9,10947.25,10762.45,10902.45,55389589,-0.007668627343191736,0.02440200890957067,0.05212735186929529,0.14117599753248078,0.19136320913026775,0.21487563520377542
2022-06-20,10754.7,10754.7,10882.15,10684.65,10845.75,52192545,-0.03243306463221529,0.0278349875041215,0.02088582466414257,0.1377467598679184,0.1794442548558767,0.21426542408114957
2022-06-21,10974.2,10974.2,10994.0,10786.8,10818.45,41539712,-0.012783030324838185,0.0539548999270103,0.017377965024405806,0.14592338320131315,0.19551314049528862,0.21773406133970666
2022-06-22,10881.4,10881.4,10987.8,10825.75,10948.7,33606228,-0.011814920764655179,0.05092161114142635,0.02640470056250288,0.15234411422033378,0.1949562428167262,0.21818041629603172
2022-06-23,11359.5,11359.5,11386.9,10933.95,10940.35,62345584,0.02364120517430157,0.08999577799953928,0.061581483104906964,0.18669474498217775,0.24792399528589576,0.23445006515243738
2022-06-24,11583.25,11583.25,11596.7,11407.75,11441.2,52314028,0.02777223220425462,0.11203648145925826,0.06771732835258248,0.20589059699702517,0.2513950706098342,0.23731125714802057
2022-06-27,11686.05,11686.05,11780.15,11659.7,11747.95,46578547,0.016938754198792205,0.10850727792717807,0.06671551764564854,0.2037282397555038,0.24400216849399908,0.2368140503836834
2022-06-28,11832.55,11832.55,11852.05,11608.45,11644.4,55346007,0.021227107175530335,0.1213455141630575,0.06550630385824874,0.21379171606617664,0.246145009211917,0.23782705232851906
2022-06-29,11850.5,11850.5,11865.25,11715.95,11736.3,44644825,0.02486378967396008,0.10992474372122851,0.06866100204024295,0.21582751881249918,0.24587657840551974,0.23694091794197455
2022-06-30,11701.15,11701.15,11911.35,11671.8,11812.05,61732052,0.018252780340080488,0.08305372621796847,0.06923606155249329,0.20896631561610923,0.24951968923388154,0.23780659683681507
2022-07-01,11711.95,11711.95,11737.0,11530.35,11649.95,44652852,0.0380955757546213,0.07090476843597138,0.08827863668314906,0.1937148933964219,0.23891868340619593,0.23672479686357042
2022-07-04,11692.1,11692.1,11733.4,11591.45,11690.8,38475725,0.03441076160185452,0.0720009535335755,0.07872102574648165,0.18275676566970867,0.23925379744309563,0.23666280076334975
2022-07-05,11649.8,11649.8,11791.4,11632.05,11750.25,34406547,0.02531199943672857,0.07662166033620732,0.062195960512594795,0.18029216728691844,0.23958544346120944,0.23612117408587074
2022-07-06,11952.2,11952.2,11974.75,11671.65,11676.45,38099997,0.050064354021796875,0.0971058259823947,0.07246864567254196,0.19801195098015711,0.2547574554652062,0.24111921245025542
2022-07-07,12114.1,12114.1,12132.4,12039.2,12056.6,39382741,0.06084900496967838,0.1132134422583877,0.08179797523525456,0.20045832251462958,0.2577443344679775,0.24227852996280397
2022-07-08,12124.6,12124.6,12303.8,12069.5,12274.35,52750783,0.06412146743900293,0.12381358445795643,0.06296111458227527,0.19852429183360087,0.25715659082180314,0.24131785175460763
2022-07-11,12252.5,12252.5,12266.3,12040.5,12074.65,30880383,0.09733871292759488,0.14527541758971063,0.069344012752655,0.21735573291238108,0.24288620149060783,0.2409599309617998
2022-07-12,12107.35,12107.35,12220.2,12082.9,12218.5,23442053,0.0903446008924591,0.12671055998883274,0.06960991172750419,0.19165601774348484,0.24745382654667675,0.2426545719711174
2022-07-13,12099.35,12099.35,12189.35,12080.15,12154.05,24765393,0.07964842617172696,0.13981903223223413,0.06215560376263274,0.19831425308709605,0.24735343109280455,0.24091171558917732
2022-07-14,12115.3,12115.3,12184.05,12025.25,12098.55,25708618,0.10575360969643866,0.11675131582585907,0.06812156433688132,0.18665455399299857,0.2272463805507661,0.23743230291126485
2022-07-15,12361.65,12361.65,12377.65,12135.65,12139.95,35175808,0.14133174528432546,0.11461108781800733,0.09191858313619061,0.19185080150280798,0.22441448722522755,0.23676657413084523
2022-07-18,12408.7,12408.7,12455.85,12391.0,12435.5,38146737,0.15379322528754868,0.12518418773774398,0.09331501590518432,0.1772137626781617,0.2188834245793708,0.23628770610446387
2022-07-19,12538.9,12538.9,12553.6,12364.65,12373.55,34368782,0.14257986914763698,0.14861906288645632,0.09770749986328431,0.18479938914248395,0.2138471362720834,0.23553889447943063
2022-07-20,12511.3,12511.3,12660.7,12484.6,12621.7,43901116,0.1497877111401107,0.11491523158152694,0.07793094985459592,0.15444543604829752,0.20904680472486828,0.22972841985507483
2022-07-21,12581.35,12581.35,12612.4,12501.9,12528.7,29884689,0.10756195255072853,0.12747729380715755,0.040156721794438965,0.15289930413057562,0.15996638656025267,0.2293270326434592
2022-07-22,12634.2,12634.2,12690.0,12596.45,12623.35,30859495,0.09073014913776367,0.128854856795672,0.02574620285052065,0.15933325718817593,0.15065030520092645,0.22936276792682017
2022-07-25,12423.7,12423.7,12648.45,12369.1,12639.35,30257419,0.06312226971474555,0.12146487213511348,0.01265816650835272,0.14903682834687193,0.16709672163450556,0.23124869543617854
2022-07-26,12276.5,12276.5,12429.35,12262.05,12418.3,29594104,0.037519385086055124,0.12234076593254906,-0.002457990988342651,0.15662787031376424,0.17126561926316236,0.23104345761601072
2022-07-27,12326.35,12326.35,12342.55,12204.65,12289.0,25344219,0.040154423863971944,0.15620954882281213,-0.013184132934223713,0.1583560704424387,0.17143821169127507,0.22379337554874676
2022-07-28,12383.7,12383.7,12417.6,12238.7,12357.55,57276335,0.0583318733628746,0.15673893346535017,-0.014502816162006216,0.14193617653118973,0.16260286990738715,0.22381076077294737
2022-07-29,12543.2,12543.2,12687.6,12474.15,12482.55,76707741,0.07097451748000982,0.19249509195746528,-0.0182964163189705,0.1469775354032723,0.16617513413262802,0.22082535198659548
2022-08-01,12953.65,12953.65,12974.35,12627.95,12645.65,98838567,0.1078976402870313,0.23562264510898068,0.012875982477583703,0.17193654833147498,0.193603708605849,0.22839536426396262
2022-08-02,13023.65,13023.65,13048.55,12817.05,12921.95,57679198,0.11792906315988261,0.2436106164269105,0.020869155103767634,0.17554435878874486,0.19082597463119041,0.2282250752571254
2022-08-03,12919.4,12919.4,13036.8,12767.75,13036.8,47159363,0.08092234065695014,0.2449553838148284,-0.006530323104829039,0.16942849211794453,0.1810717208173368,0.2279777795198943
2022-08-04,12945.7,12945.7,13024.3,12754.25,13006.7,46988106,0.06864727879083055,0.27363776335919177,-0.008778328454650541,0.1740679253025117,0.1775754312957642,0.2222749567055663
2022-08-05,12804.35,12804.35,12981.1,12782.8,12977.8,35960415,0.05606370519439818,0.2297271989512455,-0.016492206360485984,0.12737425151421178,0.18458532477103537,0.22036231555867614
2022-08-08,12927.95,12927.95,12977.8,12816.4,12821.55,31438008,0.055127524994899035,0.2139946098731349,-0.025601360635034265,0.10777267079648745,0.1841166766303126,0.21716823402147525
2022-08-10,12951.65,12951.65,12992.7,12868.5,12959.05,33867183,0.069734500117697,0.18701053509483412,-0.022208620466059648,0.10856618566812681,0.17594286267568304,0.21268958325868284
2022-08-11,12923.55,12923.55,13097.35,12859.9,13080.2,32518843,0.06811936178389733,0.18461975626635607,-0.037873414908243586,0.09726298253838483,0.17648298628845244,0.21285165066909836
2022-08-12,12923.75,12923.75,12953.15,12847.45,12938.0,42948899,0.06672967239771199,0.21715483141834624,-0.0436623593539176,0.09768477225531624,0.1767368009700358,0.20363730462193297
2022-08-16,13250.0,13250.0,13261.85,13013.1,13021.15,45146700,0.07186338393337466,0.21397027834277016,-0.03879943932720331,0.11812094878821333,0.18351728196719175,0.20237022395410223
2022-08-17,13194.25,13194.25,13336.05,13172.85,13281.0,44047754,0.06330638987162218,0.18704566719447246,-0.03902183447337282,0.08038012396182648,0.18552126704809555,0.2004901534113363
2022-08-18,13131.9,13131.9,13206.3,13093.75,13180.15,94090061,0.04729282472944196,0.18131932387575,-0.05159920856364497,0.06774831430304373,0.1853467201563884,0.20101859981133868
2022-08-19,12946.45,12946.45,13222.6,12910.35,13177.35,53362156,0.034780558375228976,0.1757208373064525,-0.040130819588813926,0.06760458506450795,0.19394017332989813,0.20248541743281076
2022-08-22,12695.75,12695.75,12906.75,12675.75,12899.4,47308404,0.009092823902045355,0.14405500511392577,-0.044230626136346096,0.06238917046030279,0.20734422545643347,0.20725178051222376
2022-08-23,12925.75,12925.75,12945.85,12607.6,12630.9,51174660,0.023076253344097797,0.14689115148288634,-0.028244263858570706,0.07197578466900878,0.21620163498597242,0.20798793389237633
2022-08-24,12913.35,12913.35,12957.0,12820.5,12898.1,29850465,0.03941257435385581,0.1237403623579374,-0.019149702042632777,0.06710953865743297,0.20582890113006833,0.20498376357063894
2022-08-25,12877.9,12877.9,13001.1,12856.7,12956.7,30098669,0.0489879037184866,0.11144770683375627,-0.014019199233017421,0.054895168880159106,0.2001390330014295,0.20477785964070175
2022-08-26,12929.15,12929.15,13037.35,12912.85,12984.25,38658569,0.0489033655542801,0.11814840439332341,-0.006204829852570315,0.05543787553916779,0.20013036553837862,0.20467193189055963
2022-08-29,12886.4,12886.4,12909.95,12651.75,12675.2,31092289,0.04059368363251692,0.12139513027133342,0.017952818514966218,0.08020554700064553,0.20093181279311367,0.204269339796127
2022-08-30,13217.35,13217.35,13256.5,12968.2,12975.65,55630148,0.053746252949805395,0.17152759004267804,0.01871641125557666,0.10067745198147993,0.2143883613299232,0.2053786712285811
2022-09-01,13266.15,13266.15,13381.65,13025.55,13025.55,77798904,0.024124474568943954,0.17366840217107615,0.012431890587630834,0.11493114291469819,0.18393567033014657,0.2053831809850565
2022-09-02,13220.65,13220.65,13362.35,13203.35,13327.55,45383476,0.015126327872754475,0.16356427452429978,0.003941838064886571,0.09515079429885276,0.18393213867459596,0.20569031554048328
2022-09-05,13246.1,13246.1,13260.75,13162.85,13244.4,35302447,0.025287552053500972,0.16374035238768792,0.009319758792712296,0.08367610897920486,0.18099527179821898,0.20568818347889442
2022-09-06,13225.3,13225.3,13332.2,13198.15,13299.75,42382398,0.021597905095900538,0.15815837292291524,0.005857506443559091,0.0866998899720004,0.18124012513185137,0.20585332621367466
2022-09-07,13072.65,13072.65,13205.5,13025.5,13129.75,50898364,0.020953816476431797,0.14732754081095312,0.007911690272954353,0.05952244489031888,0.18180906298475386,0.20765465880843736
2022-09-08,13151.4,13151.4,13233.3,13117.4,13179.15,37294947,0.01728425620457985,0.17784455002619648,0.0016694867182704964,0.04951323097472193,0.17999822451766062,0.20238889894475565
2022-09-09,13219.6,13219.6,13257.45,13133.95,13255.25,39810383,0.02068848370670917,0.19050985442379664,0.0036594636536715353,0.05694535558552127,0.18062770699927969,0.2017122758240314
2022-09-12,13256.1,13256.1,13316.45,13243.65,13259.15,28843978,0.0257320937358545,0.1828674682668927,0.01002624349659964,0.03985333936262481,0.1803181766756571,0.20128573033379893
2022-09-13,13264.15,13264.15,13340.65,13242.3,13320.1,33074646,0.026339104362123944,0.2106082178778088,0.00532558699355179,0.034218542944719266,0.18027579479590425,0.19428949351432212
2022-09-14,13222.25,13222.25,13294.1,13085.7,13090.95,36179946,-0.0020943396226414945,0.22078959273929222,-0.0121082244208911,0.04357378210078555,0.15758733526062807,0.1923267873798356
2022-09-15,13315.5,13315.5,13421.6,13263.85,13288.0,34351121,0.009189609110028973,0.238109849647131,0.012915014706529226,0.07346976888652157,0.15874650669607462,0.19124163434100042
2022-09-16,12954.45,12954.45,13324.35,12849.55,13312.6,55007049,-0.013512896077490621,0.18044595505822736,0.01019163379330823,0.059461619411166566,0.18670339137781594,0.19835776416201886
2022-09-19,13074.0,13074.0,13145.15,12872.55,12982.65,46970200,0.009852121624074561,0.20149980701012749,0.01752166624884932,0.05818525248230899,0.18262918561755617,0.19737887874770907
2022-09-20,13291.35,13291.35,13379.75,13174.7,13179.15,42960032,0.046913337140381595,0.17006470355209302,0.02830054315322017,0.024814951668698182,0.17480687116022622,0.1812875418236199
2022-09-21,13223.45,13223.45,13412.9,13186.35,13303.3,27577028,0.023031545558284794,0.14160101871236486,0.01501848287161156,0.012989804203709987,0.16637303802942166,0.17849275165805778
2022-09-22,13320.75,13320.75,13361.1,13146.55,13165.1,39037142,0.031548746065118705,0.13988473436276583,0.03013712242501576,0.026333362383742065,0.1675847233202698,0.17828061523567304
2022-09-23,13093.5,13093.5,13392.05,13023.5,13326.5,38211673,0.01674186008588352,0.10656620931244754,0.027876126017510994,0.013371839786481043,0.17991221352697354,0.1813173882971365
2022-09-26,12594.35,12594.35,12988.5,12539.55,12964.55,54821838,-0.02589497376084271,0.06276950339648124,0.0050067112709092365,-0.014272935854469981,0.22786412956433588,0.19946112770915977
2022-09-27,12529.8,12529.8,12687.8,12407.4,12687.8,50480498,-0.027672585050906418,0.07081782559833849,-0.010026783763594116,-0.006947126834290884,0.228168814168492,0.19784091191020323
2022-09-28,12537.35,12537.35,12683.05,12371.0,12451.7,39656601,-0.0514475291945814,0.07047502764270686,-0.0007303763646712147,0.00022703970413306962,0.20544955613115887,0.19784350566672643
2022-09-29,12497.35,12497.35,12706.85,12468.35,12655.15,44875061,-0.0579520056685624,0.06887128916105745,-0.016641545559503257,0.006810771127519155,0.2040867353390303,0.19795897462459872
2022-09-30,12699.3,12699.3,12753.4,12365.7,12501.15,66863489,-0.03943452099556377,0.09008738347439449,-0.014057463607742293,0.008908950201653054,0.21492575931962002,0.200038337114004
2022-10-03,12441.05,12441.05,12790.1,12388.05,12790.1,69439738,-0.06077637946263437,0.04090042000635852,-0.01671094583104793,-0.015232228034949502,0.22407326351894533,0.19856635326525104
2022-10-04,12690.55,12690.55,12724.3,12586.6,12643.0,44234867,-0.04043386539435778,0.047585045525462055,-0.018837384019546044,-0.023164811164180676,0.23850109075098752,0.20074840109415815
2022-10-06,12784.55,12784.55,12893.05,12757.5,12769.05,59413119,-0.022038377834639578,0.05443066163007426,-0.005436416752851891,-0.014074892950827866,0.23794516377453967,0.20120437203448663
2022-10-07,12761.95,12761.95,12831.65,12711.35,12811.4,42931665,-0.02961281688641504,0.04157926953682933,-0.0024142996099209,-0.02617174123185584,0.23645527315107748,0.2002700171648251
2022-10-10,12693.6,12693.6,12711.5,12514.65,12622.75,57527898,-0.03978940361281735,0.04842100046665876,-0.006573567981826178,-0.025229398996381658,0.23546703644158898,0.19895634767201198
2022-10-11,12488.35,12488.35,12725.2,12463.25,12714.3,45010647,-0.057916732674014204,0.03215048742287818,-0.0047956211393132,-0.031538537247072895,0.24000265589823094,0.20200171852383345
2022-10-12,12598.3,12598.3,12612.7,12459.15,12526.9,42077480,-0.05019922120904852,0.039866945102473794,0.0021775641875406704,-0.034477443519475015,0.24334530521044515,0.20270165487651942
2022-10-13,12562.75,12562.75,12722.6,12501.6,12609.55,37093151,-0.049878046474692295,0.016268054830868017,0.005077192885163284,-0.04386886179531957,0.24333741555927443,0.19869975700682235
2022-10-14,12478.25,12478.25,12773.5,12464.3,12758.1,36698471,-0.06287784912320227,0.0056049384705891825,-0.024186475838430255,-0.050124964084928836,0.24104229949091743,0.19907489191891653
2022-10-17,12562.55,12562.55,12589.35,12386.3,12445.55,30812576,-0.030252152735160576,0.0018861303623125547,-0.017757103550102293,-0.0575519539231919,0.2255019521021571,0.19839622368987986
2022-10-18,12732.65,12732.65,12769.5,12620.6,12623.55,138309084,-0.026109071439498255,0.01769200642619073,-0.01843123340803232,-0.04078559201564569,0.228675922994586,0.20022806834816198
2022-10-19,12721.05,12721.05,12839.9,12698.65,12790.5,52206032,-0.04290760532225857,0.011103736880382353,-0.02584453088178984,-0.043517542534260656,0.2188305189135413,0.1999372238981284
2022-10-20,12729.6,12729.6,12755.0,12544.6,12657.15,49883044,-0.037346532107732866,0.007550933181364794,-0.02863238016757108,-0.04295910389886015,0.21876836915003758,0.19976591675574518
2022-10-21,12695.65,12695.65,12822.95,12600.95,12753.85,44664192,-0.0469267871553779,0.021889614205107932,-0.043892152750609204,-0.034950069593220556,0.2160326247026966,0.19672778608243854
2022-10-24,12794.65,12794.65,12856.3,12775.8,12827.45,7869470,-0.022824302134647034,0.04220665499124343,-0.04610543858766469,-0.033437106640495706,0.21147531256854582,0.19561305831545767
2022-10-25,12952.8,12952.8,12971.15,12803.05,12842.0,64918192,0.028461175050717102,0.0508220194948219,-0.009152689228777655,-0.010141865451335663,0.162843942263305,0.19694072183182942
2022-10-27,12979.4,12979.4,13026.0,12908.6,13024.8,49291973,0.03588245622436115,0.04810355548018763,-0.007013507377880535,0.00041491381095881685,0.1610026834440731,0.19679786167380373
2022-10-28,13190.9,13190.9,13218.95,12991.1,13024.95,44129418,0.05212824081644052,0.051637540659480674,-0.0029297825889453843,0.015004971414365409,0.16880184321198397,0.19779398799087314
2022-10-31,13381.65,13381.65,13453.75,13270.3,13302.3,49404509,0.07075900090819243,0.0330408803696256,-0.0002418634646983442,-0.005721891780199995,0.1723520234898512,0.1888911563071258
2022-11-01,13416.9,13416.9,13486.8,13303.05,13470.75,56563369,0.05650705156977165,0.030195068202846453,-0.0049782231126636045,-0.015923724212761448,0.1657852645225999,0.18867325715016342
2022-11-02,13318.25,13318.25,13449.95,13264.25,13438.05,33353539,0.07050851817169779,0.030872176726473466,-0.0002841181894466249,-0.009080273830001762,0.14674384968610213,0.18855110569304803
2022-11-03,13262.65,13262.65,13410.3,13223.4,13265.45,38451677,0.04508078846070496,0.02448303297620047,1.972073025902077e-05,-0.014102815530875779,0.13537286182615382,0.18876643867276247
2022-11-04,13271.7,13271.7,13336.8,13228.75,13283.75,43884301,0.038104587177491656,0.03649931468602463,-0.007208050515910225,-0.004865846436262977,0.1340582112628912,0.18727013226731035
2022-11-07,13443.9,13443.9,13460.9,13316.45,13336.0,51717945,0.05343619117768039,0.039909653115923094,0.002141456915769613,0.001239335287175125,0.13879695287414046,0.1880644110488307
2022-11-09,13341.4,13341.4,13544.9,13308.2,13544.75,56560120,0.05103359173126609,0.030092690892666196,-0.002095577110448499,-0.005393985564083881,0.14075936438016243,0.18881346777129535
2022-11-10,13080.75,13080.75,13282.95,13033.95,13282.95,75776154,0.047436210548230884,0.01216384043084151,-0.01407321412716156,-0.00874330146564195,0.14720820906868462,0.19324920330190445
2022-11-11,13040.9,13040.9,13280.8,13003.2,13254.45,111484018,0.035131724121508556,0.009064706451300975,-0.0364711886623037,-0.02774980883669964,0.14631605249995774,0.19336396890252902
2022-11-14,13071.4,13071.4,13147.0,13035.9,13108.1,78444675,0.04048874649260714,-0.013479245283018915,-0.03678724767913222,-0.04174815543154409,0.14532995798689713,0.18641586713171227
2022-11-15,13155.55,13155.55,13190.55,13074.5,13086.8,43650042,0.054278444493418565,-0.002933095856149537,-0.016577047411528767,-0.02852070139134888,0.14231935810554483,0.1867172211463814
2022-11-16,13105.95,13105.95,13220.9,13043.25,13148.55,38672296,0.043255549231644874,-0.001976103991044642,-0.02016070787801727,-0.02721211271351276,0.1432003822651705,0.18662467482177222
2022-11-17,12927.4,12927.4,13066.55,12904.05,13046.2,50660993,0.015295323440132291,-0.001471445840365626,-0.03370986100657225,-0.0344389175302281,0.14710277373403438,0.18646330756463703
2022-11-18,12774.9,12774.9,12957.8,12717.4,12929.25,39329120,0.004233141132217844,0.006234369769410941,-0.04118651600064638,-0.04047337825470643,0.15374297514113477,0.18366888536509277
2022-11-21,12696.1,12696.1,12777.7,12668.3,12738.0,35642539,-0.0026316616390146264,-0.01776686072374911,-0.03656480461142497,-0.050902927783911256,0.15538956535472803,0.1802798624940526
2022-11-22,12745.5,12745.5,12765.85,12694.6,12712.0,28834733,0.0039265417682434745,-0.012998176305916043,-0.034073401781453905,-0.049308988229143424,0.1557105164156029,0.18047714183191924
2022-11-23,12774.75,12774.75,12835.2,12762.85,12809.25,21972510,-0.0015553375825051452,-0.008009846325876091,-0.03181350489071255,-0.05051536435888149,0.1533746208735831,0.18047090155832898
2022-11-24,12845.6,12845.6,12864.9,12781.15,12827.55,29155912,-0.008276202828731982,-0.006462141749457584,-0.0551573542735635,-0.05915332389455241,0.14793121134678863,0.18065058312442267
2022-11-25,12958.0,12958.0,12996.85,12828.45,12884.5,42824659,-0.001648766506926358,0.005556245343928401,-0.045388012286008306,-0.06374754444883934,0.15125634948638952,0.18141876574447455
2022-11-28,13036.4,13036.4,13101.45,12950.6,12963.6,35817998,-0.011712620063831891,-0.01369033883494053,-0.05533762201291592,-0.05893137780637736,0.1407324533621301,0.17409874750957652
2022-11-29,13007.65,13007.65,13088.6,12979.4,13048.7,35890208,-0.027948720822917994,-0.019485683487673544,-0.06158434494311604,-0.08077863285236342,0.12921123228820733,0.17395156167470502
2022-11-30,13231.85,13231.85,13280.1,13021.9,13037.5,105106337,-0.013792306717647085,0.0008471595572079327,-0.04757217409751968,-0.06864763331929646,0.14450630462144004,0.17743617863663763
2022-12-01,13191.75,13191.75,13295.95,13162.25,13295.95,37295155,-0.009498244889531327,-0.004103094495738424,-0.0498486546085124,-0.06901377887111504,0.14265143072912526,0.17749928182892452
2022-12-02,13046.35,13046.35,13166.1,13024.85,13137.0,45345965,-0.016308957862870455,-0.01353088398750868,-0.05194907920033487,-0.07246402831682974,0.14706332213227927,0.1789080844200786
2022-12-05,13007.55,13007.55,13075.3,12972.3,13071.6,45280095,-0.019903252786003356,-0.004979862537435098,-0.052132404613718486,-0.0660684877821105,0.14714070833885126,0.17743102240038935
2022-12-06,12973.8,12973.8,12985.05,12912.7,12963.3,36929899,-0.03496753174302103,-0.013504265705552299,-0.05913684634669314,-0.06092332603282247,0.13770825140669518,0.17704559750157264
2022-12-07,12870.65,12870.65,12990.75,12855.0,12981.5,38529941,-0.03528490263390649,-0.0263964113891495,-0.057507736802546616,-0.06717116243438981,0.13789915042024325,0.1773844631011785
2022-12-08,12908.15,12908.15,12934.0,12846.45,12899.1,37000542,-0.013194962062572868,-0.026248293238584575,-0.04543059378449121,-0.06376986338283697,0.12126024933603236,0.17739646931018893
2022-12-09,12869.4,12869.4,13009.75,12764.65,12963.65,38554608,-0.013150932834390283,-0.029760670679990775,-0.02115653493575309,-0.0533659628448363,0.12124870355487463,0.17745964730680608
2022-12-12,12874.35,12874.35,12931.3,12767.75,12865.75,34164360,-0.015074896338571175,-0.026311709429181818,-0.024240623959308483,-0.053717132778484,0.12080579361680553,0.17738142442892887
2022-12-13,12931.0,12931.0,12967.35,12905.0,12921.5,37671133,-0.017068841667585155,-0.02887612181292476,-0.028186331100637285,-0.06974333927246823,0.11941524763552859,0.17698883683182323
2022-12-14,13004.1,13004.1,13010.05,12949.5,12977.4,46337149,-0.007771279457040481,0.0038326598195985717,-0.021386442445287313,-0.060593833878174186,0.12103065383467429,0.16820598951522067
2022-12-15,12912.9,12912.9,13037.75,12890.7,13000.35,34319945,-0.0011216485913640994,-0.01232216613125292,-0.004992144968257062,-0.057302256109831085,0.11335459958654227,0.1677333769787393
2022-12-16,12775.25,12775.25,12908.2,12702.7,12860.7,84068724,2.739747473556875e-05,-0.03882976522324677,0.0021385580988642072,-0.06424195914733288,0.1118290372258216,0.16541831948773264
2022-12-19,12978.8,12978.8,12995.1,12715.35,12783.6,46626384,0.02226668031915313,-0.018501223205744433,0.007921926550181313,-0.05812678793686987,0.12243577369207957,0.16853867898757963
2022-12-20,12879.4,12879.4,12948.45,12768.1,12948.45,43612226,0.010505668667372792,-0.03313251881463131,0.0027716179256451756,-0.07598609438103832,0.12579204606467806,0.1684404704397123
2022-12-21,12695.45,12695.45,12951.4,12633.1,12909.65,59065347,-0.0062075578778448826,-0.030400580440676617,-0.0024768162158541607,-0.08071121765020917,0.1361813699570003,0.16734522613503908
2022-12-22,12554.7,12554.7,12765.2,12511.9,12721.15,58012418,-0.0226458865292396,-0.0031482371063215053,-0.0033455144505769585,-0.06844144286284226,0.13952022871637695,0.14882870876253426
2022-12-23,12236.0,12236.0,12474.5,12213.55,12452.6,62865318,-0.055718475073313734,-0.023448099730243088,-0.01758533878886115,-0.07045119087083007,0.15936222637806757,0.15754902954977792
2022-12-27,12522.75,12522.75,12567.5,12409.4,12483.0,45768102,-0.03940121505937222,-0.001164520413005965,-0.016212343865718237,-0.07671653549062252,0.18204059915346008,0.16477874032059403
2022-12-28,12605.45,12605.45,12639.25,12470.2,12500.75,41989584,-0.030920266151072573,0.008649833764758252,-0.00430358177995338,-0.0689094874975491,0.18457026912789448,0.16519167117868366
2022-12-29,12634.6,12634.6,12705.75,12456.45,12537.75,41715963,-0.045137301284400855,-0.005094769003015864,-0.014892124006574026,-0.06924756894479112,0.17176455450252223,0.1619164506430886
2022-12-30,12611.7,12611.7,12700.05,12593.2,12700.0,30457706,-0.043970663482858496,0.013716687900137137,-0.006378678433024643,-0.058405415333804056,0.17175080832634276,0.15625849151384766
2023-01-02,12667.75,12667.75,12685.1,12604.45,12636.6,42719277,-0.02901961084901139,-0.0017966124399650951,-0.002348251525756795,-0.055237179973790296,0.16998740175694063,0.1510950167736972
2023-01-03,12614.75,12614.75,12687.45,12583.75,12664.15,30870297,-0.03019784663522329,-0.013281656374295459,-0.0051457784129538275,-0.06525259761511881,0.17018459725051646,0.15053130314650032
2023-01-04,12512.05,12512.05,12631.2,12467.8,12622.8,39674493,-0.035590960242951164,-0.019581647005355918,-0.0034175533555552695,-0.061644224746996934,0.17179101561008206,0.15138231577058447
2023-01-05,12656.65,12656.65,12668.35,12507.45,12555.55,33135821,-0.016626976881509492,-0.002910915737064368,0.013994483174792904,-0.046478596882299605,0.17635966272890227,0.15292025979228188
2023-01-06,12627.8,12627.8,12689.0,12597.75,12656.9,30506665,-0.021718836549001974,0.011166407091409036,0.018578132789852098,-0.04040693282918051,0.1758585137006533,0.1492100023251023
2023-01-09,12783.0,12783.0,12810.45,12694.35,12706.65,46261272,-0.006713599701617778,0.014660708190787686,0.014663323569435338,-0.042430068963320355,0.18186553546695275,0.15022140582613452
2023-01-10,12819.1,12819.1,12906.6,12769.45,12844.4,103739214,-0.004291478793104098,0.02040556406837668,0.02722688958732955,-0.03247925385932149,0.18219884162595454,0.15017444785587303
2023-01-11,12753.05,12753.05,12865.9,12714.7,12856.05,50097046,-0.013761503364009053,0.022022318834772348,0.024517773358368466,-0.01929110059394512,0.1821526891288576,0.14989017837701965
2023-01-12,12769.4,12769.4,12807.7,12703.25,12786.95,40086038,-0.01804815404372473,0.01646560610704051,0.024936231465535474,-0.015096589207255873,0.1807961910222027,0.14931590674436898
2023-01-13,12832.4,12832.4,12883.9,12724.05,12797.5,58469972,-0.006234076001517819,0.007834190054701873,0.0186534211626439,-0.019023004116218933,0.18040402832936847,0.14710794564638202
2023-01-16,12748.8,12748.8,12892.25,12694.85,12861.25,33397508,-0.0020704095810258893,0.002181423703232044,0.018409659969852665,-0.01966611783911687,0.17779748740036216,0.14772834039670804
2023-01-17,12821.85,12821.85,12835.25,12705.7,12769.0,64303176,-0.01209279748512948,0.007246889140271495,0.007838770585766541,-0.020614245984032165,0.16922006288099206,0.14818162674964647
2023-01-18,12817.6,12817.6,12835.55,12759.95,12827.35,33940658,-0.004798360172057703,0.009605652329734982,0.007165065093158174,-0.023908158992462125,0.16713994160621043,0.14807095541919932
2023-01-19,12763.0,12763.0,12803.5,12743.55,12775.6,31395721,0.005320803910062288,-0.0024736901751903906,0.01033478822569256,-0.023741804009912548,0.15946605268972178,0.1474828817457514
2023-01-20,12691.7,12691.7,12794.15,12673.8,12775.75,59551497,0.010912248002739933,-0.02015780371811493,0.016412181578161156,-0.041187109858091375,0.15536327510040296,0.14564190573837085
2023-01-23,12797.05,12797.05,12845.25,12700.4,12748.15,35018220,0.045852402745995446,-0.014049185632617922,0.028345046773986082,-0.035563683858536255,0.12255799027727808,0.14663125528865892
2023-01-24,12960.85,12960.85,12976.5,12818.8,12840.4,49978121,0.03498432852208988,-0.01744005337012633,0.035756431310858816,-0.036077469062635426,0.10294536255878604,0.1451480110924828
2023-01-25,12957.15,12957.15,13030.3,12895.35,12986.5,55379583,0.027900630282932992,-0.031722545426012494,0.040622428117117027,-0.02504651444614059,0.10151909371507817,0.14190116173071923
2023-01-27,13089.7,13089.7,13278.85,12912.2,13105.85,111193572,0.036020135184335,-0.024387153515342486,0.06826962067853548,0.005430363298975838,0.1062123597069923,0.14345526969051892
2023-01-30,13076.85,13076.85,13164.25,12959.65,13096.45,54688107,0.03688241870643916,-0.018125504476939502,0.06208783053658129,0.005869629033436352,0.10588061202519353,0.1427252341677051
2023-01-31,13323.9,13323.9,13355.95,13099.4,13160.8,63233007,0.051796885792662506,0.004618232404534517,0.08121303207174912,0.026252051446917113,0.12155035511061729,0.14769625537111167
2023-02-01,13206.85,13206.85,13539.8,12972.35,13397.75,59213356,0.0469371172635209,-0.0048863370932134,0.08073655692468662,0.022758717375958137,0.12597607471856814,0.14881045146679153
2023-02-02,13213.25,13213.25,13275.55,13091.15,13178.15,66669521,0.056041975535583655,-0.017156479890507947,0.08001526409727289,0.01538798388427598,0.12004281869248508,0.14634243447053333
2023-02-03,13377.95,13377.95,13396.95,13167.65,13273.75,54593828,0.05698980377904106,0.0027395925465094617,0.06466535152496022,0.019424574578232767,0.1209503400062811,0.14779087361881768
2023-02-06,13360.15,13360.15,13398.2,13221.8,13372.1,39422329,0.057995058521674414,0.02135963151959941,0.06330595071175504,0.03598114785501061,0.12046969346751515,0.14197091954011898
2023-02-07,13226.05,13226.05,13391.0,13182.6,13379.35,50088031,0.034659313150277704,0.014197639733454004,0.05563578074015385,0.048432490738973266,0.12337511472566627,0.14341652864231108
2023-02-08,13257.35,13257.35,13276.0,13132.85,13246.65,49146805,0.034187267436871505,0.014225714154566527,0.036556967978026766,0.03918329059024117,0.12333096920449092,0.14341827197392618
2023-02-09,13187.85,13187.85,13246.05,13133.55,13244.75,46506018,0.0340938050113504,0.002455237523326659,0.03421953354380369,0.030164854281693687,0.12339791183432494,0.14326442163791236
2023-02-10,13235.05,13235.05,13264.9,13153.8,13198.45,47141809,0.03646608297962306,0.009850487755561188,0.03656123360086916,0.039897250126816663,0.12356856729999748,0.14321960516452206
2023-02-13,13154.35,13154.35,13287.7,13074.15,13224.6,37135764,0.025088837629749783,0.017555734331729633,0.035430395763788036,0.04879227551426035,0.1260460848619105,0.14090148509574116
2023-02-14,13106.55,13106.55,13220.15,13093.55,13184.95,35975419,0.02806146460843384,0.025961064274475643,0.02610559458079953,0.04659728865002222,0.12408083080755303,0.13886382245315373
2023-02-15,13235.2,13235.2,13246.2,13087.4,13099.25,40417269,0.03223793758311011,0.04246185836595484,0.03431241539350016,0.05039688107109641,0.12676280036147675,0.1394661794269118
2023-02-16,13206.05,13206.05,13316.25,13187.0,13274.3,32422765,0.030305985519909928,0.0361343219175394,0.03743494272606063,0.04755436874321062,0.1273119738215342,0.139429459485081
2023-02-17,13140.0,13140.0,13233.0,13107.85,13153.05,26026886,0.0295385097547598,0.02859155756472731,0.0385760483998937,0.04627625456345452,0.12778585641522164,0.13985219190053358
2023-02-20,13177.4,13177.4,13228.6,13105.35,13165.3,53695750,0.03826910500563341,0.0258298561375101,0.04842299512906256,0.06042715941516885,0.1250871561452695,0.139544839108189
2023-02-21,13148.75,13148.75,13227.9,13129.3,13222.45,28696970,0.027482896448790983,0.01472063590060202,0.0435907831127742,0.05177892174414234,0.12349552827281553,0.13856374121225862
2023-02-22,12989.95,12989.95,13149.5,12973.3,13114.25,34153920,0.0022452231142247037,-0.003563100242398143,0.033373970054095814,0.050763398727312725,0.12469145070985893,0.14031889047376475
2023-02-23,12982.25,12982.25,13026.4,12896.25,13018.15,38731280,0.0019371543896613552,-0.0019526970667260724,0.023214837111398712,0.05749502891996239,0.12470922784592363,0.1402523024552433
2023-02-24,12869.1,12869.1,13037.65,12853.95,13024.5,29637468,-0.016852945445655743,-0.027414911747034587,-0.008982797942380882,0.04149034138243124,0.12249796404047315,0.1367330523256595
2023-02-27,12675.3,12675.3,12840.9,12566.05,12822.85,41504492,-0.030706936303467658,-0.039149468417761124,-0.016187658309978703,0.03632166945599302,0.13263961257632403,0.13993382630178186
2023-02-28,12731.8,12731.8,12855.25,12689.4,12714.8,45431988,-0.04443894055043951,-0.024110191739452058,-0.02415821799102047,0.05035188429307602,0.11173407267590438,0.13860892936375788
2023-03-01,12849.3,12849.3,12881.95,12755.85,12759.0,31257644,-0.02707307192858255,-0.01216601127806538,-0.017684018421898262,0.054683194429585136,0.11593914152904743,0.13988114868093576
2023-03-02,12738.8,12738.8,12875.2,12712.35,12874.3,24540310,-0.035907138667625405,-0.01811342860225995,-0.019524774064854422,0.05273714920278494,0.11849443842164667,0.14086659851612
2023-03-03,12787.05,12787.05,12834.9,12750.95,12799.9,25788272,-0.044169697150908904,-0.006495398445300005,-0.029623912832443033,0.04555871597106809,0.1082986751731432,0.14018933791831836
2023-03-06,12909.5,12909.5,12937.15,12821.75,12828.35,40039323,-0.03373090870985729,0.000104585087715936,-0.030738981405346033,0.048354545966125984,0.11611358601031592,0.1414491994472554
2023-03-08,13019.5,13019.5,13030.05,12859.25,12882.95,24733707,-0.015616907542312264,0.011663325407555991,-0.017473431573855835,0.05178957749844393,0.11706371783285678,0.14236286425057912
2023-03-09,12781.2,12781.2,13059.45,12766.75,13039.9,23061937,-0.0359159258826236,-0.007235316734437003,-0.020131214763546734,0.04182903977909269,0.1320337743875154,0.14741066604514083
2023-03-10,12741.6,12741.6,12766.2,12692.05,12762.3,30034572,-0.03383796449004195,-0.01464697239192636,-0.006981832826983503,0.04957807110415058,0.13151267317894444,0.147230947811371
2023-03-13,12456.0,12456.0,12738.4,12410.1,12714.55,46398234,-0.05886264124427176,-0.042148245553325525,-0.01953806930968216,0.038557849040457226,0.14929049428965413,0.15368722820609867
2023-03-14,12345.55,12345.55,12486.05,12310.05,12475.2,48821316,-0.06148536415710404,-0.043936683471567206,-0.020542047083600856,0.030546456826779367,0.15037946467694172,0.15406275672124134
2023-03-15,12282.0,12282.0,12489.7,12266.6,12461.8,29239372,-0.0629112924453803,-0.03860981194105795,-0.00949761415946504,0.03237653703124488,0.1505389374919869,0.15294400232592129
2023-03-16,12304.9,12304.9,12349.15,12159.9,12267.0,452824322,-0.0702898331721471,-0.05192313619132738,-0.013104076056152825,0.025971251308977483,0.14394389239780553,0.14915560403597541
2023-03-17,12245.95,12245.95,12424.95,12177.55,12387.35,56110617,-0.07270152695166221,-0.04918319176359143,-0.02081604063453446,0.020723197873000476,0.14389471027808443,0.14871029743998065
2023-03-20,12131.7,12131.7,12255.45,12025.4,12225.3,63256201,-0.07673515981735157,-0.044405672898558124,-0.023470100927106996,0.022119553334410402,0.14521892458177632,0.14710654479536506
2023-03-21,12141.95,12141.95,12188.1,12114.45,12165.05,45206068,-0.07857771639321864,-0.032876134037452154,-0.03727112361386875,0.023384137395033533,0.14414113516212754,0.14553292552129435
2023-03-22,12201.35,12201.35,12266.3,12165.2,12190.1,42515605,-0.07205247647114743,-0.002831807780320328,-0.03419920818829836,0.033946297319535135,0.1475216634647883,0.13614945818461732
2023-03-23,12205.7,12205.7,12270.9,12153.4,12191.9,38760548,-0.06037359651114904,-0.025317921383082753,-0.03317795958011738,0.03288762039330084,0.14471663462742984,0.12727557195778913
2023-03-24,12113.4,12113.4,12235.95,12089.1,12196.5,36818388,-0.06692599510870612,-0.039034703243438384,-0.03459253982995669,0.025936973884441272,0.14523089320541463,0.127255949060843
2023-03-27,12035.1,12035.1,12131.35,12015.85,12093.75,39704746,-0.06480639671771915,-0.0474490684311335,-0.037318303356697724,0.018809014205884766,0.14435531439594004,0.12765401109889798
2023-03-28,11917.95,11917.95,12090.5,11901.85,12066.9,45163635,-0.05975006508721681,-0.05500844453959419,-0.034394598724377334,0.008707788426536855,0.13969109507969785,0.12895930547584342
2023-03-29,12121.3,12121.3,12142.55,11935.1,11944.3,46017049,-0.04795080035815835,-0.043137100116437455,-0.03504912125717641,0.018231390960286697,0.15480172992189492,0.13363591566151867
2023-03-31,12243.8,12243.8,12257.65,12154.0,12157.8,39220803,-0.04712318959009443,-0.029406052438613606,-0.04189994101353567,0.018464417893358287,0.1556966947060437,0.135241799842576
2023-04-03,12425.85,12425.85,12456.7,12328.4,12361.05,30415295,-0.024566678180048318,-0.006889358658253353,-0.028962869643325395,0.0288530485104056,0.165154869646691,0.13782366598974324
2023-04-05,12357.65,12357.65,12453.8,12340.25,12428.5,48141984,-0.033580849374953536,-0.023623944724709967,-0.03146091718347743,0.0005588016357090941,0.1646963063600735,0.13610111369488032
2023-04-06,12469.35,12469.35,12479.85,12312.75,12366.6,32600318,-0.03409504628374449,-0.012547712190563609,-0.027754581043547444,0.002027139751215268,0.1642247982101034,0.13739157670530738
2023-04-10,12616.75,12616.75,12636.15,12516.45,12520.1,73596281,-0.030934367679250396,-0.013005554251740548,-0.02359254782011111,0.01335449138577438,0.16730167116044134,0.13721560183121365
2023-04-11,12742.05,12742.05,12756.0,12640.4,12679.15,38083703,-0.0030630926673552716,-0.006010562363972571,-0.01060739013983858,0.004698826872560846,0.1593977831061047,0.13863940472005112
2023-04-12,12862.2,12862.2,12897.65,12751.75,12759.0,46436613,0.009465059333207737,0.00855873692959741,-0.01347770097885892,0.013213421114148582,0.1624671631995808,0.13957270626601917
2023-04-13,12918.65,12918.65,12938.8,12861.15,12884.45,40006724,0.03714274245343607,0.011688098109543077,-0.0021301621866858245,0.013379154322998965,0.13787882641264826,0.13982488354640463
2023-04-17,12996.15,12996.15,13012.9,12910.95,13012.9,35288224,0.052699150706124964,0.012760668308344547,0.013766033427868862,0.026669203634242633,0.1325358770483699,0.13999467397528195
2023-04-18,13005.1,13005.1,13065.15,12954.35,13021.45,42865690,0.0588747760950985,0.020103852911646625,0.01833777965297201,0.03321931483914131,0.12960577989907823,0.13928858219796228
2023-04-19,13002.55,13002.55,13056.1,12981.15,12992.1,33303250,0.05669692561499895,0.014093130086531902,0.019421209409164142,0.03816356388229081,0.13002134600872814,0.13883911808685992
2023-04-20,13032.35,13032.35,13049.2,12995.1,13028.5,36654245,0.06421714934325218,0.01675430657845456,0.03355066512000082,0.0465307987603526,0.12695327315533123,0.1388974591114295
2023-04-21,12898.75,12898.75,13031.9,12881.15,13031.9,31363591,0.06322691790927903,0.010636214056256366,0.02581018790474121,0.03735384417587706,0.128204377814702,0.14028493906115277
2023-04-24,12893.35,12893.35,12928.75,12838.2,12901.05,29512385,0.061884623145376016,0.01588833647186738,0.024713768805174396,0.031655782247708486,0.12857251660421942,0.13977427020001665
2023-04-25,12904.55,12904.55,12942.85,12869.1,12916.95,39822049,0.05763296684383268,0.00840037352358558,0.021639893463320625,0.0276790004660602,0.12858398851655797,0.13878366901062442
2023-04-26,12972.75,12972.75,12992.65,12900.65,12928.3,38715193,0.06284358947049329,0.0009181496583943183,0.019703487818647947,0.017735464678924506,0.12852781617760667,0.13672446546609754
2023-04-27,13071.8,13071.8,13084.95,12961.4,12984.65,27939569,0.0791189921904667,0.008848396445205964,0.021875138954374762,0.007557225638852971,0.12304832415645167,0.1376040527012248
2023-04-28,13189.25,13189.25,13208.65,13071.0,13103.55,43551026,0.09589866307716588,0.007605216315117902,0.03235692909552368,-0.01856163453972348,0.11801756811680178,0.13724286141039382
2023-05-02,13283.15,13283.15,13307.45,13147.9,13212.3,43950179,0.11454990161898637,0.01577597051277624,0.04399938296937633,-0.012480735634079698,0.10529977942861037,0.13796045496848594
2023-05-03,13278.6,13278.6,13289.25,13215.95,13273.2,25489324,0.09547655779495612,-0.003399905433093875,0.03639522993472277,-0.027615485602596856,0.09786949137138982,0.1324917668161677
2023-05-04,13292.55,13292.55,13320.2,13260.55,13291.75,27482937,0.08565559711854154,0.006489056815213168,0.034039025379317245,-0.029812548609272627,0.0963710862385806,0.1312405200594337
2023-05-05,13345.8,13345.8,13453.65,13287.65,13314.3,39105039,0.07403517666799453,0.010031597071121778,0.03547055657428344,-0.016009810233798882,0.08778602725467091,0.13148090331160125
2023-05-08,13584.25,13584.25,13603.05,13396.55,13422.05,57409644,0.0992583541369112,0.015420897820667578,0.05896971920681171,-0.007562660051025238,0.09438189150781058,0.13402141496874437
2023-05-09,13648.5,13648.5,13712.4,13600.05,13631.15,43498925,0.09456387061073745,0.021582841510012996,0.05667574457482383,-0.006638994073065341,0.09302882839742121,0.13428879077355288
2023-05-10,13750.85,13750.85,13763.1,13626.65,13705.35,41131188,0.08988844195216683,0.03967926932077237,0.050677886064516064,0.00618325547459686,0.08979889060808965,0.13327369994378663
2023-05-11,13803.75,13803.75,13826.9,13736.05,13810.85,45819931,0.08332254229107572,0.04121487325898454,0.05089451695488312,0.017417428145103164,0.08734838927378914,0.13338910338853469
2023-05-12,13910.5,13910.5,13957.2,13854.8,13871.65,63330441,0.08150238683895439,0.05479664994673117,0.053297294902584946,0.03124883882608498,0.08616977296978978,0.1335726518571309
2023-05-15,14007.85,14007.85,14082.45,13931.4,13952.75,68826242,0.08431221528565302,0.05839041031201253,0.052292380790757376,0.02801773877083713,0.08684374020914729,0.13404555758136047
2023-05-16,13877.7,13877.7,14067.05,13851.2,14046.4,40375181,0.06783162705878287,0.05498941414817149,0.035095685690754275,0.025975712082349167,0.09854843109209172,0.13492916616859887
2023-05-17,13889.9,13889.9,13936.5,13839.2,13892.7,37784666,0.06803484786737513,0.05976782601065889,0.03849944766761837,0.04571860662996263,0.09848431471997313,0.13459821155165538
2023-05-18,13767.7,13767.7,13960.85,13756.85,13948.0,40885693,0.05884614940915456,0.040233619439071555,0.029831649586522513,0.03390032892827466,0.10695387572304238,0.13480284706935766
2023-05-19,13863.55,13863.55,13876.55,13647.6,13799.0,55715000,0.06377974808841058,0.04978778665838757,0.03093042810744495,0.0404979120542599,0.10789417729227828,0.1352750325753636
2023-05-22,13890.5,13890.5,13925.15,13823.4,13856.3,34928117,0.07688729528055038,0.057115677321156744,0.03771641351541977,0.03648498952271906,0.09580814130565332,0.1347460538755399
2023-05-23,13982.6,13982.6,13994.6,13884.7,13907.55,48819748,0.08448153505489264,0.06110461851351556,0.05040691598162583,0.032894381150692986,0.09504188895640792,0.1351951794684112
2023-05-24,13989.6,13989.6,14035.4,13916.25,13959.9,46195672,0.08408274600819099,0.06394904458598738,0.055035352864135856,0.0382179113993939,0.09521426387971343,0.1350387231943441
2023-05-25,14029.5,14029.5,14050.85,13920.75,13963.05,51408958,0.08145921258021627,0.0800272518369971,0.052966892533745424,0.03634282265175237,0.09518610642826246,0.1322540024018648
2023-05-26,14130.45,14130.45,14150.0,14017.65,14063.4,53994145,0.0809873162074084,0.08844383677713807,0.048372347081195866,0.03201727617324068,0.09497403261875202,0.13273962632390263
2023-05-29,14219.6,14219.6,14315.35,14158.0,14254.85,41961864,0.07812043899387766,0.10494129348594705,0.04857986934953784,0.04008027602884057,0.0935580349164201,0.13139187843576014
2023-05-30,14177.85,14177.85,14273.3,14164.75,14241.15,29905281,0.06735601118710544,0.11854157298052126,0.04056470717338212,0.047181148987965216,0.0955750754631663,0.12701522021505043
2023-05-31,14199.0,14199.0,14236.8,14107.7,14180.65,144276438,0.06931453617098193,0.11523900783864027,0.0447399382141469,0.04413089509974455,0.09487774583255515,0.12690314229478952
2023-06-01,14257.0,14257.0,14303.3,14168.75,14202.4,37129011,0.07255567968523735,0.10955460608749124,0.059850171911060235,0.05013935609087694,0.09451179470025005,0.12606514662321233
2023-06-02,14388.6,14388.6,14402.25,14263.45,14325.35,38636160,0.07813694195926812,0.12950984394134468,0.05239674552476714,0.059529114840392916,0.09664450495167408,0.1250917691077213
2023-06-05,14570.25,14570.25,14598.4,14449.75,14469.7,43610216,0.07258405874450191,0.13945358780954176,0.054546279693233224,0.08264557715892784,0.08812296322862018,0.12689250755271167
2023-06-06,14729.5,14729.5,14743.45,14594.3,14609.0,41448592,0.07920284280323853,0.1409814477710214,0.06096941965826863,0.09086975051304624,0.09187382046934263,0.1272534314845152
2023-06-07,14819.45,14819.45,14842.5,14716.35,14798.45,42581759,0.07771155964903986,0.1382503168324436,0.055254636671702384,0.08350332574209651,0.09127237035842589,0.12684186141597925
2023-06-08,14692.0,14692.0,14903.1,14669.8,14866.25,54012744,0.06434845603549766,0.14950082934309772,0.04590003382147345,0.09009349801771283,0.10129089286175771,0.12149797629343999
2023-06-09,14626.0,14626.0,14759.55,14610.2,14730.05,34319397,0.051435965637468106,0.1478935141583475,0.03786226574609364,0.08182181018079415,0.10321036005102427,0.1217983124171145
2023-06-12,14673.85,14673.85,14729.2,14601.0,14691.95,38622414,0.04754476953993647,0.17805475272960836,0.036530472726415075,0.09369111487548976,0.10191341070995873,0.11012787885441948
2023-06-13,14658.3,14658.3,14744.0,14643.55,14714.25,37072481,0.056248513802719335,0.187334707647695,0.03275301763751548,0.08918179520157032,0.09322232624892667,0.10773428449266789
2023-06-14,14682.7,14682.7,14718.15,14635.9,14692.75,32948384,0.05707744476202148,0.19546490799544047,0.025499054858684422,0.09036626351340127,0.09305645519980167,0.10646400745505911
2023-06-15,14707.85,14707.85,14815.8,14660.55,14714.9,43850076,0.06828664192276124,0.1952839925558112,0.03750054407491055,0.09505202906007892,0.0825367884631075,0.10647121575204718
2023-06-16,14768.45,14768.45,14788.15,14701.55,14747.85,81968943,0.06527188202156031,0.20598646899587214,0.031069502465285392,0.10505406588029298,0.08148898181575978,0.10525104501657179
2023-06-19,14676.7,14676.7,14842.3,14658.05,14807.65,49333245,0.05659983441920735,0.20978098700099745,0.03251775590623729,0.10576596572211705,0.08801546766913193,0.10384565570481637
2023-06-20,14785.65,14785.65,14810.75,14573.9,14683.9,59257508,0.05743209417418793,0.2177327365044328,0.03188711822313062,0.11782338570799844,0.08851590122566687,0.10408563928087985
2023-06-21,14777.7,14777.7,14885.2,14738.3,14813.0,54699459,0.05633470578143762,0.21115286423223667,0.02508304016065166,0.11174993045109693,0.08894812251351782,0.10432256102846234
2023-06-22,14702.1,14702.1,14871.8,14683.0,14819.9,53934117,0.047941836843793384,0.20452739293936428,0.023374623553228613,0.10530859031021866,0.09322407460057992,0.1055579617864716
2023-06-23,14550.2,14550.2,14715.85,14536.35,14706.6,41024748,0.029705352625004844,0.20116565126223862,0.020723934676084133,0.09963457643927565,0.10161428415201079,0.10691379972399244
2023-06-26,14717.85,14717.85,14745.65,14527.6,14563.05,35005603,0.0350396635629695,0.22291048682603387,0.030063559051017874,0.12250249195718865,0.1064108818211371,0.10639743963310298
2023-06-27,14729.9,14729.9,14802.55,14694.9,14764.6,36678000,0.03893749757544329,0.2359424229838185,0.029087102455926273,0.12588259076290598,0.1050543753622059,0.10297041526364595
2023-06-28,14840.55,14840.55,14859.55,14767.4,14798.95,56499379,0.04518275934924998,0.2243364985603855,0.021567254691683857,0.1136033039527109,0.10687534589514548,0.09948748841514722
2023-06-30,15147.65,15147.65,15182.45,14884.35,14892.45,45001045,0.062471066844357104,0.2371690161551152,0.024537798531555355,0.1317930296777754,0.1250039860351325,0.10464000471601433
2023-07-03,15106.85,15106.85,15291.55,15089.8,15198.05,41958819,0.049917990631472176,0.2157598876535609,0.007377420088936493,0.10514404774153774,0.12435562313002521,0.10274934275263072
2023-07-04,15035.05,15035.05,15185.85,15010.1,15180.9,37273950,0.03190061941284461,0.21665931629395563,-0.010863542249734737,0.11231666549371844,0.12082008772110275,0.10249090352284856
2023-07-05,15281.9,15281.9,15304.2,15048.2,15108.4,91046232,0.03750297022981086,0.2255570659256496,-0.005483211822987721,0.12331635717339595,0.12768186792315164,0.1052807747364431
2023-07-06,15453.7,15453.7,15471.0,15239.1,15290.3,60130230,0.04279848442418577,0.2248558463946737,0.0016319828785424928,0.11856643408811562,0.13115962242598794,0.10509298946671553
2023-07-07,15498.85,15498.85,15565.75,15374.5,15423.2,61864044,0.05491764225428808,0.2163545112442662,0.017500587870472817,0.1255367320029368,0.12488175093887018,0.10421822133344424
2023-07-10,15403.2,15403.2,15630.2,15387.2,15556.25,50971515,0.053138246957473045,0.19755562811960625,0.01044671505471717,0.11090251196731193,0.12630395841864456,0.10519488499466768
2023-07-11,15617.45,15617.45,15630.45,15456.45,15486.55,56018296,0.06430486886536246,0.2089072774632026,0.019260093410426116,0.11852134574764284,0.13245359961047257,0.10747357764292531
2023-07-12,15614.9,15614.9,15655.2,15549.8,15633.0,70436393,0.06525995511075644,0.20150198327966362,0.029560819515026315,0.10676739136293656,0.13211632458369346,0.10752284710032403
2023-07-13,15519.7,15519.7,15761.2,15460.8,15685.1,71598700,0.057005864044079146,0.1933549146104221,0.02193158898001335,0.09405793408720364,0.13611079240409932,0.10905686847808166
2023-07-14,15576.1,15576.1,15605.9,15513.3,15574.45,40125770,0.05903310137103657,0.19792656055927504,0.012136926321469232,0.08749023562135383,0.13608270000949463,0.10886767403154027
2023-07-17,15526.8,15526.8,15643.8,15477.7,15641.45,45803512,0.051349329144222855,0.1914044665774015,0.00431601252093583,0.07298941858942132,0.13764571834833644,0.10959451298246047
2023-07-18,15513.8,15513.8,15595.75,15443.05,15558.35,37333233,0.0570359822030837,0.202736699292567,0.004048673306398465,0.0821515259332748,0.13439861164269268,0.10638618066559777
2023-07-19,15513.15,15513.15,15559.3,15454.85,15526.3,31286004,0.04920311247730069,0.20319001655892377,-0.004815456882736324,0.08541383194979146,0.13359651158214267,0.10633608979802854
2023-07-20,15577.0,15577.0,15589.9,15434.4,15544.45,32981468,0.05408825459983624,0.2070936220170405,-0.005428621469007799,0.08272706796298657,0.13325809941951278,0.1062551228232871
2023-07-21,15590.35,15590.35,15645.3,15509.55,15547.4,93148708,0.06041653913386513,0.20177680137210685,0.008541996948342012,0.09335399896396601,0.13029430917339446,0.10626156130179346
2023-07-24,15617.55,15617.55,15715.65,15581.6,15614.3,55130950,0.07335637998103106,0.19475129668446578,0.01941463669127197,0.09666065493399967,0.12060312326202496,0.10586958450462912
2023-07-25,15765.6,15765.6,15786.7,15664.35,15689.15,62878142,0.0711890663378143,0.19533711166290724,0.018255042199197824,0.10590452880240342,0.11904673092200105,0.10599252910682166
2023-07-26,15763.25,15763.25,15912.15,15734.85,15820.85,60292010,0.07015322575170235,0.1867102306305357,0.01908876569463036,0.09685560176533636,0.11937821175958664,0.10582920366487902
2023-07-27,15572.0,15572.0,15713.9,15492.55,15713.65,47915102,0.049287256873902896,0.17271399093277906,0.01303397993505917,0.08592218142893837,0.1303772086807005,0.11006767546112416
2023-07-28,15537.9,15537.9,15631.35,15466.9,15628.45,55578464,0.025763072159707967,0.16891792771138725,0.0019474074241419004,0.09276405110752517,0.11226645782744635,0.11046948042957946
2023-07-31,15708.05,15708.05,15738.15,15512.9,15574.55,38475108,0.039796516149958494,0.17700325195941802,0.017478034243394003,0.08376063857461524,0.11618790426857238,0.11173769164432318
2023-08-01,15688.7,15688.7,15813.9,15638.7,15720.95,36803325,0.04347507989664168,0.15491837974124456,0.025704654333177812,0.07448045902093958,0.11413888377732527,0.10754643962233701
2023-08-02,15428.9,15428.9,15694.8,15300.1,15688.75,58063175,0.009619222740627764,0.1304465692200607,0.0030181566143809846,0.06143282416891416,0.11978628895927948,0.11431803609439152
2023-08-03,15379.8,15379.8,15489.9,15316.05,15406.45,37682016,-0.004782026310851228,0.11846176781798934,0.001149584014215832,0.06022835364075707,0.11345239286729994,0.11424351418580193
2023-08-04,15328.4,15328.4,15513.55,15218.6,15469.6,40683113,-0.010997590143784874,0.11045186996287248,-0.020577619487436305,0.0437742725425303,0.11331962855452406,0.11466193588501453
2023-08-07,15390.9,15390.9,15441.6,15333.85,15404.6,37936338,-0.0007985353692739894,0.10642320549225404,-0.013270204769986749,0.03639787377731807,0.11239811964133974,0.11409589658358293
2023-08-08,15343.65,15343.65,15452.6,15280.6,15430.85,37414283,-0.017531671303573915,0.09536081554271347,-0.024293670959355196,0.03166118078930924,0.10010431064788512,0.11396498640434016
2023-08-09,15486.2,15486.2,15502.55,15272.6,15381.75,49040699,-0.008242127711352576,0.11590537336878581,-0.02104888317813358,0.0422963841554318,0.10638042228618642,0.11276327411608106
2023-08-10,15444.8,15444.8,15522.8,15400.6,15492.55,99897302,-0.004826124216318672,0.11194465042944879,-0.011488907520677771,0.03707014113441387,0.10462181050792335,0.11312595244058941
2023-08-11,15378.1,15378.1,15488.4,15355.75,15484.0,86159842,-0.01271178279543661,0.11696942844483815,-0.00575023413587461,0.045355793633481634,0.10453044816226721,0.11168885181893351
2023-08-14,15327.45,15327.45,15371.9,15122.95,15369.75,45543645,-0.012839091119870027,0.10559344468047516,0.0012085029675604764,0.03796045500789402,0.10457284605352124,0.11166495854479865
2023-08-16,15425.0,15425.0,15450.0,15218.9,15330.7,54226997,-0.005723936108496863,0.11047118534250022,0.008669015522577705,0.04764632704334537,0.10746576904381347,0.11207395695761599
2023-08-17,15399.25,15399.25,15479.4,15339.75,15466.55,42269507,-0.0073421581045757245,0.10131520604179478,0.016249675840583788,0.04587319601345374,0.1075719792417805,0.11182394430226376
2023-08-18,15391.75,15391.75,15436.15,15329.95,15379.95,36361406,-0.01189253386403033,0.10022802653399676,0.021592373497892337,0.04418604888469169,0.10626481526906395,0.11188404200486038
2023-08-21,15427.6,15427.6,15456.15,15338.65,15395.0,33498345,-0.010439149858726737,0.09965429986813512,0.0073577805350438785,0.04111817108340676,0.10665905059927985,0.11186413516516826
2023-08-22,15507.9,15507.9,15533.0,15422.65,15445.85,31638650,-0.0070209475878098004,0.09748097194356853,0.007003833188428454,0.04898739631427329,0.10832091219122744,0.11151507735676364
2023-08-23,15498.1,15498.1,15553.35,15471.5,15539.8,33698009,-0.01696732125640632,0.0899111086106501,-0.004945349666562349,0.044458906885243454,0.10196440554436952,0.11116035582017315
2023-08-24,15459.3,15459.3,15581.85,15439.45,15579.85,34177070,-0.019282191172505736,0.09038394396893734,0.0005173642509430643,0.049981685436367274,0.10209106825590812,0.11109097007452386
2023-08-25,15363.6,15363.6,15493.35,15293.9,15427.5,47401306,-0.013382995119445185,0.08201986055356003,0.006662864805813129,0.04255808271288308,0.09533483229030913,0.11219204165418176
2023-08-28,15475.25,15475.25,15521.8,15392.35,15402.05,41473767,-0.004032076406721652,0.08544925299852713,0.013274200757363297,0.041187469858339654,0.0991460719046236,0.11271109217018914
2023-08-29,15578.9,15578.9,15594.65,15472.65,15515.3,38741204,-0.008221898962633811,0.08272521301585978,0.0125918368433513,0.03910017601427729,0.09387954447139996,0.11208219410984131
2023-08-30,15678.1,15678.1,15732.3,15623.7,15654.2,39277172,-0.0006756455283102314,0.07603507146411359,0.01889009642963768,0.03550556169573116,0.09681157544868042,0.1101347340723014
2023-08-31,15670.25,15670.25,15783.15,15643.55,15712.2,233706880,0.015642722423504063,0.06386842730574704,0.029610883162977997,0.028662191419409178,0.07428403567024619,0.10833029045730808
2023-09-01,15928.3,15928.3,15964.6,15667.4,15708.45,41344377,0.03566366272643329,0.07482396445212203,0.03289556044702424,0.03696829674035529,0.09092381023084627,0.11233352697254949
2023-09-04,15943.6,15943.6,16040.4,15855.9,16039.6,50879676,0.04013465201847555,0.08518921862237949,0.03953001087229535,0.03720040416167403,0.08898432693426693,0.11044888281654565
2023-09-05,15942.75,15942.75,16030.35,15919.05,15966.45,34640214,0.03585560298618007,0.09002803227129763,0.03699863747215537,0.03553909281434153,0.08889614118423435,0.10981434939284919
2023-09-06,15921.25,15921.25,15974.85,15842.8,15973.5,31449721,0.03764423719258447,0.08500836522112465,0.03559010195178525,0.03073581831630512,0.08785617255814514,0.10989329228710545
2023-09-07,15995.85,15995.85,16014.75,15898.2,15918.6,26432739,0.03290994562901162,0.09124864411289169,0.02809651098911492,0.03723644771959034,0.08416979658286902,0.10998232293319667
2023-09-08,16102.9,16102.9,16130.45,16012.75,16056.95,38509525,0.04260981042163059,0.09672607899092123,0.028443704997791253,0.03999466082574177,0.08438146682422347,0.11050017495241411
2023-09-11,16374.95,16374.95,16386.5,16163.45,16173.9,33103976,0.06482270241447252,0.11334763408655935,0.035584487785161434,0.04334319129432873,0.09556673677109744,0.11481618563722283
2023-09-12,16070.05,16070.05,16428.35,15940.05,16417.65,55191073,0.048449024462646983,0.08813382582464646,0.019703907388010533,0.02613450473944523,0.12167890259203609,0.12219755703835936
2023-09-13,15995.95,15995.95,16112.95,15926.2,16081.25,33089842,0.037014586709886554,0.08988737250199286,0.00593315850541698,0.019798367119182148,0.12314058099099623,0.12181152710082764
2023-09-14,16169.65,16169.65,16193.4,16056.9,16065.45,25999008,0.0500284104745361,0.0936042717093939,0.011926676214714993,0.025239444506163666,0.12637006568062198,0.12271961305626328
2023-09-15,16425.8,16425.8,16456.8,16241.55,16249.0,51106697,0.06718209430376665,0.11152615088951578,0.02149631760581272,0.04070307982169363,0.13423615522393195,0.1260479968440436
2023-09-18,16563.9,16563.9,16647.05,16397.4,16451.8,40951718,0.07365371152998534,0.1266349705144163,0.03551220161052604,0.05407449738396419,0.1353943330783746,0.1259321795340565
2023-09-20,16479.7,16479.7,16628.95,16411.6,16495.2,34972434,0.06266483534198697,0.13260986103283812,0.036631659569440034,0.06639677321708182,0.1386295743692426,0.12416670832082943
2023-09-21,16200.4,16200.4,16516.55,16160.6,16468.95,33163145,0.04531523218975231,0.10073142476652497,0.029971187272296973,0.04449370677299225,0.15567734389606044,0.12865805704497382
2023-09-22,16234.35,16234.35,16301.3,16129.05,16214.0,31961063,0.050134870272263266,0.10213579182479182,0.035302495869306894,0.05660082994972382,0.15467965022857047,0.12865152599158283
2023-09-25,16221.55,16221.55,16320.05,16170.5,16267.0,35357786,0.05584303158113979,0.09305585035595043,0.034626680148823086,0.05603036628523195,0.15182690667522294,0.1281574041000539
2023-09-26,16278.25,16278.25,16325.25,16231.25,16241.55,30572840,0.051889307119432626,0.07463864031714484,0.03331231063456275,0.04985114858958295,0.15092562429900616,0.1219803132327502
2023-09-27,16283.4,16283.4,16315.8,16195.85,16281.95,30195641,0.04522142128134843,0.07788188801768725,0.02589631223082378,0.057496461582051905,0.1502953548363583,0.12172519660414763
2023-09-28,16092.2,16092.2,16327.0,16041.5,16308.25,40340129,0.026412639286648387,0.07031237009521085,0.01731058348027692,0.06337282802238597,0.15732527753111605,0.12404706352014618
2023-09-29,16184.4,16184.4,16261.9,16045.1,16146.85,35493579,0.03281058055870201,0.05905679267630326,0.012840497541408036,0.046694971852528244,0.15792516724163358,0.12036894643713718
2023-10-03,15990.6,15990.6,16316.0,15955.9,16315.35,34486096,0.003911277411902114,0.034742488853801934,-0.0008969434539234378,0.03312948513073044,0.15494481126813087,0.12135102508296258
2023-10-04,15782.6,15782.6,15952.6,15715.9,15952.25,32577434,-0.010098095787651418,0.01830780993428549,-0.005351200526985678,0.01291261528557186,0.16189846943954284,0.12442473089180599
2023-10-05,15916.1,15916.1,15960.7,15785.9,15878.95,30204093,-0.0016716062159916056,0.03329827568297494,-0.00018243436615883457,0.023489917221544143,0.16498041559131232,0.12477145429371309
2023-10-06,15990.65,15990.65,16039.8,15966.4,16025.2,21802558,0.004358954227840162,0.023896346714732397,0.0021943981709773297,0.01288265261549193,0.16575078015151204,0.12199531463173098
2023-10-09,15832.85,15832.85,15958.8,15801.85,15891.1,34478437,-0.010190143068358304,0.013957822336358339,0.0006934489219390105,0.00735202161287507,0.1686147491238139,0.12380971908672629
2023-10-10,16028.7,16028.7,16059.3,15877.05,15892.25,38603498,-0.004607865663948663,0.03279702571570331,0.001956208135590831,0.01857516701375239,0.17291876444210386,0.12551577827305915
2023-10-11,16175.8,16175.8,16204.25,16085.2,16088.95,37736094,-0.01216186919654727,0.038501293648602664,-0.0029101805826782234,0.02588407320468633,0.16492425321851495,0.12659778066623087
2023-10-12,16301.7,16301.7,16327.4,16216.85,16232.9,26619454,0.014415014265668269,0.049907257129608196,0.024378363130975744,0.045719296095699136,0.15256233332816696,0.12717535666724789
2023-10-13,16444.95,16444.95,16468.0,16229.35,16231.25,51410932,0.028069605118795637,0.06002075571426735,0.043961444618048295,0.059929573454181595,0.1537362401687413,0.1281581108448989
2023-10-16,16519.35,16519.35,16551.9,16446.15,16460.05,43447711,0.02162693688484274,0.06486110171048431,0.040099193232904784,0.0699737736071756,0.15020833088339183,0.1283442179113889
2023-10-17,16522.75,16522.75,16618.45,16490.55,16585.7,27945557,0.005902300040180775,0.06071451499004943,0.024763384398495236,0.0691057822535297,0.13988321877982146,0.12819588912193952
2023-10-18,16535.4,16535.4,16592.95,16482.65,16544.05,35331121,-0.001720609276800733,0.06061762564663398,0.021236439688833597,0.06436036510599075,0.13662497560751768,0.12819640841935384
2023-10-19,16618.0,16618.0,16645.7,16445.25,16458.0,30828816,0.008392143060856672,0.06405934349497855,0.02229574614626295,0.0664815447861904,0.13640701991453558,0.12845037604842177
2023-10-20,16497.85,16497.85,16664.85,16470.25,16579.45,30519798,0.018360657761536725,0.046446059775714144,0.028475928876742218,0.05345546098746823,0.12351825216928694,0.1283428854660552
2023-10-23,16277.85,16277.85,16538.1,16253.75,16450.85,37065305,0.002679503645048875,0.03264555215453657,0.02262943820418073,0.05775138843146965,0.13343071974004012,0.13158586062851005
2023-10-25,16210.45,16210.45,16343.65,16082.45,16297.55,29758718,-0.0006842749305706608,0.04099987156434626,0.02739262485569749,0.06835250251950775,0.13426942685107543,0.1292689393354795
2023-10-26,15953.05,15953.05,16155.7,15928.6,16129.75,44669099,-0.01997757744229267,0.02671853982841954,0.021083270210037974,0.06686914261535848,0.14489651204928863,0.13360249387215897
2023-10-27,16169.15,16169.15,16279.8,16002.15,16002.25,28692387,-0.007016347937162992,0.029354375622690387,0.0269248151660596,0.0651222153956138,0.15372702441109445,0.1345590994946987
2023-10-30,16023.45,16023.45,16242.35,15831.8,16215.65,32797736,-0.004272256124084994,0.021337013264324023,0.015327169969681198,0.051369641309557124,0.1512913773308619,0.13593189531894698
2023-10-31,15916.2,15916.2,16139.25,15899.25,16139.25,32688052,-0.01657151330911244,0.031583586645840045,0.01187805460912772,0.05447299383721027,0.15126582119535067,0.13206841668709185
2023-11-01,15835.65,15835.65,16007.5,15807.95,15952.0,26521512,-0.009690067914900014,0.02963952717200491,0.017940968857806938,0.04989064057511605,0.14635664904917867,0.132350756651958
2023-11-02,15948.65,15948.65,15977.9,15836.0,15948.05,29090792,0.010521080176903563,0.04046410584274951,0.026102890080209495,0.06012645149013385,0.14073883156336459,0.13279128709893775
2023-11-03,16045.4,16045.4,16130.1,16015.1,16108.7,41564008,0.00812384943547717,0.042525128485013886,0.024247579178515943,0.061236948850900585,0.13921490417979865,0.1330698470217984
2023-11-06,16172.75,16172.75,16185.65,16102.85,16156.95,31297542,0.011387904806871463,0.054035382715325264,0.02368851284106388,0.062164800321129476,0.14099097764657026,0.13364301493287697
2023-11-07,16143.75,16143.75,16220.35,16116.6,16171.4,26470224,0.019636388900292623,0.042460384083893965,0.02505092855031199,0.05396431778137856,0.13583435721698678,0.13260092342896085
2023-11-08,16220.8,16220.8,16235.95,16166.0,16220.2,26039355,0.01198475235047125,0.05024344763286015,0.024496255193931504,0.05533985564212096,0.13001420571391628,0.13266971344535433
2023-11-09,16355.3,16355.3,16401.5,16229.65,16253.55,46840214,0.011096823650144083,0.06354491126992268,0.032097352959268965,0.06524346434317174,0.12928478721758843,0.13309161738673314
2023-11-10,16286.7,16286.7,16341.1,16185.5,16340.75,44352330,-0.0009201494322678139,0.06258379573901718,0.017704200907481593,0.06305723976036692,0.12740415632141766,0.13322995557156375
2023-11-13,16365.3,16365.3,16387.2,16307.8,16370.15,27037348,-0.004843432178267548,0.06095948136142626,0.010725359751117547,0.062061419134352036,0.12453486100868542,0.13300512741737908
2023-11-15,16648.5,16648.5,16666.8,16421.75,16522.65,43869066,0.00781810422322926,0.08112408071821675,0.010671413293636078,0.06510573761652694,0.13826864857273147,0.13693739352340356
2023-11-16,16788.9,16788.9,16863.85,16632.3,16667.3,41826716,0.01610809338639152,0.09077265418162339,0.01844515929508095,0.06720738830228967,0.14115205803756906,0.13765088292675806
2023-11-17,16905.5,16905.5,16951.6,16798.9,16819.35,45613210,0.022382282859803704,0.09579584640514405,0.019296478147286633,0.07835704295003354,0.14281407286851155,0.13809744149498016
2023-11-20,16777.3,16777.3,16951.3,16730.1,16912.45,33845576,0.009585991093994384,0.08185505452059916,0.006054686971697976,0.06651457761710655,0.14525723900708648,0.13913438978351353
2023-11-21,16860.1,16860.1,16871.4,16758.3,16824.65,38249842,0.021957406571159188,0.0878817403423644,0.009638197293614592,0.07042646413247966,0.14307433943174208,0.13926869086757357
2023-11-22,16972.2,16972.2,16992.55,16767.65,16880.1,43697884,0.042656124733917666,0.09786342201781473,0.015163827127372631,0.07593341805851184,0.13348445388149102,0.13943108691746212
2023-11-23,17033.55,17033.55,17067.95,16993.75,17018.75,28388853,0.05077588839298097,0.10869522768101225,0.015222899033148884,0.0808635675886975,0.13150192353825574,0.13854446437520335
2023-11-24,17040.35,17040.35,17080.85,17014.1,17067.15,29832601,0.06815624598431014,0.10113568439928255,0.018443312298327186,0.07582504769596587,0.11243122036329367,0.13808868687023076
2023-11-28,17202.75,17202.75,17230.55,17047.1,17092.0,46757062,0.06392420133402199,0.10423393179236018,0.019694760404229017,0.0759519323208635,0.10848785436544563,0.13864820958836627
2023-11-29,17482.45,17482.45,17503.75,17244.25,17286.5,66065563,0.09105404890956681,0.11508728736262697,0.04112435912245038,0.07636640058552224,0.1079029457242718,0.14148280913075034
2023-11-30,17551.85,17551.85,17588.55,17436.7,17514.65,81814040,0.10276636383056248,0.12007466377371134,0.04754765888812096,0.07440318210805796,0.09971604287001248,0.14146634148725995
2023-12-01,17489.05,17489.05,17644.75,17462.05,17611.25,50137533,0.1044099863283161,0.09798597464889536,0.03706890082976089,0.055146421057924444,0.09786500541321767,0.13864146437221544
2023-12-04,17687.25,17687.25,17756.95,17530.95,17756.15,66188276,0.10901236154784266,0.10936363180210229,0.027815974041799585,0.050066595953806914,0.10016023920302385,0.14005413489501745
2023-12-05,17792.1,17792.1,17868.5,17681.6,17728.85,49097601,0.10885986014683335,0.11599943548007707,0.024385115053183304,0.05059939802378821,0.10014550222814343,0.14026297660796905
2023-12-06,17788.4,17788.4,17827.7,17672.95,17775.35,48230509,0.0998995223446848,0.1172740833791317,0.02128995758365093,0.04962607959300103,0.10133654295298403,0.1401719647957998
2023-12-07,17867.35,17867.35,18005.6,17757.4,17865.75,42433008,0.1067657762291907,0.11699909664069108,0.029758802759373593,0.05748185696840569,0.09836089753981823,0.1401516713842181
2023-12-08,17769.1,17769.1,17948.25,17663.3,17914.95,42856813,0.09545151903728533,0.10347204540796984,0.016972829983102677,0.04547738764226783,0.1053086828220856,0.14058341993762472
2023-12-11,17852.3,17852.3,17885.85,17711.65,17811.15,54237036,0.09152996276436376,0.09022012280953517,0.008943008007080255,0.04017348832126766,0.10440332718511931,0.137175308562027
2023-12-12,17726.5,17726.5,17935.0,17630.65,17927.4,40242369,0.0884034211964364,0.1030768417024217,0.012160222951230981,0.05740125162384224,0.1079664292675814,0.13178702502324158
2023-12-13,17917.9,17917.9,17937.15,17699.65,17753.8,41820976,0.09487146584541706,0.12015228854803883,0.018609735423476437,0.0774841465761904,0.11040865069266849,0.13243058768644655
2023-12-14,18045.05,18045.05,18077.0,17926.6,17998.55,58754702,0.08388443403309598,0.11598272071442484,0.00727881333074154,0.06227957889287539,0.10046941424262766,0.13157677352877167
2023-12-15,18038.25,18038.25,18182.1,17843.25,18179.2,52909545,0.07441523863981558,0.09816569055997282,-0.011162000079358414,0.03555282946613536,0.1002348404394124,0.12841706008312126
2023-12-18,18068.25,18068.25,18156.1,17969.75,18048.45,35153021,0.06877939132235067,0.09082100230018275,-0.016709491728704506,0.026979031063551817,0.09965271415740437,0.12763072131104797
2023-12-19,17932.7,17932.7,18116.55,17905.1,18112.25,32126372,0.06886686177156043,0.08816908074782925,-0.02045473919193097,0.010199732446040333,0.09953392750593343,0.1282598044766464
2023-12-20,17523.55,17523.55,18038.5,17479.9,18019.1,53666032,0.03935030041340215,0.08167390928619045,-0.029735396333031794,0.01036523483229046,0.13639752382651496,0.13246626735093492
2023-12-21,17537.85,17537.85,17603.55,17294.35,17405.0,49255611,0.03332803054406597,0.08029271267405202,-0.039517322127704535,-5.600614623335609e-05,0.13529870001001162,0.1324598103848381
2023-12-22,17778.9,17778.9,17840.6,17566.85,17627.75,38606765,0.043757760419877334,0.09600500568687953,-0.03438588116304353,0.010877287753357834,0.14177821749920078,0.13477854305754938
2023-12-26,17953.55,17953.55,17977.05,17806.9,17841.9,39441172,0.05359044855299344,0.10291646829358192,-0.02959598294707466,0.01256927452969303,0.14413701301463286,0.13578126766632959
2023-12-27,18224.85,18224.85,18242.85,18009.75,18040.35,55165607,0.05941491912630248,0.11922878514315194,-0.02932703528123759,0.02091996899958848,0.14887520209772925,0.13848033397310405
2023-12-28,18408.6,18408.6,18446.55,18234.75,18244.35,54346500,0.0529759844872999,0.14394551397571487,-0.030724723198108927,0.028436380275210116,0.14314547083076476,0.13647895754692255
2023-12-29,18618.2,18618.2,18719.5,18417.85,18440.8,158226628,0.0607542794634186,0.15037937767232656,-0.01862972000962082,0.04379685647103093,0.14643327159701486,0.1375679842332305
2024-01-02,18339.35,18339.35,18664.35,18241.0,18651.35,80495853,0.048618993027065516,0.14688316886170605,-0.020352156607733596,0.03745216169278853,0.15844541208979124,0.13906043207530897
2024-01-03,18317.5,18317.5,18395.45,18175.5,18361.3,49691190,0.0356330124807418,0.1606135871149239,-0.00451571988766708,0.05353191734430229,0.15530980290360089,0.13553372399067662
2024-01-04,18326.75,18326.75,18428.95,18296.75,18428.95,59064589,0.0300498535867042,0.15145984254936828,-0.008477893345696152,0.04336219424347054,0.15457305744737207,0.1350218388955586
2024-01-05,18406.95,18406.95,18514.75,18345.2,18378.45,56528639,0.03477266083515085,0.1511070531842047,-0.002151241568016493,0.04642845745062041,0.15476314434602295,0.13500078476543925
2024-01-08,18350.2,18350.2,18556.75,18332.3,18490.65,60751582,0.02702415299414862,0.15899537985896406,-0.0022493366435050177,0.05646285913866311,0.15531025823032693,0.13306278463024362
2024-01-09,18519.8,18519.8,18606.15,18402.4,18542.45,64931318,0.04224749705950215,0.15541497438968843,0.014805166423893068,0.06120399579913727,0.15548838465706244,0.1322345511443737
2024-01-10,18559.1,18559.1,18575.1,18384.45,18565.6,55216503,0.03959153722489539,0.1473373805314111,0.00998746709430165,0.05610939026265438,0.15518547296929439,0.1314895443217704
2024-01-11,18755.1,18755.1,18826.9,18631.45,18648.5,67888356,0.0580261190872422,0.1504996411417212,0.02259205036744505,0.056875350005518355,0.15418488357102897,0.1320974953546422
2024-01-12,18715.2,18715.2,18798.75,18588.15,18771.0,48862199,0.044497402039301415,0.13805149909242664,-0.0017696818022705507,0.02952562754563992,0.15217202351379433,0.1317227992450651
2024-01-15,18765.25,18765.25,18799.4,18623.6,18796.65,48437034,0.039911222191127305,0.13595571254316918,-0.0032726039376176352,0.016062686392422254,0.15109267857236253,0.13163596143427392
2024-01-16,18712.7,18712.7,18865.85,18642.3,18749.1,46996165,0.03738999071417681,0.13254149581637442,0.010561460624665786,0.020444946779198947,0.15183381287798536,0.13196749652308093
2024-01-17,18447.25,18447.25,18620.0,18413.65,18537.0,49750584,0.0209760214741328,0.11562163600517672,0.01381876248118985,0.01899004717070807,0.16227135252797148,0.13614465503730072
2024-01-18,18496.25,18496.25,18528.45,18142.5,18402.5,52982976,0.03142583102377228,0.11302503309664225,0.030999301021506165,0.019390437184244602,0.15913539147015274,0.1359973658838096
2024-01-19,18694.6,18694.6,18708.35,18572.75,18585.05,36218101,0.06682721252257662,0.13315371396878994,0.04449876609179704,0.026732631954361707,0.1327695324149155,0.13586846390945467
2024-01-23,18361.0,18361.0,18763.0,18314.15,18649.6,63360536,0.046935627799302715,0.12797451751920552,0.04770015196662836,0.02647694695377445,0.15263982516518645,0.13840256024751393
2024-01-24,18593.7,18593.7,18632.15,18143.75,18384.6,48266011,0.04582960700605776,0.1470193609677708,0.04093256885922014,0.0250770699340066,0.1516395312265863,0.13947101012118832
2024-01-25,18614.9,18614.9,18709.1,18434.45,18707.75,76636303,0.036836725884296095,0.16685524084736159,0.04097592428443764,0.034526846761532504,0.14902395070288377,0.1341927589472219
2024-01-29,18927.25,18927.25,18949.6,18570.75,18631.0,62622012,0.03854078360041391,0.17057792153576412,0.03471485121260054,0.029331830400560976,0.15105183747871587,0.13544902898368813
2024-01-30,18878.35,18878.35,19123.7,18859.1,18993.65,49829948,0.025517964429668805,0.17817011941872685,0.037300101039282496,0.05376639910490688,0.14865378438664822,0.13370534769007705
2024-01-31,19227.15,19227.15,19257.1,18861.55,18887.15,61585425,0.03270724344995757,0.20802390017717798,0.0329695906421551,0.06933652394550882,0.15677188062170952,0.13596810909535775
2024-02-01,19328.7,19328.7,19559.55,19283.35,19351.85,55933737,0.05394684108215397,0.22058140966742767,0.052486085589221076,0.07795792349702513,0.1441569916620175,0.1349445436495458
2024-02-02,19380.5,19380.5,19563.05,19304.75,19364.0,55128244,0.058031936672580775,0.21518122223511083,0.04239566278276996,0.07299153771993439,0.1434499283480761,0.13471864538322662
2024-02-05,19615.3,19615.3,19823.35,19529.2,19655.85,115089413,0.07030979306205398,0.2224874418836551,0.06508786683345136,0.0903490966946574,0.14678704989724262,0.1358064894684629
2024-02-06,19903.85,19903.85,19912.45,19683.9,19731.2,102438688,0.08132254393041749,0.23070287984418236,0.07125384072699692,0.10100564025347047,0.15208540752396724,0.1374502348049686
2024-02-07,19903.8,19903.8,20033.6,19762.2,19977.75,54477950,0.08466392736863892,0.23291056910569097,0.06525705710414775,0.1028626535481807,0.15058969514411025,0.13720645628227598
2024-02-08,19649.5,19649.5,19974.55,19607.5,19963.25,42430202,0.060999578829145085,0.21137675083842966,0.05296519416118817,0.09439939497400207,0.16063230162024317,0.14120256207016355
2024-02-09,19576.0,19576.0,19713.35,19365.2,19709.75,44856871,0.05479252765489706,0.196920875801728,0.04721571743183173,0.07383955596688563,0.1623802989310007,0.14150759118819284
2024-02-12,19419.6,19419.6,19653.15,19364.5,19644.0,53756038,0.03543036294127999,0.19235940982519462,0.0368692759935062,0.07958403044063367,0.16382963164198938,0.14254979500249412
2024-02-13,19433.05,19433.05,19554.0,19235.9,19504.95,57177542,0.038356523040095736,0.1874545532315326,0.045266953985295566,0.06917887176661885,0.1632505765146727,0.14256764031948804
2024-02-14,19716.0,19716.0,19770.8,19257.1,19300.5,43003879,0.05066545876020845,0.1842508334084152,0.062313791332530566,0.07423547678635578,0.16925468549263079,0.14151438627035023
2024-02-15,19981.7,19981.7,20029.1,19811.95,19842.65,37820857,0.06781490645390553,0.19017326924336908,0.07333184190503383,0.0816213261283889,0.17229152917522186,0.1427185953042963
2024-02-16,20423.45,20423.45,20515.05,20074.1,20093.65,48866671,0.10712707856184522,0.20809499866907233,0.08539747057664893,0.0910809226049143,0.17118951975254965,0.14771579150355235
2024-02-20,20354.25,20354.25,20480.4,20239.5,20459.35,41518331,0.10045279448536859,0.21320176667282587,0.06622063249163546,0.08610979862418167,0.17365835789754924,0.14665216893728866
2024-02-21,20252.55,20252.55,20494.1,20192.45,20372.0,62180748,0.0833368994255026,0.20121173658519242,0.06332753955754877,0.08638565280934696,0.17552244697539923,0.14756953527227373
2024-02-22,20584.85,20584.85,20621.95,20181.0,20341.15,39334321,0.1211181308207614,0.21285690717761963,0.07503980240760688,0.09143464440026317,0.1600070568618533,0.14987340453162482
2024-02-23,20621.35,20621.35,20711.0,20540.75,20692.8,40071761,0.10905037727832534,0.21063137161660372,0.07368392831997328,0.08889118280991748,0.15844116371119366,0.1499001543844708
2024-02-26,20642.4,20642.4,20714.45,20537.5,20633.45,40767584,0.10891812472804041,0.2113835689994632,0.07288264492926366,0.09380908419519396,0.1584820118630946,0.14985623534253828
2024-02-27,20788.55,20788.55,20825.85,20593.0,20633.4,43485259,0.09833969541269849,0.2084434174768568,0.07714370283395544,0.09237075266508143,0.15283174676016206,0.14950297767285808
2024-02-28,20372.35,20372.35,20830.4,20325.7,20808.4,66452626,0.07913827214772473,0.16530291806926356,0.05920291318938653,0.07302109839341853,0.17516080567330553,0.15450846016682543
2024-02-29,20412.4,20412.4,20481.75,20230.2,20317.8,79203346,0.06164460151400486,0.16297712206975357,0.04981061817881671,0.0711062347650877,0.1666160674795439,0.15448471740994535
2024-03-01,20871.95,20871.95,20918.25,20473.3,20485.75,50775858,0.07984241050872543,0.19342960309450774,0.050285904820682736,0.09125574347099774,0.1800749743054358,0.15913690387579976
2024-03-04,20840.2,20840.2,21040.35,20824.95,20998.85,50656410,0.07531797425247033,0.17826117683642173,0.050068415438955904,0.0951744373110488,0.1810491882992759,0.15843747967187663
2024-03-05,21121.2,21121.2,21348.95,20930.4,21003.1,120846591,0.07677170372107489,0.18711113359299936,0.04992025971451186,0.11512868325743897,0.18194299417585236,0.15981446147443634
2024-03-06,21181.3,21181.3,21229.35,20888.8,21153.35,494641650,0.06418105039979705,0.19073665984574206,0.039344512194318115,0.11735937295052401,0.17732463731462328,0.15968667016156612
2024-03-07,21126.8,21126.8,21247.55,21004.5,21141.4,64684764,0.061445553110461404,0.1824249259123485,0.03577122825466694,0.10623771320566155,0.1781572899307085,0.16004694970041264
2024-03-11,21001.15,21001.15,21219.85,20962.0,21213.4,57255910,0.06878800987302491,0.1818915983364382,0.04048417852672537,0.1168802019872377,0.17158728766951295,0.16014959990209218
2024-03-12,20931.85,20931.85,21077.05,20853.85,20999.3,44597983,0.06926082958724966,0.1725015824291547,0.043864331538357115,0.1087499389032398,0.17135247143964288,0.1605820960460688
2024-03-13,20338.25,20338.25,20988.55,20211.2,20942.25,78929944,0.04730529980020193,0.14733590951400455,0.029649510527582024,0.09513664002070765,0.2025896730093095,0.17194783835668154
2024-03-14,20514.25,20514.25,20569.25,20169.85,20235.05,65323647,0.055637174813012,0.14490258345006946,0.037084272619227754,0.0865885055516813,0.2036995369332762,0.17155687273108347
2024-03-15,20192.3,20192.3,20523.35,20066.8,20475.6,80387919,0.024158044228038023,0.11899385149944175,0.0157652602569327,0.07930814469013714,0.2088231278645627,0.175187416997851
2024-03-18,20446.6,20446.6,20462.7,20102.9,20189.85,47737677,0.023266288654118394,0.13351350602192547,0.01665085017072543,0.10559447778503239,0.20817040940550405,0.176467651050484
2024-03-19,20354.1,20354.1,20449.8,20258.1,20398.45,45785519,-0.0033956065209356234,0.12651197542650783,0.006733382481830752,0.10789274308217878,0.19392989862347065,0.17698776568276095
2024-03-20,20406.45,20406.45,20618.1,20263.9,20438.45,45661764,0.002564574965916222,0.13794632152436614,0.018686142206909895,0.11995358355044106,0.19377010932590047,0.17587524439860383
2024-03-21,20700.25,20700.25,20750.4,20472.6,20541.75,61033869,0.022105858274636958,0.18128176083042535,0.024060130016175796,0.14053506105721714,0.19902657541476396,0.16953633712981112
2024-03-22,21046.4,21046.4,21177.4,20622.8,20706.4,52410949,0.022421829646560587,0.2000558791414,0.027854461338957526,0.16045591641195323,0.19934205285039794,0.17182166819861291
2024-03-26,21038.3,21038.3,21177.95,20974.75,21018.5,50917608,0.020219335785484516,0.1833296773141193,0.02958334859417666,0.1526356617382647,0.1993939116091347,0.17052212861955968
2024-03-27,21146.2,21146.2,21324.75,21088.7,21118.4,41299749,0.024406076812773625,0.17782834035608563,0.024333768445397697,0.1460066130077442,0.19992840089526384,0.16997513858715205
2024-03-28,21419.1,21419.1,21607.8,21085.85,21222.5,53397534,0.030331600809099246,0.1752689322545864,0.02454059456259383,0.14422953486486811,0.20318825033902066,0.16936176550135196
2024-04-01,21385.25,21385.25,21630.55,21338.65,21546.95,51272976,0.04971935000134997,0.16169887987136455,0.026447238960045416,0.13032415108766737,0.18688157732320337,0.16888359904562925
2024-04-02,21614.25,21614.25,21641.2,21373.2,21494.2,74513298,0.05887842683858824,0.16092049714795187,0.037475330632516624,0.12770126701787565,0.18912735385709672,0.16873955142767763
2024-04-03,21555.35,21555.35,21629.55,21446.75,21555.65,42393577,0.032742508486269806,0.17536063164725024,0.028449502359024548,0.13987384686889226,0.17543081510143024,0.1651020639263361
2024-04-04,21651.85,21651.85,21719.0,21404.85,21672.7,52824083,0.0389463632786633,0.18203084482052678,0.034079241525565074,0.13568216343759842,0.17530019343830994,0.16494054945223527
2024-04-05,21600.9,21600.9,21651.35,21539.25,21597.85,40178700,0.022711777739901073,0.1786541530822432,0.01567132686029904,0.13917331753436835,0.17046456221352846,0.16521360153694276
2024-04-08,22067.95,22067.95,22102.05,21642.9,21662.15,122797698,0.041860036919358246,0.19889226623639433,0.03330572680093513,0.1548819135263646,0.18503904811221267,0.16955676158261085
2024-04-09,21999.35,21999.35,22238.25,21921.65,22185.8,92144171,0.04130062290550396,0.19886159278917925,0.03466764529334454,0.14634683427107387,0.18522688757562708,0.16956070825828995
2024-04-10,21985.15,21985.15,22148.85,21920.8,22081.45,59631715,0.04685457701125895,0.18711595157615113,0.027996520163613425,0.13100271830721533,0.18313460418061422,0.16922896695286493
2024-04-12,21851.3,21851.3,22076.2,21834.45,21985.8,86183679,0.04392588328313085,0.17739006740628582,0.035701328946332156,0.13572700698062357,0.18453440803767954,0.17021932536587855
2024-04-15,21680.3,21680.3,21818.85,21445.0,21623.6,95235956,0.06598650326355515,0.155968243304488,0.05349425220960091,0.12708225325417288,0.1497072014386058,0.17079157816849322
2024-04-16,21703.05,21703.05,21845.1,21480.75,21536.9,136279607,0.057949961612050016,0.15964830725827128,0.05789351966810119,0.1480769527278114,0.1484774052650869,0.17055433472690842
2024-04-18,21520.75,21520.75,21948.5,21459.05,21790.75,141966235,0.0657899298247353,0.1468405696700017,0.06703860454896049,0.1514383677402329,0.1381402272668067,0.1720105890201656
2024-04-19,21609.7,21609.7,21637.1,21144.75,21483.3,75732478,0.0568847632369196,0.154814644599657,0.052745208179314274,0.14960868722421972,0.1337659096271938,0.171721111521197
2024-04-22,21812.7,21812.7,21854.2,21653.75,21846.05,89846941,0.07166123778501632,0.18243640651045556,0.04787517706491107,0.14699912802796455,0.13279116214482367,0.16871730012562094
2024-04-23,21914.3,21914.3,22006.25,21806.15,21897.95,52535836,0.07389085313712074,0.18479691829424882,0.04967280385463302,0.14259491244677247,0.132810960874394,0.16875971903898215
2024-04-24,21896.9,21896.9,22023.4,21869.25,21963.8,44998054,0.057808480573906085,0.17129545430231197,0.040070334442694255,0.13522175360725908,0.12732880420945294,0.16811874869843232
2024-04-25,22174.05,22174.05,22221.6,21852.95,21938.4,56375730,0.05357923445339807,0.2076711508087794,0.03214623596380117,0.14497698827863714,0.12227481782898993,0.16370643345032987
2024-04-26,22111.55,22111.55,22286.55,22081.1,22219.3,117135987,0.05101410285051555,0.1891958028794698,0.03214313370560817,0.14416912783002256,0.12336789881132895,0.16295283365020313
2024-04-29,22078.75,22078.75,22259.65,21990.9,22192.4,46229810,0.04410012200773661,0.18607943099345148,0.0206071635301317,0.1256277387000566,0.12372727045493313,0.16316168796199831
2024-04-30,22479.9,22479.9,22634.05,22181.1,22184.8,111469241,0.04952589044357625,0.18770027341531392,0.037076817178273824,0.14780396399824425,0.13081770208187157,0.16367806781593985
2024-05-02,22733.5,22733.5,22776.9,22478.15,22613.95,94917746,0.06304579090728413,0.2042101137016743,0.05475626999418637,0.15188716985262385,0.13349129689258502,0.16415775780781922
2024-05-03,22541.35,22541.35,22870.55,22342.6,22870.55,64074990,0.04289299883178921,0.172370840192124,0.041888744341784356,0.1378425894291937,0.13630799950647202,0.16273213590283353
2024-05-06,22526.6,22526.6,22654.9,22394.35,22622.6,44441800,0.04505841937152488,0.1654482712236207,0.04469965166242962,0.13110091580471805,0.1355300696508673,0.16277791453810783
2024-05-07,22114.0,22114.0,22595.9,21996.65,22582.35,50868947,0.021344596420167505,0.14104383271845422,0.0307673672358022,0.12051197085875565,0.15371565471936152,0.16838962507286534
2024-05-08,22458.65,22458.65,22512.55,21959.3,22102.95,56587153,0.039708993606747844,0.14495572333841444,0.04908991393876094,0.12057541310553788,0.1612983673781461,0.16938726327293976
2024-05-09,22633.3,22633.3,22994.55,22492.6,22501.9,77164650,0.025618600730924257,0.13713176094072255,0.05688972821178495,0.1358503939687823,0.1460315864117113,0.1678281567775835
2024-05-10,22846.9,22846.9,22898.3,22672.3,22725.35,55658167,0.03852613827226725,0.14786623659803677,0.06447487600288748,0.14218012735520147,0.14779566930174506,0.16841898409427053
2024-05-13,22462.65,22462.65,22731.0,22127.9,22725.0,114099966,0.021719205918540485,0.14316649278607607,0.05027487476026726,0.1253884991730021,0.1621581138909653,0.17019655065652903
2024-05-14,22874.8,22874.8,22894.7,22435.7,22476.8,59753593,0.04683931848448375,0.1685124642419289,0.060230029427903786,0.1485262546987176,0.1705924740929507,0.17282035541428512
2024-05-15,22759.85,22759.85,22946.05,22681.0,22930.6,62856706,0.049794052665322885,0.17200405775608152,0.05302445871538464,0.1449639658394304,0.16865164473091893,0.17214432011474962
2024-05-16,22886.85,22886.85,22943.8,22448.55,22892.1,94641681,0.05454532888234609,0.17772814869513542,0.04298896397931706,0.14734632401966152,0.168922759416963,0.17219781237502246
2024-05-17,23285.65,23285.65,23386.95,23039.4,23045.65,63939943,0.08200922365623886,0.181053459119497,0.060630190413550666,0.15238828638727653,0.17117179636257648,0.17311258737286578
2024-05-21,23353.75,23353.75,23422.05,23215.45,23322.95,65431436,0.080706812218587,0.16875691257500613,0.06345613351492507,0.14053785201112778,0.1712080380687996,0.17169502400032996
2024-05-22,23324.1,23324.1,23400.25,23201.95,23380.9,64571530,0.0692899090896586,0.1420254658248239,0.05758702115545433,0.11674942730304805,0.17085835518541506,0.16709081057449504
2024-05-23,23849.25,23849.25,23874.75,23252.2,23368.55,68097502,0.08829622666478065,0.1717086112237003,0.061487822219814525,0.13698757076540247,0.18360309043174527,0.1716262728594745
2024-05-24,23891.45,23891.45,24038.6,23692.15,23774.15,112344954,0.0910882362343528,0.17967613954785944,0.06632753161887184,0.1387762641827175,0.182896925091868,0.17089645772969855
2024-05-27,23877.15,23877.15,23996.7,23696.35,23972.4,150518473,0.07680599619825879,0.1599380126646539,0.06076284154439393,0.1277561004676142,0.18101436561817077,0.16867879265862865
2024-05-28,23814.25,23814.25,23978.45,23763.4,23894.65,87645862,0.07700500417202782,0.15483467377257076,0.056121764548833664,0.12442633999813046,0.18092721616991642,0.16899883288839682
2024-05-29,23757.95,23757.95,23805.45,23566.05,23670.55,90165352,0.07605503028930527,0.15092963996434516,0.0733478914732475,0.12459173651852917,0.1812899407152685,0.16925925099249403
2024-05-30,23471.0,23471.0,23767.25,23392.15,23690.5,149456320,0.04408827441403207,0.1290349735792058,0.04922872970384773,0.11595738959848512,0.18125453437820074,0.17153692040512167
2024-05-31,23419.6,23419.6,23733.65,23314.05,23613.4,148925142,0.03018013064420333,0.14957773649088102,0.03536818108764539,0.12317598451835043,0.178594449240626,0.16542012761739805
2024-06-03,23992.7,23992.7,24159.7,23874.9,24159.7,90005020,0.0643861170692972,0.1753982873155533,0.029324003959175116,0.1171209266587756,0.19156431666139792,0.17137060050571715
2024-06-04,23193.3,23193.3,24001.1,22026.3,24000.95,159623518,0.029596121918088025,0.1112186451194066,0.05446831814142139,0.1315532654540269,0.2322473146484247,0.18227112935250003
2024-06-05,24283.75,24283.75,24347.9,23120.65,23374.15,100526658,0.09811657773356242,0.16523593823475768,0.0838648297512734,0.15565128066057943,0.2686216174268563,0.20336083868341145
2024-06-06,24396.7,24396.7,24463.3,24200.95,24367.8,93625916,0.08629414501762134,0.1550811506921954,0.06302767755321148,0.13427718970035385,0.2655882838833352,0.20215473796232067
2024-06-07,25020.2,25020.2,25043.35,24282.4,24317.75,85280800,0.10545965457975637,0.18124005608720917,0.04476739040464528,0.14492708263536191,0.27579861968188657,0.20750117754119202
2024-06-10,25022.65,25022.65,25260.05,24912.6,25100.5,94077853,0.09523173822269104,0.18440322244731822,0.040641435588905095,0.1503646464596522,0.275814326291107,0.2072788032319554
2024-06-11,25230.8,25230.8,25342.2,25008.2,25075.25,67249723,0.12323345642655692,0.20140087566633236,0.07071824825893636,0.15965933570377921,0.2640066191086199,0.20675551266826023
2024-06-12,25217.6,25217.6,25407.15,25198.05,25296.65,69940038,0.10241838180005947,0.20474778865699883,0.052679112302587816,0.16054724716818614,0.26070984586766166,0.20646821358374068
2024-06-13,25393.2,25393.2,25482.3,25162.5,25482.3,56188939,0.11570155339336607,0.24854399960665252,0.06172318046096592,0.18484637568966256,0.2581232473472496,0.1956069981319679
2024-06-14,25722.1,25722.1,25774.7,25347.35,25437.8,72887829,0.12388118067798759,0.25386499628307146,0.07648977167854021,0.19430974998233386,0.25945600435619254,0.19625665518083568
2024-06-18,25715.3,25715.3,25991.45,25690.35,25844.7,103640407,0.10434108560422395,0.273520104198135,0.055743385058358186,0.2038417487949784,0.2566576662298186,0.19217185746357407
2024-06-19,25381.7,25381.7,25824.35,25344.4,25809.85,88472925,0.08683616121607884,0.24136531257030525,0.0430283138134977,0.17515563285139746,0.2644908900436669,0.1944814411872341
2024-06-20,25267.85,25267.85,25498.4,25201.25,25432.1,78385612,0.08333654889148989,0.24141327791452327,0.04044745414585549,0.16122284118159724,0.2656151035451426,0.19447455167873598
2024-06-21,25092.3,25092.3,25437.35,25016.9,25344.8,80595532,0.05212113588477618,0.2296259270965797,0.028895023954417676,0.15352388856351928,0.2591483671444499,0.19567071910203296
2024-06-24,25309.8,25309.8,25350.85,24861.3,25033.95,64272666,0.059366426064554334,0.22268088549655185,0.03406924088516705,0.1533594285251163,0.26002051977759894,0.1946710536967835
2024-06-25,25250.25,25250.25,25505.75,25205.5,25363.65,113407606,0.05750686325629317,0.19974199863159492,0.023107939923890486,0.12622210175762016,0.2604070863159303,0.19303479259803819
2024-06-26,25018.9,25018.9,25293.8,24999.6,25260.5,73071395,0.05058525882612308,0.18920730287142984,0.007739927338495489,0.10449350860553874,0.26325207072706597,0.19454252715276993
2024-06-27,25191.4,25191.4,25249.55,24841.85,25025.65,107204926,0.060335592927841075,0.1912967814548241,0.001325747946341993,0.10447342385064817,0.2630443026892591,0.19466160966652052
2024-06-28,25200.6,25200.6,25339.15,25119.65,25160.55,84279293,0.07369093775297175,0.17654803423113008,0.006014612481604509,0.10113679535370035,0.25721418629112536,0.19362550566068273
2024-07-01,25323.85,25323.85,25417.9,25172.4,25173.65,79054521,0.08131009923312105,0.1841736711050841,0.009796561887634558,0.10938294816189109,0.25634175477079285,0.19346654436506752
2024-07-02,25130.85,25130.85,25397.3,25039.15,25397.3,84189238,0.04743734552593071,0.1626982199243554,0.010472382458235119,0.08829718444185652,0.2477161080292873,0.1939364697056259
2024-07-03,25182.8,25182.8,25273.3,25123.2,25252.0,66859034,0.08577908275234658,0.16828536766974334,-0.023978965181122414,0.08574119706172478,0.2076609114824694,0.19363172390229558
2024-07-04,25366.45,25366.45,25415.25,25242.55,25270.75,57740686,0.04458537087558545,0.17156039784129318,-0.02976364716757418,0.0921676482765783,0.13804543424836624,0.1938323612180075
2024-07-05,25398.3,25398.3,25428.75,25226.45,25377.75,51803216,0.041054732812224604,0.17579823062927913,-0.024780369023471804,0.09539605535648077,0.13776824362258502,0.1935760281447195
2024-07-08,25260.5,25260.5,25581.95,25230.8,25480.55,49449297,0.00960423977426239,0.14466907891308423,-0.03463765533345531,0.07168628317746828,0.10926624242619118,0.19029200686342912
2024-07-09,25823.55,25823.55,25845.75,25338.35,25389.7,59737259,0.03200700165649906,0.173832408684802,-0.01846765092971725,0.09475856744422839,0.13336775055660444,0.19420693457033175
2024-07-10,25302.8,25302.8,25906.1,25094.1,25904.45,73851430,0.002853655056518134,0.15090413301705907,-0.04269143236790329,0.08187617357415689,0.15176948006512264,0.19977378056092926
2024-07-11,25257.25,25257.25,25431.15,25228.9,25381.1,48690165,0.0015723145739483524,0.15586944483852228,-0.04100377606906935,0.07609161785548602,0.15191165374571713,0.1991900628464181
2024-07-12,25145.45,25145.45,25301.4,25102.4,25246.4,35341104,-0.00975654899736933,0.15982943040456088,-0.0569062005443296,0.05972165666452267,0.15045730713466082,0.19855916872335752
2024-07-15,25419.8,25419.8,25451.1,25191.15,25235.7,51106255,-0.011752539644896753,0.17125473147783388,-0.05952884317166007,0.06114050913117208,0.14823521599189382,0.1992742285615832
2024-07-16,25482.9,25482.9,25587.85,25430.95,25510.25,38007194,-0.009037421301715254,0.18410836053576207,-0.05382492748350054,0.06512453235439786,0.14863480051086184,0.19793546145698176
2024-07-18,25576.7,25576.7,25605.5,25162.7,25457.4,93208552,0.007682700528333308,0.18357496864833855,-0.0469545511035343,0.06374611555875531,0.14151234748867894,0.19792489597653207
2024-07-19,24963.35,24963.35,25573.9,24931.25,25573.9,62626068,-0.012050886798837257,0.14444108248864174,-0.05295131496640215,0.0461933809063817,0.16587176282004465,0.205045562363381
2024-07-22,25250.75,25250.75,25292.9,24689.8,24889.3,57703274,0.006314686178628515,0.15224990074973888,-0.03658332316485047,0.056521628217550024,0.16934558835520186,0.2058572730716228
2024-07-23,25321.7,25321.7,25458.2,24473.8,25361.75,62594755,0.0004701736086418773,0.15640570126364906,-0.03951653662592958,0.06370802804939646,0.16679488191939482,0.20575370358636677
2024-07-24,25309.05,25309.05,25370.1,25193.05,25305.8,49580274,0.0023286898149523783,0.14138147970262538,-0.02685180180872515,0.05971901445399608,0.16657372791954173,0.20473971634471533
2024-07-25,25627.35,25627.35,25640.4,25147.35,25210.7,82928830,0.02431961437153496,0.15900287406355496,0.0018091064893346331,0.07041434198231533,0.168272241420525,0.20553913655283024
2024-07-26,26250.7,26250.7,26289.35,25601.7,25759.25,101503593,0.04205006470462136,0.18895770820358937,0.00917977797064884,0.09217678391903172,0.18603069888778098,0.2100508801345475
2024-07-29,26426.55,26426.55,26460.65,26261.8,26382.3,76547963,0.048647651246398915,0.1755635033963674,0.01426700214017318,0.07685680821558516,0.18661634092427498,0.20783892666411752
2024-07-30,26580.95,26580.95,26757.9,26386.1,26468.85,71655396,0.04964095111920197,0.1692414278487695,0.020009890428194677,0.0717015951599469,0.1868149713926796,0.20718730383680994
2024-07-31,26685.25,26685.25,26800.7,26516.35,26675.6,50956487,0.061852265243714566,0.18383548456503274,0.027558369590821252,0.07370390670389959,0.1830163651092176,0.20590595447897386
2024-08-01,26487.45,26487.45,26934.05,26357.45,26900.95,60850985,0.051807185857013494,0.17582990775350038,0.021979899478778764,0.061396204978151125,0.18673310682254537,0.2068613235948557
2024-08-02,25714.45,25714.45,26192.8,25678.35,26192.8,63744861,0.013718908242974504,0.16281315004069818,-0.0033803534044765104,0.05452039278254328,0.21765221056641962,0.21290065019159551
2024-08-05,24706.5,24706.5,25150.5,24509.25,25056.05,153448621,-0.027238043491099817,0.10008838465357428,-0.01620977270716062,0.021482864672630386,0.26110523164701627,0.2282685120363809
2024-08-06,24520.05,24520.05,25309.2,24464.5,24909.05,87133066,-0.02931256309257535,0.08336168389055065,-0.015826026420351913,-0.009319667868529447,0.26165485593747806,0.22866281159916962
2024-08-07,24937.6,24937.6,25028.2,24789.85,25001.5,53094183,-0.03430783141744653,0.0915091325300148,-0.028753944775951612,-0.010158540430460272,0.2560820447070966,0.23030030440199975
2024-08-08,24917.35,24917.35,25111.15,24785.05,24947.8,64934199,-0.015233491945555455,0.10927918121860047,-0.0067050678532191155,0.018212198127089296,0.2464434040161954,0.22713954517334778
2024-08-09,25346.65,25346.65,25445.0,25202.75,25272.9,60189713,0.003539577745004019,0.10805996117998862,0.0014195378984720453,0.011306655688266387,0.25438062611075646,0.2268102422169614
2024-08-12,25278.95,25278.95,25345.1,25089.75,25267.15,47190747,0.0053091115887764495,0.110681748781297,0.011641224817677487,0.01399724577505479,0.254033532545094,0.22656149907907233
2024-08-13,25081.85,25081.85,25362.35,25041.95,25330.45,61736495,-0.013294754482726101,0.0959066013890073,0.004914246032828307,0.01845784053413535,0.2523562876789583,0.22725963831791468
2024-08-14,25093.5,25093.5,25235.85,25021.1,25169.8,59103629,-0.015280835383727931,0.077637944399233,0.0037842928005649146,0.002963193561534183,0.2521241230301567,0.22488293814078025
2024-08-16,25597.35,25597.35,25635.45,25261.75,25344.8,50265712,0.0008073754628235008,0.09607022426805112,0.011278759421050055,0.006758888920998407,0.26227109874662474,0.22808534233939556
2024-08-19,25368.75,25368.75,25732.1,25355.7,25732.1,52441669,0.016239807557880015,0.08766254646481553,0.014537872474569502,0.0002713162963654536,0.2487316126606077,0.2290329557327851
2024-08-20,25500.0,25500.0,25538.45,25377.6,25480.75,67207879,0.009870993930873428,0.0692160130821724,0.002135155038414549,-0.00615953423357074,0.2461519057129016,0.2250248324966006
2024-08-21,25586.75,25586.75,25597.65,25448.05,25520.55,43988900,0.010467306697417689,0.07095843910687716,-0.001426473012496876,-0.0080192906684724,0.24623443584866647,0.2250697367117296
2024-08-22,25563.65,25563.65,25681.5,25518.05,25658.45,41215079,0.01005964269698012,0.0706323828430111,-0.006242812911597007,-0.011306129843791313,0.24626077795655346,0.2250806636387289
2024-08-23,25850.7,25850.7,25929.05,25621.25,25630.8,70287781,0.008715298304350805,0.08551392548579106,-0.008372675109057814,0.0009723628441642429,0.24544420547709986,0.22586820007090877
2024-08-26,25941.45,25941.45,25995.75,25802.15,25913.5,44105443,-0.011780638230599605,0.09190607775502513,-0.01885738734582909,-0.009654412802838852,0.22956970906938184,0.2257740566879511
2024-08-27,25911.9,25911.9,26026.8,25857.05,25960.7,48149053,-0.01947473279713008,0.10399642111541918,-0.02678869889816915,-0.008464734420589481,0.22795809421727223,0.2240587081935072
2024-08-28,25879.4,25879.4,26055.6,25817.25,25963.25,37324534,-0.02639296187683282,0.10503168286392617,-0.03423970396043541,-0.006888962214256278,0.22653414766639068,0.22399829971634844
2024-08-29,26020.4,26020.4,26117.95,25671.25,25858.4,85191848,-0.024914512698962832,0.08451320610018875,-0.03296219086134722,0.0033553264487673484,0.2270642827612072,0.21919478381751276
2024-08-30,26172.8,26172.8,26245.6,25976.45,26083.3,63954621,-0.011879210720548872,0.1284638236042306,-0.020875288290164717,-0.02467654472152514,0.22716468896291334,0.20667925921980046
2024-09-02,26071.4,26071.4,26289.35,25951.9,26289.35,30609536,0.013881300202804203,0.07361507180727855,-0.008814986981338091,-0.043905198890626496,0.20034364939971788,0.18559489826974232
2024-09-03,26034.65,26034.65,26141.75,26004.15,26140.85,31457237,0.05375710845324111,0.06713817852414472,0.0028645919548004883,-0.040587428873722464,0.13139559332226522,0.18552783275745363
2024-09-04,25934.25,25934.25,25988.55,25764.2,25869.4,33645971,0.05767524943872471,0.03653248175474211,0.007403460978341547,-0.04541412640856324,0.12819843053781477,0.17881059353866272
2024-09-05,25835.3,25835.3,26016.95,25800.25,25987.7,38808942,0.03599785063518546,0.03247657622194278,0.001113619361391871,-0.0486053377721003,0.11875498664167147,0.17903780923962023
2024-09-06,25527.15,25527.15,25893.15,25435.9,25817.65,35229024,0.02447290743197028,0.011745564944433129,-0.006009755860520549,-0.05648186002935085,0.12823945768757813,0.18010940924029747
2024-09-09,25495.25,25495.25,25523.6,25259.25,25499.6,32983818,0.005862707695099667,0.011010167502062185,-0.01748397910596733,-0.05816852669917982,0.11384589955203342,0.18012795224027167
2024-09-10,25556.45,25556.45,25627.15,25398.3,25539.5,31064534,0.010977512910939735,0.006428886473544004,-0.01753111687404396,-0.06375386533679173,0.11351595274202277,0.17964011730495555
2024-09-11,25240.6,25240.6,25456.8,25191.0,25406.4,72547549,0.006329277944011391,-0.01871931140925509,-0.02596075970253575,-0.08063333165847786,0.11906742749582866,0.17944707828764467
2024-09-12,25779.8,25779.8,25818.45,25191.1,25342.55,59497059,0.027349712076832677,0.002508234397420983,-0.02422265719575334,-0.07521516071162093,0.1401557645240528,0.18475458265654796
2024-09-13,25820.85,25820.85,25870.7,25718.15,25832.4,61549446,0.008731372583490105,0.017301835574449198,-0.024492400401759706,-0.06096402596662931,0.12193492087125264,0.18274658759417334
2024-09-16,25829.65,25829.65,25915.55,25801.1,25865.8,42309775,0.018168021680216917,0.02223378720389757,-0.01484020480252557,-0.05485493855669987,0.11677955108724734,0.18247468837342518
2024-09-17,25896.4,25896.4,25942.9,25602.2,25903.35,100207862,0.015545098039215777,0.03204568732240576,-0.013593958364521486,-0.04954416182278476,0.11588705011991761,0.18188307473738952
2024-09-18,25804.45,25804.45,26117.25,25746.35,25885.5,122923164,0.008508309965118643,0.019543813068455762,-0.016011136048874608,-0.05861545816515168,0.11642522776956113,0.18127741128749308
2024-09-19,25907.65,25907.65,26105.0,25806.0,25934.85,74076464,0.013456607331112647,0.02603538578825959,-0.01089906569349286,-0.04539830225549979,0.11698041961678013,0.1813435546134275
2024-09-20,26394.55,26394.55,26452.05,25926.75,25960.5,83365044,0.021038115022030235,0.05498443176958201,-0.017949636850532746,-0.025545313110183043,0.12829558511090527,0.18397666174417715
2024-09-23,26805.4,26805.4,26825.55,26485.9,26491.25,57761796,0.033303843848358605,0.06406948403026425,-0.003818463748256562,-0.014724035537620361,0.13797389516547548,0.1859950818673598
2024-09-24,26920.45,26920.45,26966.95,26696.6,26700.8,52054870,0.03892227123445213,0.06824639095894547,0.00204244028942302,-0.012126478217403758,0.1378685200199035,0.18610807606629884
2024-09-25,26888.35,26888.35,27108.45,26714.8,26872.5,49037014,0.03898660710835644,0.06177970569245983,0.0009941315086299252,-0.015355788007804794,0.137849844172042,0.18599751612259666
2024-09-26,27496.25,27496.25,27526.35,26839.3,26885.45,103423482,0.05671895897065382,0.09412335834243568,0.014412036622593938,0.007395858140232026,0.1555370168083173,0.19015700061319193
2024-09-27,27610.75,27610.75,27696.1,27382.65,27477.7,79775658,0.054940625382076114,0.09641302793970485,0.017571289890668806,0.018491169345424163,0.1552090063761807,0.1902318172470795
2024-09-30,27027.2,27027.2,27534.9,26971.05,27474.3,57925271,0.03666086209409536,0.06547033581758588,0.015609526104849225,0.0033894419666447018,0.17600977335814824,0.19552093013477742
2024-10-01,27083.45,27083.45,27228.1,26971.65,27099.8,48022250,0.04028477432959532,0.06634892886531785,0.019831694535233924,0.005788992633749768,0.17560085539802822,0.19553178998446066
2024-10-03,26302.1,26302.1,26806.2,26261.55,26479.5,69051205,0.014183945940214215,0.041234338195997644,0.012144142608351949,0.003013623686454636,0.2071391758291831,0.20480257520112224
2024-10-04,25926.3,25926.3,26449.25,25850.4,26294.25,68087032,0.0035223124949197437,0.003978926212701239,0.00871219052393124,-0.019816581916207054,0.2135016162350359,0.2021584540162494
2024-10-07,25807.15,25807.15,26079.95,25544.8,26042.6,54936242,0.010968713702861566,0.01993257663183523,0.013238150743057342,0.0005569773320694971,0.20948509189506814,0.1978875271285237
2024-10-08,26236.1,26236.1,26293.6,25612.45,25731.85,57335551,0.02905835400711898,0.03875520890041462,0.02598052405581397,0.01008262180118713,0.21680011764350088,0.2005769141592451
2024-10-09,26450.25,26450.25,26673.4,26271.0,26314.1,67937758,0.034973558534146854,0.051890103378543495,0.037335690850527015,0.03230819646523919,0.21808944969359645,0.20087319061918238
2024-10-10,26528.5,26528.5,26764.15,26392.15,26492.0,70401991,0.05102493601578417,0.04361560673176035,0.04781446335363304,0.026868747125408765,0.21158644240937194,0.19984194606682287
2024-10-11,26436.6,26436.6,26610.9,26381.0,26583.25,48322775,0.025477311693651528,0.03742509682963857,0.04220314007107129,0.023154183084869606,0.20056258283236628,0.19998906651860993
2024-10-14,26463.55,26463.55,26569.4,26428.05,26501.15,35649230,0.024890737524132733,0.034674137007510764,0.03390423628184769,0.02148508846574826,0.20056026042948258,0.1998894458400984
2024-10-15,26242.6,26242.6,26626.1,26028.8,26619.0,43390173,0.01598744078994474,0.051245125353768683,0.028846076358960304,0.02978446918677391,0.2034434904418597,0.19402180438526248
2024-10-16,25909.0,25909.0,26197.25,25783.25,26178.25,41133197,0.00048655411562981143,0.026068532617843143,0.018081971094709326,0.007216434685429762,0.2088982050834166,0.19471651843154475
2024-10-17,24991.2,24991.2,25820.5,24959.85,25792.15,58069707,-0.03151588195059374,-0.013052046268615447,-0.006781376352095525,-0.024114518851597433,0.24503774087833252,0.2084987330521648
2024-10-18,25146.9,25146.9,25247.8,24699.35,24907.95,42828763,-0.029363913747483816,-0.00640679914892095,-0.00726152142725367,-0.024452174914378677,0.2458349643640434,0.2089132881632483
2024-10-21,25251.85,25251.85,25359.55,24777.6,25161.55,36511423,-0.0432930282956141,-0.01465231481210505,-0.004137834711624544,-0.030017326264240363,0.23528053678301392,0.20745869094984248
2024-10-22,24627.25,24627.25,25316.45,24583.95,25297.45,50098256,-0.08125788087474917,-0.061844065110644664,-0.024704108562641935,-0.047237574404815574,0.2388481692613602,0.20730876701848908
2024-10-23,24451.3,24451.3,24873.8,24388.0,24593.5,49557431,-0.09172023498864257,-0.07474490616444451,-0.03370646619697504,-0.05861517502003466,0.23688113920348616,0.20704255316073797
2024-10-24,24324.85,24324.85,24555.45,24257.45,24432.9,39832399,-0.09533868757287078,-0.0848765751412196,-0.03362738472720872,-0.06645541209320283,0.2364961933348281,0.20665449015830592
2024-10-25,23799.3,23799.3,24378.15,23519.8,24360.95,49094428,-0.13445287993817345,-0.10814775953007749,-0.056819142615096796,-0.07727344723125673,0.22013615558485247,0.21048939767487182
2024-10-28,23964.45,23964.45,24224.05,23664.5,23807.05,34342270,-0.13206088208397093,-0.09525265739057553,-0.061783087022307726,-0.06839436802439991,0.222235525281824,0.21093333657976993
2024-10-29,23588.6,23588.6,24048.65,23264.3,23941.65,64576367,-0.12722738574473136,-0.08267141626595176,-0.0751562598290686,-0.07252283378038149,0.2183429171944503,0.20493086116095868
2024-10-30,23594.0,23594.0,23855.15,23423.9,23430.6,49482989,-0.12884067576324287,-0.04502863618885722,-0.07239781793140998,-0.05688658214040321,0.2174414726338038,0.18853766218578288
2024-10-31,23514.7,23514.7,23625.3,23401.85,23606.65,48548428,-0.10597632888628661,-0.041001139883483084,-0.06460025448806528,-0.04987051063381198,0.2008963963568214,0.1880853809268241
2024-11-01,23805.6,23805.6,23869.75,23765.9,23792.7,8691645,-0.08179724835398805,-0.04539330168099576,-0.0534038296668542,-0.04567520761267607,0.20763010251731367,0.18648086217769788
2024-11-04,23573.2,23573.2,24068.9,23258.15,23883.75,68421073,-0.08656321988286197,-0.05394433998800019,-0.05428347877299433,-0.04890016406956088,0.2085625959996495,0.18739821237645252
2024-11-05,23839.6,23839.6,23891.15,23462.45,23553.15,48008328,-0.09134360670983876,-0.05945756145289427,-0.05936644282268655,-0.053129492559901514,0.20228862219683405,0.1853713892728895
2024-11-06,24137.9,24137.9,24181.5,23835.85,23960.7,38475204,-0.08742261415298525,-0.04513834633163161,-0.06749228633347681,-0.05076740869044383,0.20646998953646978,0.18737150329611793
2024-11-07,23812.5,23812.5,24243.8,23696.05,24236.95,47982179,-0.10238045875190838,-0.05060830839830388,-0.0704144914880015,-0.05310839578282678,0.20681154198527193,0.18866125129500744
2024-11-08,23805.2,23805.2,23900.6,23536.05,23855.55,59204921,-0.09953624898814517,-0.051339988443222295,-0.06684747278817926,-0.05152426879528027,0.20750687373311355,0.18864465354423623
2024-11-11,23729.45,23729.45,24077.1,23618.3,23740.2,69227067,-0.1033156927169635,-0.07297239753333828,-0.06405071216042124,-0.056679371207736695,0.20635755940529657,0.18366053732330598
2024-11-12,23269.1,23269.1,23865.6,23183.75,23744.7,67220850,-0.11330813257832684,-0.08276521310667662,-0.06645958678536734,-0.0547177228718444,0.21221982785190469,0.1868264533564825
2024-11-13,22765.2,22765.2,23220.0,22691.5,23207.7,85543809,-0.12134007487745568,-0.10724705882352936,-0.06478515159286635,-0.06109920796603985,0.21844290210012396,0.19092608359646338
2024-11-14,22914.5,22914.5,23036.15,22659.05,22831.55,59268226,-0.0830972502320817,-0.10443882087408518,-0.03391915784626154,-0.05447959410035519,0.19270975439917631,0.19140543005384922
2024-11-18,23043.85,23043.85,23261.85,22854.55,23044.75,46023746,-0.08363058667271128,-0.09856964870040086,-0.027291681907281484,-0.043849086914535484,0.19229796550846387,0.19200895321427838
2024-11-19,23359.5,23359.5,23713.2,23051.6,23052.55,50525126,-0.07493906387056781,-0.09636876370852632,-0.023988959586359937,-0.043810954965695315,0.20059345916913834,0.19277201258727483
2024-11-21,23145.9,23145.9,23328.5,23072.65,23321.35,45166100,-0.06015084916099034,-0.10776382970111531,-0.014294578687160775,-0.04136401343571472,0.1857653219886128,0.1930659570424863
2024-11-22,23554.1,23554.1,23686.35,23089.05,23208.8,40492651,-0.03669334554808945,-0.09099294146704806,-0.015075208002305662,-0.046604457290813195,0.19876074561554855,0.19710894556988912
2024-11-25,23716.45,23716.45,24111.95,23648.65,23914.55,106218596,-0.025011459474570175,-0.08357805822391562,-0.017736690539338462,-0.050429502032633966,0.2006897565070351,0.19786961585110843
2024-11-26,23413.0,23413.0,23800.15,23326.8,23762.55,32749792,-0.016231569836087534,-0.10020599222148785,-0.01679810271785298,-0.06213939108362254,0.19077738967186847,0.19870372355232574
2024-11-27,23517.35,23517.35,23639.0,23419.4,23515.8,43578000,-0.01865680205471032,-0.10145838427680653,-0.0160170221540632,-0.06337771407583337,0.1896481631157518,0.19849658895194564
2024-11-28,23134.7,23134.7,23549.7,23091.8,23509.25,55606823,-0.01924234587894147,-0.11264067138703715,0.00334737153764908,-0.05866048766330856,0.19027948490960464,0.20070894327691807
2024-11-29,23368.55,23368.55,23446.5,23128.9,23169.2,44715175,-0.009555395439518555,-0.10240583222743549,-0.0009381941763706436,-0.056964501770549125,0.1942586098183257,0.20222111621523525
2024-12-02,23599.6,23599.6,23615.45,23353.75,23433.0,41300395,0.00361050746979541,-0.0900218822599459,0.0006896171287769093,-0.05340695902559611,0.19728775745804522,0.2035693045856993
2024-12-03,23752.4,23752.4,23775.45,23580.75,23692.75,42595685,-0.0022347682898140597,-0.0806222494029486,-0.008521740938983724,-0.05326307288596599,0.1935851381035376,0.20417260311645047
2024-12-04,23584.0,23584.0,23850.75,23466.75,23746.2,61935417,0.00045814738771143837,-0.07612091439898305,-0.019216481949239306,-0.06064132145317014,0.1920242943924064,0.20333337885022654
2024-12-05,23736.25,23736.25,23853.75,23438.55,23691.1,54415754,-0.004335223745364769,-0.06899324383953875,-0.024782646996241442,-0.05984998352817006,0.1890376520477501,0.20395360241335403
2024-12-06,23960.25,23960.25,23982.5,23722.85,23799.75,87600995,-0.007359795176879569,-0.062457813976510845,-0.015273109919241357,-0.04794971194456232,0.18663005445264932,0.20498062720278756
2024-12-09,23775.05,23775.05,23986.05,23750.6,23948.5,52196326,-0.001572703412073495,-0.05806319976545726,-0.018914094705599127,-0.04604603063421464,0.18226526411888275,0.2040957111364581
2024-12-10,23767.05,23767.05,23838.0,23635.4,23806.8,46124483,-0.0016025910305311752,-0.07807469414037349,-0.020728305470612107,-0.047397918171667275,0.18226579155978914,0.19882532471653805
2024-12-11,23851.85,23851.85,23947.2,23757.1,23779.5,32663847,0.005158147365404542,-0.07625620380428999,-0.015573958353966022,-0.04807016792591556,0.18231425938470258,0.1989909739807772
2024-12-12,23660.3,23660.3,23908.1,23615.3,23891.8,35740256,0.016811995307081107,-0.08398681360374616,-0.011042021669568136,-0.051089752245593756,0.16983445058841054,0.1994358846112431
2024-12-13,23773.1,23773.1,23803.75,23292.1,23617.75,41946677,0.04427371602270114,-0.08199209156485077,-0.0070547526506805625,-0.05641038135658594,0.14739840152433487,0.19967391133751733
2024-12-16,23790.5,23790.5,23823.35,23628.25,23805.05,40627428,0.03822906893015343,-0.07804661599065277,-0.010025097355422341,-0.05009668546488821,0.1465532557364683,0.19967183858208926
2024-12-17,23417.8,23417.8,23834.0,23361.65,23705.1,43050495,0.01622775708052271,-0.09610481846095664,-0.021386582146544875,-0.05361940592000691,0.15851162359856197,0.20151672099074142
2024-12-18,23241.25,23241.25,23423.55,23208.6,23319.6,50799583,-0.005062180269269412,-0.11946784468763438,-0.03399045415472135,-0.05773690194987946,0.1535753348381014,0.1973508214184254
2024-12-19,23070.9,23070.9,23166.65,22862.4,22911.75,49016765,-0.003240314699363589,-0.1393189431980123,-0.029013393729997228,-0.0627027408836025,0.1522960223242917,0.1941892326970202
2024-12-20,22580.0,22580.0,23236.6,22531.65,23070.45,67849112,-0.04135585736665792,-0.16123244596579922,-0.02798125342852198,-0.07052835677697733,0.15524074795019843,0.19750597071606482
2024-12-23,22557.75,22557.75,22765.55,22488.3,22699.95,30036782,-0.048856384492620086,-0.16105859972813497,-0.02951640025024771,-0.07450698631005459,0.15167682140468516,0.19751421310490772
2024-12-24,22685.55,22685.55,22810.2,22510.6,22565.45,28770439,-0.03107034553453214,-0.174958403418648,-0.011774653977566718,-0.08003943902585964,0.14910723920531582,0.1912479914975832
2024-12-26,22876.1,22876.1,22947.8,22709.85,22709.85,35268821,-0.02726710279857214,-0.17147850022183397,-0.005652135757239218,-0.07870357714507159,0.15183036966134564,0.19213239942980878
2024-12-27,23099.05,23099.05,23461.95,22952.6,22960.6,36551632,-0.0015409752449784264,-0.1453406198200332,0.002672011557993903,-0.06795265123396665,0.14572578221635654,0.19008111494067206
2024-12-30,22768.25,22768.25,23100.8,22695.75,23072.25,75966656,-0.025688371764615248,-0.15932977519481462,-0.005540130423756118,-0.07590890030621478,0.14901832279100866,0.19134431219664869
2024-12-31,22834.0,22834.0,22899.8,22641.0,22713.6,26178187,-0.03244122781742054,-0.13185639169495966,-0.0064382339331122695,-0.06828045128445226,0.14408589388558712,0.18359975968710204
2025-01-02,24016.2,24016.2,24051.8,23155.2,23255.25,63686696,0.011106246105656581,-0.07367422270050095,0.022084630574475295,-0.040655536347414145,0.23375951790196475,0.21145624458446852
2025-01-03,24005.0,24005.0,24173.25,23899.75,24058.95,56380831,0.01785108548168246,-0.06983142268712361,0.03676189284101361,-0.03793079455528647,0.23205226083802638,0.21134789508073984
2025-01-06,23482.2,23482.2,24169.7,23365.6,24087.45,42989460,-0.010703038601295511,-0.10496605821749416,0.03350660638201408,-0.0491114542369161,0.24466426078610995,0.21231059692416307
2025-01-07,23482.1,23482.1,23634.35,23426.0,23513.95,37456137,-0.019955968739892138,-0.11221633065850045,0.019346576864654685,-0.06121755482363589,0.24186316182175413,0.2113300816509074
2025-01-08,23370.15,23370.15,23549.65,23191.6,23543.9,38888982,-0.017030458400718262,-0.11905497860791214,0.020747305978419783,-0.06667172920947284,0.2409894443631039,0.21115249329312327
2025-01-09,23305.2,23305.2,23552.75,23240.0,23457.45,41578986,-0.019432365396630957,-0.11844942239168421,0.024596425558792046,-0.06085706532107327,0.24107557327695184,0.21113831928348287
2025-01-10,23017.75,23017.75,23345.85,22896.05,23262.3,45141771,-0.0349700337709653,-0.13020928786954133,0.01414572655816293,-0.06269684568885825,0.2437359221218168,0.2120824107801198
2025-01-13,22382.25,22382.25,22842.45,22351.0,22789.7,42868997,-0.05401664391406702,-0.14710242125399153,0.005568997955004762,-0.06842688607738145,0.2602626346998033,0.21819662539221524
2025-01-14,22833.05,22833.05,22935.85,22415.95,22416.5,33356071,-0.03954259225763568,-0.11872129375892548,0.02474320651647155,-0.04682876338069286,0.2714331917246903,0.2219782154484309
2025-01-15,22712.75,22712.75,23063.7,22602.65,22929.55,33604147,-0.04530169605514811,-0.09117009187233904,0.013683062946807878,-0.029082830136294757,0.2714648812952838,0.2105326484652617
2025-01-16,22861.25,22861.25,22934.75,22758.15,22866.8,30568312,-0.023766109540605873,-0.09089191908346561,0.01831965717331585,-0.028839659933682316,0.2683119255816686,0.2105820298359287
2025-01-17,22791.1,22791.1,22941.7,22651.6,22835.25,21121686,-0.019368579572957678,-0.09744830576769625,0.021775954431636935,-0.03377476361268794,0.2673704561911362,0.21025964623110882
2025-01-20,22671.8,22671.8,22853.0,22511.75,22805.75,34103409,-0.017298848332748307,-0.07940188206153753,0.008041701129181456,-0.03333515189249536,0.2668074683175642,0.20471580648391755
2025-01-21,22303.2,22303.2,22881.95,22261.9,22727.7,34822861,-0.012258635961027387,-0.08785217963871039,0.01160356263462714,-0.0301144779598006,0.26213685906411033,0.20669281011411794
2025-01-22,22274.35,22274.35,22428.7,22121.4,22409.75,45187131,-0.012563309727255612,-0.08429651159205509,0.012616174896934673,-0.03330957087493802,0.2621449083965592,0.20655291278549046
2025-01-23,22518.95,22518.95,22587.4,22166.15,22245.8,25725511,-0.007343881898388971,-0.05379780077565299,0.014668444339204556,-0.013457897200938707,0.2644779668289398,0.20364234076857338
2025-01-24,22171.05,22171.05,22589.05,22120.05,22463.95,35149830,-0.03082037585077868,-0.07483585060370679,-0.0031153450870564647,-0.023603529349169317,0.2676228427916315,0.20515444220708873
2025-01-27,21970.45,21970.45,22081.25,21835.6,22055.15,44812294,-0.04885915221621662,-0.06859881468166817,-0.007527381706554981,-0.0016633798015486256,0.26543524952085357,0.20358057899305362
2025-01-28,22264.15,22264.15,22506.6,21867.8,22061.2,66018001,-0.022140480713273902,-0.056363906077816384,0.006941916728233077,0.0004787938106090017,0.26714560223158146,0.20571323885060844
2025-01-29,22586.35,22586.35,22707.55,22269.95,22299.0,41656329,-0.010845668739598913,-0.03947955959463667,0.00952672417381406,0.003579103751267909,0.27248501347952986,0.20802729935145559
2025-01-30,22495.7,22495.7,22683.85,22259.1,22420.3,92133522,-0.0633114314504376,-0.05502486809826246,-0.024485354945193882,-0.011623187891682929,0.19470437972143978,0.2063643341550758
2025-01-31,22867.6,22867.6,22951.4,22490.3,22552.1,43846417,-0.04738179545927934,-0.029932295997149416,-0.026704654086217805,-0.009638813023275628,0.20675364901589893,0.20853246175754972
2025-02-03,23327.0,23327.0,23370.9,23096.1,23299.75,91969399,-0.006609261483165985,-0.02150203862480904,0.004188479526201161,0.013695558253843498,0.20759824483915315,0.2113488130794415
2025-02-04,23535.05,23535.05,23800.9,23366.9,23607.5,84225037,0.0022549090583892095,-0.02497524639674542,0.0009325815279683791,0.005444588454290411,0.2101630885168105,0.2105533168790596
2025-02-05,23517.1,23517.1,23646.3,23410.5,23551.25,42290268,0.006287935678632728,-0.012405249343832137,0.005977598464764977,0.008382450997094226,0.209405480868599,0.20876498037778263
2025-02-06,23298.85,23298.85,23587.85,23264.15,23548.25,25472305,-0.0002724713797780387,-0.02127056273419259,-0.003538984009153423,0.0012921801204360817,0.21195977549949158,0.20959940586620643
2025-02-07,23459.95,23459.95,23545.2,23193.35,23407.45,41218756,0.01921126087475966,-0.011357195383795204,0.013729357507497708,0.012724007521042524,0.20802333401743361,0.21003558520106536
2025-02-10,23112.65,23112.65,23636.3,23082.2,23525.85,29472576,0.0326330015972478,-0.0067235088593885495,0.019826493715610516,0.014288933890338584,0.18810620904254266,0.20840311644063375
2025-02-11,22573.9,22573.9,23068.15,22531.1,23053.8,48131584,-0.01134977587313113,-0.008403176778591814,-0.0068515979486876155,0.012278895878927498,0.1951552401759596,0.20918601788428381
2025-02-12,22407.45,22407.45,22573.15,22099.05,22544.2,95027273,-0.013441789303364815,-0.022127910275153262,-0.006206715104098759,-0.0014142125297786912,0.19597669460414346,0.20923587788400685
2025-02-13,22344.3,22344.3,22594.65,22285.1,22483.25,71809666,-0.02261249931652909,-0.030357340461771742,-0.010584239755794922,-0.012347449674147915,0.1942260349222525,0.20891703583053084
2025-02-14,22069.3,22069.3,22487.5,21874.55,22428.25,50787056,-0.03167025724954031,-0.05523234658276077,-0.019863729357962878,-0.030177602445166984,0.19822351344949252,0.20820336523325217
2025-02-17,21951.85,21951.85,22012.95,21610.15,22012.8,87390998,-0.03175530835663687,-0.051587970223668234,-0.015252668576814843,-0.03486839608870762,0.1982451451533682,0.20770152834848674
2025-02-18,21818.9,21818.9,21997.05,21638.55,21973.7,52109786,-0.0217143728254241,-0.07366870311325835,-0.018268083390892254,-0.03343198752489085,0.19130587053476922,0.20438934212096382
2025-02-19,21809.15,21809.15,21898.05,21597.1,21683.65,43942898,-0.020885008990161213,-0.08042097362800926,-0.011278191451118968,-0.027204670232636396,0.19131796270145945,0.20369293595071614
2025-02-20,22074.9,22074.9,22092.8,21562.8,21751.35,40601637,-0.01971894781950312,-0.05715200956733435,-0.007127057429196282,-0.004191642154285913,0.1923500562238104,0.20411491118993047
2025-02-21,21505.9,21505.9,22010.85,21435.5,21973.95,51484472,-0.03000083442146395,-0.08553047005721293,-0.017169712304501816,-0.02460334054482194,0.2060962934807534,0.21016317193906775
2025-02-24,21552.5,21552.5,21597.35,21291.3,21409.95,36818738,-0.019023278995195847,-0.06839077230307722,-0.006942199474897048,-0.011487191827833976,0.2044817937084802,0.20796864060564602
2025-02-25,21662.65,21662.65,21757.1,21585.9,21616.05,52340250,-0.027016526568496846,-0.07299982241088976,-0.009170346440214971,-0.007377084377443999,0.19891156485590422,0.2070703677628853
2025-02-27,21335.35,21335.35,21786.3,21243.5,21766.95,53987530,-0.05538743533151658,-0.09594442278682691,-0.028704960250554135,-0.024639579359123864,0.1955663857415386,0.2077004089662852
2025-02-28,20498.6,20498.6,21188.2,20460.1,21180.8,92747119,-0.08877696626466403,-0.13698826223876337,-0.04039739761802641,-0.04161937687716033,0.23597349058414302,0.22130871054731613
2025-03-03,20538.15,20538.15,20865.85,20368.85,20591.5,55275223,-0.1018668334237085,-0.12914899932157387,-0.04277733408333806,-0.033178699495609254,0.22415149083871844,0.22127141861999752
2025-03-04,20269.2,20269.2,20462.8,20174.85,20295.8,49536926,-0.13108415141252627,-0.14606561693612086,-0.07636056887354792,-0.03979609084424662,0.20460498032909386,0.2216138981692385
2025-03-05,20796.75,20796.75,20848.4,20327.05,20354.8,45261690,-0.11634986966248206,-0.13203117663630393,-0.05729369818486585,-0.037188851716560944,0.2291721356427003,0.227822867355027
2025-03-06,20959.7,20959.7,21068.75,20733.4,21030.7,61788012,-0.10874640155461335,-0.11841615475046319,-0.06014803284166981,-0.034160060626006516,0.23383114944294695,0.22847932687450337
2025-03-07,21009.7,21009.7,21197.0,20846.0,20925.75,38374385,-0.0982516304452794,-0.11601566033647415,-0.053730423634970825,-0.032409543488571724,0.2351508477305899,0.2286369064489133
2025-03-10,20752.8,20752.8,21023.95,20706.3,20946.4,33348146,-0.1153945340889474,-0.12992912499449727,-0.06872005158943273,-0.041400692378488646,0.23194110969493745,0.22928304210118325
2025-03-11,20682.65,20682.65,20733.45,20480.75,20616.9,52331963,-0.10513723004501863,-0.1258500526197892,-0.067342586671018,-0.042310032439875744,0.22975007778885873,0.22898277710413237
2025-03-12,20783.7,20783.7,20836.2,20590.8,20713.55,52670378,-0.07930397494451558,-0.1257471680176333,-0.053241822841561204,-0.03297533027455035,0.22221155559590444,0.2289982657110608
2025-03-13,20554.05,20554.05,20883.15,20530.4,20862.9,41360078,-0.0827135617841388,-0.13603959563691392,-0.054592765470364846,-0.04397587886535537,0.2233230850360418,0.22962719721979452
2025-03-17,20741.15,20741.15,20926.35,20538.05,20539.0,37986702,-0.0717476045344897,-0.11429980613037938,-0.04905465570113321,-0.039215568786526656,0.22830634804812006,0.22910235909324722
2025-03-18,21234.95,21234.95,21251.3,20836.05,20859.2,40120035,-0.037805911379155566,-0.08632496100683051,-0.03366494650895702,-0.029935965242488316,0.24520043338513792,0.2346835171699154
2025-03-19,21319.5,21319.5,21398.25,21194.15,21305.55,37620210,-0.028806228176668447,-0.075913813505325,-0.02654570897437747,-0.03232193303624942,0.2457100468003655,0.23462552450589524
2025-03-20,21623.05,21623.05,21672.3,21368.25,21444.3,32967364,-0.008976162867972315,-0.04238042515500451,-0.01966896710331656,-0.025555852420505287,0.2510928082224514,0.23288907152622199
2025-03-21,21756.0,21756.0,21993.95,21667.35,21720.95,57737929,-0.002437050504031646,-0.03554210858795759,-0.020642336049625953,-0.018574095883223785,0.2521770335733506,0.23331077354377128
2025-03-24,21938.7,21938.7,21987.1,21665.2,21891.1,38586238,-0.006169903374420804,-0.03292183791003522,-0.038692677678512255,-0.030001161816569977,0.25010748388109844,0.23368728958166132
2025-03-25,21737.6,21737.6,22092.4,21683.1,22050.9,46643103,0.010773787658270306,-0.0497680985832375,-0.027511605111691262,-0.04633449251644628,0.2336302662561334,0.23359660378273903
2025-03-26,21742.8,21742.8,21924.6,21704.8,21776.1,76100551,0.008829602134323045,-0.058714535879181184,-0.03256114541175159,-0.04500163575179916,0.2335521945030097,0.23257411501684105
2025-03-27,21516.75,21516.75,21611.95,21216.4,21445.65,111412168,-0.006735094736793568,-0.054966894688875945,-0.05305491224746073,-0.052727461618733096,0.2359482066388456,0.23173616632085786
2025-03-28,21295.5,21295.5,21577.2,21200.75,21570.2,60036856,-0.0018677921852698898,-0.06737759481474992,-0.045083433506215354,-0.062071939121745245,0.23247007281727336,0.23238671383449708
2025-04-01,21235.25,21235.25,21543.8,21100.2,21177.0,36848232,0.035936600548330144,-0.11579475520690208,-0.011114886556985448,-0.07350421169350818,0.1791484577858444,0.20596850692929666
2025-04-02,21408.85,21408.85,21433.45,21175.85,21250.85,29918268,0.04239427601804424,-0.10815038533638832,-0.012446916301799504,-0.0801392462649545,0.1805754607915015,0.2070043134141075
2025-04-03,21164.0,21164.0,21320.3,21095.0,21140.2,48081077,0.0441457975647781,-0.0987215848600217,-0.008721462392642154,-0.08322571828754854,0.17878344739056856,0.20373638111648287
2025-04-04,20593.15,20593.15,21081.05,20507.55,21081.05,86334679,-0.009789991224590344,-0.12302775305445413,-0.03518018689120661,-0.08913815681704484,0.18519395332187918,0.21034275451847695
2025-04-07,19815.55,19815.55,19893.7,19316.65,19336.15,105696382,-0.0545880904783943,-0.15210000791608103,-0.03759519979230419,-0.08762481337405847,0.22608414187149975,0.2230777594616308
2025-04-08,20138.15,20138.15,20307.3,19805.25,20141.65,61540203,-0.0414832196556828,-0.13589456430324565,-0.04074492498214333,-0.0937867118549427,0.2353655020814663,0.22641489167141898
2025-04-09,20140.4,20140.4,20326.95,20034.65,20188.3,47335353,-0.02950927103812484,-0.125005702121189,-0.0267866721192338,-0.08094750655645777,0.23234656241353724,0.22551078276915076
2025-04-11,20548.65,20548.65,20637.95,20432.3,20493.05,58458880,-0.006478860300783484,-0.08192205877425185,-0.021175804677103338,-0.07077248744577702,0.24441965746384436,0.22355425799098572
2025-04-15,21246.2,21246.2,21276.3,20929.75,21023.95,92607937,0.02225301558432813,-0.06949794267520104,-0.015932640331205672,-0.07607801110184498,0.2718700430325548,0.23062676293908244
2025-04-16,21155.8,21155.8,21283.1,21058.6,21280.35,42119090,0.029276468627837282,-0.06854960319644254,-0.017157908717404968,-0.07819928559864531,0.2688607413926794,0.23055919155208615
2025-04-17,21373.1,21373.1,21414.6,20953.1,21152.0,42264973,0.03046841664999267,-0.06509486576630763,-0.02919284355437224,-0.08825264814617462,0.2693267186282278,0.2312112252851997
2025-04-21,21826.0,21826.0,21848.15,21272.15,21463.45,40671606,0.027833830548223526,-0.04234547696249846,-0.028714868374945857,-0.0820965282638495,0.26669009590216725,0.23555369174055593
2025-04-22,21903.7,21903.7,21957.7,21729.8,21837.05,41513425,0.027402143577476057,-0.03387909208796824,-0.027586175238323518,-0.06911185320128055,0.26663991890267946,0.23552184762180806
2025-04-23,22424.45,22424.45,22456.9,21947.05,21999.95,61415556,0.03706230157170243,0.0054364396140464954,-0.012022084116124931,-0.05121149231963762,0.27454419351004733,0.2382507481568582
2025-04-24,22367.55,22367.55,22492.8,22286.85,22426.9,47474193,0.02810948703805849,0.004184184948157865,-0.010275243550323943,-0.042947455376250776,0.27446388825861096,0.23829537176426016
2025-04-25,21994.5,21994.5,22541.9,21885.2,22385.3,56351166,0.0025434506146670977,-0.023289274144664862,-0.013560800370322257,-0.05922926272656759,0.2804639508794432,0.23967716982925605
2025-04-28,22352.95,22352.95,22427.15,21919.95,22003.45,35194014,0.028308092889739456,0.008204392665209781,0.0004294602476195841,-0.04533320111434547,0.2837057692795604,0.23991815658001428
2025-04-29,22299.05,22299.05,22584.1,22216.55,22442.65,55022977,0.025583181558952894,0.014956452871925707,-0.010568947121433192,-0.05104682812375172,0.28400542173316223,0.23921086184516982
2025-04-30,22308.4,22308.4,22389.25,22091.15,22306.15,61251593,0.03679226649006018,0.0019875000842159984,0.005330262519227302,-0.05799133966139802,0.28066031450233614,0.23766532099631354
2025-05-02,22286.5,22286.5,22687.95,22198.35,22323.25,40928441,0.046535653072245386,-0.013275717413393395,0.011358251353398074,-0.06437421585856484,0.27723603103163624,0.23578539409360907
2025-05-05,22699.2,22699.2,22732.45,22366.3,22443.2,34204354,0.06893961691056139,0.009046173268669078,0.01301852600619191,-0.04306894278221374,0.28221138017127895,0.23868514006666636
2025-05-06,22737.6,22737.6,23092.65,22668.65,22964.95,40994733,0.06206545423971854,-0.005684899158634904,0.01718141908968751,-0.0427439590807821,0.2816820943576601,0.23630047966026896
2025-05-07,23114.1,23114.1,23135.5,22435.3,22436.75,72331937,0.09214231714231702,-0.009126762978522773,0.04206507872994791,-0.05421675568640372,0.2800351598781826,0.2351519221451208
2025-05-08,22674.15,22674.15,23242.1,22560.2,23213.85,83108731,0.1010530200576405,-0.03657948464099281,0.0412676242412231,-0.05909707813067766,0.2690872826496934,0.23757982913648323
2025-05-09,22627.8,22627.8,22804.75,22220.7,22241.45,77899797,0.14192136983328751,-0.0378150367179626,0.05860606664353396,-0.05096895561979542,0.21743657311559791,0.23759765861301038
2025-05-12,23400.45,23400.45,23427.35,23066.4,23135.9,59201644,0.1619960125433566,0.00436073025063477,0.05599381378972135,-0.05162071438509508,0.2355909164656475,0.24698358156644706
2025-05-13,23167.25,23167.25,23500.15,23046.95,23293.05,39961879,0.15028748187722174,-0.012476582430908878,0.05299811238122132,-0.05570249863171772,0.24245006643472863,0.24742001830770013
2025-05-14,23356.85,23356.85,23390.8,22947.65,23088.6,56183000,0.13666104585946015,0.01056564262427706,0.05613251704523026,-0.044404966860227546,0.237572720721832,0.24607653939036359
2025-05-15,23804.85,23804.85,23880.5,23261.85,23356.65,58651397,0.12042859428980224,0.05452978882691939,0.046118413414001136,-0.03173564173030341,0.22080355813724278,0.24398071249929612
2025-05-16,23953.15,23953.15,24009.75,23777.55,23833.8,48971001,0.13222615074825828,0.06898152177066108,0.06470095084152616,-0.016699943227548975,0.21765143909329254,0.2436007025345573
2025-05-19,24052.6,24052.6,24174.15,23933.15,23943.45,40694779,0.12536786895677277,0.07645350268301088,0.0795094562175469,-0.006652552340205231,0.2172349814215522,0.24353849291195326
2025-05-20,23531.2,23531.2,24138.7,23495.55,24111.5,53450324,0.07812700449005772,0.06624133977969393,0.054983507604219106,-0.010283203789110074,0.23071207075429137,0.24657853157993015
2025-05-21,23700.1,23700.1,23914.75,23503.95,23580.4,32628517,0.08201354109123105,0.07964021255611708,0.05527490848925942,-0.0011084631010183088,0.23102249835063662,0.246521185394607
2025-05-22,23459.9,23459.9,23643.75,23291.4,23629.85,37818068,0.04617504554180818,0.07521002433669888,0.03463529520258546,0.002672363864621774,0.22404112614874544,0.24718807044356786
2025-05-23,23515.25,23515.25,23595.2,23423.45,23528.05,42344240,0.05131093928481212,0.07822863339469888,0.026299239077551384,-0.005504778746444838,0.22332345821658323,0.2471746437862851
2025-05-26,23763.15,23763.15,23839.85,23551.25,23574.4,52875432,0.08041328513946677,0.07647826264218627,0.040403850738008895,-0.014648446885034083,0.21277587452083352,0.24689212078194533
2025-05-27,23596.9,23596.9,23795.25,23477.4,23785.5,55949233,0.05565037276958962,0.09722913247062426,0.035192916750928394,0.0081649238482715,0.21091037486775563,0.2408885498743298
2025-05-28,23437.05,23437.05,23639.3,23411.9,23639.3,35886827,0.0510335642101345,0.08743997216100219,0.03391896570994124,-0.01006659105304375,0.21288673711869416,0.24148973932568063
2025-05-29,23555.75,23555.75,23607.9,23417.25,23529.1,58416743,0.0559139158343942,0.08739004692408359,0.035391342392149916,-0.0139978532653251,0.21292454680961836,0.24148675257630922
2025-05-30,23325.6,23325.6,23590.2,23291.05,23547.55,89209126,0.04662463823390839,0.0932841504826496,0.030031013103448467,-0.004548782292749909,0.21722919437541108,0.24014803208015628
2025-06-02,23327.05,23327.05,23373.4,23147.2,23274.1,41114945,0.02765956509480505,0.1379825939332442,0.01721650683014131,0.020832961072769107,0.20882230580828115,0.22407833890220963
2025-06-03,23268.7,23268.7,23475.75,23204.9,23399.8,33204984,0.023357786221940957,0.13295014400031158,0.016675954147785,0.02339879593943217,0.2092658255985876,0.22428149250634602
2025-06-04,23332.6,23332.6,23455.05,23250.0,23264.5,40034849,0.009453104382173727,0.15113571329899544,0.0010237010451159545,0.03622428811960243,0.2015181071466507,0.22201603450424404
2025-06-05,23306.2,23306.2,23461.55,23169.7,23461.55,40896994,0.027875355856779693,0.1206654885979781,0.008220435983517405,0.012613059479013922,0.18784517289408414,0.21670976751401877
2025-06-06,23661.3,23661.3,23677.7,23208.1,23343.05,42497805,0.04567390554981032,0.12889497464181265,0.0042272718756184435,0.019851534379126123,0.19349805245950294,0.21807589169574576
2025-06-09,23777.15,23777.15,23882.8,23698.6,23789.8,40154905,0.016097981021732544,0.1317224900879117,0.008936410146457074,0.01862198155227257,0.15478804267106402,0.21815387538375264
2025-06-10,23759.0,23759.0,23872.2,23743.2,23869.75,45128409,0.0255425223105894,0.1448575613893066,0.0041456263032022544,0.027141006989590544,0.14961243581325395,0.21618122432477563
2025-06-11,23805.2,23805.2,23984.7,23774.0,23797.5,38634488,0.019195653523484735,0.1509743674045636,-4.0650693332811016e-05,0.03347451390260914,0.14742771925315235,0.21586296494025428
2025-06-12,23411.8,23411.8,23857.55,23341.45,23838.15,34475013,-0.016511341176272842,0.12645005461010306,-0.009572561371888444,0.018855687829212542,0.14382738268940048,0.21927048011907035
2025-06-13,23327.4,23327.4,23365.15,22915.65,22941.8,28743768,-0.02612391272129133,0.1349296124121524,-0.014085400723996666,0.03128270692400448,0.14165761144260477,0.21789175243220396
2025-06-16,23368.25,23368.25,23425.25,23074.25,23302.7,51333957,-0.028452225539026932,0.12666125070210654,-0.028494348703087313,0.018358923829223883,0.14068389650724167,0.2174100435614403
2025-06-17,23227.3,23227.3,23416.8,23176.7,23407.55,36132217,-0.012914768477595762,0.09382409659547108,-0.019781592493154254,0.005400122999005719,0.1197810832104243,0.21330462419955012
2025-06-18,23312.35,23312.35,23564.95,23130.05,23208.95,31513472,-0.016360690461221683,0.09347545674148083,-0.016304332415725042,0.010339239750172924,0.11737906702676122,0.21328979945408896
2025-06-19,23434.65,23434.65,23496.25,23299.6,23305.5,34168783,-0.0010763046730803971,0.08378096521998524,-0.008534777839227514,0.014675546338638767,0.11377327420871297,0.211809878860112
2025-06-20,23679.35,23679.35,23720.25,23403.7,23462.95,53245708,0.006978450154686788,0.08840549733406866,-0.0034528229807220256,0.01294640581855755,0.11945937491050228,0.21239998607945446
2025-06-23,23461.15,23461.15,23615.2,23360.85,23526.0,38301779,-0.012708752837902404,0.06939563419892703,-0.011538806673706326,0.013873976816305422,0.11778020479282919,0.2130059055014694
2025-06-24,23598.25,23598.25,23885.3,23572.35,23670.95,44923799,5.721090482224689e-05,0.0855959259531871,-0.008729892940708917,0.02747266180227026,0.11737632834023562,0.21211932851337095
2025-06-25,23827.8,23827.8,23848.8,23668.1,23725.05,39246030,0.016672320108546135,0.09589381312434453,-0.003216652368451589,0.021047657941262177,0.11927279503191268,0.21278599195496797
2025-06-26,23961.7,23961.7,23979.25,23768.9,23883.1,41426669,0.017233584156734594,0.11363007889202592,-0.011574176372469047,0.030675899773387805,0.11954787108121333,0.2114659214288936
2025-06-27,24007.95,24007.95,24142.7,23937.9,23994.25,47326665,0.02925326679699558,0.12737197999577377,-0.00658820800982407,0.03729928636012292,0.1127150818328981,0.20994949671365448
2025-06-30,23872.55,23872.55,24101.95,23824.2,24074.8,25880620,0.02338486863962652,0.12419444084717624,-0.009000296978842748,0.022693012364635612,0.11543777992173093,0.21030630208189982
2025-07-01,23824.0,23824.0,23994.25,23745.8,23927.2,23334761,0.023864676582705524,0.11281082356128436,-0.016852478607271015,0.018116066759455984,0.11525249652031049,0.21006085947093195
2025-07-02,23899.85,23899.85,23962.6,23786.05,23799.5,28796493,0.02431147836074854,0.12926904176904164,-0.009530699944634957,0.03450382276922381,0.11534135252936008,0.20824220883932584
2025-07-03,24004.95,24004.95,24202.3,23933.6,23946.85,33710411,0.029981292531600978,0.16567645066441994,0.0035418345604933954,0.056490172548081086,0.11552455533582934,0.19907995461253722
2025-07-04,23980.4,23980.4,24021.3,23850.85,23989.8,19022214,0.01348615672004505,0.210180893288352,-0.0048295769380819475,0.061301730737772564,0.10385954101569811,0.17997612646128747
2025-07-07,23943.9,23943.9,24012.65,23896.9,23969.5,20630018,0.007013035624538588,0.18898210610209976,-0.007252140673490004,0.05916888749338134,0.10289700253124606,0.1781717758118124
2025-07-08,23852.9,23852.9,23994.5,23681.3,23958.7,27008890,0.003952186539837532,0.18433099640523531,-0.012708339068376207,0.044890457147895635,0.10389627579848472,0.17861287162421258
2025-07-09,23944.4,23944.4,23988.75,23790.4,23807.0,23322054,0.005847461899080919,0.16525416511546975,-0.007465210169687708,0.04927882995317212,0.10453027512052807,0.17497858381165848
2025-07-10,23916.85,23916.85,24002.3,23807.25,23966.3,30232143,0.0215724549158971,0.12570012519885898,0.00280650173684438,0.038823780510575556,0.08355619536697374,0.16288144573709504
2025-07-11,23493.8,23493.8,23894.4,23433.3,23866.8,28539976,0.007133242453080779,0.11051342894147242,-0.010313134235525823,0.0374394078248681,0.10630894514825691,0.16741845381784173
2025-07-14,23552.0,23552.0,23598.25,23447.8,23518.5,37452044,0.007863233233126099,0.1019459039633932,0.0024195525063708256,0.05034987725369788,0.10646597368091151,0.16649433907256847
2025-07-15,23905.25,23905.25,23951.85,23576.05,23588.85,39606124,0.02918763696167881,0.0952648217721983,0.015410834381611727,0.050903140262660296,0.1152427540452335,0.16392200201913854
2025-07-16,24011.15,24011.15,24041.2,23654.05,23910.1,34428048,0.029975527992673445,0.09621433821683101,0.013854329324876513,0.05298224597422996,0.11546975300148825,0.16397760725667332
2025-07-17,24002.5,24002.5,24157.0,23954.0,24003.25,26904866,0.02423121318218957,0.07037184858491519,0.011397106368843168,0.03820851950052795,0.11476150497460261,0.15748869327564247
2025-07-18,23894.35,23894.35,24182.25,23874.2,24050.45,30698140,0.009079641121905846,0.06825959928557213,0.01481385998430329,0.03849467477506763,0.1110653623107305,0.1577373538569897
2025-07-21,24055.0,24055.0,24075.95,23725.1,23866.8,34969889,0.025312058445557728,0.09368251153697504,0.020554758189402556,0.04994798350444496,0.10693073584653393,0.15363647051134993
2025-07-22,23875.85,23875.85,24090.25,23826.9,24067.65,37720094,0.011763584164079965,0.06812970994879852,0.01110272526743672,0.03802508407276828,0.109766710500916,0.15161879941236947
2025-07-23,24079.4,24079.4,24157.2,23928.2,23935.55,42098830,0.010559094838801908,0.07983972411380758,0.011543442450681618,0.04351686841052782,0.10853204474452931,0.15218540990071822
2025-07-24,24087.3,24087.3,24226.4,24051.15,24070.6,66468945,0.005241698210060264,0.07974126338060983,0.024299210857326337,0.04982861311907438,0.1068605672637324,0.15218772805722253
2025-07-25,23781.55,23781.55,24078.0,23675.9,24064.7,32995402,-0.009430209576411164,0.06708321180984012,0.021804949323632195,0.04694492625232982,0.11615892142786788,0.1548319027933408
2025-07-28,23693.0,23693.0,23981.6,23670.9,23777.7,41480950,-0.0075211906562139275,0.0437812786353704,0.02524710995160573,0.034797645548178435,0.11521695105076513,0.1508766879942597
2025-07-29,23888.35,23888.35,23936.9,23620.9,23663.0,25789391,0.0027010577568837846,0.050610002814720945,0.030917594955939043,0.032500599581116285,0.11894205708713773,0.15164677942703975
2025-07-30,23745.8,23745.8,23867.0,23580.35,23855.85,48051657,-0.006445647148413003,0.027329638618851737,0.017062002131931653,0.009280848414108256,0.12027226841482228,0.14872635978891524
2025-07-31,23655.85,23655.85,23794.1,23397.95,23593.2,58837073,-0.014542833873846917,0.04329600007056489,0.010528751672784109,0.022922230318486836,0.11952617185695844,0.14327437842341742
2025-08-01,23410.95,23410.95,23737.2,23378.9,23684.85,44729786,-0.02374647628896931,0.03461008140429045,0.011430869087292406,0.011394919400999903,0.12437150122144663,0.1449748041092673
2025-08-04,23787.5,23787.5,23800.25,23416.05,23457.25,38006330,-0.006531935064880923,0.016540280208286573,0.02247486186176617,0.024642653560021155,0.1384518756369162,0.13173192021939667
2025-08-05,23876.3,23876.3,23903.9,23669.7,23806.3,34096400,0.000981012790897351,0.030605704172916415,0.03518413626038508,0.027708798033708293,0.13852292971086408,0.1301484084606513
2025-08-06,23748.85,23748.85,23927.85,23662.5,23902.4,33676059,-0.008166836504569064,0.016783085047855417,0.027234987340283068,0.020541205055111478,0.1390329623359305,0.12970038291081412
2025-08-07,23808.1,23808.1,23839.55,23453.55,23620.0,60570411,-0.004547003472447297,0.00013652680021092323,0.02539155400085702,0.018728313841696598,0.13937631026423142,0.12380098784000038
2025-08-08,23474.65,23474.65,23890.8,23439.05,23810.3,37623329,-0.0008151086669673235,-0.019976495784479242,0.0304593856278933,0.006262721935111237,0.13361641012242956,0.12642264549243623
2025-08-11,23723.75,23723.75,23792.75,23440.2,23526.6,57531889,0.007292374320652106,-0.01367211860672024,0.027117110669070077,0.0007753437075326275,0.13861947003420183,0.12806541919800715
2025-08-12,23856.6,23856.6,24011.7,23732.45,23741.1,31735297,-0.0020351178088495736,0.013828449037873058,0.026080693900225826,0.02178910342759144,0.12931223221302368,0.12034337842409505
2025-08-13,24122.65,24122.65,24190.05,23913.35,23946.25,48321636,0.004643675958877491,0.017829038696039357,0.028152321765500532,0.025651393728742033,0.13447058845375673,0.12157540856003281
2025-08-14,24118.8,24118.8,24233.35,24034.1,24136.3,46241166,0.004845328611603028,0.02808622372644365,0.023966026637326165,0.027208457512887474,0.13446075706428595,0.1196038809706199
2025-08-18,25127.2,25127.2,25281.95,24782.3,24804.65,131689601,0.05159587936060217,0.06854913300943011,0.05525855580139405,0.06759155508667392,0.19595252118209858,0.1455632988167056
2025-08-19,25456.7,25456.7,25486.3,25031.2,25172.5,123273850,0.058270629806693064,0.071267908505396,0.06265667051307411,0.07208787077431966,0.19900823685909022,0.1463538521254982
2025-08-20,25469.25,25469.25,25518.9,25412.55,25516.4,55977514,0.0667368910426227,0.07934728714365025,0.06714986939590128,0.07031039992127752,0.19551387598278164,0.14536951833057324
2025-08-21,25377.5,25377.5,25562.5,25322.3,25559.7,48239108,0.053909150560229824,0.08279412298049449,0.05930768063038072,0.06940955734328713,0.19591364360717609,0.1447591133926915
2025-08-22,25329.45,25329.45,25464.8,25291.55,25409.05,37247807,0.051568668966633924,0.07529796334228367,0.05922963923618696,0.07382818044434969,0.19641770528673785,0.1446954611506787
2025-08-25,25423.4,25423.4,25469.7,25244.65,25458.65,31556574,0.06903881370221887,0.08993552148712158,0.06377449031372584,0.0811660407006729,0.18793180614826008,0.14293636196923665
2025-08-26,25320.3,25320.3,25521.7,25226.45,25396.7,49148461,0.06868273329675434,0.08544800992838786,0.06742060792320714,0.08563204932688484,0.18810163645231112,0.14335511450048033
2025-08-28,25183.5,25183.5,25589.5,25163.45,25589.5,41536230,0.05421680442558818,0.08229080266624256,0.06711708780501835,0.08398580559483582,0.1896174237781265,0.14381463843952266
2025-08-29,24960.85,24960.85,25197.5,24891.75,25142.6,57537381,0.05116904884232154,0.06978433607913392,0.06839698273968553,0.07763762790902906,0.19163189764084154,0.14528800388529906
2025-09-01,25660.0,25660.0,25685.4,24998.65,24998.65,66555772,0.08472111549574435,0.10099458513185322,0.09050667773081389,0.10607923285734233,0.20956848130546876,0.15500818936989688
2025-09-02,25584.95,25584.95,25807.85,25529.9,25710.8,48599838,0.09286252800505745,0.08129942141809621,0.09228244263169239,0.0982354015742678,0.2043349644929799,0.15268141925118278
2025-09-03,25775.45,25775.45,25796.0,25535.15,25701.65,41198044,0.08357120336311086,0.08404287309454661,0.0838826257878007,0.09950498348604142,0.20015750758279896,0.15302323224723688
2025-09-04,25994.85,25994.85,26729.65,25964.15,26700.25,65076769,0.08873024714884625,0.09410539164106235,0.08529205061731093,0.10884190911320357,0.20077633148010757,0.15364972063138266
2025-09-05,26320.6,26320.6,26382.3,26080.1,26147.65,55326814,0.10828945401566803,0.10566598894359203,0.10150181549425774,0.12159192721289802,0.19942484318598844,0.15528064677306766
2025-09-08,27189.2,27189.2,27266.45,26440.0,26440.0,128776514,0.14201469247861032,0.16134598792062138,0.13481844439958302,0.16596861357199133,0.22132732743340877,0.16295429560406205
2025-09-09,27182.5,27182.5,27300.75,27073.45,27199.45,57506540,0.1579512367596534,0.16526059483697275,0.13721107381285447,0.15919228990180523,0.20923621051403388,0.16256132036436802
2025-09-10,26833.95,26833.95,27330.5,26756.75,27269.8,76616418,0.13110069023657722,0.14830806757031456,0.11531675586207712,0.14724180138567955,0.22070195382553146,0.16561495221713957
2025-09-11,26744.45,26744.45,26926.1,26676.85,26869.75,45108029,0.12105035922973117,0.15142310987501784,0.0998925555792729,0.1453032386708999,0.2232694630033306,0.16512356596501912
2025-09-12,26866.65,26866.65,27083.25,26784.6,26796.0,81798491,0.11375201314946737,0.15246425178070866,0.09366007739676019,0.1402947934230716,0.2223851884217716,0.16516445820600484
2025-09-15,26760.65,26760.65,27011.3,26737.2,26915.05,68396104,0.10953488564936897,0.14192659160687282,0.09175675686157314,0.1307965776413782,0.22404158878123842,0.16555567562918752
2025-09-16,27146.4,27146.4,27191.2,26818.15,26849.35,71484690,0.08035913273265627,0.14641660349629548,0.06580146380627339,0.14137131842680062,0.18401868824109924,0.16657560007811195
2025-09-17,27294.65,27294.65,27343.2,27138.4,27185.2,64551406,0.07219906743607774,0.1633977874059882,0.05820425129205131,0.149047673727434,0.18095375701872507,0.1649443490748441
2025-09-18,27329.35,27329.35,27418.0,27179.45,27388.7,51602081,0.07303316744701949,0.1581091818249234,0.05814132609061229,0.14296604551213088,0.18080417229813397,0.16481875107291816
2025-09-19,27219.55,27219.55,27367.8,27195.05,27319.45,68098207,0.0725859521229435,0.14234423656401352,0.06288641432456799,0.1390841218371892,0.18102822411037855,0.16464281464114938
2025-09-22,27154.3,27154.3,27386.05,27105.35,27256.05,46008502,0.07204459630982907,0.13323762504329828,0.058685180576940166,0.14680568604862143,0.18123666590167567,0.1647568692197813
2025-09-23,27321.95,27321.95,27725.75,27284.75,27355.4,98694047,0.07467726582597134,0.138037608375559,0.06659684207933814,0.1563036361540605,0.1814857994954875,0.16496731122765754
2025-09-24,27007.6,27007.6,27326.9,26990.75,27319.5,81548420,0.06663823098462496,0.13132447099283473,0.05268351664595694,0.1493575264023227,0.18754744493673528,0.1666012716291821
2025-09-25,26758.5,26758.5,26975.15,26718.35,26951.65,58357137,0.06254094943117527,0.12317411014103419,0.046625239700801124,0.14865982970521063,0.19037611061190396,0.1680128171226566
2025-09-26,26484.55,26484.55,26861.45,26463.7,26694.7,70280183,0.06104359426862471,0.10814712226227363,0.05171575981519805,0.13952607987177157,0.19160840815011565,0.1698449163220286
2025-09-29,26436.55,26436.55,26677.2,26393.05,26612.4,80690895,0.03026305533904905,0.10129577441319393,0.029863072026831805,0.1316201699894739,0.16844810750752232,0.16990306165723348
2025-09-30,26542.35,26542.35,26591.65,26328.05,26451.65,64048587,0.0374204366238744,0.10683516538506432,0.03613888604938964,0.14021564496658112,0.1678302950485869,0.16988230893688414
2025-10-01,26768.65,26768.65,26810.15,26538.75,26556.85,59111237,0.038532789922193444,0.11797368014400322,0.03362687242790341,0.14252073708228252,0.16834529816015215,0.17031178488382337
2025-10-03,26753.1,26753.1,26869.65,26488.3,26771.25,62805447,0.029169239291628957,0.12158689299833547,0.022702542692255134,0.14620242831031505,0.16670797549956812,0.16998130769474204
2025-10-06,26857.2,26857.2,26886.75,26559.75,26778.2,38266464,0.020387073243011367,0.12164848565844211,0.006780089263988653,0.1372886042346536,0.16190343402597301,0.1699839890826669
2025-10-07,26933.55,26933.55,27087.35,26825.5,26856.4,52568709,-0.009402630456210592,0.12613283103753226,-0.022931405978916408,0.13587240050539395,0.11202211718906756,0.1698733886339292
2025-10-08,26522.4,26522.4,27046.95,26487.5,26950.7,48029639,-0.024284006254023716,0.12891060620248762,-0.031423563126500964,0.13303386023225905,0.12387543782545876,0.16871635662045106
2025-10-09,26587.0,26587.0,26640.0,26365.65,26601.0,48175325,-0.00920289409498043,0.12886379076086962,-0.0175599332747165,0.1248968500536447,0.11644187139849646,0.1687159021250981
2025-10-10,26721.2,26721.2,26801.35,26468.05,26574.6,48331041,-0.0008693392460865645,0.11779629997594676,-0.012060861486193675,0.11424218280767473,0.1174864988534482,0.16670275712221044
2025-10-13,26698.15,26698.15,26824.6,26592.05,26662.05,64296064,-0.006271716049451648,0.11190634351124373,-0.010785119305603663,0.11129953733519171,0.11623926912616127,0.16670727118600287
2025-10-14,26640.55,26640.55,26760.35,26495.95,26749.9,101104527,-0.0044879328416911335,0.10990730132277893,-0.007531539483619065,0.10855131501735404,0.11566759552230578,0.1668461240140477
2025-10-15,26708.65,26708.65,26809.2,26618.45,26706.15,59415459,-0.016125526773347443,0.11778098169651008,-0.01947157212290629,0.10355698716467177,0.1028925937443731,0.16634259095845935
2025-10-16,27048.75,27048.75,27109.6,26756.75,26782.15,66139525,-0.009009091525262303,0.12445437538973181,-0.019078111027635902,0.1047418293905995,0.11152552294931872,0.16752622231813788
2025-10-17,27228.6,27228.6,27300.7,27033.55,27045.3,59536646,-0.003686512851567958,0.14042431997185445,-0.014945736737962179,0.11452943157459772,0.11421163509612697,0.1666261364269366
2025-10-20,27185.45,27185.45,27403.9,27165.05,27375.8,31522013,-0.001252776037811043,0.12899200146183043,-0.02163018254410176,0.10427937411808075,0.11344915744217028,0.1662782654835826
2025-10-21,27229.85,27229.85,27325.7,27156.05,27285.4,9290368,0.0027822481153998435,0.13046501683459755,-0.0236537790934348,0.09828495161379247,0.11324997117004272,0.166242994533525
2025-10-23,27218.75,27218.75,27480.75,27170.05,27479.2,74144885,-0.003777182814550195,0.14453221089458013,-0.032458737498791135,0.1020794029618588,0.11099964767737569,0.16344301042053308
2025-10-24,27108.7,27108.7,27309.6,27018.65,27262.05,34303944,0.0037433907492705476,0.14416494323217832,-0.025719551134643304,0.09901869725392198,0.10374362804695453,0.16349448299367356
2025-10-27,27263.65,27263.65,27279.65,27128.3,27179.7,47119741,0.018878113496646032,0.141294815255135,-0.02431853060143374,0.09516667468546625,0.09915702834519662,0.16318371233890025
2025-10-28,27148.35,27148.35,27412.65,27065.35,27277.35,59712222,0.025063669195814153,0.14329060296978824,-0.0269142514687144,0.0997924646229702,0.09214866538181592,0.16284821035159464
2025-10-29,26948.9,26948.9,27196.5,26890.15,27195.7,41194366,0.019380365441027836,0.1392065810359806,-0.03822084168786355,0.08730361610191784,0.09659673601552213,0.16357741039594098
2025-10-30,26829.55,26829.55,27036.55,26795.7,27010.4,43981190,0.01082044355529943,0.1460256845621386,-0.04065023512650412,0.09259676859429478,0.09771476062014056,0.16206752862793242
2025-10-31,26809.85,26809.85,27115.5,26774.4,26885.1,41593213,0.0015391138514642133,0.1270562270099842,-0.03412637578512956,0.08663395969041021,0.09313751427524702,0.15963953827984398
2025-11-03,26841.8,26841.8,26991.4,26710.3,26849.85,36488329,0.0033155036238792235,0.1242026612163527,-0.031596157075880704,0.07901730112564365,0.09318387844717528,0.15960655753511246
2025-11-04,26610.05,26610.05,26826.8,26583.6,26822.95,42498118,-0.009202374037502126,0.12047741259050437,-0.029937968955692562,0.07883002612779055,0.0971137689381311,0.16039826882678632
2025-11-06,26626.5,26626.5,26897.1,26555.6,26754.6,48732976,-0.011400279576958772,0.11837987911677117,-0.02738696226795745,0.0812379356168158,0.0964301032710741,0.16041450530472334
2025-11-07,26779.55,26779.55,26850.35,26285.35,26594.7,30862047,0.009695578077398626,0.1407859116110357,-0.008117554227037305,0.09444572108689786,0.08137160265062351,0.1570968498587536
2025-11-10,26859.85,26859.85,26954.05,26722.0,26772.3,44473787,0.010262534321284766,0.13219242320459457,-0.005326058072682827,0.0919525702578805,0.08157419358766002,0.15613950792942763
2025-11-11,27148.25,27148.25,27174.4,26735.8,26990.6,59339800,0.01598169243896219,0.13797649287828118,-0.00021739579603430315,0.08866342538797656,0.08793958596694744,0.15697646648623678
2025-11-12,27485.15,27485.15,27554.2,27137.8,27226.8,105955771,0.029477697892925203,0.13939181640491394,0.0037734054517555293,0.0883567081745753,0.09668483409998899,0.15729901764677304
2025-11-13,27382.8,27382.8,27526.6,27327.2,27443.25,132969382,0.0278616620152361,0.1353301159261655,-0.0013145480670848642,0.08466898274212764,0.09761962597306176,0.15769515540960258
2025-11-14,27239.8,27239.8,27444.5,27078.4,27321.35,286538843,0.01988681569454087,0.08407622019166472,-0.0032734435071131163,0.04254775327975979,0.10025175288866438,0.1360224083057378
2025-11-17,27472.65,27472.65,27519.05,27116.05,27258.2,70240368,0.015671703868016085,0.07919133273362222,-0.0010624530277967281,0.037847380035233025,0.09478723945712245,0.13467388389992221
2025-11-18,27368.25,27368.25,27502.1,27292.5,27483.15,50314480,0.005128798395804379,0.07456049942577825,-0.002658146098884373,0.04024987657738466,0.09347400852405983,0.13506767501320704
2025-11-19,27434.45,27434.45,27521.05,27270.55,27386.0,72772129,0.009159311322784802,0.08105408334154274,0.0010527145327896559,0.04242746688168331,0.09350758656356187,0.1347156660665293
2025-11-20,27554.0,27554.0,27625.0,27441.15,27564.85,50020696,0.011904215410661445,0.08782464680441149,-0.0006032564330304968,0.03466640449678349,0.09445300831983997,0.1346910238437668
2025-11-21,27537.85,27537.85,27720.1,27488.9,27552.8,45766481,0.011723536165327175,0.08316944232478729,0.004896945199471148,0.03909657269796862,0.09448019160233566,0.13466508432682853
2025-11-24,27442.2,27442.2,27594.75,27391.6,27547.9,106296348,0.012302323608288201,0.08380232461700698,0.005930986093825252,0.03332293584460744,0.09412929510494887,0.13457041963496394
2025-11-25,27378.7,27378.7,27520.95,27335.55,27444.95,56511953,0.004219904524889406,0.08716818551829575,0.007348990294785196,0.03068453109902647,0.09267163188235739,0.1340543008537888
2025-11-26,27696.4,27696.4,27742.4,27418.05,27458.35,54380625,0.020187230531505618,0.10959362361458047,0.009811710192910272,0.036786397127525294,0.09930792472727865,0.13390150448899668
2025-11-27,27603.65,27603.65,27832.6,27527.45,27782.9,151747470,0.02429598239631292,0.07574629773967279,0.018091522096650214,0.011157598446064121,0.09577520644590937,0.12291692335510031
2025-11-28,27774.6,27774.6,27830.15,27562.65,27627.95,71760495,0.035224221054769744,0.08558351687222365,0.022661368488487543,0.019538925618758585,0.0948924062590423,0.12302115496314844
2025-12-01,27993.0,27993.0,28075.65,27853.85,27929.3,62949916,0.044131168208699556,0.0860334155174789,0.02649456787224591,0.02693180849759136,0.096793935048396,0.12311107991973573
2025-12-02,27979.5,27979.5,28099.65,27908.15,27959.65,87111165,0.0423853839906414,0.07634781504798083,0.031950032475744905,0.02387418949540887,0.09719736776935793,0.1222703261193834
2025-12-03,27643.8,27643.8,28021.15,27581.2,28014.5,65016597,0.03884810438161512,0.050272410203414886,0.023676805319056138,-4.8918764694816375e-05,0.1027713980360858,0.12297969558285156
2025-12-04,27732.7,27732.7,27866.2,27581.1,27703.4,45473940,0.041545077272642006,0.01998955467612129,0.02100188008493009,-0.030896165932592812,0.10275263470046968,0.10396572791025714
2025-12-05,27939.1,27939.1,27957.0,27663.3,27706.2,33920747,0.04329983140119986,0.027834084429320338,0.01607010257222896,-0.025158429426513917,0.10372491936500385,0.10496513702088454
2025-12-08,27596.8,27596.8,27960.05,27503.8,27914.0,36196227,0.027436862082252933,0.02842853921990618,0.012335747966982336,-0.011112053951167766,0.11559054351683913,0.10465697482481065
2025-12-09,27399.25,27399.25,27546.85,27116.5,27472.2,48537996,0.00924553147992957,0.024483584444622952,0.00361402893664331,-0.008875092271499518,0.11385333257753245,0.1055468738347304
2025-12-10,27358.25,27358.25,27632.65,27313.15,27506.85,36443446,-0.004617038655419403,0.018297778100358597,-6.449234986272145e-05,-0.007345289511332176,0.10496111657959377,0.10525778496440992
2025-12-11,27661.0,27661.0,27683.95,27307.8,27357.7,56515584,0.010159662269745962,0.03364454899264402,0.009410008964588545,0.0005620577944527305,0.11128824850427628,0.10712246708620739
2025-12-12,27820.85,27820.85,27852.45,27683.95,27687.85,43689385,0.021330920197651926,0.024844914979518462,0.016047316600893646,-0.007162946706439799,0.11060823278014703,0.10381351991050519
2025-12-15,27568.1,27568.1,27771.8,27477.85,27706.05,40211527,0.0034743645043342486,0.010018446838482964,0.002941887538918442,-0.017500064871823984,0.11254071986261095,0.10508144479050732
2025-12-16,27542.2,27542.2,27605.3,27447.8,27500.3,38015691,0.006355905109022286,0.007788330128598142,0.008283773653037119,-0.00938075712523978,0.11165224228470202,0.10507986685819405
2025-12-17,27489.25,27489.25,27689.4,27438.3,27620.0,27557003,0.0019974885590925417,0.009908319571778401,0.010983123642855142,-0.009497808849769473,0.11163290072496766,0.10481287161818975
2025-12-18,27321.9,27321.9,27475.75,27013.75,27459.2,60594776,-0.008423459388836374,0.00617213480001344,0.005954879302659366,-0.01815897644077724,0.11252063305666496,0.10547334483673404
2025-12-19,27657.25,27657.25,27691.8,27280.4,27280.4,123286930,0.0043358504748918225,0.012272184086421278,0.008239080987041736,-0.019389167574318966,0.12110013588629777,0.10765952740430203
2025-12-22,27885.3,27885.3,27896.4,27661.9,27722.9,47862319,0.016146664626013996,0.032498259749107694,0.007945413037000248,-0.012020415051442024,0.12345573026112816,0.10603963788443657
2025-12-23,27892.05,27892.05,27962.6,27778.25,27962.6,36280183,0.018749977172035193,0.04236224003587652,0.00745571951691093,-0.009315416670768073,0.12293174652027607,0.10405862384347754
2025-12-24,27885.65,27885.65,27992.05,27814.4,27915.0,30646615,0.006833018009560821,0.05290254129294247,0.009244788528913972,-0.007426744310096822,0.11638562839953653,0.10153560198665128
2025-12-26,27739.85,27739.85,27959.25,27683.3,27881.0,31153027,0.004934130087868693,0.0492991710340418,0.011542802987616119,-0.007831175275805569,0.11736926233734987,0.10216223987416573
2025-12-29,27592.5,27592.5,27833.65,27561.65,27738.9,36860963,-0.006556350046445281,0.03956507242199736,0.0033986213270955634,-0.014516216960659412,0.1167629513868061,0.10270256568910582
2025-12-30,27889.65,27889.65,27991.8,27516.85,27595.05,97592066,-0.003691994427178158,0.04187734532746323,0.005358381994700845,-0.002515289382346797,0.11983880412806022,0.10352491692161336
2025-12-31,28189.6,28189.6,28226.75,27858.65,27901.95,36439406,0.0075090691399060105,0.053694712014682455,0.0037675339047713585,0.004070818570413248,0.12588880274174016,0.10549792568388851
2026-01-02,28803.65,28803.65,28867.05,28486.55,28548.25,63269662,0.04195696684247463,0.07247404792755763,0.028774838725411644,0.02259296372946884,0.13780887359384317,0.11355614651626376
2026-01-05,28894.15,28894.15,29179.1,28806.95,28869.65,53148211,0.041880163128725334,0.07279396886039913,0.03356208443280173,0.02731100249204954,0.13780092259016943,0.11357655407946317
2026-01-06,28922.35,28922.35,28997.3,28812.55,28923.45,52762984,0.035192615366994584,0.09048766325822699,0.03548856996302474,0.045269184152195496,0.13636492849878995,0.1082139971775375
2026-01-07,28692.4,28692.4,28938.65,28501.1,28919.95,35561998,0.03970025510204089,0.07918907736863878,0.032758984084010345,0.041108035147702005,0.13119891043782045,0.10989937420870552
2026-01-08,28414.95,28414.95,28662.0,28357.6,28639.25,39497438,0.03707035776526735,0.06338600062871436,0.03563074003872502,0.03999300788240512,0.13381856606977105,0.11188136925430163
2026-01-09,28087.65,28087.65,28516.0,28034.85,28380.0,52658838,0.026661062019683435,0.05204480460256611,0.029561101570502624,0.03397111953714971,0.14169478253259182,0.11477449798510346
2026-01-12,28011.75,28011.75,28165.55,27492.65,28055.45,42642499,0.012680308014894726,0.05147040883164955,0.016862039346688285,0.02582963811720762,0.13755704464147717,0.1148410156900198
2026-01-13,27915.1,27915.1,28159.55,27694.6,28154.35,34402723,0.0033877469595644527,0.04517075928584924,0.015467796521510757,0.02902965792408274,0.13688573690792885,0.11511739054934872
2026-01-14,27721.85,27721.85,27932.35,27635.7,27893.8,32671031,0.005577098167809824,0.0248846989232403,0.01947408944304685,0.02174622387416658,0.13513004486778177,0.11344704019448967
2026-01-16,27596.25,27596.25,27977.15,27516.25,27642.45,60250382,0.001962443087335064,0.013502346797117815,0.00837193115983692,0.0141052285811617,0.13616119948217964,0.11314118171943524
2026-01-19,27632.45,27632.45,27709.5,27418.15,27615.55,60352436,0.00520930909355477,0.016442619121625812,0.0142357948643691,0.02641239396449735,0.13600807227520537,0.11309904684068049
2026-01-20,26948.1,26948.1,27751.15,26850.05,27635.7,52867297,-0.013681332557399117,-0.010347100700150769,0.008903921818559146,0.014242541529437602,0.16197831300364912,0.12440832346906885
2026-01-21,26871.25,26871.25,27107.1,26602.95,26777.6,57826682,-0.028419311392130497,-0.012766934557979281,0.0027324993500719152,0.015578399396638964,0.15474460917522068,0.12452913056912913
2026-01-22,27110.2,27110.2,27453.35,26954.65,27153.85,50786798,-0.02779600721527109,5.5332789842266195e-05,0.005922718878958788,0.019642347881780986,0.15529101723576316,0.12563405594814944
2026-01-23,26804.55,26804.55,27230.85,26766.7,27171.05,61005069,-0.03898960456474154,-0.01683927133747687,0.004120511821500306,0.018491491833003137,0.15905255875673108,0.12717599511158367
2026-01-27,26554.0,26554.0,26728.8,26218.3,26619.05,66874540,-0.04775395230163193,-0.02189267487711033,-0.010775315038566546,0.007440799226334893,0.1610212553982679,0.12829407158631334
2026-01-28,26737.6,26737.6,26781.7,26236.7,26530.35,60190507,-0.036130332355798656,-0.007840765300253572,-0.009268236447834033,0.01945458702560754,0.16395989789066687,0.12829804960572816
2026-01-29,26555.4,26555.4,26775.35,26170.45,26763.0,55874026,-0.03758630062516988,-0.010218210890603707,-0.017418340952355837,0.007517003807596456,0.164473190643862,0.12873554166321657
2026-01-30,26750.35,26750.35,26812.15,26253.55,26287.3,55100211,-0.040850279584003446,-0.0022193335658349245,-0.01701733293988683,0.013387837887761433,0.16142781750092022,0.12963875228219357
2026-02-02,26749.15,26749.15,26784.7,26006.7,26177.7,54816266,-0.051098632119646825,-0.0034517059213613477,-0.011251132184116663,0.022746332337778452,0.15450053770882646,0.1296134879385294
2026-02-03,27500.3,27500.3,28095.85,27271.8,28088.1,103625198,-0.045249473591020606,0.033455405006755035,-0.022422543047315724,0.02838070523381897,0.16818572289399508,0.14027873195971333
2026-02-04,27825.4,27825.4,27932.4,27427.4,27565.6,63610369,-0.03698845614077595,0.04502657127298004,-0.018920061983982772,0.034587374049742436,0.17454995078095117,0.14214579446028722
2026-02-05,27664.5,27664.5,27882.95,27463.75,27880.25,48447309,-0.04349058772886705,0.033045738259231516,-0.023019806005832755,0.027141994956834337,0.1747341559777967,0.14237836640527782
2026-02-06,27519.55,27519.55,27643.45,27307.55,27602.55,61885489,-0.04087667814473528,0.024560822193720355,-0.02377499662259075,0.019894052121442574,0.1738072332769028,0.14277436035904467
2026-02-09,27791.45,27791.45,27819.75,27479.05,27673.95,50383139,-0.0219426745428023,0.02369213485215438,-0.021573664084839073,0.01698453013837531,0.1762595391133876,0.14252397917638196
2026-02-10,28173.2,28173.2,28279.85,27771.1,27866.25,86555299,0.003045822630230788,0.025033518099773833,-0.006760144738218177,0.022739884373160546,0.1790980971463183,0.14301706856936688
2026-02-11,28538.7,28538.7,28811.25,28296.2,28351.9,139194885,0.01881174864119517,0.04221262982602214,0.012468281269804926,0.0393261664907707,0.18427825029536485,0.14500315017138185
2026-02-12,28504.05,28504.05,28615.05,28360.1,28607.15,95259135,0.021097900419486226,0.04641186792854568,0.018187222585556384,0.050381430295225016,0.18374131374971225,0.14453477606724688
2026-02-13,28234.3,28234.3,28503.15,28161.25,28305.55,73940245,0.018485418541691834,0.027723936351243816,0.02606365567467328,0.04857275208553269,0.18543616298135232,0.14512168115254678
2026-02-16,28028.2,28028.2,28308.05,27928.3,28204.15,35021489,0.015652489015717697,0.024113708402985212,0.016103934938706432,0.032886396004758955,0.18678198878586053,0.14574109612543992
2026-02-17,28174.55,28174.55,28197.9,27866.6,27991.35,41324693,0.019618238701237134,0.026977030704096405,0.014150282607942044,0.03953813274528295,0.18744093282455235,0.146018343398423
2026-02-18,28327.6,28327.6,28376.8,28085.6,28202.65,33690017,0.05119099305702446,0.02807577847136522,0.027933305179287382,0.04230908026942748,0.16056010851436928,0.14615685027189254
2026-02-19,27734.0,27734.0,28496.85,27670.45,28348.8,43297227,0.03210680560078161,0.0071229235397825,0.02030715899937041,0.030668927842057214,0.18058314798989583,0.15273151702411122
2026-02-20,27846.8,27846.8,27933.85,27617.45,27734.7,42732079,0.027170585240979372,0.014743715882837405,0.0160456062956571,0.029699705019762268,0.17881542569946404,0.15275441861317166
2026-02-23,28077.0,28077.0,28159.3,27913.95,27974.05,39238452,0.04747141809879296,0.025505228517058942,0.02094904667299957,0.03214235826365708,0.1738358970930474,0.15352710913154408
2026-02-24,27950.0,27950.0,27991.95,27772.95,27932.5,43568541,0.052572117195149426,0.009156424661688867,0.04267157952215905,0.0389462140306992,0.17031529654296465,0.15208248882882192
2026-02-25,28466.5,28466.5,28574.25,27917.5,27969.15,46282725,0.06466174974567651,0.0312585473297915,0.05914735213689304,0.05922098791960717,0.17877903091832775,0.15636992888239917
2026-02-26,28693.4,28693.4,28719.6,28459.45,28556.85,43095267,0.08051093186319913,0.03308058441885753,0.07745610299838956,0.060039322215995394,0.17551355746177147,0.1566844146821237
2026-02-27,28158.85,28158.85,28687.0,28094.25,28623.2,65410787,0.05265351668295937,0.005924695459579077,0.05826158747929944,0.04401718982459246,0.19239538402969045,0.16084580011729666
2026-03-02,27540.1,27540.1,27951.85,27133.55,27196.4,67868660,0.029569163879973548,-0.015704354974177548,0.03844582275050956,0.029105535661563042,0.21153384731635735,0.16722308346052447
2026-03-04,26867.15,26867.15,27012.55,26607.2,26979.4,76549652,-0.023023385199434143,-0.028094907357165022,0.025448029427365015,0.02984013458849799,0.20711014412409112,0.1729603131253715
2026-03-05,27366.8,27366.8,27471.45,26909.8,27053.5,63384905,-0.01648134438318949,-0.013193810916355075,0.022706256849546413,0.035506418953525354,0.21387512308481021,0.17710638709809642
2026-03-06,27076.4,27076.4,27321.05,27042.4,27247.2,49711404,-0.021258291311970212,-0.030877873660926647,0.025240200513144573,0.03541595584983381,0.21606232638509618,0.1776526477716734
2026-03-09,25965.95,25965.95,26478.45,25733.5,26478.45,66608566,-0.05645441150018804,-0.05909561978200362,0.008372705191693086,0.015344249244032104,0.26008163347831603,0.19546713365868698
2026-03-10,26770.55,26770.55,26840.7,26200.4,26462.75,63168858,-0.036734319368007085,-0.02294588355520688,0.02534023512276906,0.03812501939410473,0.28288187875360443,0.20540267796325637
2026-03-11,25926.0,25926.0,26851.65,25875.2,26761.75,71703229,-0.07976374710717993,-0.05235166723017737,-1.4805994517419485e-05,0.021068256312993694,0.29585353291646727,0.21541181297677284
2026-03-12,25098.0,25098.0,25721.3,25046.0,25688.3,95147941,-0.12056260446341283,-0.09265753226564477,-0.03137740636802555,-0.005417114463550643,0.30485316841332155,0.223422353982743
2026-03-13,24195.1,24195.1,24918.25,24100.6,24784.2,90337705,-0.15116974605363098,-0.1303249181818672,-0.048248867780050886,-0.019146845653879474,0.32226004060881996,0.23408157121989853
2026-03-16,24599.1,24599.1,24718.75,23863.4,24085.95,64591763,-0.1287511997818257,-0.10769693957871596,-0.047784972969774686,-0.00709104033439778,0.3339243469686618,0.23679816900911937
2026-03-17,25117.1,25117.1,25195.45,24518.7,24703.9,61241311,-0.1038632520104752,-0.08805033730057887,-0.022034023856363993,7.574315441738477e-05,0.34810333548189054,0.24133791416108927
2026-03-18,25598.85,25598.85,25703.7,25250.8,25262.25,50907403,-0.09141938380559766,-0.06876870049201056,-0.015712122507353432,0.010273303735509387,0.35704781514549827,0.24497598345158
2026-03-19,24509.9,24509.9,25093.15,24380.55,25078.8,58784250,-0.13476962397096814,-0.10292109992350462,-0.025657688102255327,0.0060597393568406765,0.3799414395308169,0.25970502621689723
2026-03-20,24715.9,24715.9,24955.55,24611.3,24635.75,86715175,-0.10882310521381688,-0.10635005287944388,-0.01689973473754991,0.0034803567161294513,0.38003979420902145,0.25894011851068055
2026-03-23,23934.75,23934.75,24433.45,23865.65,24433.45,69298956,-0.14048472355890085,-0.14167141827414442,-0.020873847697337578,-0.0018390014771383356,0.3892246146142945,0.2653411180938217
2026-03-24,24515.25,24515.25,24728.3,24055.45,24458.45,70228556,-0.1268565017630089,-0.1210667555808913,-0.01793884884911323,0.003650792023878857,0.40150723592775583,0.27080321512072947
2026-03-25,25058.6,25058.6,25267.95,24814.5,24875.55,55758710,-0.10344901610017898,-0.1013801005176499,-0.020136123323645116,0.007090543883386924,0.4142523023365305,0.27524311279861075
2026-03-27,24351.95,24351.95,24847.7,24301.4,24834.25,84465569,-0.1445400734196336,-0.12213115788297335,-0.04004089199610761,0.001617553835896346,0.4120145626769011,0.28060986985378783
2026-03-30,23769.6,23769.6,24193.1,23708.2,23969.1,117711995,-0.17160043773132505,-0.13854851861919004,-0.047460101346976535,0.0006344801788393806,0.4115209648938997,0.28416116540702135
2026-04-01,24238.85,24238.85,24646.5,24132.4,24557.4,138713873,-0.13921023053143156,-0.13090160686849794,-0.03994954891322344,-0.005242633250333029,0.42229040461889683,0.28648196838307805
2026-04-02,24089.65,24089.65,24171.2,23560.1,23929.05,82961232,-0.125288216092171,-0.14544193603314692,-0.03871918015081166,-0.014689836840084736,0.41869616885742095,0.2852870462970148
2026-04-06,24350.4,24350.4,24379.75,23896.45,24151.95,71403605,-0.09367387311270459,-0.154607141803209,-0.031900216528892966,-0.02697760346784972,0.4173658253594157,0.2822247766718045
2026-04-07,24373.3,24373.3,24430.1,23839.1,24227.75,52183392,-0.10938436353537861,-0.15646246731604851,-0.0430734289803133,-0.037353341036691856,0.40892405082053307,0.28206326652069363
2026-04-08,26002.95,26002.95,26113.7,25295.95,25396.85,183928486,-0.039645226100958775,-0.10093923903140645,-0.021113885211420547,-0.017613876256595606,0.47862458858876,0.3141690191587481
2026-04-09,25901.9,25901.9,26133.65,25643.35,25971.5,87957494,-0.0024666919561964207,-0.09725571928454924,0.008060636047970582,-0.006759065951152166,0.4550878771190586,0.3139355414679925
2026-04-10,26640.9,26640.9,26678.55,26002.45,26018.3,93995962,-0.004843008455186704,-0.062433683677078466,0.00385386246005448,0.008140981615189613,0.45303221177316644,0.3193457390498511
2026-04-13,26084.55,26084.55,26231.4,25910.45,26041.6,94489235,0.006115482527192739,-0.071316041035829,0.007129408501758472,0.00035116429350934286,0.4444180763495411,0.3212739767760866
2026-04-15,26483.1,26483.1,26709.6,26304.1,26462.15,74647451,0.05518766435572542,-0.05457174221532046,0.030138101201381273,0.005875489538927803,0.4297614520742014,0.3230066426871829
2026-04-16,26382.75,26382.75,26729.4,26233.3,26649.0,55391400,0.09041706791871085,-0.05489322982901723,0.04525072989295387,0.004780827081155681,0.40500267782063154,0.3230187321047567
2026-04-17,26435.0,26435.0,26581.55,26190.3,26319.2,58535356,0.07463281176953629,-0.0464200621531391,0.03427405914361259,0.004700848641625344,0.40246120921140843,0.3228277711565982
2026-04-20,26522.3,26522.3,26630.15,26173.85,26447.1,44532798,0.05594594917406859,-0.038916519454636034,0.02271181064528971,0.012826374224794157,0.39727834639660764,0.3228386465844934
2026-04-21,26625.2,26625.2,26746.1,26493.9,26509.75,61794407,0.04009359795459577,-0.03645170804615583,0.006499287216030991,0.002980798280669883,0.3926602689649996,0.32294814313337056
2026-04-22,26450.25,26450.25,26718.6,26416.8,26521.3,103166524,0.07916596966939893,-0.018474400792634627,0.01934768331862391,0.01538670653422558,0.35618946250070915,0.3191682293077845
2026-04-23,25828.1,25828.1,26278.95,25746.7,26270.4,88107069,0.044999372873332444,-0.038820300507047545,-0.0007965898881376887,0.00031114016670774625,0.36881002917934613,0.32274846364595366
2026-04-24,25652.85,25652.85,26035.6,25559.8,25867.85,39980139,0.07178265910444015,-0.05375651968631745,0.010248419284241805,0.001283284756368186,0.34792803486119855,0.32237252778742526
2026-04-27,26053.15,26053.15,26126.25,25776.0,25779.9,48674070,0.06273238086497179,-0.028032554174571067,0.011218841995079387,0.01013122538908895,0.3425626152088635,0.3233554952410297
2026-04-28,25790.35,25790.35,26219.25,25762.05,26076.45,54409055,0.029201551563136086,-0.028758379151916924,-0.00037180787616875044,0.01810090227243355,0.33800025881064394,0.32344709943946176
2026-04-29,26085.75,26085.75,26484.8,25935.45,25936.85,59724655,0.07119758376639229,-0.02437952546227029,0.01168511183449783,0.021594159689301673,0.3201941522100007,0.32401617246033454
2026-04-30,25917.6,25917.6,26034.0,25441.55,25855.45,67197158,0.0903675282714056,-0.024017713911295036,0.015757321948452807,0.03189932370765802,0.3057482528577664,0.32398565217194697
2026-05-04,26027.7,26027.7,26496.65,25810.1,26133.5,65470409,0.07380094352661137,-0.02701459980897436,0.010311593463361302,0.02043084850462029,0.30042109842106485,0.3237338792475087
2026-05-05,26192.1,26192.1,26253.2,25805.8,26033.15,48701585,0.08727607084370237,-0.020824960793146774,0.0291729851983471,0.021250244996755097,0.2983154984793917,0.32402903077485606
2026-05-06,26823.0,26823.0,26871.9,26278.95,26502.15,81310618,0.10154247979499309,-0.024628822231030134,0.04221278690371921,0.029655457464875856,0.30562952413408895,0.32268553861781163
2026-05-07,27339.95,27339.95,27533.2,26878.15,26983.15,106777360,0.12171720694366384,-0.01744629008028642,0.06969254908567568,0.038782357086651786,0.3093288510863669,0.32421392347958
2026-05-08,27259.85,27259.85,27392.15,27082.6,27244.8,50498913,0.0483368233219692,-0.014627049106255341,0.040885967950001545,0.04256835646338175,0.21797195694499413,0.32405923334560766
2026-05-11,26753.4,26753.4,26978.0,26600.7,26874.2,46273679,0.03287403626760965,-0.027840208142938305,0.03116005816995604,0.045245788287059496,0.22969350617947362,0.3261247362915597
2026-05-12,26142.6,26142.6,26794.1,26091.45,26700.0,54809861,-0.018704323052149197,-0.059329398070269934,0.009197219488329633,0.036844146322241755,0.22314783688260972,0.328653574032087
2026-05-13,25888.95,25888.95,26296.8,25842.15,26140.5,60757263,-0.0074986917543142795,-0.08107882668635435,0.010538345831871965,0.016184954061254087,0.21294891668172475,0.3276912694220991
2026-05-14,26049.7,26049.7,26117.1,25603.15,26092.7,71897848,-0.016365153626274775,-0.08721490467330328,0.005990277341515582,2.6488571963523277e-05,0.20654971817109954,0.3267288155337683
2026-05-15,26070.7,26070.7,26357.9,25967.15,26131.35,107203572,-0.01182780415233431,-0.08536857043121937,0.011036836760184965,-0.0015276545530645835,0.20631750814772046,0.3267631423582647
2026-05-18,25624.3,25624.3,25921.1,25486.4,25909.3,61887041,-0.0306676754303008,-0.09244075468490454,-0.0017765470351056578,-0.020942059357487275,0.21429351015112252,0.32796204827738196
2026-05-19,25698.8,25698.8,25962.15,25520.9,25680.45,74496520,-0.031049343382738348,-0.08310915435168875,-0.00039659479825171484,-0.0027147261849230775,0.21417971609625736,0.32787140969886186
2026-05-20,25914.35,25914.35,26007.35,25325.6,25538.9,101437217,-0.026698390998001975,-0.08022133450223701,0.010637921753131052,0.00010396109075405668,0.21627183759980928,0.32820715869465433
2026-05-21,25986.25,25986.25,26235.2,25901.0,26147.7,108477610,-0.017542367274411386,-0.08265260735113455,0.012131823996297975,0.0011856931240646906,0.21581661861874962,0.3280173171505831
2026-05-22,26017.1,26017.1,26215.2,25980.6,26045.85,70555777,0.007317611438704352,-0.061905963798947194,0.02608851479327612,0.006257193176235187,0.19812507290784107,0.32546103103333335
2026-05-25,26463.05,26463.05,26655.6,26319.6,26400.45,67646928,0.0315832353909995,-0.04969152649496533,0.0259865208455079,0.010514790413672315,0.2046064097001941,0.3274049590776671
2026-05-26,26480.5,26480.5,26605.9,26362.05,26457.7,73766707,0.016403006930064024,-0.05686148805071767,0.023832643533865272,0.013114818924353289,0.19787697320880904,0.3268751055607923
2026-05-27,26864.2,26864.2,26976.55,26473.75,26509.25,121406313,0.0416376668017302,-0.03884794275491943,0.04532786258714028,0.02083822703247551,0.19901975542463746,0.3282920985844215
2026-05-29,26338.45,26338.45,27033.6,26210.2,26915.4,233774351,0.009687281370096779,-0.07475629248414806,0.03574028405844931,0.0011683616902853355,0.21002785363222665,0.3281678830287407
2026-06-01,25891.9,25891.9,26548.1,25830.2,26439.2,97732419,-0.000991604160878956,-0.09763569322561982,0.024633976444433436,-0.014724432404035093,0.21793607847530666,0.32916898668210537
2026-06-02,26079.45,26079.45,26135.3,25581.15,25595.05,99169108,0.001988266347007217,-0.07384534524669861,0.028346824821232297,-0.0065224513235933035,0.21896743333118557,0.32771430119839545
2026-06-03,26092.8,26092.8,26215.3,25881.6,26069.2,91106542,-0.003791219489846176,-0.052552459867611256,0.02230649494568193,0.006166967104062615,0.217755440145621,0.3248087568774492
2026-06-04,26144.35,26144.35,26447.35,25897.35,25981.25,68438705,-0.0253010476083958,-0.026902741824123666,0.012280652525002322,0.016558348380324772,0.19881946080684892,0.3210262959999039
2026-06-05,26165.95,26165.95,26349.9,25997.75,26279.95,55805659,-0.04294082469060845,-0.043879810573395406,-0.0034799389352500043,0.012617274119905764,0.18401948218972797,0.3186223869910269
2026-06-08,25681.8,25681.8,25926.15,25615.0,25798.6,58949928,-0.0578891666681951,-0.05150610864073524,-0.014327624668796002,0.002785295450607017,0.19311793644546402,0.3201065799212883
2026-06-09,26025.65,26025.65,26115.45,25807.95,25937.2,63136764,-0.02720215000710191,0.002299164867836545,-0.0031110506169652608,0.03500889979516186,0.19191135906017454,0.30972944908409544
2026-06-10,25833.55,25833.55,26087.15,25759.3,26015.0,51351063,-0.011821700978479566,-0.03500114865028925,-0.0047812935711649684,0.00813905675564619,0.17576694041250418,0.3034785767063998
2026-06-11,25790.35,25790.35,25957.5,25516.6,25678.35,52622204,-0.0038085747007894355,-0.005232199336573373,0.006912148507559168,0.024317155167381532,0.17249489008553182,0.2963284949498572
2026-06-12,26293.85,26293.85,26322.0,25877.5,26089.65,102356040,0.009372468780830312,0.047647222886285645,0.012188017369655135,0.0483346418388062,0.18481450226773227,0.29112740504053086
2026-06-15,26977.5,26977.5,27127.45,26650.4,26692.0,106050528,0.034782341862704014,0.114998491430083,0.025883473648395716,0.08464136830814706,0.2053502046727875,0.2848623984769997
2026-06-16,26891.55,26891.55,27133.55,26850.95,27133.55,58206713,0.049455009502698655,0.0931924338695318,0.035112434441012086,0.06840049280436422,0.19384939101417115,0.2833674974680348
2026-06-17,26724.4,26724.4,26986.2,26548.7,26972.15,105281688,0.039908478216881704,0.06399226025297522,0.020105818434088985,0.04259598315168556,0.19624245605809934,0.2808907882983536
2026-06-18,26746.4,26746.4,26843.35,26654.25,26784.1,57787719,0.03210769322788343,0.044828185641151874,0.010593681646666964,0.028417953999473333,0.19480241864238781,0.2783843755068756
2026-06-19,26583.35,26583.35,26692.3,26462.05,26668.0,61044674,0.02297753619702725,0.08459642838200065,0.007826196190094725,0.04064622365844439,0.19662697841381985,0.26316131616280725
2026-06-22,26703.45,26703.45,26802.1,26609.9,26710.3,62470479,0.02638072652217205,0.080415845670196,0.010208259512594964,0.0376547913266021,0.19699139645541458,0.2628403594973719
2026-06-23,26496.5,26496.5,26732.65,26437.55,26718.65,63519697,0.0012640266333623362,0.10703057270286931,0.009902600522179394,0.048776693395254256,0.19033135777233498,0.25422069546420606
2026-06-24,26384.35,26384.35,26558.45,26241.6,26438.15,59712073,-0.0036309737353902305,0.07624233895228483,-0.008145171680573049,0.02782968985883283,0.19092188840057253,0.2502076519030689
2026-06-25,26977.75,26977.75,27258.2,26549.85,26559.25,173847995,0.004226814868858897,0.07658648128786139,-0.001999339521894905,0.04442582162602893,0.20065965329525967,0.2503214417599069
2026-06-29,26417.6,26417.6,26978.4,26334.75,26858.2,179799336,0.0030051122978003164,0.08482482922312173,-0.013917948291852555,0.035452780198995226,0.20230667186333906,0.24690492360165422
2026-06-30,26479.8,26479.8,26664.3,26067.7,26537.0,84746241,0.02270594278519522,0.11401958804523438,0.002043125190213768,0.04531142006042943,0.19181994258214916,0.2410919407159584
2026-07-01,26783.2,26783.2,26965.45,26585.15,26585.15,86073259,0.02698484822340963,0.10496991400169575,0.004743798179903447,0.04648295244611966,0.1941379778017475,0.23909832514369198
2026-07-02,27108.2,27108.2,27141.4,26777.1,26965.55,84714311,0.03891494971792997,0.12530485083843068,0.0060125835223405755,0.06091031048378426,0.19778582381356372,0.23946546992940607
2026-07-03,26988.1,26988.1,27308.8,26949.35,27303.25,54899381,0.032272747266617774,0.10832265589066292,-0.004209945513612201,0.05160960159288219,0.1990641697364054,0.2391066361792168
2026-07-06,27353.95,27353.95,27388.5,26936.15,27047.5,49736995,0.04540251739378842,0.12229160597867339,-0.00011740737896248632,0.06578239585500834,0.2034300100144965,0.24030818969302137
2026-07-07,27343.5,27343.5,27452.8,27244.6,27414.25,70284809,0.06470340863958146,0.05155376601500983,0.009533265546124658,0.03482901866131849,0.1883085412493702,0.20155579440785565
2026-07-08,26733.4,26733.4,27367.15,26620.85,27168.0,75044334,0.027194325598015823,0.03210189213918668,-0.00033981213611844474,0.027603438983060835,0.20493100896252658,0.20698700399828635
2026-07-09,26676.35,26676.35,26946.2,26613.9,26775.95,53511313,0.03262424250635321,0.001330660750950452,0.0004100190138467408,0.004981248659402304,0.2027886194063001,0.1988817972526387
2026-07-10,26860.75,26860.75,26976.45,26774.15,26847.45,55308516,0.041503895837008864,0.029757078423817918,-0.0036268722826031663,0.014479833904759598,0.2032295992109624,0.19440472425685706
2026-07-13,26981.5,26981.5,27033.85,26490.0,26631.6,51418619,0.026152503342036226,0.018819549070916874,0.0012571856778091917,0.019657340712119553,0.1930430425839907,0.1921808849645104
2026-07-14,26547.5,26547.5,26817.0,26504.6,26753.75,55346719,-0.015939208599759058,0.006244610588358013,-0.024246042592529382,0.012224720262177802,0.17968177471136845,0.19497960733005013
2026-07-15,26645.1,26645.1,26844.35,26573.2,26603.7,43940138,-0.009164588876431456,0.007947796481936775,-0.01288917302885395,0.019241869519605048,0.18012241563791448,0.19507983937196988
2026-07-16,26767.55,26767.55,26910.2,26668.65,26754.45,63027469,0.0016146293275058898,0.009246935597591488,0.0021522603355323966,0.021235501669536694,0.17961563128556615,0.19518692982024122
2026-07-17,27099.75,27099.75,27120.75,26765.75,26777.15,56411748,0.013211123740017205,0.01782334029415744,0.006330091745230693,0.027682264310341265,0.1848189245860325,0.19664051181896722
2026-07-20,27028.35,27028.35,27103.1,26806.05,27103.1,39714851,0.016739801417052336,0.021856126123571462,0.0073532418186821324,0.027582561391778948,0.18353716786085691,0.196215513265208
2026-07-21,27280.6,27280.6,27328.5,26912.25,27031.8,47369346,0.021613312137570118,0.05623719901967239,0.018095111972830535,0.05563121686075667,0.18558148276646044,0.19044526354537405
2026-07-22,27329.65,27329.65,27549.35,27280.05,27348.7,49504490,0.03144377559300282,0.06536505690400873,0.024217882759795417,0.06125170055069984,0.18261448412136727,0.18977064245370903
2026-07-23,27520.8,27520.8,27760.65,27230.45,27262.45,49886609,0.043072882219952424,0.05633291943584551,0.04940262138347551,0.06559296984984697,0.182236159496941,0.1877976150075337
2026-07-24,27217.95,27217.95,27353.2,27032.0,27350.75,51973704,0.008903633549869783,0.05535403745974765,0.020898594526341352,0.06486615869110768,0.17146492711092254,0.18804010305654956
2026-07-27,27653.4,27653.4,27675.55,27365.25,27443.65,43186468,0.046779419780752285,0.06009602944136172,0.04470397085868716,0.06761128294777585,0.15990139952841434,0.18932846464393827
2026-07-28,27843.9,27843.9,27916.85,27559.2,27604.3,56462547,0.051514739537307674,0.07432401148254475,0.04650339024491168,0.07483244553009483,0.1607265394026464,0.1890622165398877
2026-07-29,27825.95,27825.95,28135.5,27731.0,27935.2,49549435,0.03893298784312549,0.0690898542706424,0.02875423502449692,0.06366273021397162,0.15755304977211054,0.18899126379488165
2026-07-30,28279.1,28279.1,28326.0,27720.25,27841.25,83382693,0.043193572424579996,0.0796805143535646,0.03734260734617201,0.06784878437905228,0.16166654047044454,0.19121259414997466
2026-07-31,28744.15,28744.15,28871.65,28168.0,28550.95,102686491,0.06506756681648596,0.07162323379189517,0.060422076369524014,0.06945930709295545,0.16719420398914933,0.18803363079412277
2026-08-03,29168.95,29168.95,29169.2,28813.75,29058.85,92007460,0.0663523915193236,0.06689843982889498,0.052273543800213984,0.04849679457823952,0.16823206622862197,0.1864446706884789
2026-08-04,29041.3,29041.3,29107.2,28893.15,29082.45,67962477,0.06209153912264331,0.06535068975067726,0.0532303629617088,0.04720263917558909,0.16995803467235907,0.1866018173758672
2026-08-05,29411.55,29411.55,29489.2,29113.1,29231.3,78112600,0.10017992473834214,0.09935746484558972,0.06908545901691343,0.0653968548100099,0.14360580791419808,0.18343967760272584
2026-08-06,29113.4,29113.4,29383.95,29050.75,29375.4,74204786,0.09135620127941046,0.113638276223482,0.06326268980320804,0.05989690067243192,0.15137925810627897,0.17784645880402625
2026-08-07,29647.9,29647.9,29647.9,29011.3,29012.45,151552676,0.10376292545815002,0.14519515082689716,0.0887362184394822,0.0957324341456498,0.15899890938664785,0.17931320597958447
2026-08-10,29620.05,29620.05,29865.5,29576.1,29696.15,66354374,0.0977910790726979,0.13705915999032614,0.08239308719916938,0.09931258821960176,0.16036330454234007,0.17924102413709658
2026-08-11,29458.55,29458.55,29713.0,29422.3,29618.65,54076064,0.10965439306902725,0.12994856294614254,0.09220688136548705,0.09491994117906066,0.1456658532860681,0.17990041497398634
2026-08-12,29363.05,29363.05,29603.4,29306.1,29476.25,62967604,0.10200562204683039,0.14590642476087146,0.08716046064765681,0.11267168109483228,0.14866934552076316,0.17571917220634534
2026-08-13,29392.15,29392.15,29508.35,29277.0,29399.25,59680089,0.09805155869700455,0.1437168272448519,0.08462975980094978,0.11078221765153318,0.14930258794830858,0.17573345009236718
2026-08-14,29207.9,29207.9,29317.5,29120.6,29277.95,88506545,0.07779223055563245,0.12709367589771703,0.07648957472693385,0.09721075607862062,0.15125583994180736,0.17611875514503372
2026-08-17,29178.1,29178.1,29384.5,29166.75,29199.25,64890259,0.07953685667086607,0.12282841887536677,0.07750907481039615,0.09607047255689105,0.15045729445819625,0.17621872213959616
2026-08-18,29264.55,29264.55,29390.25,29178.65,29182.7,49756077,0.07272384038474233,0.12481983003486175,0.0740798531178416,0.1064550555673387,0.14908050111275079,0.17622417002064888
2026-08-19,29185.4,29185.4,29317.0,29076.7,29224.1,40615744,0.06790244295115389,0.10287362945692213,0.06448312613081741,0.10093445894401731,0.15061689051504903,0.17365168629061797
2026-08-20,29301.75,29301.75,29381.85,29165.2,29316.25,36026137,0.06471287171884543,0.10654066199656342,0.04953666407698276,0.09323655593941482,0.15001929526368182,0.17370550556855013
2026-08-21,29124.6,29124.6,29364.05,29087.1,29331.1,34073470,0.07005119783084313,0.0841417202075625,0.04966403819960519,0.06971718178535768,0.14469622691018677,0.17237085393310045
2026-08-24,29101.3,29101.3,29229.05,28983.35,29143.9,31192929,0.05235884195071838,0.10489797235600418,0.043061374262894025,0.07638990762582831,0.13753935847322749,0.16673993171302984
2026-08-25,29216.9,29216.9,29217.7,28894.95,29048.3,34732649,0.049310620997776944,0.1284185401612088,0.03475168491545655,0.08770659248310175,0.13671571430958274,0.1621410028560116
2026-08-26,29000.15,29000.15,29276.0,28999.45,29246.2,39810005,0.0421980201933807,0.11199239247760207,0.04394848906034077,0.08115381846909986,0.14079988044530828,0.16291397467088964
2026-08-27,28883.5,28883.5,29132.45,28827.6,29057.9,44637248,0.02137267451934477,0.10695287588913427,0.030678895750646862,0.07767569387130946,0.131967231959024,0.16332914625963701
2026-08-28,28851.8,28851.8,29026.05,28674.05,28959.85,40585116,0.0037451098745309164,0.10355774765867198,0.01227335107276839,0.07114052206185928,0.11912135229332683,0.16342793305939912
2026-08-31,28841.5,28841.5,28933.3,28671.5,28772.55,57452110,-0.011225978309126639,0.10225311903447043,0.016782900599381922,0.07170960216058053,0.10612154223762685,0.16347114895107093
2026-09-01,28491.05,28491.05,29090.3,28244.0,29090.3,52877467,-0.01894715456952689,0.10938680310570126,0.0037667138801680267,0.06904598308883503,0.11327316042510038,0.16055834236562352
2026-09-02,27981.95,27981.95,28225.55,27541.65,28183.2,59753123,-0.048606754829310206,0.07516815141984923,-0.019765688637142675,0.04624005883462523,0.11666243040018348,0.16372278295583176
2026-09-03,27837.4,27837.4,28080.3,27780.5,28046.1,32924690,-0.043828615002026505,0.07756773652866156,-0.012875912402172673,0.04920239341310784,0.11359327854559881,0.16328481923475038
2026-09-04,27710.9,27710.9,27884.7,27673.7,27873.95,33840458,-0.06533346375291338,0.07446777573782448,-0.037945048665139924,0.04268674067161715,0.08422271619322104,0.16361119455213374
2026-09-07,27698.75,27698.75,27785.55,27552.05,27649.7,40802002,-0.06486484661572145,0.053430745212283526,-0.0321339276750382,0.04681640076616245,0.08443372694158413,0.15920777565733754
2026-09-08,27775.35,27775.35,27775.8,27457.15,27675.9,34773721,-0.05713791072540908,0.029574645537948197,-0.022951498008551008,0.03874718242570985,0.08672254274436339,0.1506586033500916
2026-09-09,27653.35,27653.35,27752.0,27496.4,27619.3,27579419,-0.05822624012151334,0.02832860136362525,-0.017120850281397204,0.05157454303077702,0.08687324922732745,0.15080520446513992
2026-09-10,27540.95,27540.95,27670.1,27384.8,27638.4,39715864,-0.06298280323147509,0.030554474562572098,-0.025351450242145024,0.05579345276199965,0.08563926045643026,0.15045956526938617
2026-09-11,27304.5,27304.5,27405.5,27094.95,27326.85,46059826,-0.06516730062757004,0.020866359584841288,-0.02544389955127524,0.052722549200241775,0.08712450201756262,0.151614182826027
2026-09-15,26756.6,26756.6,27501.75,26752.4,27497.8,59000077,-0.08299032493548242,0.006517237293268252,-0.03485677712629409,0.043767738667558787,0.1051680306438804,0.15687411892419145
2026-09-16,26893.65,26893.65,27055.7,26702.0,26769.3,41640945,-0.08101610993505792,0.007122675159951353,-0.04221235723509709,0.04385272701687826,0.1073986854506369,0.15695097029273677
2026-09-17,27159.15,27159.15,27324.75,26858.4,26860.75,37132182,-0.06942683670602423,0.02500896344800263,-0.03588206213023837,0.04824174072291765,0.11839480809595773,0.1573131338207912
2026-09-18,27129.0,27129.0,27340.85,27126.45,27197.1,73968170,-0.07415086129668025,0.02822317017474374,-0.03761014182937916,0.05633322876853342,0.1154160338305978,0.1570482055384187
