Date,Adj Close,Close,High,Low,Open,Volume,Return_20D,Return_60D,NIFTY50_Momentum_20D,NIFTY50_Momentum_60D,Volatility_20D,NIFTY50_Market_Trend_200D
2019-01-02,10792.5,10792.5,10895.349609375,10735.0498046875,10868.849609375,309700,,,,,,
2019-01-03,10672.25,10672.25,10814.0498046875,10661.25,10796.7998046875,286200,,,,,,
2019-01-04,10727.349609375,10727.349609375,10741.0498046875,10628.650390625,10699.7001953125,296600,,,,,,
2019-01-07,10771.7998046875,10771.7998046875,10835.9501953125,10750.150390625,10804.849609375,269400,,,,,,
2019-01-08,10802.150390625,10802.150390625,10818.4501953125,10733.25,10786.25,277700,,,,,,
2019-01-09,10855.150390625,10855.150390625,10870.400390625,10749.400390625,10862.400390625,333000,,,,,,
2019-01-10,10821.599609375,10821.599609375,10859.349609375,10801.7998046875,10859.349609375,254400,,,,,,
2019-01-11,10794.9501953125,10794.9501953125,10850.150390625,10739.400390625,10834.75,260800,,,,,,
2019-01-14,10737.599609375,10737.599609375,10808.0,10692.349609375,10807.0,298800,,,,,,
2019-01-15,10886.7998046875,10886.7998046875,10896.9501953125,10777.5498046875,10777.5498046875,310700,,,,,,
2019-01-16,10890.2998046875,10890.2998046875,10928.150390625,10876.900390625,10899.650390625,276500,,,,,,
2019-01-17,10905.2001953125,10905.2001953125,10930.650390625,10844.650390625,10920.849609375,271700,,,,,,
2019-01-18,10906.9501953125,10906.9501953125,10928.2001953125,10852.2001953125,10914.849609375,323800,,,,,,
2019-01-21,10961.849609375,10961.849609375,10987.4501953125,10885.75,10919.349609375,288800,,,,,,
2019-01-22,10922.75,10922.75,10949.7998046875,10864.150390625,10949.7998046875,300800,,,,,,
2019-01-23,10831.5,10831.5,10944.7998046875,10811.9501953125,10931.0498046875,298900,,,,,,
2019-01-24,10849.7998046875,10849.7998046875,10866.599609375,10798.650390625,10844.0498046875,361100,,,,,,
2019-01-25,10780.5498046875,10780.5498046875,10931.7001953125,10756.4501953125,10859.75,463400,,,,,,
2019-01-28,10661.5498046875,10661.5498046875,10804.4501953125,10630.9501953125,10792.4501953125,419700,,,,,,
2019-01-29,10652.2001953125,10652.2001953125,10690.349609375,10583.650390625,10653.7001953125,356900,,,0.9852894074171235,,,
2019-01-30,10651.7998046875,10651.7998046875,10710.2001953125,10612.849609375,10702.25,410100,-0.013036849229789205,,0.98589390631542,,0.0967024132663347,
2019-01-31,10830.9501953125,10830.9501953125,10838.0498046875,10678.5498046875,10690.5498046875,604800,0.014870359606690142,,1.0017397345953887,,0.1065157970822599,
2019-02-01,10893.650390625,10893.650390625,10983.4501953125,10813.4501953125,10851.349609375,482300,0.015502504095202152,,1.0067645408893036,,0.10688016202134039,
2019-02-04,10912.25,10912.25,10927.900390625,10814.150390625,10876.75,318300,0.013038693427200654,,1.0078293868393708,,0.10621126495826902,
2019-02-05,10934.349609375,10934.349609375,10956.7001953125,10886.7001953125,10908.650390625,268100,0.012238231645500308,,1.0092543242478884,,0.10603438280885297,
2019-02-06,11062.4501953125,11062.4501953125,11072.599609375,10962.7001953125,10965.099609375,298500,0.01909690766389871,,1.0201022370732054,,0.11218584086833432,
2019-02-07,11069.400390625,11069.400390625,11118.099609375,11043.599609375,11070.4501953125,263500,0.022898720170290154,,1.019578243908267,,0.11118084931497191,
2019-02-08,10943.599609375,10943.599609375,11041.2001953125,10925.4501953125,11023.5,352800,0.01377027326416469,,1.0073014221896666,,0.11928597716054098,
2019-02-11,10888.7998046875,10888.7998046875,10930.900390625,10857.099609375,10930.900390625,286000,0.014081377664751704,,1.001560439779573,,0.11908572044580927,
2019-02-12,10831.400390625,10831.400390625,10910.900390625,10823.7998046875,10879.7001953125,292300,-0.0050886775780194515,,0.9965346973595965,,0.11017568846662164,
2019-02-14,10746.0498046875,10746.0498046875,10792.7001953125,10718.75,10786.099609375,627000,-0.013245732678352051,,0.9893385879019265,,0.11343169478736315,
2019-02-15,10724.400390625,10724.400390625,10785.75,10620.400390625,10780.25,521900,-0.016579228390985024,,0.9881678496357511,,0.11326276607191614,
2019-02-18,10640.9501953125,10640.9501953125,10759.900390625,10628.400390625,10738.650390625,345400,-0.02438811906506355,,0.9816816203969043,,0.1158385058884672,
2019-02-19,10604.349609375,10604.349609375,10722.849609375,10585.650390625,10636.7001953125,291500,-0.032613109351021574,,0.9799209786296205,,0.11365248071017443,
2019-02-20,10735.4501953125,10735.4501953125,10752.7001953125,10646.400390625,10655.4501953125,289200,-0.017147678440639913,,0.9928948965738942,,0.12361465416711673,
2019-02-21,10789.849609375,10789.849609375,10808.849609375,10721.5,10744.099609375,279600,-0.0038453021857545178,,0.9981184067183139,,0.12196118103812387,
2019-02-22,10791.650390625,10791.650390625,10801.5498046875,10758.400390625,10782.7001953125,396800,-0.005359491890106316,,0.9985535560046663,,0.12176944100199068,
2019-02-25,10880.099609375,10880.099609375,10887.099609375,10788.0498046875,10813.25,385900,0.009234204793916456,,1.0062743218853507,,0.12300753290603604,
2019-02-26,10835.2998046875,10835.2998046875,10888.75,10729.2998046875,10775.2998046875,415000,0.016296880208129583,,1.0013263436412498,,0.11664174975926606,
2019-02-27,10806.650390625,10806.650390625,10939.7001953125,10751.2001953125,10881.2001953125,381100,0.014499370316046534,,0.9979665435490661,,0.11714920709021268,
2019-02-28,10792.5,10792.5,10865.7001953125,10784.849609375,10865.7001953125,644200,0.013209053670965698,,0.9960127163687034,,0.11734527336713266,
2019-03-01,10863.5,10863.5,10877.900390625,10823.099609375,10842.650390625,308500,0.0030052584584487896,,1.002414568384018,,0.10372446775882824,
2019-03-05,10987.4501953125,10987.4501953125,10994.900390625,10817.0,10864.849609375,373200,0.008610502570215006,,1.013413335511514,,0.10945872850918743,
2019-03-06,11053.0,11053.0,11062.2998046875,10998.849609375,11024.849609375,372600,0.012898348186670905,,1.0187979410244576,,0.11113819459848095,
2019-03-07,11058.2001953125,11058.2001953125,11089.0498046875,11027.099609375,11077.9501953125,321200,0.011326744649842846,,1.0186958023795112,,0.11101864424510988,
2019-03-08,11035.400390625,11035.400390625,11049.0,11008.9501953125,11038.849609375,326600,-0.0024451910932862253,,1.0167221313058314,,0.10325940241968135,
2019-03-11,11168.0498046875,11168.0498046875,11180.900390625,11059.849609375,11068.75,352200,0.00891190223329974,,1.0284761077767868,,0.11181519478162964,
2019-03-12,11301.2001953125,11301.2001953125,11320.400390625,11227.0,11231.349609375,391300,0.03267668762581155,,1.0390272009652504,,0.10954248423481194,
2019-03-13,11341.7001953125,11341.7001953125,11352.2998046875,11276.599609375,11326.2001953125,383000,0.041593233299232146,,1.0405842843652764,,0.10686148049093065,
2019-03-14,11343.25,11343.25,11383.4501953125,11313.75,11382.5,294500,0.04725608794020997,,1.038288500112341,,0.10361740082412724,
2019-03-15,11426.849609375,11426.849609375,11487.0,11370.7998046875,11376.849609375,463700,0.0633534942663796,,1.04269185104146,,0.09763777994402834,
2019-03-18,11462.2001953125,11462.2001953125,11530.150390625,11412.5,11473.849609375,320300,0.06879636882379603,,1.0424086262102883,,0.09577313723815231,
2019-03-19,11532.400390625,11532.400390625,11543.849609375,11451.25,11500.2998046875,326100,0.08377543160621093,,1.0445586673029865,,0.08660827705754598,
2019-03-20,11521.0498046875,11521.0498046875,11556.099609375,11503.099609375,11553.349609375,366300,0.08644567833769567,,1.0392162167853325,,0.08420099459095047,
2019-03-22,11456.900390625,11456.900390625,11572.7998046875,11434.5498046875,11549.2001953125,386200,0.06720260279606283,,1.0300781785762065,,0.08517230032908095,
2019-03-25,11354.25,11354.25,11395.650390625,11311.599609375,11395.650390625,294500,0.05230845758356151,,1.0182654104493232,,0.09524300510020789,
2019-03-26,11483.25,11483.25,11496.75,11352.4501953125,11375.2001953125,282600,0.06408654694520233,,1.026650485093168,,0.09964332279668878,
2019-03-27,11445.0498046875,11445.0498046875,11546.2001953125,11413.0,11531.4501953125,350400,0.05192509403367063,,1.020657613211326,,0.10025833824488803,
2019-03-28,11570.0,11570.0,11588.5,11452.4501953125,11463.650390625,527700,0.06780617136174283,,1.0284314105046932,,0.10116679882134272,
2019-04-01,11669.150390625,11669.150390625,11738.099609375,11644.75,11665.2001953125,379600,0.07981196474610086,,1.0332837958455958,1.062984315143966,0.10025821132259664,
2019-04-02,11713.2001953125,11713.2001953125,11729.349609375,11655.849609375,11711.5498046875,386100,0.08530926062659261,0.08530926062659261,1.0329735982018122,1.0655075688635913,0.09840201289066658,
2019-04-03,11643.9501953125,11643.9501953125,11761.0,11629.150390625,11735.2998046875,365800,0.07184150552883506,0.09104923472674464,1.0233448328621726,1.0576500150809578,0.10407423734988054,
2019-04-04,11598.0,11598.0,11662.5498046875,11559.2001953125,11660.2001953125,349000,0.05556792466262772,0.08116174286555444,1.0165790039491032,1.0520895264207852,0.10287975632686412,
2019-04-05,11665.9501953125,11665.9501953125,11689.650390625,11609.5,11638.400390625,266700,0.055455550105175,0.08300844861931966,1.0197954539729097,1.0568248234026172,0.10283591335537699,
2019-04-08,11604.5,11604.5,11710.2998046875,11549.099609375,11704.349609375,260900,0.04940223499652974,0.074276841217777,1.0120072497074428,1.0499860408412809,0.10645206420124384,
2019-04-09,11671.9501953125,11671.9501953125,11683.900390625,11569.7001953125,11612.0498046875,300500,0.057682529147585315,0.07524536973646412,1.0150720066312175,1.0547897637672548,0.1057232750244061,
2019-04-10,11584.2998046875,11584.2998046875,11680.0498046875,11571.75,11646.849609375,359900,0.03727150283886527,0.07047943213975083,1.0056291487854871,1.045667621350352,0.10599530610207032,
2019-04-11,11596.7001953125,11596.7001953125,11606.7001953125,11550.5498046875,11592.5498046875,279800,0.026147665282716392,0.0742708382617776,1.0054160630370965,1.0455258633322468,0.09916322904437468,
2019-04-12,11643.4501953125,11643.4501953125,11657.349609375,11578.7998046875,11612.849609375,246000,0.026605358526820666,0.08436248499586463,1.0081504917109383,1.0483138005188295,0.09931213794967879,
2019-04-15,11690.349609375,11690.349609375,11704.599609375,11648.25,11667.0,290000,0.03059966141758319,0.07380955093355501,1.0106925349667102,1.0512687643341294,0.09965811820443501,
2019-04-16,11787.150390625,11787.150390625,11810.9501953125,11731.5498046875,11736.2001953125,354300,0.03153106880433576,0.08235315850087699,1.017476758977058,1.0585508159124752,0.1004084917831887,
2019-04-18,11752.7998046875,11752.7998046875,11856.150390625,11738.5,11856.150390625,339700,0.025352864583000567,0.0777243511530703,1.013240740207524,1.0541286227099398,0.10144805379641188,
2019-04-22,11594.4501953125,11594.4501953125,11727.0498046875,11583.9501953125,11727.0498046875,260400,0.005380476100876885,0.06303320247079403,0.9993216983327036,1.0388583238671254,0.11240269532346611,
2019-04-23,11575.9501953125,11575.9501953125,11645.9501953125,11564.7998046875,11612.9501953125,272500,0.0047652246588381075,0.05602162115162557,0.9974911909276144,1.0362504343617993,0.11251415008516695,
2019-04-24,11726.150390625,11726.150390625,11740.849609375,11578.849609375,11601.5,335200,0.023501120793572028,0.07355294139525292,1.009263032851645,1.0484392828590918,0.11877450100841079,
2019-04-25,11641.7998046875,11641.7998046875,11796.75,11624.2998046875,11735.7001953125,604400,0.025325301511548437,0.07480956512832937,1.0007646178235585,1.0396421130397664,0.11690743736028747,
2019-04-26,11754.650390625,11754.650390625,11762.900390625,11661.75,11683.75,333500,0.02363445806936193,0.08339790615736264,1.0092882431861738,1.0483081385601092,0.11515997215892075,
2019-04-30,11748.150390625,11748.150390625,11756.25,11655.900390625,11748.75,532600,0.026483116378694938,0.08975428929578122,1.0074192255053522,1.0462237571095572,0.1141376018531996,
2019-05-02,11724.75,11724.75,11789.2998046875,11699.5498046875,11725.5498046875,380300,0.013375108038029326,0.09972285594398755,1.0047459618050731,1.0424947491013279,0.10886868622819419,
2019-05-03,11712.25,11712.25,11770.900390625,11699.349609375,11722.599609375,305500,0.0036934659278731186,0.0995146340897699,1.003489466965709,1.0397499926544966,0.10492757055467682,
2019-05-06,11598.25,11598.25,11632.5498046875,11571.349609375,11605.7998046875,299000,-0.009813730952750399,0.08885354706873105,0.9942116921429579,1.0281898705829227,0.10970369372712041,
2019-05-07,11497.900390625,11497.900390625,11657.0498046875,11484.4501953125,11651.5,337500,-0.01254297744645927,0.06157817950276856,0.9862269936891517,1.0182903868869084,0.11193270039459942,
2019-05-08,11359.4501953125,11359.4501953125,11479.099609375,11346.9501953125,11478.7001953125,372800,-0.020568184573848902,0.042758835466976564,0.975349348756541,1.0053375852777882,0.11868985793665908,
2019-05-09,11301.7998046875,11301.7998046875,11357.599609375,11255.0498046875,11322.400390625,373000,-0.03121480758346795,0.03569839443629874,0.9719187897473355,0.999660986358021,0.11660848488109722,
2019-05-10,11278.900390625,11278.900390625,11345.7998046875,11251.0498046875,11314.150390625,387300,-0.028058047255375085,0.0315108619679203,0.9713093719006888,0.9971290236137014,0.11581001434831899,
2019-05-13,11148.2001953125,11148.2001953125,11300.2001953125,11125.599609375,11258.7001953125,357600,-0.04487253554340387,0.007751447327314143,0.9622238194069065,0.9854497568308235,0.11793072601267177,
2019-05-14,11222.0498046875,11222.0498046875,11294.75,11108.2998046875,11151.650390625,398100,-0.031270772175062134,0.01379021524885693,0.9701145352504322,0.9917546860316188,0.12025254107559297,
2019-05-15,11157.0,11157.0,11286.7998046875,11136.9501953125,11271.7001953125,414200,-0.03791597505385469,0.019500018114897655,0.9663277096612864,0.9856960477177338,0.12071567383404701,
2019-05-16,11257.099609375,11257.099609375,11281.5498046875,11143.349609375,11180.349609375,350700,-0.033181795726926366,0.03382372816965118,0.9766315430959182,0.9940005705603822,0.1251055006197492,
2019-05-17,11407.150390625,11407.150390625,11426.150390625,11259.849609375,11261.900390625,412100,-0.024225042724375867,0.053155638166449304,0.990866745032837,1.0063973054230804,0.13460636631491354,
2019-05-20,11828.25,11828.25,11845.2001953125,11591.7001953125,11651.900390625,452100,0.003486814710338182,0.10070679133093519,1.0272616256828637,1.0418909244173584,0.18718092457695026,
2019-05-21,11709.099609375,11709.099609375,11883.5498046875,11682.7998046875,11863.650390625,381000,-0.003718279562208715,0.09181858032928347,1.0171066450125463,1.0299067134740394,0.1904785925568269,
2019-05-22,11737.900390625,11737.900390625,11784.7998046875,11682.400390625,11727.9501953125,355900,0.012372315452309657,0.10308761672390143,1.0189735556507364,1.030782377332199,0.1839308308321886,
2019-05-23,11657.0498046875,11657.0498046875,12041.150390625,11614.5,11901.2998046875,569000,0.007005870620265808,0.09927060443026492,1.011598774029119,1.0221075502526493,0.18573718754549626,
2019-05-24,11844.099609375,11844.099609375,11859.0,11658.099609375,11748.0,374600,0.010058647963810952,0.10326995085372181,1.027305199994613,1.0368285555493462,0.18873486487292743,
2019-05-27,11924.75,11924.75,11957.150390625,11812.400390625,11855.5,348400,0.02430467797587199,0.1051822251200718,1.0330328335523056,1.0421630364992713,0.18768163302495489,
2019-05-28,11928.75,11928.75,11958.5498046875,11864.900390625,11958.349609375,598300,0.014811126115146234,0.10536846248863196,1.0326006599856286,1.040788779152753,0.18501529657795568,
2019-05-29,11861.099609375,11861.099609375,11931.900390625,11836.7998046875,11905.7998046875,318100,0.009614212875597383,0.09016461569475953,1.026242873369122,1.0334120436777556,0.18638199605262898,
2019-05-30,11945.900390625,11945.900390625,11968.5498046875,11859.400390625,11865.2998046875,421200,0.018861842736518808,0.10249837161469588,1.0325920866828864,1.0391246074454423,0.1875841493499375,
2019-05-31,11922.7998046875,11922.7998046875,12039.25,11829.4501953125,11999.7998046875,438900,0.01797688784712581,0.1032835683322173,1.0296583196146165,1.0354396819821785,0.18773238948358603,
2019-06-03,12088.5498046875,12088.5498046875,12103.0498046875,11920.099609375,11953.75,315300,0.04227360202509001,0.1200880059937457,1.0417670121710052,1.0478685684531575,0.18861686625922588,
2019-06-04,12021.650390625,12021.650390625,12095.2001953125,12005.849609375,12052.650390625,289200,0.04555179486743932,0.10660932394025857,1.0336689846408524,1.0403288721203099,0.18655900644478932,
2019-06-06,11843.75,11843.75,12039.7998046875,11830.25,12039.7998046875,415200,0.04263408847792194,0.07793435141601979,1.0162564582833973,1.0236694655026113,0.18964643772300832,
2019-06-07,11870.650390625,11870.650390625,11897.5,11769.5,11865.2001953125,302500,0.05033274308235103,0.07397542663756451,1.016084879157346,1.0247874610328653,0.18774295509460823,
2019-06-10,11922.7001953125,11922.7001953125,11975.0498046875,11871.75,11934.900390625,303300,0.05708001510702454,0.07817727882756698,1.0177359390104932,1.0280021999644258,0.18708951507296936,
2019-06-11,11965.599609375,11965.599609375,12000.349609375,11904.349609375,11959.849609375,332200,0.07332119981180396,0.08429229441826513,1.0178469120288958,1.03032381838407,0.1791506786924315,
2019-06-12,11906.2001953125,11906.2001953125,11962.4501953125,11866.349609375,11962.4501953125,283700,0.06096483285426402,0.06609483334459876,1.0098556132769583,1.0241242139291928,0.18122639736562113,
2019-06-13,11914.0498046875,11914.0498046875,11931.349609375,11817.0498046875,11873.900390625,447900,0.06785424439253385,0.054228718966433,1.0072874434427106,1.0238998266816899,0.1785068925810044,
2019-06-14,11823.2998046875,11823.2998046875,11911.849609375,11797.7001953125,11910.099609375,390300,0.05029716489680558,0.04246273495873609,0.9972280087554496,1.0154002842047403,0.18122716615156909,
2019-06-17,11672.150390625,11672.150390625,11844.0498046875,11657.75,11844.0,295500,0.02323104289199085,0.02899525185683105,0.9833804277825255,1.0019476868646504,0.18428429972819166,
2019-06-18,11691.5,11691.5,11727.2001953125,11641.150390625,11677.0498046875,365500,-0.011561304504047465,0.023160398506327784,0.9855783879704718,1.0032288214904839,0.12972359978515471,
2019-06-19,11691.4501953125,11691.4501953125,11802.5,11625.099609375,11744.4501953125,446900,-0.0015073246151539044,0.02000052311891687,0.985647512944952,1.002895738868086,0.12472708296823226,
2019-06-20,11831.75,11831.75,11843.5,11635.0498046875,11653.650390625,442000,0.007995434128062362,0.025957268151940882,0.9970810408812285,1.0144965182129417,0.13161892093725178,
2019-06-21,11724.099609375,11724.099609375,11827.9501953125,11705.099609375,11827.599609375,468400,0.005751867394487631,0.01762424502365101,0.9877301119502871,1.004974575364852,0.13348473877965064,
2019-06-24,11699.650390625,11699.650390625,11754.0,11670.2001953125,11725.7998046875,277600,-0.012195880101824152,0.021188104262356955,0.9862704406320462,1.0025311387403038,0.12015402062496913,
2019-06-25,11796.4501953125,11796.4501953125,11814.400390625,11651.0,11681.0,300500,-0.010759119032893727,0.038945786407072136,0.9949686380027954,1.0101878535235131,0.12144505540440072,
2019-06-26,11847.5498046875,11847.5498046875,11871.849609375,11757.5498046875,11768.150390625,327900,-0.006807100099549435,0.03172445123876089,0.9996209324596778,1.0140365190161695,0.12264530657109558,
2019-06-27,11841.5498046875,11841.5498046875,11911.150390625,11821.0498046875,11860.849609375,480200,-0.0016482286913810373,0.034643798565001216,0.999197098797143,1.0129500420592716,0.12101818026548905,
2019-06-28,11788.849609375,11788.849609375,11871.7001953125,11775.5,11861.150390625,303900,-0.013146834990625855,0.018915264423077005,0.9954097850878721,1.0081274113003265,0.11883516646672182,
2019-07-01,11865.599609375,11865.599609375,11884.650390625,11830.7998046875,11839.900390625,278400,-0.004797547241379596,0.016834920467545533,1.0021322945546975,1.0144066891051713,0.12137312157324018,
2019-07-02,11910.2998046875,11910.2998046875,11917.4501953125,11814.7001953125,11890.2998046875,363200,-0.014745358449107071,0.016827135717690345,1.0066652761217751,1.017942293683796,0.11072420198895015,
2019-07-03,11916.75,11916.75,11945.2001953125,11887.0498046875,11932.150390625,340500,-0.008725955856011769,0.0234284585653175,1.0076571568049746,1.0180979508865424,0.10931915890101643,
2019-07-04,11946.75,11946.75,11969.25,11923.650390625,11928.7998046875,333600,0.008696569920844333,0.030069839627522077,1.0097541766876583,1.0201543821042967,0.0953292192034711,
2019-07-05,11811.150390625,11811.150390625,11981.75,11797.900390625,11964.75,530700,-0.005012362258346892,0.01244649538884901,0.9985442136050212,1.0083669111453983,0.10382997605469806,
2019-07-08,11558.599609375,11558.599609375,11771.900390625,11523.2998046875,11770.400390625,464000,-0.03053843340627227,-0.003955395805506523,0.9786992532890657,0.9868700574029404,0.12689326951995317,
2019-07-09,11555.900390625,11555.900390625,11582.5498046875,11461.0,11531.599609375,442500,-0.03423975664612766,-0.009942623361613223,0.9801708281962667,0.9868025577847302,0.12555666167136864,
2019-07-10,11498.900390625,11498.900390625,11593.7001953125,11475.650390625,11536.150390625,337600,-0.034209050579197764,-0.007371996193325736,0.9770237605303492,0.9820544715428553,0.12554584840996483,
2019-07-11,11582.900390625,11582.900390625,11599.0,11519.5,11561.4501953125,317300,-0.02779486568305356,-0.0011899768429882718,0.9855474658926662,0.9892478564363552,0.1293644874460334,
2019-07-12,11552.5,11552.5,11639.5498046875,11538.599609375,11601.150390625,359400,-0.022903910850686326,-0.007811275333931111,0.9840945506946357,0.986779233963338,0.12736664559807293,
2019-07-15,11588.349609375,11588.349609375,11618.400390625,11532.2998046875,11614.75,368800,-0.007179549478501301,-0.008725145389852362,0.9875008489770103,0.9899851525628417,0.12031428289699463,
2019-07-16,11662.599609375,11662.599609375,11670.0498046875,11573.9501953125,11596.650390625,480200,-0.002471914692297794,-0.010566657514530564,0.9939504527704682,0.9965050000622615,0.12251749150840223,
2019-07-17,11687.5,11687.5,11706.650390625,11651.150390625,11670.75,464800,-0.000337870430657472,-0.00555610627022296,0.9960893671271966,0.9987254748052077,0.1227796935550323,
2019-07-18,11596.900390625,11596.900390625,11677.150390625,11582.400390625,11675.599609375,498300,-0.019849101728400265,0.00021132483828267823,0.9893579683861198,0.9909800583724964,0.11715075907682508,
2019-07-19,11419.25,11419.25,11640.349609375,11399.2998046875,11627.9501953125,446000,-0.026001963437024322,-0.013536702617807816,0.9754706827034785,0.9760172712636578,0.12483305775854603,
2019-07-22,11346.2001953125,11346.2001953125,11398.150390625,11301.25,11392.849609375,516000,-0.030210321121708184,-0.032401954832190105,0.9706959294578433,0.9702987861811131,0.1261269524159498,
2019-07-23,11331.0498046875,11331.0498046875,11398.150390625,11302.7998046875,11372.25,458900,-0.0394525796251769,-0.02669260812017038,0.9713335146216543,0.9694325333192969,0.12075099491507679,
2019-07-24,11271.2998046875,11271.2998046875,11359.75,11229.7998046875,11322.4501953125,413200,-0.048638748897430695,-0.04111994571297495,0.9686039088641587,0.9649856862920038,0.11886753984631568,
2019-07-25,11252.150390625,11252.150390625,11361.400390625,11239.349609375,11290.400390625,553700,-0.049773840737399544,-0.04221941186553135,0.9694133491245717,0.96402850761871,0.11867830969749023,
2019-07-26,11284.2998046875,11284.2998046875,11307.599609375,11210.0498046875,11247.4501953125,522700,-0.04279890077537851,-0.03756584961832876,0.9743007205975373,0.9673913282200715,0.11995166073494265,
2019-07-29,11189.2001953125,11189.2001953125,11310.9501953125,11152.400390625,11307.5,482900,-0.05700507655155307,-0.04465835383359307,0.968919000718004,0.9599559526260272,0.11732066007791103,
2019-07-30,11085.400390625,11085.400390625,11267.4501953125,11072.650390625,11213.7001953125,479100,-0.06925933247606808,-0.04421784401741646,0.9633712975490573,0.9517485798989661,0.11660611056866362,
2019-07-31,11118.0,11118.0,11145.2998046875,10999.400390625,11034.0498046875,536700,-0.06702750330417273,-0.033040849000114614,0.9695694828675673,0.955066639321521,0.11803243424286729,
2019-08-01,10980.0,10980.0,11076.75,10881.0,11060.2001953125,499900,-0.08092158955364426,-0.0334039226184627,0.9615883490404956,0.9437247527218501,0.119945318334238,
2019-08-02,10997.349609375,10997.349609375,11080.150390625,10848.9501953125,10930.2998046875,547400,-0.06890105995906604,-0.02693820458456775,0.9665520584991097,0.9456283511207673,0.1184650708596869,
2019-08-05,10862.599609375,10862.599609375,10895.7998046875,10782.599609375,10895.7998046875,506600,-0.06021490695425469,-0.03690969570012592,0.9576379316637778,0.9345992005899885,0.10332319616035981,
2019-08-06,10948.25,10948.25,11018.5498046875,10813.7998046875,10815.400390625,517900,-0.05258356078579307,-0.01793564806959358,0.9677809999570407,0.9422385726864975,0.11007217638008962,
2019-08-07,10855.5,10855.5,10975.650390625,10835.900390625,10958.099609375,548500,-0.05595321019995625,-0.03266335572084078,0.9623188208567252,0.9347476997772649,0.11174937548839237,
2019-08-08,11032.4501953125,11032.4501953125,11058.0498046875,10842.9501953125,10899.2001953125,482500,-0.04752265639425035,-0.011163377672089303,0.980397098336817,0.9501544010955842,0.12601326410296976,
2019-08-09,11109.650390625,11109.650390625,11181.4501953125,11062.7998046875,11087.900390625,538100,-0.038333660192598984,-0.013098331174684064,0.989203927612658,0.9570057083521184,0.13035164209193373,
2019-08-13,10925.849609375,10925.849609375,11145.900390625,10901.599609375,11139.400390625,624600,-0.05716948679767442,-0.0421929022383678,0.9757161230132773,0.9418235733547723,0.13881825834165865,
2019-08-14,11029.400390625,11029.400390625,11078.150390625,10935.599609375,11003.25,511500,-0.054293145607176796,-0.06753743025172787,0.9877562923219732,0.9518422247069561,0.141920145745377,
2019-08-16,11047.7998046875,11047.7998046875,11068.650390625,10924.2998046875,11043.650390625,470900,-0.05473370655080212,-0.056477425826835015,0.9922463430566899,0.954337844274108,0.14171521644220023,
2019-08-19,11053.900390625,11053.900390625,11146.900390625,11037.849609375,11094.7998046875,369500,-0.04682285625553573,-0.05827277257747965,0.9952210557206489,0.9558060701680431,0.14092607373355306,
2019-08-20,11017.0,11017.0,11076.2998046875,10985.2998046875,11063.900390625,444700,-0.03522560588479984,-0.05490667153451856,0.9936981722644155,0.9534948743664857,0.13236272172007282,
2019-08-21,10918.7001953125,10918.7001953125,11034.2001953125,10906.650390625,11018.150390625,557900,-0.037677812187433046,-0.07813168113935953,0.9867342250156756,0.946250366307162,0.13384206667956333,
2019-08-22,10741.349609375,10741.349609375,10908.25,10718.2998046875,10905.2998046875,668200,-0.052042856176357954,-0.0992390105138472,0.9733003162932998,0.9324744515309538,0.1432857464147963,
2019-08-23,10829.349609375,10829.349609375,10862.5498046875,10637.150390625,10699.599609375,667100,-0.03921022446130851,-0.09216392250864514,0.9832429718213621,0.9416116806547556,0.1479063636393624,
2019-08-26,11057.849609375,11057.849609375,11070.2998046875,10756.5498046875,11000.2998046875,684100,-0.017267879872267522,-0.06772137714492443,1.004875834971547,0.9626002578960137,0.16876156657245192,
2019-08-27,11105.349609375,11105.349609375,11141.75,11049.5,11106.5498046875,685600,-0.015858334004752672,-0.07036311653072669,1.0100136125929549,0.9679155848599963,0.16925701726997963,
2019-08-28,11046.099609375,11046.099609375,11129.650390625,10987.650390625,11101.2998046875,550000,-0.012789170221250368,-0.07353140283105497,1.0052790944465793,0.9639791420677682,0.16774109914891855,
2019-08-29,10948.2998046875,10948.2998046875,11021.099609375,10922.400390625,10996.0498046875,649900,-0.012367671090477428,-0.09432479647458225,0.9970005568180121,0.957031484420154,0.16745484800165356,
2019-08-30,11023.25,11023.25,11042.599609375,10874.7998046875,10987.7998046875,628200,-0.00852221622593996,-0.08305019345792952,1.004259107918934,0.9649867946246938,0.16911014978266214,
2019-09-03,10797.900390625,10797.900390625,10967.5,10772.7001953125,10960.9501953125,483000,-0.01658466387750457,-0.0883039248021108,0.9845455978874312,0.946704042703942,0.1790271806830522,
2019-09-04,10844.650390625,10844.650390625,10858.75,10746.349609375,10790.400390625,508800,-0.013885092697228374,-0.08643165843804956,0.989497071950228,0.9522304623931551,0.17978052183998275,
2019-09-05,10847.900390625,10847.900390625,10920.099609375,10816.0,10860.9501953125,595700,-0.0013531953011794995,-0.09014734809066705,0.9898599912515028,0.9540164118133814,0.17445551021152336,
2019-09-06,10946.2001953125,10946.2001953125,10957.0498046875,10867.4501953125,10883.7998046875,497200,-0.00018722669718906904,-0.08519417725324896,0.9988390907553376,0.9641019113221111,0.17520581616595038,
2019-09-09,11003.0498046875,11003.0498046875,11028.849609375,10889.7998046875,10936.7001953125,412500,0.01359217029961779,-0.07585546822743439,1.0033511580649355,0.9703955421512803,0.1731245578999657,
2019-09-11,11035.7001953125,11035.7001953125,11054.7998046875,11011.650390625,11028.5,687100,0.0002945855129607988,-0.07372384905000307,1.0063135851978247,0.9745332853806101,0.16352938149674126,
2019-09-12,10982.7998046875,10982.7998046875,11081.75,10964.9501953125,11058.2998046875,551400,-0.011418053807034645,-0.0710884451789654,1.0020693052671867,0.9710630352664787,0.16222135489471273,
2019-09-13,11075.900390625,11075.900390625,11084.4501953125,10945.75,10986.7998046875,624300,0.013733557262333829,-0.05108313207469506,1.0098725025193895,0.9801558880714623,0.15340672839595068,
2019-09-16,11003.5,11003.5,11052.7001953125,10968.2001953125,10994.849609375,434500,-0.002348304505022325,-0.05884617029465855,1.003389695392439,0.9747379564032095,0.15180126426374752,
2019-09-17,10817.599609375,10817.599609375,11000.099609375,10796.5,11000.099609375,482000,-0.02083674572151717,-0.07474270268780314,0.9874741983297856,0.9595080072090116,0.16299405478294607,
2019-09-18,10840.650390625,10840.650390625,10885.150390625,10804.849609375,10872.7998046875,519200,-0.019291832969732692,-0.0837661047076722,0.990542477694398,0.962963474984518,0.16329573049627388,
2019-09-19,10704.7998046875,10704.7998046875,10845.2001953125,10670.25,10845.2001953125,642600,-0.028338040783561724,-0.0869405616336143,0.9795265365503428,0.9523331349423315,0.16831541631146696,
2019-09-20,11274.2001953125,11274.2001953125,11381.900390625,10691.0,10746.7998046875,1356800,0.03255882052266812,-0.036364351165007136,1.0299534661408507,1.0036219180980035,0.25050780143510415,
2019-09-23,11600.2001953125,11600.2001953125,11694.849609375,11471.349609375,11542.7001953125,882800,0.07995741849682458,-0.016636360663649707,1.055594057864438,1.0329429839716235,0.25832392669140475,
2019-09-24,11588.2001953125,11588.2001953125,11655.0498046875,11539.2001953125,11590.7001953125,651700,0.07007351441314258,-0.021890569244316538,1.0508737404015962,1.032271759637717,0.2583494609253606,
2019-09-25,11440.2001953125,11440.2001953125,11564.9501953125,11416.099609375,11564.849609375,629100,0.03457730023867733,-0.033893334571470146,1.0356569016185684,1.0196955883432475,0.25579038381726615,
2019-09-26,11571.2001953125,11571.2001953125,11610.849609375,11466.349609375,11469.849609375,844500,0.04194830440495401,-0.018462311529482522,1.0453118833346404,1.031705547286236,0.2579746409184093,
2019-09-27,11512.400390625,11512.400390625,11593.599609375,11499.75,11556.349609375,650000,0.042214066298500885,-0.029766655742448744,1.0378141986716987,1.0270019037526028,0.25787912991372947,
2019-09-30,11474.4501953125,11474.4501953125,11508.25,11390.7998046875,11491.150390625,756800,0.04805772585801216,-0.036594344099001086,1.0319457646397578,1.0242801882267794,0.25547977963761775,
2019-10-01,11359.900390625,11359.900390625,11554.2001953125,11247.900390625,11515.400390625,1305400,0.030540030447009814,-0.04672831177754,1.0200995702498756,1.0148955705024252,0.2585510527706632,
2019-10-03,11314.0,11314.0,11370.400390625,11257.349609375,11322.25,1017500,0.04779629286292453,-0.05296419528323604,1.0136289692833143,1.0117480565402408,0.24609382699980298,
2019-10-04,11174.75,11174.75,11400.2998046875,11158.349609375,11388.4501953125,928500,0.030438935095626896,-0.05388132142743163,0.9996752546512198,1.0002444315768302,0.2513923571359305,
2019-10-07,11126.400390625,11126.400390625,11233.849609375,11112.650390625,11196.2001953125,733200,0.025673170841491677,-0.03739200537748966,0.9941116029646642,0.9965592361588475,0.2522229215453514,
2019-10-09,11313.2998046875,11313.2998046875,11321.599609375,11090.150390625,11152.9501953125,741100,0.03353671619601872,-0.020993654993280764,1.0091555444801752,1.0136663713727219,0.2567531141164551,
2019-10-10,11234.5498046875,11234.5498046875,11293.349609375,11208.5498046875,11280.5,562000,0.02103962120587477,-0.022989205659440626,1.0010973480013337,1.0070079361477267,0.25816178066418055,
2019-10-11,11305.0498046875,11305.0498046875,11362.900390625,11189.400390625,11257.7001953125,737800,0.024407115507669275,-0.023987997528010174,1.0061720409786936,1.0137479895996258,0.2587508015029306,
2019-10-14,11341.150390625,11341.150390625,11420.4501953125,11290.0498046875,11335.900390625,587600,0.032628345441073625,-0.01829470758493834,1.007777965892399,1.017306542467292,0.2578420875931708,
2019-10-15,11428.2998046875,11428.2998046875,11462.349609375,11342.099609375,11360.849609375,527400,0.03181677350229539,-0.013811268220456419,1.0139345551662602,1.0253692319967516,0.2575805945855435,
2019-10-16,11464.0,11464.0,11481.0498046875,11411.099609375,11464.9501953125,533500,0.041850320352615045,-0.017028759970063256,1.0150284158188707,1.028877877949193,0.2558167846548521,
2019-10-17,11586.349609375,11586.349609375,11599.099609375,11439.650390625,11466.2998046875,797600,0.07106474890545655,-0.008654578877005381,1.02238186518328,1.040015939564951,0.2471342531185075,
2019-10-18,11661.849609375,11661.849609375,11684.7001953125,11553.150390625,11580.2998046875,853400,0.0757518404486297,0.005600567096575748,1.0253290904667742,1.0466912805580162,0.2473146423363595,
2019-10-22,11588.349609375,11588.349609375,11714.349609375,11573.650390625,11657.150390625,867600,0.08253772333982412,0.01480829383497162,1.0149247210731098,1.039831371607337,0.24279670641172615,
2019-10-23,11604.099609375,11604.099609375,11651.599609375,11554.400390625,11596.2001953125,664200,0.029261447228838833,0.02273002499718335,1.0148380396114431,1.0408431863084346,0.1642314172976168,
2019-10-24,11582.599609375,11582.599609375,11679.599609375,11534.650390625,11661.650390625,700500,-0.0015172657058636352,0.02220004404035336,1.0130357206626333,1.0385241809335801,0.1295785112099139,
2019-10-25,11583.900390625,11583.900390625,11646.900390625,11490.75,11646.150390625,812000,-0.0003710502593180509,0.02773420912887925,1.0131685404719202,1.0381558457474596,0.12952987156914753,
2019-10-29,11786.849609375,11786.849609375,11809.400390625,11627.349609375,11643.9501953125,951700,0.030300991953317036,0.047519736244860056,1.0293587254010037,1.0555012773705241,0.13415174629719825,
2019-10-30,11844.099609375,11844.099609375,11883.9501953125,11784.4501953125,11883.900390625,725200,0.023584365446641442,0.04960873198840021,1.0331273257216522,1.0597425540625538,0.1296891348520351,
2019-10-31,11877.4501953125,11877.4501953125,11945.0,11855.099609375,11890.4501953125,1414800,0.031709269335765455,0.06151020519664385,1.0343895378930137,1.0616369688874217,0.12764797640989622,1.0498368948711816
2019-11-01,11890.599609375,11890.599609375,11918.2998046875,11843.349609375,11886.599609375,855300,0.036267481838258675,0.07263600685374993,1.0336616111583636,1.0615389676027338,0.12637337851742142,1.0504893569226985
2019-11-04,11941.2998046875,11941.2998046875,11989.150390625,11905.349609375,11928.900390625,823100,0.0511799746538546,0.0740510707580051,1.035452357034641,1.064760911087322,0.1185947208396724,1.0543774652762687
2019-11-05,11917.2001953125,11917.2001953125,11978.9501953125,11861.900390625,11974.599609375,632000,0.053314494901228526,0.08535520904485439,1.0306672025456993,1.06113411602287,0.11732179734344267,1.0516970931927216
2019-11-06,11966.0498046875,11966.0498046875,12002.900390625,11850.25,11911.5,603400,0.07081141007069514,0.08808487769514062,1.0313628715392864,1.0639542673475058,0.10313706995219682,1.0554519022263684
2019-11-07,12012.0498046875,12012.0498046875,12021.400390625,11946.849609375,12021.099609375,563000,0.07959891635831662,0.10581722945218974,1.031391095051201,1.0662281405634138,0.0989808833587242,1.058944239195212
2019-11-08,11908.150390625,11908.150390625,12034.150390625,11888.75,11987.150390625,789300,0.05257975977009233,0.08767614829995662,1.0198654596292784,1.0555068074214973,0.09626152123589272,1.0492977690943888
2019-11-11,11913.4501953125,11913.4501953125,11932.650390625,11853.9501953125,11879.2001953125,549000,0.06042969254911634,0.09745752800999496,1.0173616857809007,1.0543287594695598,0.08988968817796512,1.0492600227699063
2019-11-13,11840.4501953125,11840.4501953125,11946.7998046875,11823.2001953125,11908.2998046875,659000,0.047359401318427086,0.07323849060685594,1.0088215528428135,1.0466209812614504,0.09447386298991352,1.0423507495342246
2019-11-14,11872.099609375,11872.099609375,11895.650390625,11802.650390625,11858.75,559500,0.04681616947685496,0.06862945204769,1.0092353565495522,1.048241140509184,0.09442809804603017,1.044615296658017
2019-11-15,11895.4501953125,11895.4501953125,11973.650390625,11879.25,11904.2001953125,580200,0.04087663069824177,0.08874372434208944,1.0092164669199344,1.0488063899508253,0.0922739978638955,1.046205638595072
2019-11-18,11884.5,11884.5,11946.2001953125,11867.599609375,11915.150390625,514400,0.03668004187020246,0.07752911120189587,1.006492093534301,1.0465259129419922,0.09273920894512593,1.0447857879782712
2019-11-19,11940.099609375,11940.099609375,11958.849609375,11881.75,11919.4501953125,613900,0.030531617975152914,0.08076719532054732,1.0096883376641768,1.050046796736053,0.08749573110499877,1.0491963625334495
2019-11-20,11999.099609375,11999.099609375,12038.599609375,11966.0498046875,12004.75,646700,0.02891908327551085,0.08550820844664386,1.0132327338511378,1.0537755342601396,0.08648155752434697,1.0538750938262482
2019-11-21,11968.400390625,11968.400390625,12028.2001953125,11956.900390625,12025.650390625,557700,0.03279593678659287,0.0863574830375784,1.0090213224881888,1.0496178437139694,0.08297184913796668,1.0507143550347138
2019-11-22,11914.400390625,11914.400390625,11968.099609375,11883.5,11967.2998046875,486800,0.02674061682470441,0.09119219114926924,1.003156581115021,1.0433636160844466,0.0857894377076923,1.0455185545972965
2019-11-25,12073.75,12073.75,12084.5,11919.75,11922.4501953125,534300,0.04240415858176272,0.12404403907141126,1.0144757375352225,1.0552659739662844,0.09472812284455213,1.058924713125749
2019-11-26,12037.7001953125,12037.7001953125,12132.4501953125,12006.349609375,12110.2001953125,1201300,0.03917504375769365,0.11158108561676006,1.0095220752399776,1.0502664839457025,0.09620995620863433,1.0552132914316426
2019-11-27,12100.7001953125,12100.7001953125,12114.900390625,12055.150390625,12068.5,584200,0.026627181676083245,0.09430862444117127,1.0134717098885246,1.0541645311975691,0.07834619597996267,1.0601224078359501
2019-11-28,12151.150390625,12151.150390625,12158.7998046875,12099.9501953125,12132.099609375,620500,0.025924366678490296,0.09417090123548633,1.0163901741457126,1.0569546354219688,0.07797361613559524,1.0638480977155047
2019-11-29,12056.0498046875,12056.0498046875,12147.400390625,12017.400390625,12146.2001953125,804400,0.015036864515372672,0.09143048053408265,1.007682737131689,1.0471492232142319,0.08414585170766352,1.0548736589233665
2019-12-02,12048.2001953125,12048.2001953125,12137.150390625,12023.7001953125,12137.0498046875,720900,0.01325421687004269,0.10046312306446703,1.0063638127819898,1.0448038642447888,0.08427727545312722,1.0535432207493483
2019-12-03,11994.2001953125,11994.2001953125,12068.599609375,11956.400390625,12067.650390625,605800,0.0044300362180198505,0.08808202620030392,1.0016319988142928,1.0386634736713802,0.08504233980065357,1.0482880874387208
2019-12-04,12043.2001953125,12043.2001953125,12054.7001953125,11935.2998046875,11969.9501953125,747200,0.010572953205028934,0.11532795818052732,1.0051951295710704,1.0410356559213836,0.08566287250087527,1.0520421726784461
2019-12-05,12018.400390625,12018.400390625,12081.2001953125,11998.75,12071.25,562200,0.0043749262949743795,0.1082330879946749,1.002906085428176,1.0371380981939007,0.0850485769266004,1.0493687735357538
2019-12-06,11921.5,11921.5,12057.0498046875,11888.849609375,12047.349609375,609200,-0.0075382475230967305,0.098968424369275,0.9951959780687223,1.027189892120058,0.08877991394246935,1.0404596656411187
2019-12-09,11937.5,11937.5,11981.9501953125,11888.0498046875,11939.099609375,599100,0.002464665662780474,0.09056108850558076,0.9964095794233336,1.0271063568044305,0.08329910605809619,1.0414583952221093
2019-12-10,11856.7998046875,11856.7998046875,11953.2001953125,11844.7001953125,11950.5,650200,-0.004755162416953729,0.0775921235616226,0.9899076667809512,1.0189154459877876,0.0868062503588405,1.0340627278556453
2019-12-11,11910.150390625,11910.150390625,11923.2001953125,11832.2998046875,11867.349609375,997700,0.005886616991986893,0.07923830657196818,0.9940725987649432,1.0222198728276886,0.08540384313496907,1.0382779624379699
2019-12-12,11971.7998046875,11971.7998046875,12005.5,11934.0,11944.2998046875,752600,0.008397857042386159,0.09004989780273442,0.9988025529378272,1.0260595030450892,0.08677155503146235,1.043159873602746
2019-12-13,12086.7001953125,12086.7001953125,12098.849609375,12023.599609375,12026.400390625,597700,0.016077575615873974,0.0912611859116279,1.007584800635497,1.0344136433625604,0.09255196534586815,1.0525960252328495
2019-12-16,12053.9501953125,12053.9501953125,12134.650390625,12046.2998046875,12131.349609375,437700,0.014258083664647314,0.09546509704298622,1.0041454365196665,1.0300674142777737,0.09320967037284152,1.049146426081135
2019-12-17,12165.0,12165.0,12182.75,12070.349609375,12082.4501953125,499600,0.018835721474920852,0.1245563192648842,1.0124479398768007,1.037566028698109,0.09703876729586397,1.058148543707624
2019-12-18,12221.650390625,12221.650390625,12237.7001953125,12163.4501953125,12197.0,518900,0.018547290088009483,0.12739088064257564,1.0162216154777737,1.0403554629783065,0.09688920957580402,1.0623458348879444
2019-12-19,12259.7001953125,12259.7001953125,12268.349609375,12191.150390625,12223.400390625,623100,0.02433907583135997,0.14525263610666772,1.0181523774704677,1.0412973238196612,0.09627620571566482,1.0648871233982924
2019-12-20,12271.7998046875,12271.7998046875,12293.900390625,12252.75,12266.4501953125,810700,0.02999726401202074,0.088485177847895,1.017646966885051,1.040855115404067,0.09388810032313119,1.0652273398182017
2019-12-23,12262.75,12262.75,12287.150390625,12213.25,12235.4501953125,604800,0.015653794388652997,0.0571153767635173,1.0161002416571274,1.0391143160996643,0.0830684537094293,1.0637617706913338
2019-12-24,12214.5498046875,12214.5498046875,12283.7001953125,12202.099609375,12269.25,470300,0.014691312003588974,0.054050637615698394,1.011365317412652,1.034115188041068,0.0837044180563314,1.0589269969018076
2019-12-26,12126.5498046875,12126.5498046875,12221.5498046875,12118.849609375,12211.849609375,520300,0.0021362077365583154,0.05999454534512649,1.0039714706738896,1.0256715510068857,0.0864667501488014,1.0507302258211042
2019-12-27,12245.7998046875,12245.7998046875,12258.4501953125,12157.900390625,12172.900390625,383800,0.007789337718634881,0.05829988229296057,1.0134472443051332,1.0347737576671405,0.09208747022265112,1.0604148942080651
2019-12-30,12255.849609375,12255.849609375,12286.4501953125,12213.7998046875,12274.900390625,411100,0.016572576252116722,0.06457812389459794,1.0134410819366717,1.0345397770295996,0.08678115657270445,1.0606196512226995
2019-12-31,12168.4501953125,12168.4501953125,12247.099609375,12151.7998046875,12247.099609375,426900,0.009980743849756557,0.06048220073180599,1.0057139727353819,1.0261603182930032,0.09120544384310753,1.0524295292742745
2020-01-02,12282.2001953125,12282.2001953125,12289.900390625,12195.25,12198.5498046875,407700,0.024011605218374976,0.08118907498948214,1.0139086280060818,1.0344119146118067,0.09429256658724247,1.0616162750403906
2020-01-03,12226.650390625,12226.650390625,12265.599609375,12191.349609375,12261.099609375,428800,0.01523267838592468,0.08066558163558413,1.0085592513647383,1.028416021523815,0.09573385135430133,1.056249130285382
2020-01-06,11993.0498046875,11993.0498046875,12179.099609375,11974.2001953125,12170.599609375,396500,-0.002109314477263924,0.07322757150607395,0.9893933142074584,1.007611368542988,0.11913382258909952,1.0356480644809785
2020-01-07,12052.9501953125,12052.9501953125,12152.150390625,12005.349609375,12079.099609375,447800,0.011026313409596034,0.08327489324114223,0.9937960801823833,1.0113318529893585,0.11651651603204141,1.0403738600058046
2020-01-08,12025.349609375,12025.349609375,12044.9501953125,11929.599609375,11939.099609375,446000,0.007359129581151924,0.06293917928281823,0.9911613724276969,1.0080122100049738,0.11690185611970058,1.0375481723867852
2020-01-09,12215.900390625,12215.900390625,12224.0498046875,12132.5498046875,12153.150390625,477500,0.030286467837260078,0.08735112692526781,1.0053792137100388,1.0225829549384065,0.12561558189484373,1.0535126765444203
2020-01-10,12256.7998046875,12256.7998046875,12311.2001953125,12213.2001953125,12271.0,660600,0.02910537673272051,0.08418804131277402,1.0073083683980504,1.0246460484522129,0.1253181725286287,1.0566045027234705
2020-01-13,12329.5498046875,12329.5498046875,12337.75,12285.7998046875,12296.7001953125,501000,0.029882724889863654,0.08715160102978148,1.0117998216612376,1.0293103112892439,0.12564435997639012,1.0624235883559268
2020-01-14,12362.2998046875,12362.2998046875,12374.25,12308.7001953125,12333.099609375,616300,0.02280189008757616,0.08172694241158296,1.013341471447564,1.0307049282479328,0.12209672019704552,1.0647781265158127
2020-01-15,12343.2998046875,12343.2998046875,12355.150390625,12278.75,12349.400390625,684400,0.024004546616388067,0.07670095993435977,1.0105855784266138,1.0278649008859555,0.12167698911186443,1.0627222071383453
2020-01-16,12355.5,12355.5,12389.0498046875,12315.7998046875,12347.099609375,395700,0.01565967940813806,0.06638418626714393,1.010796185931781,1.0277836977922705,0.11796546631247523,1.0633636892221647
2020-01-17,12352.349609375,12352.349609375,12385.4501953125,12321.400390625,12328.400390625,502100,0.010694072778440589,0.05921016160634629,1.0099984876140597,1.0265389159650147,0.11711317702119171,1.0627175841869843
2020-01-20,12224.5498046875,12224.5498046875,12430.5,12216.900390625,12430.5,491600,-0.002867149283017567,0.05489998289297482,0.9996925080040577,1.015023718909507,0.12284737396580397,1.0514043224850027
2020-01-21,12169.849609375,12169.849609375,12230.0498046875,12162.2998046875,12195.2998046875,400,-0.00830768077503663,0.04875432123513734,0.9956343069880289,1.0096913689291653,0.12371190882376368,1.0463788745333051
2020-01-22,12106.900390625,12106.900390625,12225.0498046875,12087.900390625,12218.349609375,500,-0.012709189160261758,0.045266244101680675,0.991116184957697,1.0037409813014897,0.12486705854116599,1.0406297064333534
2020-01-23,12180.349609375,12180.349609375,12189.0,12094.099609375,12123.75,867700,-0.0027999554514382963,0.051489498237805575,0.9972686183825851,1.008998825155712,0.1263904581505999,1.0466293590155413
2020-01-24,12248.25,12248.25,12272.150390625,12149.650390625,12174.5498046875,593200,0.010035846738984056,0.03914535316188417,1.002328605210392,1.0139776437725634,0.1250203766416507,1.0521008180791664
2020-01-27,12119.0,12119.0,12216.599609375,12107.0,12197.099609375,441200,-0.01035455476243885,0.023209901950453693,0.992266321678076,1.0028972213209975,0.12588467461001987,1.0407530954980144
2020-01-28,12055.7998046875,12055.7998046875,12163.5498046875,12024.5,12148.099609375,478500,-0.01632280185083812,0.015015816226734202,0.9879007487899272,0.9974217926702015,0.12685759213807654,1.035153742229154
2020-01-29,12129.5,12129.5,12169.599609375,12103.7998046875,12114.900390625,514400,-0.0032009166892513763,0.020091534361029284,0.9940986843799977,1.0031888185298588,0.1268028779688237,1.0412957969911625
2020-01-30,12035.7998046875,12035.7998046875,12150.2998046875,12010.599609375,12147.75,538100,-0.02006158397573088,0.007913711366906995,0.9874162949755981,0.9953095490131292,0.12434961796031771,1.0330780418732064
2020-01-31,11962.099609375,11962.099609375,12103.5498046875,11945.849609375,12100.400390625,771300,-0.021637224652538478,0.003767614316000145,0.9824360617305316,0.9891536437604561,0.1250827719339968,1.0265916610210273
2020-02-03,11707.900390625,11707.900390625,11749.849609375,11614.5,11627.4501953125,669800,-0.023776221954072807,-0.021573486511929252,0.9626861774782574,0.9684783092944519,0.1294702304629069,1.0047581067207416
2020-02-04,11979.650390625,11979.650390625,11986.150390625,11783.400390625,11786.25,560400,-0.006081482417143569,-0.002697242734529537,0.9853278492146207,0.991001753702026,0.15419363365187086,1.0279139007392124
2020-02-05,12089.150390625,12089.150390625,12098.150390625,11953.349609375,12005.849609375,758000,0.005305524024038499,0.015199673674133107,0.9940734127658802,0.9998105029674881,0.1575123831999412,1.0371239141322885
2020-02-06,12137.9501953125,12137.9501953125,12160.599609375,12084.650390625,12120.0,565100,-0.006381043788824758,0.018844247159259808,0.9984061261665328,1.0035358575779263,0.1474401118532891,1.0410631926875928
2020-02-07,12098.349609375,12098.349609375,12154.7001953125,12073.9501953125,12151.150390625,473500,-0.012927533927077905,0.021781216913914214,0.9957977100481142,0.9999064370001409,0.14712901138997606,1.0374434933552728
2020-02-10,12031.5,12031.5,12103.5498046875,11990.75,12102.349609375,524700,-0.02417361618298397,0.013426470116467693,0.9915116056959388,0.9941631516404333,0.14596166218210938,1.0315394585863558
2020-02-11,12107.900390625,12107.900390625,12172.2998046875,12099.0,12108.400390625,480000,-0.020578647831048236,0.017859786037876635,0.998854782280438,1.0001834847635334,0.1478285816858853,1.0379039839578297
2020-02-12,12201.2001953125,12201.2001953125,12231.75,12144.2998046875,12151.0,411700,-0.011512286959200035,0.026648171594303438,1.0071419734572276,1.007451324607135,0.15100077633984857,1.045716179711876
2020-02-13,12174.650390625,12174.650390625,12225.650390625,12139.7998046875,12219.5498046875,501200,-0.014637174487070581,0.01964395515309092,1.0057010954653516,1.0049347378630344,0.1509832864731784,1.0432521073199186
2020-02-14,12113.4501953125,12113.4501953125,12246.7001953125,12091.2001953125,12190.150390625,622800,-0.01934040256447922,0.009529930549802001,1.0016339228296884,0.9997258059443135,0.15173391668886677,1.037777063572786
2020-02-17,12045.7998046875,12045.7998046875,12159.599609375,12037.0,12131.7998046875,0,-0.014622215366283497,0.006466980677144463,0.996776704012011,0.99403677546056,0.14870659861125615,1.0317736968657691
2020-02-18,11992.5,11992.5,12030.75,11908.0498046875,12028.25,676900,-0.014572867789457211,0.006555059995839496,0.9930949112061637,0.9895321082285272,0.1486899627519893,1.0270911830413345
2020-02-19,12125.900390625,12125.900390625,12134.7001953125,12042.099609375,12090.599609375,513600,0.0015693529629361436,0.004319320064188892,1.0040627641094042,1.000467567295819,0.15335037642912047,1.0383009448675717
2020-02-20,12080.849609375,12080.849609375,12152.0,12071.4501953125,12119.0,502600,-0.00816889524446951,0.0035845230702209463,1.0007446698965707,0.9966914387845289,0.15222318916166847,1.0342989478181872
2020-02-24,11829.400390625,11829.400390625,12012.5498046875,11813.400390625,12012.5498046875,490800,-0.03419669008838,-0.02242017406501773,0.9816182306397896,0.9763106419636842,0.1669475938992437,1.0127359612568194
2020-02-25,11797.900390625,11797.900390625,11883.0498046875,11779.900390625,11877.5,461000,-0.02649555321189867,-0.029071321532860295,0.9803103521034466,0.974184232740641,0.16370041011049175,1.0100075643158843
2020-02-26,11678.5,11678.5,11783.25,11639.599609375,11738.5498046875,567600,-0.03129612392375658,-0.03131621142944396,0.9719126435899575,0.964826335189017,0.1661785381610834,0.9998002486923261
2020-02-27,11633.2998046875,11633.2998046875,11663.849609375,11536.7001953125,11661.25,608600,-0.04090854489570883,-0.03443671120159686,0.9701540994122466,0.9616414674312324,0.16381571540349824,0.9959157031680258
2020-02-28,11201.75,11201.75,11384.7998046875,11175.0498046875,11382.0,809900,-0.06929741423271829,-0.0660694487675969,0.9374253283133134,0.9269803888953718,0.20670577697676404,0.9590927160193162
2020-03-02,11132.75,11132.75,11433.0,11036.25,11387.349609375,680800,-0.06933144150756088,-0.07559869308382572,0.9348953242059072,0.9224287234211341,0.20671180323491248,0.9532774587184809
2020-03-03,11303.2998046875,11303.2998046875,11342.25,11152.5498046875,11217.5498046875,696500,-0.0345579115330944,-0.059500479489376756,0.9508329209142342,0.9374857929288516,0.205620495493,0.9678807116843648
2020-03-04,11251.0,11251.0,11356.599609375,11082.150390625,11351.349609375,797700,-0.06082401129128323,-0.056242922451033794,0.9493429169772221,0.9340137786404927,0.1838228503189905,0.96341388414659
2020-03-05,11269.0,11269.0,11389.5,11244.599609375,11306.0498046875,1352500,-0.06784185522756148,-0.05600000000000005,0.9541632830102581,0.9363741552953131,0.17906729744480773,0.9649053045100631
2020-03-06,10989.4501953125,10989.4501953125,11035.099609375,10827.400390625,10942.650390625,1811000,-0.09462058926914485,-0.07315208350166291,0.9350397861063929,0.9142437131916649,0.19219673542806473,0.9410626348018781
2020-03-09,10451.4501953125,10451.4501953125,10751.5498046875,10294.4501953125,10742.0498046875,1565500,-0.13612595661695204,-0.12247538003052483,0.8955383841633434,0.871248107463272,0.25013566160193795,0.8952623839103894
2020-03-11,10458.400390625,10458.400390625,10545.099609375,10334.0,10334.2998046875,1218500,-0.1307484195133608,-0.12641369207242636,0.9022144768227556,0.8736644991298558,0.25168502612649174,0.89616429119298
2020-03-12,9590.150390625,9590.150390625,10040.75,9508.0,10039.9501953125,1343500,-0.20794274141447866,-0.20655346491143378,0.8363963916713782,0.8039277869822883,0.373391406968739,0.822405506187577
2020-03-13,9955.2001953125,9955.2001953125,10159.400390625,8555.150390625,9107.599609375,1388000,-0.1840802514545148,-0.17411304725783217,0.876821601096263,0.8369836050559862,0.40711635526189066,0.8543966165772455
2020-03-16,9197.400390625,9197.400390625,9602.2001953125,9165.099609375,9587.7998046875,897700,-0.24454500987499483,-0.24394571388203867,0.820839353812272,0.7765005359263366,0.47340758473134126,0.7902107976188314
2020-03-17,8967.0498046875,8967.0498046875,9403.7998046875,8915.599609375,9285.400390625,935600,-0.25974436183693983,-0.2662979615612343,0.8116774944811223,0.7605358514994173,0.4737900660068592,0.7713379558996931
2020-03-18,8468.7998046875,8468.7998046875,9127.5498046875,8407.0498046875,9088.4501953125,1516600,-0.2969499790796828,-0.30921640254094074,0.7791914201537745,0.722146810595024,0.4950489139382107,0.7294792173261957
2020-03-19,8263.4501953125,8263.4501953125,8575.4501953125,7832.5498046875,8063.2998046875,925700,-0.3109484931988743,-0.32663094844848406,0.7735683137699192,0.7086734021442046,0.4930898418344276,0.7128903387983476
2020-03-20,8745.4501953125,8745.4501953125,8883.0,8178.2001953125,8284.4501953125,1071500,-0.27877931422940405,-0.2868279794244766,0.8318520760822973,0.7537993629138239,0.5525395889503335,0.7555087255281829
2020-03-23,7610.25,7610.25,8159.25,7583.60009765625,7945.7001953125,653500,-0.3700567223273534,-0.376952067682473,0.7395989940958798,0.6603202693489639,0.7005117649128956,0.6586688193802768
2020-03-24,7801.0498046875,7801.0498046875,8036.9501953125,7511.10009765625,7848.2998046875,738400,-0.34053717457480226,-0.356696675449103,0.7732784720760247,0.6811360769920347,0.7208745619887814,0.6763709623632783
2020-03-25,8317.849609375,8317.849609375,8376.75,7714.75,7735.14990234375,736900,-0.29497204299295177,-0.3207589751556238,0.8389768771957883,0.7304348155692779,0.779789197169394,0.722314888161543
2020-03-26,8641.4501953125,8641.4501953125,8749.0498046875,8304.900390625,8451.0,865600,-0.2600547848343109,-0.29491218718102563,0.8851745495705305,0.7628875837909698,0.8042873034596131,0.7514867631786795
2020-03-27,8660.25,8660.25,9038.900390625,8522.900390625,8949.099609375,801500,-0.2555637570252891,-0.2883029587994632,0.9008170254931405,0.7685142452029458,0.8056885997707263,0.7542459883331504
2020-03-30,8281.099609375,8281.099609375,8576.0,8244.0,8385.9501953125,593300,-0.26073161699064873,-0.3257641564468652,0.8746648698853584,0.7392428642276871,0.8087051597364228,0.722401396971797
2020-03-31,8597.75,8597.75,8678.2998046875,8358.0,8529.349609375,712700,-0.22770654151040848,-0.29680249902356937,0.9204324128433504,0.7716761998062347,0.8297094887995391,0.7510877889501816
2020-04-01,8253.7998046875,8253.7998046875,8588.099609375,8198.349609375,8584.099609375,506300,-0.2697884735159698,-0.3117847470739685,0.8982735262007724,0.7449725471607992,0.828357187732135,0.7221816800340108
2020-04-03,8083.7998046875,8083.7998046875,8356.5498046875,8055.7998046875,8356.5498046875,697000,-0.2815038836825615,-0.3293094492474248,0.8952005561876758,0.7340113006921355,0.8274760386602648,0.7084971032614724
2020-04-07,8792.2001953125,8792.2001953125,8819.400390625,8360.9501953125,8446.2998046875,814200,-0.2197887838040199,-0.2688611573955344,0.9871871988303244,0.8022595900288505,0.899946154572283,0.7716572993903691
2020-04-08,8748.75,8748.75,9131.7001953125,8653.900390625,8688.900390625,896500,-0.20389556852154989,-0.28382274574585087,0.994822767850785,0.8025264382789933,0.8990149674824969,0.768909234015695
2020-04-09,9111.900390625,9111.900390625,9128.349609375,8904.5498046875,8973.0498046875,742100,-0.12816879759789612,-0.25658405653813177,1.0440683532902726,0.839876540321673,0.9048506108429898,0.8018130906052945
2020-04-13,8993.849609375,8993.849609375,9112.0498046875,8912.400390625,9103.9501953125,644000,-0.14003583019854893,-0.27054517384278864,1.0392618054933658,0.833265353760387,0.9046471243294096,0.792411541359181
2020-04-15,8925.2998046875,8925.2998046875,9261.2001953125,8874.099609375,9196.400390625,879100,-0.0693263983208684,-0.278022702434119,1.0353176256491554,0.8313263478435263,0.8551063622091428,0.787324613906776
2020-04-16,8992.7998046875,8992.7998046875,9053.75,8821.900390625,8851.25,719400,-0.09667313280933876,-0.27144281132405224,1.0490028513038716,0.8419928879822279,0.8426251437601128,0.794224333335329
2020-04-17,9266.75,9266.75,9324.0,9091.349609375,9323.4501953125,684200,0.007540131605631606,-0.24998988304803527,1.0805218726593657,0.871845028036526,0.8035157665992532,0.8192962507652816
2020-04-20,9261.849609375,9261.849609375,9390.849609375,9230.7998046875,9390.2001953125,726400,0.032875896878970634,-0.2501953148779419,1.0780975371207473,0.8756273319024431,0.7977794891315957,0.819794327556171
2020-04-21,8981.4501953125,8981.4501953125,9044.400390625,8909.400390625,9016.9501953125,655100,0.06053400746836024,-0.26529399128722386,1.0423484631919326,0.8534793831643589,0.7772026641296038,0.7959414416671271
2020-04-22,9187.2998046875,9187.2998046875,9209.75,8946.25,9026.75,734400,0.11179950112110082,-0.2450769648287111,1.0605529641635763,0.8771841955264298,0.7731141378135437,0.8150913402309151
2020-04-23,9313.900390625,9313.900390625,9343.599609375,9170.150390625,9232.349609375,666700,0.0649995349144159,-0.23069488555161188,1.0716512440799708,0.8932417651764488,0.7499210232997583,0.827234255588905
2020-04-24,9154.400390625,9154.400390625,9296.900390625,9141.2998046875,9163.900390625,659400,0.20290402951611308,-0.24842876565882643,1.0440247413691557,0.8822120339801822,0.5384609995335461,0.8140415024006906
2020-04-27,9282.2998046875,9282.2998046875,9377.099609375,9250.349609375,9259.7001953125,512800,0.18987829036932258,-0.2421529765731839,1.0497444687558781,0.8988195528579953,0.5356771404010483,0.8263550676259351
2020-04-28,9380.900390625,9380.900390625,9404.400390625,9260.0,9389.7998046875,614500,0.1278035587529549,-0.2259344508107105,1.0545562914796434,0.9123990080653354,0.494275541952276,0.8360290532489736
2020-04-29,9553.349609375,9553.349609375,9599.849609375,9392.349609375,9408.599609375,653000,0.105526201442109,-0.20757230842034258,1.0684657180353545,0.9329562143264426,0.48198293333998243,0.8522759227947088
2020-04-30,9859.900390625,9859.900390625,9889.0498046875,9731.5,9753.5,931200,0.13852375977887466,-0.18711402855641202,1.095402392191855,0.9664633671718624,0.49090604157481427,0.8804292552103565
2020-05-04,9293.5,9293.5,9533.5,9266.9501953125,9533.5,687500,0.12225434282650882,-0.2278452491058779,1.0267032892674512,0.9150444198334386,0.5129985915704575,0.8308262032855641
2020-05-05,9205.599609375,9205.599609375,9450.900390625,9190.75,9429.400390625,725200,0.07069868388531875,-0.23043613496076065,1.0135892075659878,0.9105083239734599,0.501414932405227,0.8239776280527101
2020-05-06,9270.900390625,9270.900390625,9346.900390625,9116.5,9226.7998046875,722200,0.12322816278629234,-0.20815004558386974,1.0150952427875248,0.9206657059927865,0.47340410181691245,0.8307670623401731
2020-05-07,9199.0498046875,9199.0498046875,9277.849609375,9175.900390625,9234.0498046875,708700,0.13796111073326034,-0.23211032837097934,1.0011157384751355,0.9177541435688074,0.4658847633090247,0.825200919439982
2020-05-08,9251.5,9251.5,9382.650390625,9238.2001953125,9376.9501953125,609100,0.0522394616233115,-0.2347270320026431,1.004313778172201,0.9273625294160068,0.36502438962357675,0.8307646279558596
2020-05-11,9239.2001953125,9239.2001953125,9439.900390625,9219.9501953125,9348.150390625,704600,0.056059459387055366,-0.23881709459637224,1.0003156231692496,0.930636497658477,0.3642626883545077,0.8305027443812173
2020-05-12,9196.5498046875,9196.5498046875,9240.849609375,9043.9501953125,9168.849609375,805500,0.00928998457331609,-0.2398508803580034,0.9952418600068467,0.9308752038319932,0.33607900392318873,0.82755652439443
2020-05-13,9383.5498046875,9383.5498046875,9584.5,9351.099609375,9584.2001953125,846400,0.04332963216399399,-0.2200847936925986,1.0133420390095378,0.9540652518434238,0.3390155673856108,0.8452086352922169
2020-05-14,9142.75,9142.75,9281.099609375,9119.75,9213.9501953125,602600,0.0243633491390729,-0.24489385400964148,0.9861798373939893,0.9342765346146642,0.3520338509569203,0.8244270065383683
2020-05-15,9136.849609375,9136.849609375,9182.400390625,9050.0,9182.400390625,575900,0.01601834888089182,-0.25115157008199673,0.9847783249269018,0.9385719775376005,0.35127943905252795,0.8248342479050913
2020-05-18,8823.25,8823.25,9158.2998046875,8806.75,9158.2998046875,773000,-0.04785928184099064,-0.2752769305971793,0.9532565851151896,0.9115883526111229,0.3552523921069231,0.7975549925100848
2020-05-19,8879.099609375,8879.099609375,9030.349609375,8855.2998046875,8961.7001953125,762200,-0.041325438885616794,-0.26700490230183016,0.9612780685404989,0.9224962678878399,0.3565703835463097,0.8035904590819166
2020-05-20,9066.5498046875,9066.5498046875,9093.7998046875,8875.349609375,8889.150390625,622300,0.009475041059562317,-0.24732687312640333,0.9811200314934122,0.9468561243691535,0.34859508532278355,0.8214299025908476
2020-05-21,9106.25,9106.25,9178.5498046875,9056.099609375,9079.4501953125,631500,-0.008821939678745117,-0.2406712528663748,0.9858484420622735,0.9558038570654482,0.3390691596555414,0.8258647457752474
2020-05-22,9039.25,9039.25,9149.599609375,8968.5498046875,9067.900390625,675800,-0.02948822502991899,-0.2545502017327643,0.9800520141016988,0.953922293860983,0.33565594168582835,0.8206412200199377
2020-05-26,9029.0498046875,9029.0498046875,9161.650390625,8996.650390625,9099.75,655000,-0.013692932424702708,-0.25261466729287296,0.9796117727064947,0.9579880142846076,0.3304430531034833,0.8205503609556125
2020-05-27,9314.9501953125,9314.9501953125,9334.0,9004.25,9082.2001953125,763500,0.0035174893412204256,-0.21255939542846525,1.010451722024056,0.9927363462835957,0.34589918066858266,0.8472785015392899
2020-05-28,9490.099609375,9490.099609375,9511.25,9336.5,9364.9501953125,837900,0.011640590370102455,-0.19561114307117344,1.0288419307550645,1.0155658313531277,0.35026753569606156,0.8639148647691872
2020-05-29,9580.2998046875,9580.2998046875,9598.849609375,9376.900390625,9422.2001953125,967000,0.002821020523110951,-0.17966350090443983,1.0384690200208384,1.0290694788819208,0.3457697721876393,0.8727652252552388
2020-06-01,9826.150390625,9826.150390625,9931.599609375,9706.9501953125,9726.849609375,794200,-0.0034229554724599653,-0.15534280422604863,1.0653131788315986,1.0589033816009252,0.33887863963197845,0.8956759606704033
2020-06-02,9979.099609375,9979.099609375,9995.599609375,9824.0498046875,9880.849609375,770200,0.07377194914456342,-0.10914815904880937,1.0778893621341146,1.0777524706356445,0.26120843718915193,0.9100900274134638
2020-06-03,10061.5498046875,10061.5498046875,10176.2001953125,10035.5498046875,10108.2998046875,794700,0.09298147123852729,-0.09622062790527952,1.0817943192255373,1.088756487991454,0.2569972205924269,0.9179939197821513
2020-06-04,10029.099609375,10029.099609375,10123.849609375,9944.25,10054.25,775100,0.08178269497067547,-0.11272816056635837,1.073928029731472,1.0877447150701707,0.25820034749454085,0.9154375880124033
2020-06-05,10142.150390625,10142.150390625,10177.7998046875,10040.75,10093.7998046875,987100,0.10252152189206876,-0.09855564922006932,1.080577357291366,1.102215364836096,0.2555621337185898,0.9260611481574451
2020-06-08,10167.4501953125,10167.4501953125,10328.5,10120.25,10326.75,936500,0.09900558777630653,-0.09775044854800785,1.0780128089922367,1.1071739119110926,0.2556800795600158,0.9287022786208862
2020-06-09,10046.650390625,10046.650390625,10291.150390625,10021.4501953125,10181.150390625,754200,0.08739394950248602,-0.08579135333718946,1.0606646961451442,1.0958947137514332,0.2617225368162727,0.9180074529362423
2020-06-10,10116.150390625,10116.150390625,10148.75,10036.849609375,10072.599609375,632400,0.09999408533282539,-0.03208165359079862,1.0628427355523664,1.1041488812181006,0.2597630158644907,0.9247451072575255
2020-06-11,9902.0,9902.0,10112.0498046875,9885.0498046875,10094.099609375,715500,0.05525096643633853,-0.053201289857267464,1.0375175481107142,1.0818700025293413,0.2688494026487265,0.9056689365320881
2020-06-12,9972.900390625,9972.900390625,9996.0498046875,9544.349609375,9544.9501953125,796300,0.09079876302261347,0.03991074012501028,1.0404214944636863,1.088857513426315,0.24677972527797534,0.9125514045697274
2020-06-15,9813.7001953125,9813.7001953125,9943.349609375,9726.349609375,9919.349609375,716100,0.07407920835678494,-0.014213676995328162,1.0202109808940585,1.0717517385106932,0.2568103553189805,0.8984838298107664
2020-06-16,9914.0,9914.0,10046.150390625,9728.5,10014.7998046875,899900,0.1236222480378546,0.07791327755019095,1.0248275684189903,1.0812950918690607,0.21335919579819243,0.9081380229662389
2020-06-17,9881.150390625,9881.150390625,10003.599609375,9833.7998046875,9876.7001953125,685400,0.11285499941818244,0.10193994745737411,1.0161689174903525,1.0759244637211145,0.21579443590210567,0.9056153790292777
2020-06-18,10091.650390625,10091.650390625,10111.2001953125,9845.0498046875,9863.25,622900,0.11306402192899356,0.19162698651103405,1.0323748831193607,1.0956183674635525,0.2159748291831486,0.9253002424055441
2020-06-19,10244.400390625,10244.400390625,10272.400390625,10072.650390625,10119.0,892100,0.12498562971859983,0.2397243461860772,1.0419354271281143,1.108229583794597,0.21862390071494195,0.9395963007285054
2020-06-22,10311.2001953125,10311.2001953125,10393.650390625,10277.599609375,10318.75,685400,0.14071412952540308,0.17903595184147658,1.0419895220371334,1.1123158309349979,0.212924430770534,0.9459096400417584
2020-06-23,10471.0,10471.0,10484.7001953125,10301.75,10347.9501953125,669200,0.1597012118112251,0.37590749318353534,1.0504843857594566,1.1237741755170485,0.21305750765609133,0.9607269691021069
2020-06-24,10305.2998046875,10305.2998046875,10553.150390625,10281.9501953125,10529.25,854800,0.10631829356139422,0.32101448685730016,1.0287502325201012,1.1010587579860276,0.20896651300310704,0.945850317237157
2020-06-25,10288.900390625,10288.900390625,10361.7998046875,10194.5,10235.5498046875,994200,0.08417201232122862,0.23696638840746043,1.023034177444015,1.0954616044951564,0.2038055374397727,0.9446990916563464
2020-06-26,10383.0,10383.0,10409.849609375,10311.25,10378.900390625,671900,0.08378654235014138,0.20153443754523903,1.0282870398863087,1.1020745749057579,0.20368400497371353,0.953629368005102
2020-06-29,10312.400390625,10312.400390625,10337.9501953125,10223.599609375,10311.9501953125,574500,0.049485300007612754,0.19077398350220842,1.0188419906641621,1.0913911510856045,0.19061846407845742,0.9474217960653297
2020-06-30,10302.099609375,10302.099609375,10401.0498046875,10267.349609375,10382.599609375,556200,0.032367649652134345,0.24404971505378747,1.0162028598818198,1.0864280858270858,0.18454979210548383,0.9467890826458862
2020-07-01,10430.0498046875,10430.0498046875,10447.0498046875,10299.599609375,10323.7998046875,573600,0.03662457644729078,0.21311387336076293,1.0269574712404566,1.0963904214420128,0.1870729629009704,0.9587100827982117
2020-07-02,10551.7001953125,10551.7001953125,10598.2001953125,10485.5498046875,10493.0498046875,597400,0.052108425112159074,0.27840515217245465,1.0362692278023853,1.1047306268783612,0.18917778341197844,0.9700225533360443
2020-07-03,10607.349609375,10607.349609375,10631.2998046875,10562.650390625,10614.9501953125,525200,0.04586790777427363,0.3121737135578475,1.039360243480264,1.1056880905701187,0.18672458533416497,0.9752462617402147
2020-07-06,10763.650390625,10763.650390625,10811.400390625,10695.099609375,10723.849609375,571200,0.058638123016069965,0.22422717312141782,1.0516037000361722,1.118150894896335,0.1918386740112489,0.9896997062368402
2020-07-07,10799.650390625,10799.650390625,10813.7998046875,10689.7001953125,10802.849609375,636800,0.07495035367237013,0.2344221049435633,1.0512539638432579,1.1179210647831186,0.18369679122314925,0.993102712422226
2020-07-08,10705.75,10705.75,10847.849609375,10676.5498046875,10818.650390625,767900,0.05828300159726796,0.17491956025055666,1.0391316426500408,1.1051620574960381,0.1883126419778168,0.9846172930112308
2020-07-09,10813.4501953125,10813.4501953125,10836.849609375,10733.0,10755.5498046875,618700,0.09204708092430813,0.20231610099870756,1.0449630492407551,1.1127962550259674,0.1664477141253535,0.9946000308351014
2020-07-10,10768.0498046875,10768.0498046875,10819.400390625,10713.0,10764.099609375,590700,0.07973100932703381,0.20646365279877799,1.0365931872647987,1.1046328889714907,0.16883061003132,0.9905644331847474
2020-07-13,10802.7001953125,10802.7001953125,10894.0498046875,10756.0498046875,10851.849609375,554100,0.10077748253124685,0.20126105661571492,1.0350018727539576,1.1047688164648892,0.15164043962306412,0.9938437500865304
2020-07-14,10607.349609375,10607.349609375,10755.650390625,10562.900390625,10750.849609375,532400,0.06993641409874929,0.14466772162570485,1.0129210278368626,1.0823176340943963,0.17065696238211175,0.9759659706974347
2020-07-15,10618.2001953125,10618.2001953125,10827.4501953125,10577.75,10701.0,715900,0.074591497502841,0.146444894178003,1.0104014401493675,1.080931515038119,0.1690852631822936,0.9770643058175135
2020-07-16,10739.9501953125,10739.9501953125,10755.2998046875,10595.2001953125,10706.2001953125,694400,0.06424120729447402,0.19579243460235163,1.0188442112769167,1.0900733242880691,0.15900238361024108,0.9882515007801034
2020-07-17,10901.7001953125,10901.7001953125,10933.4501953125,10749.650390625,10752.0,676900,0.06416186205383156,0.186605469188051,1.0309743041267627,1.1032908085024467,0.15892851653289164,1.0033070999998406
2020-07-20,11022.2001953125,11022.2001953125,11037.900390625,10953.0,10999.4501953125,554300,0.06895414564089464,0.18341400842197175,1.038877325438133,1.112280873394403,0.16098669330532453,1.014666850151277
2020-07-21,11162.25,11162.25,11179.5498046875,11113.25,11126.099609375,772000,0.06601566230541489,0.21933163546475787,1.0486613181209448,1.1226226352748514,0.1585329208184645,1.027760866793711
2020-07-22,11132.599609375,11132.599609375,11238.099609375,11056.5498046875,11231.2001953125,765100,0.08027906226572767,0.19933635452639775,1.0418270819748483,1.1161787647739896,0.14355385340296622,1.0251759922143013
2020-07-23,11215.4501953125,11215.4501953125,11239.7998046875,11103.150390625,11135.0,621600,0.09005333607192378,0.19556223052116573,1.0450497268085257,1.1210488587062113,0.14257254015563006,1.0329747182022693
2020-07-24,11194.150390625,11194.150390625,11225.400390625,11090.2998046875,11149.9501953125,678900,0.07812293081238564,0.17175135929703966,1.0391379865313046,1.1158696375345387,0.14301677683190486,1.0311640718768138
2020-07-27,11131.7998046875,11131.7998046875,11225.0,11087.849609375,11225.0,588100,0.07945768036774603,0.1289971869565587,1.0294349310911006,1.107314439999331,0.14186516284172407,1.0255824204774056
2020-07-28,11300.5498046875,11300.5498046875,11317.75,11151.400390625,11154.099609375,683900,0.09691715603331019,0.21596274866169907,1.0402379694671138,1.120372531044368,0.1460034851813589,1.0411579704595408
2020-07-29,11202.849609375,11202.849609375,11341.400390625,11149.75,11276.900390625,600700,0.0740935871984223,0.21696033770206524,1.0275894530344671,1.1070327607678185,0.15027582425977629,1.0322093727301909
2020-07-30,11102.150390625,11102.150390625,11299.9501953125,11084.9501953125,11254.2998046875,677800,0.05216696694595546,0.19752666114844808,1.0157883645174035,1.093783131868004,0.15347282428873557,1.0229653512394188
2020-07-31,11073.4501953125,11073.4501953125,11150.400390625,11026.650390625,11139.5,642600,0.04394128628753324,0.20376021767703367,1.0110066905782182,1.0876081898162246,0.15415672635213792,1.020345771877565
2020-08-03,10891.599609375,10891.599609375,11058.0498046875,10882.25,11057.5498046875,680900,0.011887158548129939,0.17727931788088425,0.9938232399818769,1.0668829092257777,0.16030201934618787,1.003784453470898
2020-08-04,11095.25,11095.25,11112.25,10908.099609375,10946.650390625,625700,0.027371220241685368,0.20088857968779217,1.011042162344612,1.0835481051998739,0.17236484052257028,1.0226187892788774
2020-08-05,11101.650390625,11101.650390625,11225.650390625,11064.0498046875,11155.75,667600,0.036980163988977965,0.2071538377323272,1.0098039075912915,1.0808217163467946,0.16826077810103587,1.0233046140084192
2020-08-06,11200.150390625,11200.150390625,11256.7998046875,11127.2998046875,11185.7001953125,600400,0.03576103725711244,0.19359417531199408,1.0169748854522032,1.0872066702221557,0.16755129143586656,1.0324510329461956
2020-08-07,11214.0498046875,11214.0498046875,11231.900390625,11142.0498046875,11186.650390625,452600,0.04141882774407768,0.22655107103305894,1.0161793506904642,1.0849202821202186,0.16608885055445172,1.0338343981979836
2020-08-10,11270.150390625,11270.150390625,11337.2998046875,11238.0,11270.25,492000,0.0432716068076513,0.23348318867600648,1.0191045961604623,1.0866100714002163,0.16637644209367108,1.039099216667397
2020-08-11,11322.5,11322.5,11373.599609375,11299.150390625,11322.25,586100,0.06742027150617669,0.28325730314793307,1.0205385289000446,1.0872907045644684,0.14804066035265126,1.044052802436671
2020-08-12,11308.400390625,11308.400390625,11322.0,11242.650390625,11289.0,609900,0.065001618223133,0.27359764932527875,1.016107064065505,1.0817308915015407,0.1487133303804637,1.0429226242970333
2020-08-13,11300.4501953125,11300.4501953125,11359.2998046875,11269.9501953125,11334.849609375,562400,0.05218832395001538,0.24638924825296282,1.0128422035596583,1.0771342045912067,0.14598670032930017,1.0423277914094666
2020-08-14,11178.400390625,11178.400390625,11366.25,11111.4501953125,11353.2998046875,645100,0.02538138000084378,0.22755254804392577,1.0006622326578274,1.0620046912741885,0.14564364393838333,1.0312726626903665
2020-08-17,11247.099609375,11247.099609375,11267.099609375,11144.5,11248.900390625,634000,0.02040422148729837,0.24425141570097075,1.0057995541988702,1.0648089481206144,0.1423141037625996,1.0377711710823796
2020-08-18,11385.349609375,11385.349609375,11401.7001953125,11253.150390625,11259.7998046875,579200,0.01998697479226852,0.2609687459542209,1.0171482325988588,1.073904853391673,0.14187807752004314,1.0506237531700577
2020-08-19,11408.400390625,11408.400390625,11460.349609375,11394.099609375,11452.150390625,626200,0.024774157961968024,0.22474088979734663,1.0179534536501793,1.0725492977967859,0.1412528572496302,1.052934703131548
2020-08-20,11312.2001953125,11312.2001953125,11361.4501953125,11289.7998046875,11317.4501953125,791600,0.008626492768024407,0.19200015394332626,1.0089341641513194,1.060477417846778,0.14325689466275987,1.0443122707708072
2020-08-21,11371.599609375,11371.599609375,11418.5,11362.2001953125,11409.650390625,668700,0.01585195951080065,0.1869774267200952,1.0134300311216402,1.0630705772434488,0.1439558332524956,1.0500410450711741
2020-08-24,11466.4501953125,11466.4501953125,11497.25,11410.650390625,11412.0,532900,0.0300625591994641,0.1669320883031149,1.0203615027117088,1.0692050717439292,0.14424579840012447,1.059006826841106
2020-08-25,11472.25,11472.25,11525.900390625,11423.349609375,11513.099609375,638200,0.015193968282966042,0.14962776694023971,1.0200983023866435,1.0672692685650886,0.13505143873794426,1.0597720261150876
2020-08-26,11549.599609375,11549.599609375,11561.75,11461.849609375,11512.849609375,743400,0.030951946343172,0.14789469153094514,1.0253953548228094,1.0719918063698555,0.1318042680459858,1.067098532699028
2020-08-27,11559.25,11559.25,11617.349609375,11540.599609375,11609.2998046875,719800,0.041172168750388094,0.15257106322831282,1.0241739746789784,1.070353939378101,0.12584486332691272,1.0681908997317373
2020-08-28,11647.599609375,11647.599609375,11686.0498046875,11589.400390625,11602.9501953125,807000,0.05184918918094228,0.14843491377741524,1.029383655610356,1.076034869989276,0.12610311682570954,1.0765365744072628
2020-08-31,11387.5,11387.5,11794.25,11325.849609375,11777.5498046875,1371800,0.04553053806698437,0.11999565094992848,1.004196236107024,1.0500336955748075,0.1393195328683597,1.0527500068609132
2020-09-01,11470.25,11470.25,11553.5498046875,11366.900390625,11464.2998046875,783800,0.03379824699758904,0.141698929894428,1.0098237742334824,1.055355090999804,0.12702548168178393,1.060617350178304
2020-09-02,11535.0,11535.0,11554.75,11430.400390625,11478.5498046875,593500,0.03903470151978028,0.1402558833733729,1.0135907698833322,1.0590084633871628,0.1277171285559083,1.066755222879076
2020-09-03,11527.4501953125,11527.4501953125,11584.9501953125,11507.650390625,11566.2001953125,607100,0.029222804451042306,0.1641537260465058,1.0114728574163556,1.0556896565794585,0.1253180445250656,1.0662269379265124
2020-09-04,11333.849609375,11333.849609375,11452.0498046875,11303.650390625,11354.400390625,681300,0.01068300986477011,0.1364647359788489,0.9939630117351721,1.0358079616157814,0.14129541123161657,1.0485922741991933
2020-09-07,11355.0498046875,11355.0498046875,11381.150390625,11251.7001953125,11359.599609375,560300,0.007533121663853226,0.15706100438153014,0.9954516548468331,1.035314801871006,0.14042065209189555,1.0508110519789837
2020-09-08,11317.349609375,11317.349609375,11437.25,11290.4501953125,11378.5498046875,572200,-0.0004548810443806284,0.14155231081047015,0.9921690289081396,1.0296815850290806,0.14006078441142658,1.0476241003305593
2020-09-09,11278.0,11278.0,11298.150390625,11185.150390625,11218.599609375,728900,-0.0026883015789043174,0.1413650793839043,0.9888511000154967,1.0239326139517984,0.1405441572297754,1.0443301357827297
2020-09-10,11449.25,11449.25,11464.0498046875,11327.400390625,11363.2998046875,679400,0.013167599707595956,0.1345270155847047,1.0032118092665099,1.037349440204966,0.15049806551538059,1.0604425854043011
2020-09-11,11464.4501953125,11464.4501953125,11493.5,11419.900390625,11447.7998046875,554800,0.025589511440957224,0.11909431085922884,1.0032863499031093,1.0368164523089878,0.14421889435212618,1.0620717534904667
2020-09-14,11440.0498046875,11440.0498046875,11568.900390625,11383.5498046875,11540.150390625,642300,0.017155551387814327,0.10947800333545832,1.0003064634324828,1.0328523370279021,0.1435023601754057,1.060122469640565
2020-09-15,11521.7998046875,11521.7998046875,11535.9501953125,11442.25,11487.2001953125,506700,0.011984717201845463,0.10035333823775194,1.0068539591615324,1.0385908554772387,0.13922470867680337,1.0679533292750136
2020-09-16,11604.5498046875,11604.5498046875,11618.099609375,11516.75,11538.4501953125,527800,0.01719341952827036,0.12607590508031796,1.0132168506666892,1.0440122087585484,0.14110251678444213,1.075870796461064
2020-09-17,11516.099609375,11516.099609375,11587.2001953125,11498.5,11539.400390625,0,0.018024735289514426,0.1192740887906929,1.0045998460236467,1.0341517779485725,0.14041492836509822,1.0679848747097638
2020-09-18,11504.9501953125,11504.9501953125,11584.099609375,11446.099609375,11584.099609375,764200,0.011726633940537523,0.10805645721973423,1.0030438255555831,1.031418601503206,0.13959409749366256,1.0672236145647407
2020-09-21,11250.5498046875,11250.5498046875,11535.25,11218.5,11503.7998046875,602900,-0.01882887789572929,0.09097294310986714,0.9817882743768459,1.0071997669250807,0.15828245271892186,1.0440111350543937
2020-09-22,11153.650390625,11153.650390625,11302.2001953125,11084.650390625,11301.75,672200,-0.02777132727886855,0.08265798366724009,0.9746872232851544,0.9972578026539582,0.1604865802745262,1.0354230281666834
2020-09-23,11131.849609375,11131.849609375,11259.5498046875,11024.400390625,11258.75,714900,-0.036170085035753585,0.06728633303094056,0.9745609802250372,0.9942687601133439,0.1575874590180663,1.0338365325358285
2020-09-24,10805.5498046875,10805.5498046875,11015.2998046875,10790.2001953125,11011.0,706100,-0.06520320914527322,0.024057697307185766,0.9491257513693213,0.9647599136508804,0.1856038539312013,1.004097941716205
2020-09-25,11050.25,11050.25,11072.599609375,10854.849609375,10910.400390625,559600,-0.05128521149492482,0.041754105119110596,0.9731725376513689,0.985957853857733,0.20373400871540753,1.0272523645123237
2020-09-28,11227.5498046875,11227.5498046875,11239.349609375,11099.849609375,11140.849609375,472800,-0.014046120334796908,0.04309870696530149,0.9894838800389345,1.001086811321681,0.199521339640715,1.0440790306443182
2020-09-29,11222.400390625,11222.400390625,11305.400390625,11181.0,11288.599609375,498300,-0.021608039003073176,0.03914478568370905,0.9901114116129655,0.9999994416281434,0.19731316102588392,1.0439080971701913
2020-09-30,11247.5498046875,11247.5498046875,11295.400390625,11184.5498046875,11244.4501953125,499300,-0.02491982620827915,0.05060829971627401,0.9935901587541781,1.0014346473686817,0.19614485509253105,1.0465700239934599
2020-10-01,11416.9501953125,11416.9501953125,11428.599609375,11347.0498046875,11364.4501953125,447700,-0.009585814566774986,0.055810124345105905,1.009047197400372,1.0156078180470267,0.2044303999958028,1.0626068137199898
2020-10-05,11503.349609375,11503.349609375,11578.0498046875,11452.2998046875,11487.7998046875,530600,0.014955201087174741,0.06828532724351,1.0159223477280037,1.0221792403431773,0.1966117476938992,1.070938971740684
2020-10-06,11662.400390625,11662.400390625,11680.2998046875,11564.2998046875,11603.4501953125,561400,0.027067304082684096,0.07958197300389225,1.0285730054624374,1.0349946156836407,0.2019502110886045,1.0859442101190397
2020-10-07,11738.849609375,11738.849609375,11763.0498046875,11629.349609375,11679.25,513400,0.03724370232857699,0.10667132145809122,1.0333946992771446,1.0400385835055779,0.20196459435508313,1.0932796898787451
2020-10-08,11834.599609375,11834.599609375,11905.7001953125,11791.150390625,11835.400390625,608800,0.049352687477832946,0.11455796572751487,1.0392776087436248,1.0466418889561846,0.20211834431717274,1.1023959111646862
2020-10-09,11914.2001953125,11914.2001953125,11938.599609375,11805.2001953125,11852.0498046875,611100,0.04060966397908161,0.10933477145103576,1.0441362548344608,1.0518611063982672,0.1972910286990091,1.1099893418553983
2020-10-12,11930.9501953125,11930.9501953125,12022.0498046875,11867.2001953125,11973.5498046875,522600,0.04069100498083533,0.09441187902438886,1.0434711733780835,1.0517470541992784,0.1972877367573363,1.1117263758798024
2020-10-13,11934.5,11934.5,11988.2001953125,11888.900390625,11934.650390625,458300,0.04322098275393005,0.08276930091285051,1.0415296300562285,1.0506517242820075,0.1968020822604631,1.1122272416523675
2020-10-14,11971.0498046875,11971.0498046875,11997.2001953125,11822.150390625,11917.400390625,569200,0.038991304103134006,0.07245849221147171,1.0426753788866527,1.0526202260803565,0.19595831441040854,1.115760073365226
2020-10-15,11680.349609375,11680.349609375,12025.4501953125,11661.2998046875,12023.4501953125,608900,0.0065319039483016095,0.049202344395708586,1.01701974064142,1.0262350248983094,0.21605091974084564,1.088891825412284
2020-10-16,11762.4501953125,11762.4501953125,11789.75,11667.849609375,11727.400390625,555800,0.021391842229026237,0.04877200562386874,1.023071077562703,1.0326212596714437,0.215135474385227,1.0967926977854046
2020-10-19,11873.0498046875,11873.0498046875,11898.25,11820.400390625,11879.2001953125,541400,0.03199488942811546,0.06064769458797614,1.031040266030372,1.0412963992513837,0.21696051603548536,1.1073032087240582
2020-10-20,11896.7998046875,11896.7998046875,11949.25,11837.25,11861.0,453600,0.05744163718387729,0.0687220407680944,1.0302119356655708,1.042213923071572,0.19769283568899557,1.109658742879618
2020-10-21,11937.650390625,11937.650390625,12018.650390625,11775.75,11958.5498046875,623700,0.07029088886083223,0.056377839746631464,1.0302521767490302,1.0448207125187767,0.1930140552567059,1.1136479778692803
2020-10-22,11896.4501953125,11896.4501953125,11939.5498046875,11823.4501953125,11890.0,544900,0.06868585300447916,0.06191287128920009,1.0233201875120768,1.0401623384255392,0.19363859277235881,1.1099754230261454
2020-10-23,11930.349609375,11930.349609375,11974.5498046875,11908.75,11957.900390625,502300,0.10409463886784875,0.07459809042483845,1.0212954534225753,1.0418689028747712,0.14929058776519952,1.1131709036314457
2020-10-26,11767.75,11767.75,11942.849609375,11711.7001953125,11937.400390625,519800,0.064930657677428,0.06269950127932167,1.0042918891321286,1.0266317375584222,0.14836749532989657,1.0981455286300337
2020-10-27,11889.400390625,11889.400390625,11899.0498046875,11723.0,11807.099609375,616300,0.05894879982284085,0.09161195940320255,1.0118162869793585,1.0357419781354404,0.14319321017213427,1.109568109911956
2020-10-28,11729.599609375,11729.599609375,11929.400390625,11684.849609375,11922.599609375,704000,0.045195252450064505,0.05717307941461436,0.9960671547118826,1.0208807236939692,0.1543045032802786,1.0949032921348865
2020-10-29,11670.7998046875,11670.7998046875,11744.150390625,11606.4501953125,11633.2998046875,555000,0.03763041794432476,0.05126709939840368,0.9892960630489314,1.0149251908633439,0.1564265984519982,1.0897126436071276
2020-10-30,11642.400390625,11642.400390625,11748.9501953125,11535.4501953125,11678.4501953125,553700,0.019746971954477388,0.039486076934304615,0.985946630478019,1.0118069426134093,0.1491155960716924,1.0874098054384647
2020-11-02,11669.150390625,11669.150390625,11725.650390625,11557.400390625,11697.349609375,568400,0.014413261083091378,0.04058307158108643,0.9875186905433123,1.0134636407112292,0.1472047149074315,1.090261199031524
2020-11-03,11813.5,11813.5,11836.2001953125,11723.2998046875,11734.4501953125,674300,0.012956132898375161,0.04821138942626546,0.9990957115687679,1.0251940666610673,0.14559858557348046,1.1040211813212197
2020-11-04,11908.5,11908.5,11929.650390625,11756.400390625,11783.349609375,667300,0.014452045666341284,0.05175535438286594,1.0064081029860112,1.0325631496281522,0.14648192487719913,1.1131318302334514
2020-11-05,12120.2998046875,12120.2998046875,12131.099609375,12027.599609375,12062.400390625,632500,0.024141095156795744,0.07179613261090312,1.0230725683801207,1.0496962908422736,0.156406327764206,1.1330524292100272
2020-11-06,12263.5498046875,12263.5498046875,12280.400390625,12131.849609375,12156.650390625,576800,0.02932212012959523,0.08522665847193411,1.0336402506384437,1.0606282051284939,0.15975430953729683,1.1464230938296223
2020-11-09,12461.0498046875,12461.0498046875,12474.0498046875,12367.349609375,12399.400390625,553400,0.04443062796316655,0.11474355625499166,1.0479455530833288,1.0757203809726064,0.1678727088249184,1.1647272887651143
2020-11-10,12631.099609375,12631.099609375,12643.900390625,12475.25,12556.400390625,847500,0.058368562518329226,0.12305394706795059,1.0591439885785932,1.0882332433073172,0.17244085507598694,1.1803325865384977
2020-11-11,12749.150390625,12749.150390625,12769.75,12571.099609375,12680.599609375,880500,0.06499852549546814,0.11978558656881377,1.0655666286954357,1.0962571096999292,0.1739652080630389,1.1910474883284667
2020-11-12,12690.7998046875,12690.7998046875,12741.150390625,12624.849609375,12702.150390625,622000,0.08650855745803043,0.11240834561840307,1.0562296405635068,1.0892379121174616,0.1435001016670319,1.185351242150828
2020-11-13,12719.9501953125,12719.9501953125,12735.9501953125,12607.7001953125,12659.7001953125,513900,0.08140310769448167,0.12444528700821067,1.0544542540067474,1.0895457739130634,0.14323054082848552,1.187740618226424
2020-11-17,12874.2001953125,12874.2001953125,12934.0498046875,12797.099609375,12932.5,707700,0.0843212491393528,0.13213625501716764,1.0628308419182002,1.100397791720679,0.1448992242535534,1.2016847386902043
2020-11-18,12938.25,12938.25,12948.849609375,12819.349609375,12860.099609375,731300,0.08754036483846317,0.12835705729478275,1.0635464519251527,1.1035585456625632,0.14472510942647984,1.2072075263517157
2020-11-19,12771.7001953125,12771.7001953125,12963.0,12745.75,12839.5,768800,0.0698671662677024,0.11326899216043063,1.0462691429247297,1.087344193840379,0.15703979056358522,1.1912585644833231
2020-11-20,12859.0498046875,12859.0498046875,12892.4501953125,12730.25,12813.400390625,664000,0.08091486061567243,0.11337624156681558,1.0492877159952885,1.0927504984119738,0.15533499587610333,1.1989044396757622
2020-11-23,12926.4501953125,12926.4501953125,12968.849609375,12825.7001953125,12960.2998046875,633100,0.08349299212109873,0.11827758680818401,1.0505181744484995,1.096355151089506,0.15535262875491182,1.2045042451208545
2020-11-24,13055.150390625,13055.150390625,13079.099609375,12978.0,13002.599609375,571900,0.10940072576533333,0.12084470864855978,1.0554561095912405,1.1050720932092946,0.14161592101638812,1.2158874444514303
2020-11-25,12858.400390625,12858.400390625,13145.849609375,12833.650390625,13130.0,679000,0.08150116643090533,0.12916798161361132,1.0354936531019876,1.0861639969873218,0.1574407685643188,1.1971343566368737
2020-11-26,12987.0,12987.0,13018.0,12790.400390625,12906.4501953125,549800,0.10719891833477502,0.13223338636908522,1.040581429105106,1.0946893986318922,0.1444523221705407,1.2086294563338604
2020-11-27,12968.9501953125,12968.9501953125,13035.2998046875,12914.2998046875,13012.0498046875,1162400,0.11123062792179894,0.12431297748699599,1.0337589157605664,1.0909702120795555,0.1416244012539553,1.2064609094307486
2020-12-01,13109.0498046875,13109.0498046875,13128.400390625,12962.7998046875,13062.2001953125,583600,0.12597483034886126,0.13720290112536238,1.0388538300774117,1.100315737684647,0.13982464720601387,1.2188830274648512
2020-12-02,13113.75,13113.75,13128.5,12983.5498046875,13121.400390625,717700,0.12379646855315118,0.1570428805719042,1.0333116160715718,1.0979763455388258,0.14065928642339748,1.2187501399242464
2020-12-03,13133.900390625,13133.900390625,13216.599609375,13107.900390625,13215.2998046875,713700,0.11177046519871325,0.15665722445384334,1.0295435816461196,1.0969405436988235,0.13928484574122696,1.2200940509360645
2020-12-04,13258.5498046875,13258.5498046875,13280.0498046875,13152.849609375,13177.400390625,640500,0.11336858585779064,0.17152427576368767,1.0338441464884218,1.1043670774497734,0.13974832260366468,1.2310537744115906
2020-12-07,13355.75,13355.75,13366.650390625,13241.9501953125,13264.849609375,591700,0.10193231316231066,0.1842303599929065,1.036431163699631,1.109263749963741,0.1323445205203009,1.2393640072365515
2020-12-08,13392.9501953125,13392.9501953125,13435.4501953125,13311.0498046875,13393.849609375,543200,0.09209408438927769,0.16976659565582897,1.0347833623998097,1.1093685818760814,0.1299532817737315,1.2420397068700721
2020-12-09,13529.099609375,13529.099609375,13548.900390625,13449.599609375,13458.099609375,502600,0.0857110613815002,0.18009144606923044,1.0410074628489083,1.1174610188438747,0.12458535935881028,1.2537726513952325
2020-12-10,13478.2998046875,13478.2998046875,13503.5498046875,13399.2998046875,13488.5,553400,0.0670725607043503,0.17816793062953606,1.033729267894087,1.110150162560535,0.12232074080227444,1.2482826810896943
2020-12-11,13513.849609375,13513.849609375,13579.349609375,13402.849609375,13512.2998046875,787700,0.05998040616983524,0.1728939782374157,1.0334253091916816,1.11004271358183,0.12021355959992637,1.2507451288638263
2020-12-14,13558.150390625,13558.150390625,13597.5,13472.4501953125,13571.4501953125,558400,0.06834483242081668,0.16834781347126193,1.0333859558152023,1.1107110153385615,0.11690178801181769,1.2538422136057528
2020-12-15,13567.849609375,13567.849609375,13589.650390625,13447.0498046875,13547.2001953125,497600,0.06665901996809431,0.17816362046136835,1.0307944190141396,1.1084005309449187,0.11721693941761448,1.253713129390474
2020-12-16,13682.7001953125,13682.7001953125,13692.349609375,13606.4501953125,13663.099609375,462200,0.06280001768920562,0.1892880858265069,1.0363371774853263,1.114478474473214,0.11426579389244353,1.2631560462941367
2020-12-17,13740.7001953125,13740.7001953125,13773.25,13673.5498046875,13713.5498046875,416000,0.06202154041794672,0.22133588436606777,1.0375770378520492,1.1154320106433497,0.1141322426120399,1.2672777282918748
2020-12-18,13760.5498046875,13760.5498046875,13772.849609375,13658.599609375,13764.400390625,519400,0.07742505651189102,0.23372611860361725,1.0352109851710474,1.1131173657348643,0.09767621695580114,1.267612679657198
2020-12-21,13328.400390625,13328.400390625,13777.5,13131.4501953125,13741.900390625,687300,0.036499632015299266,0.19732127708589542,1.0009331154310002,1.0749765460540766,0.15894731157795575,1.2265629291228797
2020-12-22,13466.2998046875,13466.2998046875,13492.0498046875,13192.900390625,13373.650390625,696200,0.04176317559872422,0.24623920560208368,1.0092432418140738,1.082227832135297,0.16139740091692778,1.2380211394166571
2020-12-23,13601.099609375,13601.099609375,13619.4501953125,13432.2001953125,13473.5,458700,0.04181868476536654,0.2308408958507726,1.017264775179043,1.089339184020448,0.16143192980038018,1.2490645894721113
2020-12-24,13749.25,13749.25,13771.75,13626.900390625,13672.150390625,471400,0.06928152665276421,0.22459933281789501,1.0249308482456623,1.0975104776393323,0.1506511419809164,1.261233675031177
2020-12-28,13873.2001953125,13873.2001953125,13885.2998046875,13811.5498046875,13815.150390625,403600,0.06823748327654577,0.2362061334847696,1.0307659633289217,1.1035129499087675,0.15012231341630358,1.2709227784129877
2020-12-29,13932.599609375,13932.599609375,13967.599609375,13859.900390625,13910.349609375,439600,0.07430434997050117,0.2387230864777754,1.0314866523835673,1.1043068478078948,0.14911763488489355,1.2743323812286023
2020-12-30,13981.9501953125,13981.9501953125,13997.0,13864.9501953125,13980.900390625,380700,0.06658761722858597,0.2246659533518085,1.031806285505638,1.1044760087768923,0.14670202494247167,1.276788780908872
2020-12-31,13981.75,13981.75,14024.849609375,13936.4501953125,13970.0,452400,0.0661900676770566,0.215450323148064,1.0284975134978378,1.1008681308514847,0.146804511800375,1.2742155230063283
2021-01-04,14132.900390625,14132.900390625,14147.9501953125,13953.75,14104.349609375,495000,0.07606270569198825,0.21183460670634746,1.0358102357777372,1.1091732265601495,0.14904326825004133,1.2855432590437883
2021-01-05,14199.5,14199.5,14215.599609375,14048.150390625,14075.150390625,492500,0.07096931483259428,0.20961597366916185,1.0371152441958236,1.110824774802118,0.14754669068523682,1.2886695300490085
2021-01-06,14146.25,14146.25,14244.150390625,14039.900390625,14240.9501953125,632300,0.05918799019149046,0.1953298351381303,1.030251731736695,1.103333586562463,0.14891064751896924,1.2808266753245006
2021-01-07,14137.349609375,14137.349609375,14256.25,14123.099609375,14253.75,559200,0.055581436741475976,0.18659661392437998,1.0268201490957043,1.0994620664672703,0.14943038826617205,1.276744432725464
2021-01-08,14347.25,14347.25,14367.2998046875,14221.650390625,14258.400390625,613500,0.06047338065705876,0.20252366870467942,1.0389785810219228,1.1123023742387392,0.15332192259528743,1.2921508227478045
2021-01-11,14484.75,14484.75,14498.2001953125,14383.099609375,14474.0498046875,672900,0.07467189555781184,0.21368720935104113,1.0451272236466653,1.1192741013198158,0.15288388248823204,1.3011715779105626
2021-01-12,14563.4501953125,14563.4501953125,14590.650390625,14432.849609375,14473.7998046875,929600,0.07766851165854005,0.21655581030244275,1.0468417316374419,1.1216107568008764,0.15296984696041946,1.304168274916774
2021-01-13,14564.849609375,14564.849609375,14653.349609375,14435.7001953125,14639.7998046875,874000,0.07425048326990824,0.24695322455800572,1.0431679859746756,1.1175806707138345,0.15351317929870684,1.3003554441498273
2021-01-14,14595.599609375,14595.599609375,14617.7998046875,14471.5,14550.0498046875,620200,0.0757489233437445,0.24086388184593965,1.0415370042565166,1.1158970529211882,0.15324753102764194,1.2994592118592179
2021-01-15,14433.7001953125,14433.7001953125,14617.4501953125,14357.849609375,14594.349609375,789600,0.05488682710867865,0.21566913579475178,1.0272313941505642,1.099930197490775,0.1607321554750716,1.2817402652065648
2021-01-18,14281.2998046875,14281.2998046875,14459.150390625,14222.7998046875,14453.2998046875,762000,0.03934294480563816,0.2004320522448797,1.0144337555650549,1.0850303599386346,0.16732551352138794,1.265049507577455
2021-01-19,14521.150390625,14521.150390625,14546.0498046875,14350.849609375,14371.650390625,546100,0.05527399680486633,0.21641612172097968,1.0286920289567072,1.099655757801483,0.17526368003171797,1.2827504787625825
2021-01-20,14644.7001953125,14644.7001953125,14666.4501953125,14517.5498046875,14538.2998046875,623100,0.0987590232968516,0.23101429038747034,1.0326298843751918,1.1051784418034598,0.11917437027510408,1.2902184958869791
2021-01-21,14590.349609375,14590.349609375,14753.5498046875,14517.25,14730.9501953125,704600,0.08347131884708436,0.22296077542520143,1.0247365150138927,1.0974052657871085,0.12083337460034574,1.2818521069904592
2021-01-25,14238.900390625,14238.900390625,14491.099609375,14218.599609375,14477.7998046875,618600,0.046893324772827594,0.2099934473986107,0.9978180078801474,1.067663824898503,0.1550469702069066,1.2476018400351523
2021-01-27,13967.5,13967.5,14237.9501953125,13929.2998046875,14237.9501953125,660700,0.01587359310507841,0.1747859051843874,0.9780511800685529,1.044600795339983,0.16918373485311283,1.2210534705082645
2021-01-28,13817.5498046875,13817.5498046875,13898.25,13713.25,13810.400390625,637900,-0.004011359300055584,0.17800694523653515,0.9677397203519756,1.0307038590786324,0.1710375355823736,1.2052742631134936
2021-01-29,13634.599609375,13634.599609375,13966.849609375,13596.75,13946.599609375,753200,-0.02138868612857292,0.1682660860910965,0.9559239934359633,1.0145798530277466,0.1762633353079821,1.1869745855657572
2021-02-01,14281.2001953125,14281.2001953125,14336.349609375,13661.75,13758.599609375,870500,0.021402593759797917,0.22665427370221547,1.0002080240231326,1.0592283125916495,0.24369780199857605,1.240410308889076
2021-02-02,14647.849609375,14647.849609375,14731.7001953125,14469.150390625,14481.099609375,915000,0.04764064651241795,0.2552627328501216,1.0234995511910812,1.0824368027465092,0.25840372850942983,1.2691021070512654
2021-02-03,14789.9501953125,14789.9501953125,14868.849609375,14574.150390625,14754.900390625,869500,0.04649079711361659,0.2519532903299191,1.0310618174291035,1.0889457307781891,0.2579578361240473,1.2782038049953097
2021-02-04,14895.650390625,14895.650390625,14913.7001953125,14714.75,14789.0498046875,884700,0.049026401677876086,0.2508418684658018,1.0359168521585616,1.0927226755008108,0.258402743859,1.284215151142358
2021-02-05,14924.25,14924.25,15014.650390625,14864.75,14952.599609375,935600,0.05499690730759044,0.23134330342456355,1.0351055413579504,1.091080229802426,0.2573944723918021,1.283547836779227
2021-02-08,15115.7998046875,15115.7998046875,15159.900390625,15041.0498046875,15064.2998046875,671200,0.06921029912591625,0.23257947702139092,1.0448456169417533,1.1012567593585632,0.25948946347603824,1.2966016166752459
2021-02-09,15109.2998046875,15109.2998046875,15257.099609375,15064.2998046875,15164.150390625,713300,0.053114694780358684,0.21252222256617603,1.0416528670707084,1.0972548455332845,0.2562226484431285,1.2927605987014685
2021-02-10,15106.5,15106.5,15168.25,14977.2001953125,15119.0498046875,624800,0.04292445503029052,0.19597663443234348,1.0392325529507107,1.093774454766297,0.25504626611695475,1.2893259784169047
2021-02-11,15173.2998046875,15173.2998046875,15188.5,15065.400390625,15073.25,500100,0.04187535241966844,0.19014203611913483,1.0416429153857065,1.0954066378193668,0.2548976310728026,1.2917094760719388
2021-02-12,15163.2998046875,15163.2998046875,15243.5,15081.0,15186.2001953125,571800,0.04108866286729751,0.19482617628927934,1.0388224978255418,1.0914377294523123,0.254988556540454,1.2876348866786056
2021-02-16,15313.4501953125,15313.4501953125,15431.75,15242.2001953125,15371.4501953125,648500,0.049182671842848524,0.2038923077667194,1.0465357599519,1.0988266239704956,0.2565044474858536,1.2971180289845587
2021-02-18,15118.9501953125,15118.9501953125,15250.75,15078.0498046875,15238.7001953125,770600,0.047475698589232396,0.1743603459589913,1.0308297242103248,1.0819655497070444,0.2577079833490015,1.2776314274759826
2021-02-19,14981.75,14981.75,15144.0498046875,14898.2001953125,15074.7998046875,712200,0.04904666976339178,0.15794253473228603,1.0190418860275614,1.0695401909514173,0.2567635749279907,1.2633033472602606
2021-02-22,14675.7001953125,14675.7001953125,15010.099609375,14635.0498046875,14999.0498046875,609900,0.010643082712460394,0.1490796034108921,0.9977003139669623,1.0453233324895739,0.2633334676951967,1.2346945829202982
2021-02-23,14707.7998046875,14707.7998046875,14854.5,14651.849609375,14782.25,744100,0.0043086992928129675,0.14377034291647872,0.99966813216928,1.0453155560684229,0.26175919509316814,1.2345377811837528
2021-02-24,14982.0,14982.0,15008.7998046875,14504.5,14729.150390625,403800,0.0268431121330599,0.15901889332563246,1.0169515692211053,1.0622171998726273,0.26908512788407074,1.2545464960307984
2021-02-25,15097.349609375,15097.349609375,15176.5,15065.349609375,15079.849609375,803900,0.060289010752207384,0.1564286245385973,1.0218042687625986,1.0678185938838027,0.2519811329937689,1.2610912176547402
2021-02-26,14529.150390625,14529.150390625,14919.4501953125,14467.75,14888.599609375,1103600,0.04021123254877401,0.12993451356656593,0.9814824980818002,1.025610556193771,0.2816794839829557,1.2109599442513284
2021-03-01,14761.5498046875,14761.5498046875,14806.7998046875,14638.5498046875,14702.5,507300,0.06831891423179481,0.13664047160140913,0.9940122995305168,1.0398446568772088,0.28155366955764133,1.2275047964815697
2021-03-02,14919.099609375,14919.099609375,14959.099609375,14760.7998046875,14865.2998046875,621700,0.09420885371043775,0.1503706456338587,1.0002953220753443,1.0485421972167022,0.27555753177366926,1.2376611589841597
2021-03-03,15245.599609375,15245.599609375,15273.150390625,14995.7998046875,15064.400390625,544200,0.06752929731907575,0.16298281237161194,1.0188923527986173,1.0688143286046332,0.2371041475125146,1.261679196630653
2021-03-04,15080.75,15080.75,15202.349609375,14980.2001953125,15026.75,534900,0.029553852761290855,0.14999523401010384,1.0064192768632014,1.0548329677502057,0.22700751837859315,1.2449777700265783
2021-03-05,14938.099609375,14938.099609375,15092.349609375,14862.099609375,14977.9501953125,640700,0.010016897427379767,0.13736964382932593,0.996406887720958,1.0426621975437487,0.22801515790462537,1.230255444037015
2021-03-08,14956.2001953125,14956.2001953125,15111.150390625,14919.900390625,15002.4501953125,0,0.004064931916340386,0.1280419363831784,0.9974128216271747,1.0418680116913892,0.22669959667936967,1.2286432705027444
2021-03-09,15098.400390625,15098.400390625,15126.849609375,14925.4501953125,15049.900390625,675300,0.011668954260683151,0.13047941078748848,1.006311638716415,1.049650149872097,0.22902668924501343,1.2371645240489975
2021-03-10,15174.7998046875,15174.7998046875,15218.4501953125,15100.849609375,15202.150390625,404600,0.0039032006749457615,0.13304384645577505,1.0112048549093666,1.05278791103061,0.22519580727195201,1.2403207314315865
2021-03-12,15030.9501953125,15030.9501953125,15336.2998046875,14953.599609375,15321.150390625,493200,-0.005185522187513447,0.11100890889270931,1.0018806727205716,1.041000227107873,0.22782904817622274,1.2255955768596465
2021-03-15,14929.5,14929.5,15048.400390625,14745.849609375,15048.400390625,467500,-0.011716810644424536,0.10766938088198641,0.9957059187058432,1.032244966933744,0.22899722226688785,1.2144072402267536
2021-03-16,14910.4501953125,14910.4501953125,15051.599609375,14890.650390625,14996.099609375,100,-0.017323167192267452,0.10334587303447806,0.995307823677772,1.0292713504940807,0.22823838236643612,1.209963385762097
2021-03-17,14721.2998046875,14721.2998046875,14956.5498046875,14696.0498046875,14946.5498046875,100,-0.029149328028412524,0.0857896822612898,0.9841334080889262,1.014856173401887,0.23210120976429208,1.1919993221393435
2021-03-18,14557.849609375,14557.849609375,14875.2001953125,14478.599609375,14855.5,542200,-0.04934228252290207,0.07296661066437071,0.9756707869277111,1.0024479919927918,0.23047547247177103,1.1763510597411944
2021-03-19,14744.0,14744.0,14788.25,14350.099609375,14471.150390625,919200,-0.02480001524370057,0.07756508507371129,0.9893897650079909,1.0140311353781306,0.23317973868098527,1.1889125994832825
2021-03-22,14736.400390625,14736.400390625,14763.900390625,14597.849609375,14736.2998046875,459000,-0.016376565446292957,0.07246357035372708,0.9896945169710396,1.0123530313714624,0.23132553397416403,1.1859519126828426
2021-03-23,14814.75,14814.75,14878.599609375,14707.0,14768.5498046875,474200,0.009474832739627237,0.07661032518870647,0.9944921089468332,1.0165085089147774,0.21990042715244182,1.1899419090668828
2021-03-24,14549.400390625,14549.400390625,14752.349609375,14535.0,14712.4501953125,456400,-0.010769755923113467,0.09160889260641003,0.977199118383043,0.9969096525617224,0.2293611641797239,1.1665261571308154
2021-03-25,14324.900390625,14324.900390625,14575.599609375,14264.400390625,14570.900390625,606800,-0.04385927175110127,0.06375920619550057,0.9642485382614124,0.9805656966700564,0.223678869550152,1.1465519373481923
2021-03-26,14507.2998046875,14507.2998046875,14572.900390625,14414.25,14506.2998046875,481000,-0.03908300595497216,0.06662698026914482,0.9784694823167154,0.992025664188861,0.22727796597288488,1.1591261274469769
2021-03-30,14845.099609375,14845.099609375,14876.2998046875,14617.599609375,14628.5,594500,0.021745883981892478,0.07970250081822638,1.0001872779105532,1.013858566769219,0.19977651576991887,1.1839037936834442
2021-03-31,14690.7001953125,14690.7001953125,14813.75,14670.25,14811.849609375,463900,-0.004799605076189373,0.058926562616476774,0.9900209235552371,1.0023809824769265,0.19573477179292637,1.1694247953685675
2021-04-01,14867.349609375,14867.349609375,14883.2001953125,14692.4501953125,14798.400390625,445000,-0.003468707988750208,0.06709085355262934,1.0021002440088145,1.0133569852901605,0.19677268346522042,1.1812528222214145
2021-04-05,14637.7998046875,14637.7998046875,14849.849609375,14459.5,14837.7001953125,509700,-0.03986722859452141,0.046906876380869766,0.9886530822169353,0.996968109637357,0.18607847755991083,1.160830499591983
2021-04-06,14683.5,14683.5,14779.099609375,14573.900390625,14737.0,475300,-0.026341528107023837,0.050190426806372646,0.9930719644932896,0.999284687657474,0.18387899486864692,1.1622837327668063
2021-04-07,14819.0498046875,14819.0498046875,14879.7998046875,14649.849609375,14716.4501953125,0,-0.007969541494607935,0.04854979481194488,1.002643087587441,1.0077252447123728,0.18483368093753258,1.1706941232786794
2021-04-08,14873.7998046875,14873.7998046875,14984.150390625,14821.099609375,14875.650390625,514800,-0.005509446888175895,0.04748757383622659,1.0066280258054505,1.0106759670514813,0.1853284378482683,1.172721850638465
2021-04-09,14834.849609375,14834.849609375,14918.4501953125,14785.650390625,14882.650390625,504100,-0.017455543264943807,0.04867718366174789,1.00488814509159,1.0072438089033766,0.181837175541289,1.1673711092579426
2021-04-12,14310.7998046875,14310.7998046875,14652.5,14248.7001953125,14644.650390625,650200,-0.05693650071964118,0.012268933011140737,0.9722349268043408,0.9714716477860597,0.21865239708935613,1.124266699955134
2021-04-13,14504.7998046875,14504.7998046875,14528.900390625,14274.900390625,14364.900390625,605100,-0.03500446637026866,0.010981184874279126,0.9871790771072324,0.9844656250392646,0.2246048801308106,1.1376036991533238
2021-04-15,14581.4501953125,14581.4501953125,14597.5498046875,14353.2001953125,14522.400390625,568000,-0.023312890899728766,0.0066760002977268584,0.993572589495149,0.9895597736582316,0.22512317127089262,1.1417034892024458
2021-04-16,14617.849609375,14617.849609375,14697.7001953125,14559.0,14599.599609375,577200,-0.01962385991735427,0.00373533835272144,0.9970467657464099,0.9919689585919874,0.22549897213688086,1.142698381108181
2021-04-19,14359.4501953125,14359.4501953125,14382.2998046875,14191.400390625,14306.599609375,512300,-0.024580004087667695,-0.014102405419297304,0.9806321332773728,0.9746603651377175,0.22968803611548538,1.1207230354360742
2021-04-20,14296.400390625,14296.400390625,14526.9501953125,14207.2998046875,14526.7001953125,467400,-0.0179593295552134,-0.020499275586994048,0.9771987368579469,0.9707093633709897,0.22705285127006952,1.1140598805566782
2021-04-22,14406.150390625,14406.150390625,14424.75,14151.400390625,14219.150390625,524600,-0.022914379366182902,-0.0019087139343830772,0.9858387514380826,0.9781917605959902,0.223716160731636,1.1208552648587813
2021-04-23,14341.349609375,14341.349609375,14461.150390625,14273.2998046875,14326.349609375,498100,-0.026807820823145034,0.004204785664382538,0.982732679029728,0.9737255521011572,0.22401257614991268,1.1140673856738366
2021-04-26,14485.0,14485.0,14557.5,14421.2998046875,14449.4501953125,452700,-0.02225822237972286,-0.0024894990859910537,0.993698916331063,0.9835191257046071,0.22645057329545626,1.1234012896589456
2021-04-27,14653.0498046875,14653.0498046875,14667.5498046875,14484.849609375,14493.7998046875,451800,0.007123964650068038,0.0005701454631124037,1.004870197840595,0.9949201630236454,0.22139268176356347,1.1345766095556393
2021-04-28,14864.5498046875,14864.5498046875,14890.25,14694.9501953125,14710.5,457000,0.03767212332001102,0.01879325736898818,1.0174915909107052,1.0089676176477478,0.2183067449930983,1.149034374040086
2021-04-29,14894.900390625,14894.900390625,15044.349609375,14814.4501953125,14979.0,517500,0.02671762431022895,0.04607097331981591,1.018218367098599,1.0102779835197533,0.2145589921344474,1.1494756359383704
2021-04-30,14631.099609375,14631.099609375,14855.4501953125,14601.7001953125,14747.349609375,613900,-0.014415531429971318,0.04751026378199397,1.0009170178726292,0.9916412431589963,0.20872195733254748,1.1274350151985915
2021-05-03,14634.150390625,14634.150390625,14673.849609375,14416.25,14481.0498046875,448900,-0.003849360747661512,0.05909879808506102,1.001319407040438,0.9909339409741732,0.20553731571364967,1.1260065568639561
2021-05-04,14496.5,14496.5,14723.400390625,14461.5,14687.25,503400,-0.02494389512042894,0.06321420616065376,0.99316095308197,0.9806592136504361,0.2027855442743306,1.113790895891028
2021-05-06,14724.7998046875,14724.7998046875,14743.900390625,14611.5,14668.349609375,467800,0.005943516181450947,0.031061787756508252,1.0085013092840385,0.9956052927708109,0.20383564477261185,1.1296341965094259
2021-05-07,14823.150390625,14823.150390625,14863.0498046875,14765.5,14816.849609375,488000,0.009510701850716785,0.011967680302902739,1.014752051816252,1.0020572337983633,0.20487004070636913,1.135413208381125
2021-05-10,14942.349609375,14942.349609375,14966.900390625,14892.5,14928.25,522000,0.008320358343657075,0.010304254716882122,1.0224805761337015,1.009941787132299,0.2042461735124349,1.1427318249907648
2021-05-12,14696.5,14696.5,14824.0498046875,14649.7001953125,14823.5498046875,643800,-0.011920276393099227,-0.013369700912847726,1.006267907967586,0.9935478961358041,0.2124540272505636,1.1221755735467003
2021-05-14,14677.7998046875,14677.7998046875,14749.650390625,14591.900390625,14749.400390625,620700,-0.010586545116591628,-0.016513405719717933,1.0055281389238977,0.9925592999395337,0.2123376319199191,1.119013344705863
2021-05-17,14923.150390625,14923.150390625,14938.0,14725.349609375,14756.25,546400,0.042789403408251436,-0.012744903779604022,1.0201964373238652,1.0093698439554453,0.17460762399689578,1.1359071811584043
2021-05-18,15108.099609375,15108.099609375,15137.25,15043.7001953125,15067.2001953125,583900,0.04159311488687578,-7.943421124834149e-05,1.030714665355086,1.0218807945022832,0.1736612206791807,1.1481469198050718
2021-05-19,15030.150390625,15030.150390625,15133.400390625,15008.849609375,15058.599609375,569100,0.030771986963048725,-0.005054089919902083,1.0238297135929175,1.0166959754604887,0.1750337232227145,1.1404862526324488
2021-05-21,15175.2998046875,15175.2998046875,15190.0,14985.849609375,14987.7998046875,572900,0.03813489741712672,0.00013181048458443811,1.031758131064755,1.0265121138839597,0.17736897364381624,1.1497496249572905
2021-05-24,15197.7001953125,15197.7001953125,15256.25,15145.4501953125,15211.349609375,579800,0.058376190494649816,0.0022686612457774036,1.0303450449556772,1.027987489037032,0.1614432698207348,1.14967633344219
2021-05-26,15301.4501953125,15301.4501953125,15319.900390625,15194.9501953125,15257.0498046875,384000,0.07030089933313355,-0.0007836248426675851,1.033856621407604,1.0350192437091792,0.15967051902479293,1.1557386362480075
2021-05-27,15337.849609375,15337.849609375,15384.5498046875,15272.5,15323.9501953125,0,0.0646737118166083,0.014478479737989103,1.0330643536189132,1.0372254033994417,0.15890392102917822,1.1566778521602574
2021-05-28,15435.650390625,15435.650390625,15469.650390625,15394.75,15421.2001953125,468100,0.07630389126938586,0.030296887254492866,1.0358342882946887,1.0433054627854,0.15663787567984147,1.1621673226578426
2021-06-01,15574.849609375,15574.849609375,15660.75,15528.2998046875,15629.650390625,409600,0.0752398763807387,0.06126790559197248,1.0413673984365033,1.0516488103023884,0.1561496782553247,1.1707639295044086
2021-06-02,15576.2001953125,15576.2001953125,15597.4501953125,15459.849609375,15520.349609375,428600,0.06300056322266001,0.05904352807061142,1.038253454646205,1.0507131719156473,0.15372930676632462,1.1689440280470014
2021-06-03,15690.349609375,15690.349609375,15705.099609375,15611.0,15655.5498046875,410200,0.05555498252810098,0.04728004334367908,1.0429916781471855,1.0575710455707312,0.1488381729502203,1.1754868016512234
2021-06-04,15670.25,15670.25,15733.599609375,15622.349609375,15712.5,414200,0.05205470255195621,0.03794708378941203,1.0389781325970568,1.0555369527525489,0.14950011593605378,1.171962966649315
2021-06-07,15751.650390625,15751.650390625,15773.4501953125,15678.099609375,15725.099609375,394000,0.07658691493918868,0.08414118975524021,1.0405099332064291,1.0595658290284542,0.1287143042347376,1.1759137267847195
2021-06-08,15740.099609375,15740.099609375,15778.7998046875,15680.0,15773.900390625,378200,0.07557317570403677,0.06629045172321701,1.035962760837015,1.0576285524620375,0.129095122188513,1.1730176812132609
2021-06-09,15635.349609375,15635.349609375,15800.4501953125,15566.900390625,15766.2998046875,457900,0.07856031520539442,0.04800892940951451,1.025226139726175,1.0497480354594395,0.12569493121650707,1.1632461450162086
2021-06-10,15737.75,15737.75,15751.25,15648.5,15692.099609375,298300,0.06879212001171231,0.0322814715875368,1.0285248984934803,1.0560415624179595,0.11825247712484932,1.168891544458609
2021-06-11,15799.349609375,15799.349609375,15835.5498046875,15749.7998046875,15796.4501953125,363000,0.06585639307602276,0.047650124123468585,1.0292673923453606,1.0593237075414175,0.1176263920989246,1.1714719301927785
2021-06-14,15811.849609375,15811.849609375,15823.0498046875,15606.5,15791.400390625,392900,0.058190312951482914,0.058491375934569545,1.0271725303177364,1.0591276879155216,0.11648823778409825,1.1704280419229134
2021-06-15,15869.25,15869.25,15901.599609375,15842.400390625,15866.9501953125,323300,0.07979791106726086,0.061048247065699446,1.0269893565484247,1.061890145921335,0.09113678884272004,1.172703517358764
2021-06-16,15767.5498046875,15767.5498046875,15880.849609375,15742.599609375,15847.5,340200,0.07424477881568992,0.04431922566300428,1.0168222446016024,1.054298092623142,0.09664388022148919,1.1632714759625011
2021-06-17,15691.400390625,15691.400390625,15769.349609375,15616.75,15648.2998046875,357600,0.05148041666072256,0.03404332133448795,1.0094110306509803,1.0486026680628493,0.08795595600375863,1.1557813883155192
2021-06-18,15683.349609375,15683.349609375,15761.5,15450.900390625,15756.5,640800,0.038075602813939735,0.04340373732766101,1.007029864496724,1.0473036626833416,0.08045248118953753,1.1532749875612671
2021-06-21,15746.5,15746.5,15765.150390625,15505.650390625,15525.849609375,351500,0.047660841093234874,0.054723868850262924,1.0087647565380702,1.0505654497888115,0.07629102387819585,1.1560063502355977
2021-06-22,15772.75,15772.75,15895.75,15752.099609375,15840.5,322200,0.03936991051260508,0.05783190939188332,1.0085163904918883,1.051308744581634,0.07127967401763692,1.1560716335453733
2021-06-23,15686.9501953125,15686.9501953125,15862.9501953125,15673.9501953125,15862.7998046875,287500,0.03219237080034665,0.0655954571564068,1.0014638817846162,1.0444694520909328,0.07595792977615841,1.1479828654893716
2021-06-24,15790.4501953125,15790.4501953125,15821.400390625,15702.7001953125,15737.2998046875,316700,0.031957755229618856,0.08466913857550273,1.0065003326612052,1.0499245894042357,0.07575477420395628,1.1536666655671837
2021-06-25,15860.349609375,15860.349609375,15870.7998046875,15772.2998046875,15839.349609375,314600,0.0340660531500212,0.07571551881273741,1.009275115790424,1.0532692564732682,0.07638552471991834,1.1568765850723954
2021-06-28,15814.7001953125,15814.7001953125,15915.650390625,15792.150390625,15915.349609375,255100,0.024556775716928714,0.07317253712606053,1.005157945698925,1.0489857836264582,0.0759141463354313,1.1517204096774618
2021-06-29,15748.4501953125,15748.4501953125,15835.900390625,15724.0498046875,15807.5,360300,0.0111462126628179,0.06302503891813904,1.000395290560336,1.043514316950446,0.07236390699706792,1.145112645979186
2021-06-30,15721.5,15721.5,15839.099609375,15708.75,15776.900390625,262400,0.009328321597408928,0.08055999408266001,0.9982226454749495,1.0403818724411846,0.07279870229073314,1.1414217712293366
2021-07-01,15680.0,15680.0,15755.5498046875,15667.0498046875,15755.0498046875,224900,-0.0006596162375385184,0.09459748915684263,0.9956203529826084,1.0360870657148484,0.06886268146312913,1.1367083774056717
2021-07-02,15722.2001953125,15722.2001953125,15738.349609375,15635.9501953125,15705.849609375,254800,0.003315211647070049,0.08374407415447838,0.998135280417378,1.03748742179172,0.0693477580915839,1.1380867776809822
2021-07-06,15818.25,15818.25,15914.2001953125,15801.0,15813.75,391400,0.0042281035779361265,0.06555364505674555,1.004020815668605,1.0427096293756402,0.07028893352793339,1.1432062570263684
2021-07-07,15879.650390625,15879.650390625,15893.5498046875,15779.7001953125,15819.599609375,329300,0.008865940160053487,0.0809321665751419,1.0074718504583327,1.0453915144153296,0.07136242353712702,1.1458180379049019
2021-07-08,15727.900390625,15727.900390625,15885.75,15682.900390625,15855.400390625,307900,0.005919329184331579,0.05788192272732706,0.997551320172941,1.0344247834828086,0.07584668256272087,1.1331541599195765
2021-07-09,15689.7998046875,15689.7998046875,15730.849609375,15632.75,15688.25,243200,-0.0030468265992597,0.07186872440099323,0.9952861147865568,1.0307303006663007,0.0726806112231413,1.1287166781470503
2021-07-12,15692.599609375,15692.599609375,15789.2001953125,15644.75,15766.7998046875,216300,-0.0067566072426586965,0.06872337040725984,0.9958008848500339,1.0297764647044774,0.07110684741416033,1.1271509115656382
2021-07-13,15812.349609375,15812.349609375,15820.7998046875,15744.599609375,15794.0,246700,3.1621854011509853e-05,0.06702857590594657,1.0033982351493627,1.0365086436213753,0.07645164693753001,1.1339370111110914
2021-07-14,15853.9501953125,15853.9501953125,15877.349609375,15764.2001953125,15808.7001953125,0,-0.0009641164319359463,0.06589778022399528,1.0060869068306824,1.0381239382925453,0.0759054922785931,1.1350739135200976
2021-07-15,15924.2001953125,15924.2001953125,15952.349609375,15855.0,15872.150390625,284900,0.009934986257562395,0.07343185907655414,1.010042909530032,1.0414857671296645,0.0735423466734998,1.138210392577779
2021-07-16,15923.400390625,15923.400390625,15962.25,15882.599609375,15958.349609375,276300,0.014785168577981844,0.1126841691551923,1.0092496070313697,1.0396060306292894,0.07084926194616482,1.1363362358796276
2021-07-19,15752.400390625,15752.400390625,15836.900390625,15707.5,15754.5,242100,0.0044028082628932985,0.08601294762677902,0.9981929322323102,1.0270475196120208,0.0818066689761119,1.1224159269384508
2021-07-20,15632.099609375,15632.099609375,15728.4501953125,15578.5498046875,15703.9501953125,274300,-0.007265131338710207,0.07205383552318079,0.9909289282313427,1.0180416834790733,0.08505995151514828,1.1121830191206956
2021-07-22,15824.0498046875,15824.0498046875,15834.7998046875,15726.400390625,15736.599609375,265300,0.0032524324982960984,0.08251557017927702,1.0029337021466844,1.0291950002967605,0.09592807272802192,1.1241193436567947
2021-07-23,15856.0498046875,15856.0498046875,15899.7998046875,15768.400390625,15856.7998046875,294100,0.010779635765371998,0.10422401895746325,1.0044236230281907,1.0296059357181584,0.09376815128563705,1.1246941752751571
2021-07-26,15824.4501953125,15824.4501953125,15893.349609375,15797.0,15849.2998046875,267100,0.002153200167154923,0.10688353452170607,1.0023139635704224,1.0258575459740351,0.0913500867171426,1.1207402861870273
2021-07-27,15746.4501953125,15746.4501953125,15881.5498046875,15701.0,15860.5,311000,-0.007181393655734669,0.09303663840408882,0.9977333760724486,1.0193248905008354,0.0915343661112822,1.1135435397156255
2021-07-28,15709.400390625,15709.400390625,15767.5,15513.4501953125,15761.5498046875,318600,-0.006658349724436241,0.09539205294567954,0.9957179844439804,1.0154277694606852,0.09136082515420836,1.1091747757867068
2021-07-29,15778.4501953125,15778.4501953125,15817.349609375,15737.7998046875,15762.7001953125,401600,0.0019049493523450867,0.08929583674922337,0.9999995327143453,1.0184718481746418,0.09162633135088083,1.1122341606011108
2021-07-30,15763.0498046875,15763.0498046875,15862.7998046875,15744.849609375,15800.599609375,400000,0.002642865164742547,0.07575214817361164,0.9988919733176773,1.0162642144092267,0.09147079465051756,1.109337822908536
2021-08-02,15885.150390625,15885.150390625,15892.900390625,15834.650390625,15874.900390625,244800,0.013083570830676017,0.06866004011878357,1.0059754956588256,1.0230143010142811,0.09463872223177006,1.1159361232340357
2021-08-03,16130.75,16130.75,16146.900390625,15914.349609375,15951.5498046875,341300,0.025985536350650706,0.0829713242092478,1.020209062315188,1.037454904000085,0.10797409484537686,1.131170951061278
2021-08-04,16258.7998046875,16258.7998046875,16290.2001953125,16176.150390625,16195.25,427300,0.02785072967537494,0.1112493413871325,1.0268771295666868,1.0438691624573233,0.1092319387345027,1.13814267955295
2021-08-05,16294.599609375,16294.599609375,16349.4501953125,16210.2998046875,16288.9501953125,418200,0.02613087873741704,0.11346399855325551,1.0277913919678257,1.044312123766615,0.1088846631949106,1.1386273066598391
2021-08-06,16238.2001953125,16238.2001953125,16336.75,16223.2998046875,16304.400390625,320100,0.03244551351505742,0.1201462556694719,1.022588240148864,1.0387649863938944,0.10275002055214594,1.1327111737425737
2021-08-09,16258.25,16258.25,16320.75,16179.0498046875,16281.349609375,240500,0.03623055758446769,0.10414064813460766,1.0220215593722592,1.0383499571299244,0.10166555501298254,1.1321979969627178
2021-08-10,16280.099609375,16280.099609375,16359.25,16202.25,16274.7998046875,288000,0.03743802904708149,0.09828876995483071,1.021508783050315,1.0381354374508822,0.10150622703996676,1.1318370679727887
2021-08-11,16282.25,16282.25,16338.75,16162.5498046875,16327.2998046875,277900,0.02971730338838441,0.08967133186231502,1.0201398056363888,1.036796136032457,0.09931967175501202,1.130171600530289
2021-08-12,16364.400390625,16364.400390625,16375.5,16286.900390625,16303.650390625,280200,0.03219703537755669,0.11348963294832104,1.0236499220829112,1.0401859493872039,0.10005753116931473,1.1340532372799625
2021-08-13,16529.099609375,16529.099609375,16543.599609375,16376.2998046875,16385.69921875,321900,0.037986172406985874,0.12612924479977372,1.0319999593682512,1.048598302820563,0.10405050441098053,1.1436066543954686
2021-08-16,16563.05078125,16563.05078125,16589.400390625,16480.75,16518.400390625,254000,0.040170464532286676,0.10988969136538462,1.0320588564566928,1.0489333946753427,0.10380481074948404,1.1441156706460769
2021-08-17,16614.599609375,16614.599609375,16628.55078125,16495.400390625,16545.25,297400,0.054734465692170664,0.09971472514419855,1.0324973948077147,1.0505275198499517,0.09221078771921153,1.145822939326081
2021-08-18,16568.849609375,16568.849609375,16701.849609375,16535.849609375,16691.94921875,251800,0.05992477168186716,0.10237417316261577,1.0266660228258513,1.045938783056272,0.08637846047708483,1.1408446882805248
2021-08-20,16450.5,16450.5,16509.55078125,16376.0498046875,16382.5,350800,0.039588487336972955,0.08403130163653194,1.0173581058211902,1.0370763493575055,0.08610319321519905,1.1309516443983771
2021-08-23,16496.44921875,16496.44921875,16592.5,16395.69921875,16592.25,275600,0.04038833265225872,0.0854569445867921,1.01818353305412,1.038555876831505,0.08615580905700186,1.1322361744542149
2021-08-24,16624.599609375,16624.599609375,16647.099609375,16495.30078125,16561.400390625,275400,0.05056412097650753,0.08647215768266459,1.023565644267974,1.0451726958732004,0.08712236916783525,1.1391310732230684
2021-08-25,16634.650390625,16634.650390625,16712.44921875,16617.5,16654.0,265900,0.05640637631311374,0.08454906093598358,1.0213916780478214,1.044385457028578,0.08299460975762851,1.1379633515702499
2021-08-26,16636.900390625,16636.900390625,16683.69921875,16603.400390625,16627.94921875,253500,0.05904108221428417,0.07782308938077476,1.018629292236997,1.04321541673479,0.08142080209510694,1.1362749924231625
2021-08-27,16705.19921875,16705.19921875,16722.05078125,16565.599609375,16642.55078125,217400,0.058735110987821804,0.07257531454394317,1.0199174159667939,1.046262131164283,0.08135580261406003,1.139085174811801
2021-08-30,16931.05078125,16931.05078125,16951.5,16764.849609375,16775.849609375,283500,0.07409739809457228,0.08698209890402087,1.0300338951061492,1.0589098511792296,0.08814722207902127,1.1525071609363886
2021-08-31,17132.19921875,17132.19921875,17153.5,16915.849609375,16947.5,464400,0.07850406180988845,0.09189403966585252,1.0383324158523641,1.0698821959742075,0.09182051305821529,1.1641383931369207
2021-09-01,17076.25,17076.25,17225.75,17055.05078125,17185.599609375,301900,0.058614757528323125,0.08972415883601093,1.0319846558759747,1.064829994284243,0.08418325229768087,1.1582476436632227
2021-09-02,17234.150390625,17234.150390625,17245.5,17059.69921875,17095.400390625,242400,0.05998908884137322,0.09411712190376886,1.0384666127441184,1.0730229904039283,0.08533539115859419,1.1668426689418279
2021-09-03,17323.599609375,17323.599609375,17340.099609375,17212.19921875,17262.44921875,261400,0.06314975664747058,0.10060292115666458,1.0406303444111211,1.0768228103438655,0.08565905808305135,1.1706819124605066
2021-09-06,17377.80078125,17377.80078125,17429.55078125,17345.55078125,17399.349609375,228000,0.07018022762562492,0.11144305790452047,1.0403253925779858,1.0782455125438375,0.08211778126193588,1.1720845287220054
2021-09-07,17362.099609375,17362.099609375,17436.5,17287.0,17401.55078125,243400,0.06789473709501337,0.10321358576511885,1.0359625063964695,1.0754647585456565,0.08320616539479947,1.16877109804788
2021-09-08,17353.5,17353.5,17383.400390625,17254.19921875,17375.75,252700,0.06593328151425282,0.0983679979904235,1.0321440618375315,1.073210121030399,0.08402696570041127,1.1659613869571461
2021-09-09,17369.25,17369.25,17379.650390625,17302.69921875,17312.849609375,241500,0.0667598151361144,0.09849577557970202,1.0297520508616729,1.0724625777450956,0.08369692708270095,1.1648455180399386
2021-09-13,17355.30078125,17355.30078125,17378.349609375,17269.150390625,17363.55078125,241100,0.060552196656876944,0.09364341611922433,1.0259116254247491,1.069965021833425,0.08458993781712053,1.1617881285129867
2021-09-14,17380.0,17380.0,17438.55078125,17367.05078125,17420.349609375,230400,0.05147893174667462,0.10226384031037838,1.0247943630413632,1.0697154295848403,0.08045620303351159,1.1613969377162618
2021-09-15,17519.44921875,17519.44921875,17532.69921875,17386.900390625,17387.650390625,388200,0.0577428910972535,0.11650004350263021,1.0301122868992598,1.0762800649505064,0.08273790119362892,1.1686631754414947
2021-09-16,17629.5,17629.5,17644.599609375,17510.44921875,17539.19921875,503300,0.06108485395292518,0.1240902255639098,1.033499406911429,1.0808870387645397,0.08364267291118636,1.1739805253777402
2021-09-17,17585.150390625,17585.150390625,17792.94921875,17537.650390625,17709.650390625,508300,0.061338041276864264,0.1167656552646621,1.0278376147766513,1.076146009047322,0.0834302161841591,1.1690987799294001
2021-09-20,17396.900390625,17396.900390625,17622.75,17361.80078125,17443.849609375,339100,0.05753019000182369,0.10297192250083209,1.0140299361528193,1.0628651357445815,0.08994788537850648,1.1547993918139745
2021-09-21,17562.0,17562.0,17578.349609375,17326.099609375,17450.5,363600,0.06459273551055378,0.11952927633108645,1.0204842047143694,1.0709072572526541,0.09299207798860314,1.1638769503655446
2021-09-22,17546.650390625,17546.650390625,17610.44921875,17524.0,17580.900390625,295200,0.05546303687999998,0.11121913394425187,1.0168681847368894,1.0680649275992844,0.09235397646642499,1.161002801790596
2021-09-23,17822.94921875,17822.94921875,17843.900390625,17646.55078125,17670.849609375,320500,0.07143515494588959,0.12374251877871045,1.0293360869376966,1.0827274692017377,0.10265041084968415,1.1773569843177287
2021-09-24,17853.19921875,17853.19921875,17947.650390625,17819.400390625,17897.44921875,360100,0.07310849975458122,0.12889899892264256,1.0274743599800942,1.0823312524702542,0.10213019719363667,1.1774438259181361
2021-09-27,17855.099609375,17855.099609375,17943.5,17802.900390625,17932.19921875,295700,0.06883488042060248,0.13376868123121977,1.0241947599367305,1.080147307159659,0.10281534912449183,1.175598518828664
2021-09-28,17748.599609375,17748.599609375,17912.849609375,17576.099609375,17906.44921875,398000,0.04828695151221085,0.12893805358108312,1.0157041503215893,1.0715145788979505,0.10058708968841047,1.1667084366285339
2021-09-29,17711.30078125,17711.30078125,17781.75,17608.150390625,17657.94921875,562200,0.03380193955871191,0.1295472437021683,1.01189291241356,1.0670817871190905,0.09522768115750736,1.1624284769435482
2021-09-30,17618.150390625,17618.150390625,17742.150390625,17585.349609375,17718.900390625,378600,0.0317341565405167,0.12059064073473436,1.0050152142018536,1.0594526094434622,0.09685467014722655,1.1545859577368989
2021-10-01,17532.05078125,17532.05078125,17557.150390625,17452.900390625,17531.900390625,305800,0.01728547006222314,0.10834326055347465,0.9992546786688562,1.052467329737894,0.09501563500843875,1.1471866992303112
2021-10-04,17691.25,17691.25,17750.900390625,17581.349609375,17615.55078125,295800,0.02122251719706325,0.11408309155499596,1.0072730303327806,1.060102749788485,0.09827816183311681,1.155824781655347
2021-10-05,17822.30078125,17822.30078125,17833.44921875,17640.900390625,17661.349609375,427000,0.025578610642124522,0.1331646525351482,1.0134521373072003,1.065726459139496,0.10060336163089431,1.1625436163487812
2021-10-06,17646.0,17646.0,17884.599609375,17613.150390625,17861.5,395800,0.016351731473289277,0.12467974223151423,1.0026176195968108,1.0531309615313085,0.10802589906398989,1.1493428610191812
2021-10-07,17790.349609375,17790.349609375,17857.55078125,17763.80078125,17810.55078125,419900,0.02517357359466388,0.13367766031236616,1.0095664071375747,1.059535068129663,0.11095592769286843,1.1569827333607727
2021-10-08,17895.19921875,17895.19921875,17941.849609375,17840.349609375,17886.849609375,324100,0.03028047951120505,0.1317229672268374,1.0140031855576985,1.0635806556371687,0.11215196744732034,1.1620024962298583
2021-10-11,17945.94921875,17945.94921875,18041.94921875,17839.099609375,17867.55078125,375800,0.03403273990722844,0.13195443392120887,1.015180043687101,1.0643912289872235,0.11190742995446412,1.1635271679049741
2021-10-12,17991.94921875,17991.94921875,18008.650390625,17864.94921875,17915.80078125,355600,0.03520996655638675,0.1298494742640932,1.0160236115455583,1.0649427867748447,0.11194643512842366,1.1647590167674007
2021-10-13,18161.75,18161.75,18197.80078125,18050.75,18097.849609375,506700,0.036662156054688255,0.14056982519216454,1.0237557822386858,1.0726247930466932,0.1130910744288351,1.1739394418987648
2021-10-14,18338.55078125,18338.55078125,18350.75,18248.69921875,18272.849609375,538700,0.04021956273575533,0.16417500358638293,1.031660140773084,1.0803164982127267,0.11551147352071996,1.183527856720562
2021-10-18,18477.05078125,18477.05078125,18543.150390625,18445.30078125,18500.099609375,469900,0.05071895154792028,0.18199418139382928,1.036850444610765,1.085443562831274,0.11583383071451511,1.1905459304224375
2021-10-19,18418.75,18418.75,18604.44921875,18377.69921875,18602.349609375,368200,0.058737452444440175,0.16397194317120278,1.0306239766224616,1.0792768063727323,0.10712786806425086,1.184916978752744
2021-10-20,18266.599609375,18266.599609375,18458.30078125,18209.349609375,18439.900390625,371300,0.040120692937877234,0.15202713376788668,1.0200994572263173,1.0678474124039194,0.1110853435534553,1.1733517563149214
2021-10-21,18178.099609375,18178.099609375,18384.19921875,18048.0,18382.69921875,365900,0.03598688095406377,0.14873498826263765,1.0133704284568645,1.0602424412018339,0.1133133098522953,1.165940574704333
2021-10-22,18114.900390625,18114.900390625,18314.25,18034.349609375,18230.69921875,324700,0.016380631975759785,0.15041169063091786,1.0090261638236673,1.0541293645269394,0.10206381749252336,1.1602378204885353
2021-10-25,18125.400390625,18125.400390625,18241.400390625,17968.5,18229.5,418700,0.015246632748550981,0.15379326644712754,1.0088462227386938,1.0522747153885605,0.10201257342965458,1.1592824984723473
2021-10-26,18268.400390625,18268.400390625,18310.44921875,18099.30078125,18154.5,341400,0.023147492329473884,0.15780701935176245,1.0156373090803446,1.0580275691931784,0.10502413311121318,1.1667466674821676
2021-10-27,18210.94921875,18210.94921875,18342.05078125,18167.900390625,18295.849609375,335200,0.02604992053180255,0.15529351517588696,1.0111437479969831,1.0522140042788994,0.10293521136162503,1.1612668284809082
2021-10-28,17857.25,17857.25,18190.69921875,17799.44921875,18187.650390625,374200,0.008240457352771458,0.12414736788005998,0.9911033928674806,1.0298218075368755,0.126621579886692,1.137120342961433
2021-10-29,17671.650390625,17671.650390625,17915.849609375,17613.099609375,17833.05078125,336500,0.003036641123716821,0.09552565073694641,0.9806567495553077,1.0176112014594312,0.13096018230955073,1.1238451278268804
2021-11-01,17929.650390625,17929.650390625,17954.099609375,17697.099609375,17783.150390625,281200,0.022678442718191416,0.10276592405398732,0.993877550048226,1.0308149777917164,0.1388926640206647,1.1387391731408396
2021-11-02,17888.94921875,17888.94921875,18012.25,17847.599609375,17970.900390625,296400,0.011174971737440753,0.09784527681537503,0.9910783447999539,1.0269061621842968,0.1361157740672723,1.1347071660133814
2021-11-03,17829.19921875,17829.19921875,17988.75,17757.94921875,17947.94921875,331000,0.0003870677296198277,0.0979787787009041,0.9877492175767346,1.021920701220154,0.1342956522672693,1.129521302863274
2021-11-04,17916.80078125,17916.80078125,17947.55078125,17900.599609375,17935.05078125,48500,0.015346298382069579,0.10201287231098055,0.9918583813290804,1.0253172766446907,0.12995927273589236,1.133658063444409
2021-11-08,18068.55078125,18068.55078125,18087.80078125,17836.099609375,18040.19921875,338900,0.015637757434985744,0.10985505093869996,0.9994894727544688,1.0322406325480378,0.13017941264939203,1.1417835652429096
2021-11-09,18044.25,18044.25,18112.599609375,17983.05078125,18084.349609375,270200,0.008329093151074218,0.10821600208816351,0.9977339235485642,1.0291257936857794,0.12894476569823965,1.138840548006501
2021-11-10,18017.19921875,18017.19921875,18061.25,17915.0,17973.44921875,261400,0.0039702553000404706,0.10099965710151348,0.9960419806458116,1.0259711113935943,0.12878450778463074,1.1357649621040773
2021-11-11,17873.599609375,17873.599609375,17971.349609375,17798.19921875,17967.44921875,232100,-0.006577920376279356,0.08134139377062155,0.9884267352231181,1.0164969073122538,0.13164094932803713,1.1253906243902827
2021-11-12,18102.75,18102.75,18123.0,17905.900390625,17977.599609375,249100,-0.003248585626385081,0.09295988034360181,1.00126230931447,1.0280286943088361,0.13540067463900188,1.138397657127665
2021-11-15,18109.44921875,18109.44921875,18210.150390625,18071.30078125,18140.94921875,280400,-0.012492893535199223,0.08997205135966757,1.0022678595493386,1.0269561558158273,0.13035567050506514,1.1374733816394433
2021-11-16,17999.19921875,17999.19921875,18132.650390625,17958.80078125,18127.05078125,267400,-0.02586189582727727,0.08632763547842681,0.9974850805972089,1.0193260604444956,0.12800728525463664,1.1293020184697835
2021-11-17,17898.650390625,17898.650390625,18022.650390625,17879.25,17939.349609375,295700,-0.028237508483203277,0.08803078268897613,0.9933443953049167,1.0122482086002689,0.12876651689899613,1.1218196648473855
2021-11-18,17764.80078125,17764.80078125,17945.599609375,17688.5,17890.55078125,278400,-0.027470839611958286,0.07688633751912999,0.9872907232710085,1.0034787442893194,0.12823839757384004,1.1123150437833709
2021-11-22,17416.55078125,17416.55078125,17805.25,17280.44921875,17796.25,356400,-0.041893753719571714,0.047637307994377265,0.9699891669016645,0.9830742153449091,0.14363447847972569,1.0895476872170657
2021-11-23,17503.349609375,17503.349609375,17553.69921875,17216.099609375,17281.75,308800,-0.03375954424604488,0.05222227088340747,0.9764862276767478,0.987166821589091,0.1457060261518709,1.0939273202951827
2021-11-24,17415.05078125,17415.05078125,17600.599609375,17354.0,17550.05078125,298100,-0.03919083684034996,0.046772558130088404,0.97348910313071,0.9814689885728094,0.1459013601095277,1.087344003381092
2021-11-25,17536.25,17536.25,17564.349609375,17351.69921875,17417.30078125,255900,-0.04007742194005803,0.04974803175751563,0.9822741158376304,0.9875286112555909,0.14510875510958374,1.0938816850953401
2021-11-26,17026.44921875,17026.44921875,17355.400390625,16985.69921875,17338.75,356300,-0.06504328718793184,0.0056345255077521195,0.9568925942221144,0.9587340737221214,0.17486795922333637,1.061292793956263
2021-11-29,17053.94921875,17053.94921875,17160.69921875,16782.400390625,17055.80078125,348900,-0.04498457384255694,-0.004567422956088474,0.960606471244133,0.9603530820784341,0.1646386103267331,1.0621913677671555
2021-11-30,16983.19921875,16983.19921875,17324.650390625,16931.400390625,17051.150390625,498000,-0.038957944315163195,-0.0054491343971890815,0.9584797317931605,0.956452491221224,0.1620033646554373,1.05688151663184
2021-12-01,17166.900390625,17166.900390625,17213.05078125,17064.25,17104.400390625,295500,-0.04254126451895701,-0.0039021360772494296,0.9709370727894079,0.966859125285277,0.15744145345855284,1.0672509663110183
2021-12-02,17401.650390625,17401.650390625,17420.349609375,17149.30078125,17183.19921875,279900,-0.027240215295275427,0.004505459777987664,0.9855723875816846,0.9800087086757667,0.16707302896829188,1.0806412212393133
2021-12-03,17196.69921875,17196.69921875,17489.80078125,17180.80078125,17424.900390625,292500,-0.035475513635791045,-0.01042143161725051,0.9757122591944142,0.9686311266602765,0.17107677476813987,1.0667339280008095
2021-12-06,16912.25,16912.25,17216.75,16891.69921875,17209.05078125,231700,-0.05606753088984873,-0.025909862257217697,0.962315514361395,0.9530115415994636,0.176905947852674,1.0482337698831448
2021-12-07,17176.69921875,17176.69921875,17251.650390625,16987.75,17044.099609375,254100,-0.04935933010330229,-0.010188191503154975,0.9798490178371401,0.96807409817468,0.1845367916618168,1.0637908354321004
2021-12-08,17469.75,17469.75,17484.599609375,17308.94921875,17315.25,257800,-0.03183839727336968,0.005786087482188451,0.9982018496690612,0.9844974214730537,0.19705448240223894,1.0810430346785673
2021-12-09,17516.849609375,17516.849609375,17543.25,17379.599609375,17524.400390625,237200,-0.02777066531263639,0.00930832776459467,1.002325863756066,0.9870019311772681,0.1976487662906257,1.0830792103820817
2021-12-10,17511.30078125,17511.30078125,17534.349609375,17405.25,17476.05078125,204500,-0.02027005393669934,0.0075547054804372404,1.0030480646407525,0.9865676297065163,0.19612493281168578,1.08187084653861
2021-12-13,17368.25,17368.25,17639.5,17355.94921875,17619.099609375,256600,-0.040573945947438905,-0.008630363709618227,0.9969513060392678,0.9786472461655735,0.1906445213414611,1.0722868905472183
2021-12-14,17324.900390625,17324.900390625,17376.19921875,17225.80078125,17283.19921875,271000,-0.043322622275706824,-0.017277835978048106,0.9967072761521458,0.9764839568209326,0.1904291903390532,1.0688795109374314
2021-12-15,17221.400390625,17221.400390625,17351.19921875,17192.19921875,17323.650390625,215000,-0.04321296845888323,-0.020685066201874602,0.9929745195452736,0.970982168236749,0.19039855292003932,1.0618012347960573
2021-12-16,17248.400390625,17248.400390625,17379.349609375,17184.94921875,17373.0,219500,-0.03632955478814148,-0.008536003349195798,0.9963992206086066,0.9726402185844497,0.19040445789491045,1.0627860684612565
2021-12-17,16985.19921875,16985.19921875,17298.150390625,16966.44921875,17276.0,354600,-0.043884621735968854,-0.0328436841618267,0.9834091402347057,0.9583177622977617,0.19548732237070415,1.045981428875479
2021-12-20,16614.19921875,16614.19921875,16840.099609375,16410.19921875,16824.25,330600,-0.04606833882193151,-0.05314126349569259,0.9641684814337066,0.9382083082729661,0.19835802189777435,1.0227249162717968
2021-12-21,16770.849609375,16770.849609375,16936.400390625,16688.25,16773.150390625,241000,-0.041849132671592404,-0.059030612524451076,0.9753323634427209,0.9479931063377207,0.20112022063857637,1.031843265941504
2021-12-22,16955.44921875,16955.44921875,16971.0,16819.5,16865.55078125,207900,-0.0263910549715326,-0.05028510515119078,0.9873875966256788,0.9592391279776418,0.20600270926106143,1.0425679262062721
2021-12-23,17072.599609375,17072.599609375,17118.650390625,17015.55078125,17066.80078125,197000,-0.026439540416280605,-0.043825014540335605,0.9955537736695084,0.9665799672983308,0.20597625843610504,1.048998329144021
2021-12-24,17003.75,17003.75,17155.599609375,16909.599609375,17149.5,182600,-0.0013331739611922577,-0.041966669245361854,0.9916045766263442,0.963359072964302,0.17769010106028282,1.0440315633692765
2021-12-27,17086.25,17086.25,17112.05078125,16833.19921875,16937.75,144800,0.0018940352662999427,-0.03529107144471888,0.9963218765094605,0.9686048483705889,0.17846218010113274,1.0484197847286358
2021-12-28,17233.25,17233.25,17250.25,17161.150390625,17177.599609375,176000,0.014723420365577278,-0.021846810368346792,1.0041615677159828,0.9772935559695447,0.18014875431494132,1.0567472837711007
2021-12-29,17213.599609375,17213.599609375,17285.94921875,17176.650390625,17220.099609375,161700,0.0027203058028753,-0.018163943046273556,1.0028801148249866,0.9764730938010303,0.17627378916997613,1.0546742613009952
2021-12-30,17203.94921875,17203.94921875,17264.05078125,17146.349609375,17201.44921875,320800,-0.011361058717827666,-0.02754473433194371,1.0028954543248578,0.9763754906436053,0.16896242231247977,1.0532948799352737
2021-12-31,17354.05078125,17354.05078125,17400.80078125,17238.5,17244.5,167000,0.009150102615531841,-0.02627326324178214,1.0111817836024024,0.9853306150801836,0.16649041920710295,1.061693327660991
2022-01-03,17625.69921875,17625.69921875,17646.650390625,17383.30078125,17387.150390625,200500,0.04218535196381312,-0.00115044663096453,1.0248798626165796,1.0007735319120663,0.16171502085527903,1.0775278505698211
2022-01-04,17805.25,17805.25,17827.599609375,17593.55078125,17681.400390625,247400,0.03659322278659194,0.0008375546828571778,1.0334316772273129,1.0109540310181158,0.1568342752383917,1.0875987426864535
2022-01-05,17925.25,17925.25,17944.69921875,17748.849609375,17820.099609375,251500,0.026073641580446116,0.00167926497395543,1.0390231140756943,1.0177385001774857,0.14770535418362454,1.0939306910760724
2022-01-06,17745.900390625,17745.900390625,17797.94921875,17655.55078125,17768.5,236500,0.013076026018252307,-0.011147297124634026,1.02794486573591,1.0077463702564096,0.15293566932333288,1.082064361158252
2022-01-07,17812.69921875,17812.69921875,17905.0,17704.55078125,17797.599609375,239300,0.017211653278362826,-0.00996278934653716,1.030914315989304,1.0117113523652501,0.15327754858308715,1.0852393841174255
2022-01-10,18003.30078125,18003.30078125,18017.44921875,17879.150390625,17913.30078125,232400,0.03656388992846149,-0.008724336517681341,1.040034171766382,1.02269038103606,0.15310789329431862,1.0959075219282526
2022-01-11,18055.75,18055.75,18081.25,17964.400390625,17997.75,220200,0.042184924178293226,-0.015421108495614955,1.0408668185465157,1.0259444879500232,0.1522972637227615,1.0980893000371017
2022-01-12,18212.349609375,18212.349609375,18227.94921875,18128.80078125,18170.400390625,245000,0.05754173274372354,-0.014325942760497923,1.0469041238503374,1.0351020985939225,0.1508768931944137,1.106508573771459
2022-01-13,18257.80078125,18257.80078125,18272.25,18163.80078125,18257.0,303700,0.058521391419788626,-0.00873833559552084,1.0464807754176761,1.0378435531885457,0.15081249960265913,1.1081431793471328
2022-01-14,18255.75,18255.75,18286.94921875,18119.650390625,18185.0,229500,0.07480340765432025,-0.0005939588980442556,1.0425670333655406,1.037737645694653,0.13528664245199223,1.106831517192951
2022-01-17,18308.099609375,18308.099609375,18321.55078125,18228.75,18235.650390625,266700,0.10195498250155466,0.007151462627752014,1.040523812981321,1.0405852677109029,0.09561721686956935,1.1087449296364014
2022-01-18,18113.05078125,18113.05078125,18350.94921875,18085.900390625,18337.19921875,227500,0.08003179344740552,-0.00010210430833823558,1.0255268933999389,1.0295009980656646,0.10870126542170012,1.0958148038546893
2022-01-19,17938.400390625,17938.400390625,18129.19921875,17884.900390625,18129.19921875,276700,0.05797258209991951,-0.01031701347114633,1.012820200090761,1.019754945001144,0.11531032220242576,1.0841985576368847
2022-01-20,17757.0,17757.0,17943.69921875,17648.44921875,17921.0,258100,0.04008764958379141,-0.02799371481300794,1.000644808169941,1.009932112616271,0.12296084005628125,1.0722812833177826
2022-01-21,17617.150390625,17617.150390625,17707.599609375,17485.849609375,17613.69921875,277600,0.036074418326839774,-0.03260669287428597,0.9910511300506288,1.0025424489306034,0.12618885387344608,1.0628518005628818
2022-01-24,17149.099609375,17149.099609375,17599.400390625,16997.849609375,17575.150390625,323800,0.003678373509400812,-0.03965618393789638,0.9645504644166877,0.9765629021643761,0.1614113538045695,1.0337333893096012
2022-01-25,17277.94921875,17277.94921875,17309.150390625,16836.80078125,17001.55078125,326500,0.0025937776536637536,-0.022278687229114857,0.971675461114339,0.98426807865949,0.1607106904701806,1.0406313442046695
2022-01-27,17110.150390625,17110.150390625,17182.5,16866.75,17062.0,395600,-0.006009737713061458,-0.045706412682117725,0.9625187940170676,0.9754681128644964,0.16448168586632023,1.0298225611058076
2022-01-28,17101.94921875,17101.94921875,17373.5,17077.099609375,17208.30078125,355300,-0.005928871255259982,-0.04399364045234799,0.962333533512719,0.9757302016786826,0.16448023777588813,1.028582570816244
2022-01-31,17339.849609375,17339.849609375,17410.0,17264.150390625,17301.05078125,321700,-0.0008183202904040732,-0.02744652765225586,0.9757592705314965,0.9897638665911729,0.1691364575050975,1.0421160458013767
2022-02-01,17576.849609375,17576.849609375,17622.400390625,17244.55078125,17529.44921875,386400,-0.002771499091680507,-0.018973876867055428,0.9892318531608715,1.0036164765568543,0.16687445595141762,1.055427494747899
2022-02-02,17780.0,17780.0,17794.599609375,17674.80078125,17706.19921875,271200,-0.0014181210597997707,-0.01596978001962579,1.0007363415485906,1.0154949669255169,0.16804724242574184,1.066634338250177
2022-02-03,17560.19921875,17560.19921875,17781.150390625,17511.150390625,17767.75,226600,-0.020365170987852288,-0.026825763401083447,0.9893814141357431,1.0034035054556214,0.17150612431338272,1.0525828876527477
2022-02-04,17516.30078125,17516.30078125,17617.80078125,17462.55078125,17590.19921875,261400,-0.01293817751260995,-0.027801126657839736,0.987546829997322,1.0013727980997518,0.16829903917921277,1.0491206755372269
2022-02-07,17213.599609375,17213.599609375,17536.75,17119.400390625,17456.30078125,265000,-0.03363328611894911,-0.03692596983395657,0.9721226656208662,0.9846871808232578,0.1774937480361316,1.0302567850038606
2022-02-08,17266.75,17266.75,17306.44921875,17043.650390625,17279.849609375,268500,-0.04091198554084596,-0.046180828879590075,0.9771565790453991,0.9885154861911045,0.17247208542831977,1.03252454790242
2022-02-09,17463.80078125,17463.80078125,17477.150390625,17339.0,17370.099609375,236400,-0.03278452674355814,-0.03565257174312697,0.9899662062238813,1.0004128823661749,0.17822043430199816,1.0433847739648574
2022-02-10,17605.849609375,17605.849609375,17639.44921875,17427.150390625,17554.099609375,273600,-0.03330157903886255,-0.021853728301714836,0.9997370672974907,1.0089290452848876,0.177820118357126,1.0509220834437516
2022-02-11,17374.75,17374.75,17454.75,17303.0,17451.0,253100,-0.04836567075246301,-0.029270385151464295,0.9890940526956888,0.9961840149683728,0.18161526292288752,1.036274701045809
2022-02-14,16842.80078125,16842.80078125,17099.5,16809.650390625,17076.150390625,305500,-0.07739748948961289,-0.05190038500027161,0.9626834052778978,0.966536190065782,0.20768753966384562,1.0038044993053794
2022-02-15,17352.44921875,17352.44921875,17375.0,16839.25,16933.25,298700,-0.05219822980074029,-0.00368049697699091,0.9945295275604874,0.9958437845522262,0.23918470935569985,1.03323779898798
2022-02-16,17322.19921875,17322.19921875,17490.599609375,17257.69921875,17408.44921875,244500,-0.04366197456469689,-0.010349469939626488,0.9950509014411487,0.994280037148032,0.23730219310852965,1.0305419021923474
2022-02-17,17304.599609375,17304.599609375,17442.900390625,17235.849609375,17396.55078125,232100,-0.035332067935178735,-0.006342282503931429,0.9958527579933775,0.993374797399144,0.23567894287608104,1.0285882006148057
2022-02-18,17276.30078125,17276.30078125,17380.80078125,17219.19921875,17236.05078125,189600,-0.027070970251168558,-0.014823535177133085,0.995601294900083,0.9919970132874336,0.23359913352620704,1.0260549222817175
2022-02-21,17206.650390625,17206.650390625,17351.05078125,17070.69921875,17192.25,215200,-0.02330115772971142,0.01058360257971791,0.9927617278434596,0.987827368909837,0.23256534977499493,1.0211439867806194
2022-02-22,17092.19921875,17092.19921875,17148.55078125,16843.80078125,16847.94921875,300100,-0.003317981230565259,0.0022428822502851276,0.9863202094952966,0.9812208585563754,0.21312414487304943,1.0136817271517253
2022-02-23,17063.25,17063.25,17220.69921875,17027.849609375,17194.5,200200,-0.012426198041895486,0.004713527776416981,0.9852600089336013,0.9794839349608501,0.21123565173995537,1.0113145815546218
2022-02-24,16247.9501953125,16247.9501953125,16705.25,16203.25,16548.900390625,458000,-0.050391152364441916,-0.05353035052351951,0.9405244560750291,0.9335038904750478,0.271074341929724,0.9625317310715812
2022-02-25,16658.400390625,16658.400390625,16748.80078125,16478.30078125,16515.650390625,329800,-0.025935571580268046,-0.04271146605728959,0.9655231626974177,0.957767398202623,0.2881807665169852,0.9862555366588567
2022-02-28,16793.900390625,16793.900390625,16815.900390625,16356.2998046875,16481.599609375,404200,-0.03148523378512036,-0.023423031536529915,0.9749192438929716,0.9659307400643234,0.2848974011967652,0.9936020397039862
2022-03-02,16605.94921875,16605.94921875,16678.5,16478.650390625,16593.099609375,517700,-0.05523745222847831,-0.01811117865748202,0.9667326883425715,0.9554009260586505,0.2809623791767651,0.981935576861222
2022-03-03,16498.05078125,16498.05078125,16768.94921875,16442.94921875,16723.19921875,442100,-0.07210063097581554,-0.03950982833530614,0.9640486161030897,0.949811226375296,0.27600644964589166,0.9750725213262613
2022-03-04,16245.349609375,16245.349609375,16456.0,16133.7998046875,16339.4501953125,456100,-0.07487669091880589,-0.070086886797178,0.9529430807794281,0.9363630094440919,0.27745984598367834,0.9597677443982952
2022-03-07,15863.150390625,15863.150390625,15944.599609375,15711.4501953125,15867.9501953125,585400,-0.09437782619002433,-0.09440620063695371,0.9350572487392618,0.9157883332270069,0.2862139434170891,0.9368647234706805
2022-03-08,16013.4501953125,16013.4501953125,16028.75,15671.4501953125,15747.75,543600,-0.06972100207378273,-0.08553622627174018,0.9472673385221596,0.9257994810934427,0.28656736674255207,0.9453684425798892
2022-03-09,16345.349609375,16345.349609375,16418.05078125,15990.0,16078.0,462200,-0.05336269944401817,-0.058894844939760715,0.9695429211794547,0.9459201974555326,0.2984055177364009,0.9645574980136293
2022-03-10,16594.900390625,16594.900390625,16757.30078125,16447.900390625,16757.099609375,486400,-0.0497543691381257,-0.04213588439417659,0.9868885107007723,0.9610385908158938,0.3010815919430777,0.9788543582156338
2022-03-11,16630.44921875,16630.44921875,16694.400390625,16470.900390625,16528.80078125,343700,-0.055402063079398656,-0.03431493133373187,0.9918793481520346,0.9636469310051542,0.2990207058569959,0.9804884534813363
2022-03-14,16871.30078125,16871.30078125,16887.94921875,16606.5,16633.69921875,314700,-0.028975911523906772,-0.02186287428600997,1.0077572968482382,0.9779591657470642,0.30235877057448396,0.9941913861054706
2022-03-15,16663.0,16663.0,16927.75,16555.0,16900.650390625,381600,-0.01067523053827013,-0.018969410638076223,0.9958498300203447,0.9661855856556609,0.2848524850405393,0.9814928999136044
2022-03-16,16975.349609375,16975.349609375,16987.900390625,16837.849609375,16876.650390625,260000,-0.021731780028350633,0.021737453961514053,1.0156616351441603,0.9839534169601039,0.27145037121362064,0.9993983949557913
2022-03-17,17287.05078125,17287.05078125,17344.599609375,17175.75,17202.900390625,448300,-0.0020290978677784954,0.03077966733339732,1.0344199707893116,1.001521317659818,0.27991679816791637,1.017165705720118
2022-03-21,17117.599609375,17117.599609375,17353.349609375,17096.400390625,17329.5,285500,-0.010806375427414694,0.009563320236050554,1.0248537659861467,0.9915489570036302,0.2820480958091246,1.006697100280309
2022-03-22,17315.5,17315.5,17334.400390625,17006.30078125,17120.400390625,338300,0.0022689590350581934,0.014227498809942007,1.0365806910922224,1.0027773216475648,0.2852069063271843,1.017814787939483
2022-03-23,17245.650390625,17245.650390625,17442.400390625,17199.599609375,17405.05078125,292100,0.0022665654915177136,0.014226296588987664,1.032278687993134,0.9984990503592656,0.2852073676737347,1.0132118502173526
2022-03-24,17222.75,17222.75,17291.75,17091.150390625,17094.94921875,290300,0.00763803297511223,0.007988879947326,1.0305052914604391,0.9970418200835655,0.2841494878942277,1.0114111199004612
2022-03-25,17153.0,17153.0,17294.900390625,17076.55078125,17289.0,237100,0.005259842058224606,-0.0046566956319904484,1.0260563717777578,0.9930808178890065,0.2845019920426151,1.0068766617904275
2022-03-28,17222.0,17222.0,17235.099609375,17003.900390625,17181.849609375,253200,0.05994908852985725,0.00048800894732248246,1.0271913101942025,0.9970675226275134,0.21709970899540534,1.0104908709387266
2022-03-29,17325.30078125,17325.30078125,17343.650390625,17235.69921875,17297.19921875,235100,0.04003387930334035,0.007053703830266045,1.0313015076299819,1.002930683062754,0.2014392468642938,1.0160794528104624
2022-03-30,17498.25,17498.25,17522.5,17387.19921875,17468.150390625,505000,0.041940799516007266,0.008309254165937974,1.0394174598579047,1.0128014991775223,0.20228279978351024,1.0256621435839417
2022-03-31,17464.75,17464.75,17559.80078125,17435.19921875,17519.19921875,281100,0.05171645233506528,-0.009131508302308022,1.0347880943356982,1.0110194875278427,0.19677476255508616,1.0231806625155926
2022-04-01,17670.44921875,17670.44921875,17703.69921875,17422.69921875,17436.900390625,291800,0.0710628457291711,-0.0075708446244787675,1.0433519849566903,1.0230602974840972,0.19630525091048753,1.0346645530085339
2022-04-04,18053.400390625,18053.400390625,18114.650390625,17791.400390625,17809.099609375,345500,0.11129651406249796,0.007149154997838192,1.0603036342120677,1.0451026625956314,0.192907176546452,1.056394378234815
2022-04-05,17957.400390625,17957.400390625,18095.44921875,17921.55078125,18080.599609375,283500,0.13201980366003996,0.011918245642341896,1.0482189413014218,1.039333181879127,0.16510641807534682,1.0501353699490252
2022-04-06,17807.650390625,17807.650390625,17901.0,17779.849609375,17842.75,328800,0.11204332441972453,-0.0002834398124056392,1.0340626814001148,1.03067101467783,0.1724203501306004,1.0407572715002338
2022-04-07,17639.55078125,17639.55078125,17787.5,17623.69921875,17723.30078125,308800,0.0791785555405129,-0.020204628274546055,1.0204668779040467,1.0213001063449771,0.17020244239921653,1.030346224122229
2022-04-08,17784.349609375,17784.349609375,17842.75,17600.55078125,17698.150390625,274400,0.0716755865206613,-0.015031244375060537,1.025315998656489,1.029953451518192,0.16578039383997134,1.0381670597157382
2022-04-11,17674.94921875,17674.94921875,17779.05078125,17650.94921875,17740.900390625,251700,0.06280648142819723,-0.02950747169647827,1.0159498328871897,1.0241489333391331,0.16924713934664937,1.0312003462562294
2022-04-12,17530.30078125,17530.30078125,17595.30078125,17442.349609375,17584.849609375,266000,0.039060414401027366,-0.039845981929385044,1.0057306838282865,1.0164816371160101,0.16818157660112665,1.02223709759985
2022-04-13,17475.650390625,17475.650390625,17663.650390625,17457.400390625,17599.900390625,245100,0.04876975278311235,-0.042731720656505434,1.0002635946164988,1.0140772787617947,0.1607398030083417,1.018519115532543
2022-04-18,17173.650390625,17173.650390625,17237.75,17067.849609375,17183.44921875,376100,0.01168169055796553,-0.06196433507326371,0.982420315424429,0.9976474013761973,0.1634241721822293,1.000514608118179
2022-04-19,16958.650390625,16958.650390625,17275.650390625,16824.69921875,17258.94921875,401400,-0.018996900904646563,-0.06373307316181076,0.9710333199652861,0.9862600038201337,0.15577846841571555,0.9876730026925256
2022-04-20,17136.55078125,17136.55078125,17186.900390625,16978.94921875,17045.25,286100,0.0011071162024738346,-0.04470017347779032,0.981166462694839,0.9973812933261166,0.15705883961160982,0.9976499153148355
2022-04-21,17392.599609375,17392.599609375,17414.69921875,17215.5,17234.599609375,285200,0.004452635463890742,-0.02052150648335871,0.9956069860308687,1.0126417927744182,0.1606863653460443,1.0120721090633333
2022-04-22,17171.94921875,17171.94921875,17315.30078125,17149.19921875,17242.75,262700,-0.004273609298902747,-0.02527089580343911,0.9831836621972672,1.000227071344949,0.16663248903951766,0.9988109991452392
2022-04-25,16953.94921875,16953.94921875,17054.30078125,16888.69921875,17009.05078125,275700,-0.015607309009885162,-0.011379628964211963,0.9714495675323495,0.9877161900233737,0.17249946402324295,0.9857657468767286
2022-04-26,17200.80078125,17200.80078125,17223.849609375,17064.44921875,17121.30078125,261100,0.002786730090946099,-0.004465138571901783,0.9854590351439596,1.002172530164044,0.18018866786797647,0.9996888930446689
2022-04-27,17038.400390625,17038.400390625,17110.69921875,16958.44921875,17073.349609375,265100,-0.010660760038032735,-0.004193417261797561,0.9766685429231298,0.9927797446716857,0.18269292041057963,0.9898994000577951
2022-04-28,17245.05078125,17245.05078125,17322.5,17071.05078125,17189.5,312900,-0.0046319542161628036,0.008367558613909809,0.9887414894990171,1.0046810633400833,0.1867936515119679,1.0015081694112655
2022-04-29,17102.55078125,17102.55078125,17377.650390625,17053.25,17329.25,336200,-0.022613645293100726,-0.013685172217220432,0.9816848715469336,0.996608774407831,0.18483445833526754,0.992836161373064
2022-05-02,17069.099609375,17069.099609375,17092.25,16917.25,16924.44921875,278200,-0.022654225833464547,-0.028887429276813092,0.9808785794791457,0.9951502298918626,0.18483681908880534,0.9904977053085064
2022-05-04,16677.599609375,16677.599609375,17132.849609375,16623.94921875,17096.599609375,310600,-0.05618700447759384,-0.06200227168869521,0.9611227760637703,0.9733679427829205,0.1939526725956724,0.9675029642424596
2022-05-05,16682.650390625,16682.650390625,16945.69921875,16651.849609375,16854.75,265800,-0.07592752447410522,-0.04997373988718723,0.9652262878209337,0.9744945715784205,0.1720594354874603,0.9675517220485882
2022-05-06,16411.25,16411.25,16484.19921875,16340.900390625,16415.55078125,300500,-0.08610101445597862,-0.06308699508248228,0.9537897527989854,0.9596735326453765,0.17763705104909208,0.9516573853943908
2022-05-09,16301.849609375,16301.849609375,16403.69921875,16142.099609375,16227.7001953125,288400,-0.08455920619616064,-0.05296684137485319,0.9515955219294474,0.9541240082845672,0.17725003227584663,0.9452099668101126
2022-05-10,16240.0498046875,16240.0498046875,16404.55078125,16197.2998046875,16248.900390625,283100,-0.0793388104900099,-0.059461114298434814,0.9518761685353629,0.9514598614910631,0.1762404026381676,0.9415402723492919
2022-05-11,16167.099609375,16167.099609375,16318.75,15992.599609375,16270.0498046875,284300,-0.09093669633819323,-0.07425079958923964,0.9521129669036719,0.9483867282732225,0.17013693655328052,0.9371982154581743
2022-05-12,15808.0,15808.0,16041.9501953125,15735.75,16021.099609375,314900,-0.10562685050147114,-0.10211660608628947,0.9361110648554303,0.9289542605034732,0.18137630081607733,0.9163346823401096
2022-05-13,15782.150390625,15782.150390625,16083.599609375,15740.849609375,15977.0,369100,-0.09972164268252492,-0.09166172804644668,0.939442926606305,0.9288840991202688,0.1816119819021083,0.9148473802864742
2022-05-16,15842.2998046875,15842.2998046875,15977.9501953125,15739.650390625,15845.099609375,217600,-0.09346436609957176,-0.059402292383360145,0.9476300872639598,0.9333403035974894,0.18433331410777481,0.9183377343931562
2022-05-17,16259.2998046875,16259.2998046875,16284.25,15900.7998046875,15912.599609375,295700,-0.05324148128907058,-0.06299683694687375,0.9752404970231542,0.9589369228267239,0.20809040655290298,0.9423913864947416
2022-05-18,16240.2998046875,16240.2998046875,16399.80078125,16211.2001953125,16318.150390625,290400,-0.04235894775769511,-0.06245739356763802,0.976203953414021,0.9588360356298345,0.2048350644728781,0.9411554474620714
2022-05-19,15809.400390625,15809.400390625,15984.75,15775.2001953125,15917.400390625,313900,-0.07744559611594093,-0.08640472778924946,0.9541083001825413,0.9347708208888276,0.21688076668419023,0.9161574819664836
2022-05-20,16266.150390625,16266.150390625,16283.0498046875,16003.849609375,16043.7998046875,252400,-0.06476600646534858,-0.05847029427279471,0.9850216669085676,0.9627356873967797,0.23709652709261256,0.9424930381651424
2022-05-23,16214.7001953125,16214.7001953125,16414.69921875,16185.75,16290.9501953125,293800,-0.05574492512429996,-0.05764923287178325,0.9847602348707166,0.9606305101294309,0.23447224674590791,0.9393889949363353
2022-05-24,16125.150390625,16125.150390625,16262.7998046875,16078.599609375,16225.5498046875,249800,-0.04888529612961212,-0.056578373312204056,0.9817925761636905,0.9562382678652002,0.23180791144802534,0.9341360380186721
2022-05-25,16025.7998046875,16025.7998046875,16223.349609375,16006.9501953125,16196.349609375,243300,-0.06831082991457749,-0.06080026931050653,0.9792463435182935,0.9513221264097165,0.22319501005125214,0.9284088438611047
2022-05-26,16170.150390625,16170.150390625,16204.4501953125,15903.7001953125,16105.0,314300,-0.05095842215785318,-0.004788284291389888,0.9906948040915846,0.9599649440923063,0.2262628114081777,0.9367954371759427
2022-05-27,16352.4501953125,16352.4501953125,16370.599609375,16221.9501953125,16296.599609375,274100,-0.05175981197503898,-0.0183661208842526,1.0046106961959063,0.9710814077384468,0.22555509120110162,0.947340850754567
2022-05-30,16661.400390625,16661.400390625,16695.5,16506.150390625,16527.900390625,251400,-0.02579442074270266,-0.007889769316124284,1.0249799633933454,0.9895580192485868,0.23670369080452414,0.9651208458673132
2022-05-31,16584.55078125,16584.55078125,16690.75,16521.900390625,16578.44921875,651600,-0.02838748611314379,-0.0012886006826902108,1.0217751948307643,0.9850146124844616,0.23698983576768565,0.9605785094704221
2022-06-01,16522.75,16522.75,16649.19921875,16438.849609375,16594.400390625,249600,-0.009284885894967454,0.0014970992075058476,1.0184534621636665,0.9813200545899586,0.2229361356075671,0.9569317580970748
2022-06-02,16628.0,16628.0,16646.400390625,16443.05078125,16481.650390625,236000,-0.003275881790084867,0.023554457110863014,1.0251136767662754,0.9871971444073611,0.2242423699375874,0.9629310073044387
2022-06-03,16584.30078125,16584.30078125,16793.849609375,16567.900390625,16761.650390625,245500,0.010544643537207632,0.045460729607102124,1.0218745303604475,0.98390065571616,0.21620000281841598,0.9603392291814703
2022-06-06,16569.55078125,16569.55078125,16610.94921875,16444.55078125,16530.69921875,233600,0.016421521378840787,0.03472709373400895,1.020124335533296,0.9824853446075069,0.21460808158670913,0.9594738706418469
2022-06-07,16416.349609375,16416.349609375,16487.25,16347.099609375,16469.599609375,233800,0.010855866010744286,0.004343743125523547,1.0101441102600641,0.973333043944899,0.2170445242434488,0.9506430049145266
2022-06-08,16356.25,16356.25,16514.30078125,16293.349609375,16474.94921875,243500,0.011699710844567113,-0.014380947460210236,1.0058606541157091,0.9699984630166015,0.21680751157687037,0.9472335941732994
2022-06-09,16478.099609375,16478.099609375,16492.80078125,16243.849609375,16263.849609375,205000,0.04238990443920798,-0.009160883591961766,1.0112703635446925,0.9773718635565515,0.19997737573405708,0.9543153039213752
2022-06-10,16201.7998046875,16201.7998046875,16324.7001953125,16172.599609375,16283.9501953125,189700,0.02659012895427626,-0.0396828309353926,0.9930349498273274,0.9616200250117006,0.21079432152245337,0.9383812114701942
2022-06-13,15774.400390625,15774.400390625,15886.150390625,15684.0,15877.5498046875,225500,-0.004285956893860132,-0.05332770865840486,0.9670401619317429,0.9370764320066601,0.2327359426932632,0.9138180292627992
2022-06-14,15732.099609375,15732.099609375,15858.0,15659.4501953125,15674.25,225400,-0.032424532522643434,-0.07323855052230488,0.9660079919280373,0.93571534851464,0.21118771752609264,0.9116031889367988
2022-06-15,15692.150390625,15692.150390625,15783.650390625,15678.900390625,15729.25,183000,-0.03375241963847775,-0.09225983140830896,0.9651792826799535,0.9348172165781415,0.2112026797471555,0.9095366796925449
2022-06-16,15360.599609375,15360.599609375,15863.150390625,15335.099609375,15832.25,264700,-0.028388222839630273,-0.1026428962059448,0.946092360605295,0.9166650790844121,0.20321360800331964,0.8906490146011975
2022-06-17,15293.5,15293.5,15400.400390625,15183.400390625,15272.650390625,342600,-0.05979597921248703,-0.11677398862291011,0.9447895564925164,0.9144999624548322,0.1697638025948,0.8871214709684221
2022-06-20,15350.150390625,15350.150390625,15382.5,15191.099609375,15334.5,260000,-0.05331888929635786,-0.1099117723637969,0.9508284205930381,0.9196247062602835,0.17145883931977188,0.8908160082191843
2022-06-21,15638.7998046875,15638.7998046875,15707.25,15419.849609375,15455.9501953125,262800,-0.03016099534924399,-0.09196848327430285,0.9701694772978746,0.9384017875335466,0.18698543021862402,0.9079606623551507
2022-06-22,15413.2998046875,15413.2998046875,15565.400390625,15385.9501953125,15545.650390625,220900,-0.03821962132715806,-0.10142250307890743,0.9580004075709231,0.9264826522214001,0.192015027214564,0.8953007339294828
2022-06-23,15556.650390625,15556.650390625,15628.4501953125,15367.5,15451.5498046875,259200,-0.03794027793060539,-0.09669896698263847,0.9687572516117393,0.9366620668597979,0.192236621686844,0.9040678918443272
2022-06-24,15699.25,15699.25,15749.25,15619.4501953125,15657.400390625,219600,-0.03994509614832786,-0.0938541155377669,0.9796297412182113,0.9467928693163749,0.19047934781053846,0.9127858328339562
2022-06-27,15832.0498046875,15832.0498046875,15927.4501953125,15815.5,15926.2001953125,210900,-0.04977676344685633,-0.09522096182832573,0.9904793491651648,0.9564035253315912,0.17874631522383258,0.920920909298392
2022-06-28,15850.2001953125,15850.2001953125,15892.099609375,15710.150390625,15757.4501953125,251900,-0.0442791966827184,-0.09244620190311914,0.9938979603735897,0.9590589905595538,0.1790328968696861,0.9223822754645551
2022-06-29,15799.099609375,15799.099609375,15861.599609375,15687.7998046875,15701.7001953125,444900,-0.04379721236628287,-0.10590277509127066,0.9929465092034903,0.9577745089207781,0.17898697102178268,0.9198245616431998
2022-06-30,15780.25,15780.25,15890.0,15728.849609375,15774.5,306000,-0.0509832812124128,-0.12591258939814076,0.9944109363851351,0.9588339782998203,0.17616652531128876,0.9191522978240618
2022-07-01,15752.0498046875,15752.0498046875,15793.9501953125,15511.0498046875,15703.7001953125,364100,-0.050183060928527756,-0.12281012496045052,0.9952436591721947,0.9592628534241073,0.1761909727436436,0.9179383272795307
2022-07-04,15835.349609375,15835.349609375,15852.349609375,15661.7998046875,15710.5,304300,-0.04431026414462713,-0.11075581213613317,1.0028326745701752,0.9662699029147832,0.1783183525883209,0.9232080629221968
2022-07-05,15810.849609375,15810.849609375,16025.75,15785.4501953125,15909.150390625,254200,-0.03688396107586622,-0.10367050695071112,1.0032045420167106,0.9665725329876884,0.17638136843147117,0.9222390327938176
2022-07-06,15989.7998046875,15989.7998046875,16011.349609375,15800.900390625,15818.2001953125,288400,-0.02240429165074509,-0.10090612499776241,1.015739870398579,0.9793029925648883,0.18223089657033775,0.9331233422391608
2022-07-07,16132.900390625,16132.900390625,16150.5,16045.9501953125,16113.75,264600,-0.020948970265576183,-0.08724488025624189,1.0259551100196562,0.9896249847333806,0.1832308978064322,0.9418734389159953
2022-07-08,16220.599609375,16220.599609375,16275.5,16157.900390625,16273.650390625,281100,0.0011603528567276644,-0.07471070737564445,1.0314705921603649,0.9963387267367644,0.17454861301068314,0.9473187934662337
2022-07-11,16216.0,16216.0,16248.5498046875,16115.5,16136.150390625,255900,0.02799470017493988,-0.07208031532267045,1.0297322864630518,0.997342323877844,0.143123789041732,0.9474225475758123
2022-07-12,16058.2998046875,16058.2998046875,16158.75,16031.150390625,16126.2001953125,208600,0.02073468916495491,-0.0649454577546521,1.0186631342287973,0.9887736607907034,0.14792459436468758,0.9386169841643681
2022-07-13,15966.650390625,15966.650390625,16140.0,15950.150390625,16128.2001953125,233300,0.017492822409094222,-0.05849522085486192,1.0119682560533176,0.9841323099840443,0.14936640181505617,0.93376659903257
2022-07-14,15938.650390625,15938.650390625,16070.849609375,15858.2001953125,16018.849609375,228600,0.03763204535955733,-0.0699032381671395,1.008346476698923,0.9836168984801765,0.12488891135154084,0.9326512262605704
2022-07-15,16049.2001953125,16049.2001953125,16066.9501953125,15927.2998046875,16010.7998046875,205800,0.04941316214813485,-0.07723971368480065,1.0129190034713027,0.9918096530823725,0.12385079614289526,0.9396165130271293
2022-07-18,16278.5,16278.5,16287.9501953125,16142.2001953125,16151.400390625,227700,0.06047820938236437,-0.05202957494041771,1.0243898703813594,1.0069065188154587,0.13070183074046754,0.9534514103911153
2022-07-19,16340.5498046875,16340.5498046875,16359.5,16187.0498046875,16187.0498046875,222600,0.044872369284352676,-0.03618032625602763,1.0260291086572697,1.0113841716615177,0.11696408525997125,0.9574701022228923
2022-07-20,16520.849609375,16520.849609375,16588.0,16490.94921875,16562.80078125,284400,0.07185676128551477,-0.03953020446677058,1.033755652308121,1.023261404258739,0.1027824131216333,0.9683460246672788
2022-07-21,16605.25,16605.25,16626.94921875,16483.900390625,16523.55078125,243600,0.06740523075628957,-0.025422010323418065,1.0356392088656148,1.02894904231871,0.10071496612187908,0.9735574664483374
2022-07-22,16719.44921875,16719.44921875,16752.25,16610.900390625,16661.25,190900,0.06498394628724302,-0.030478400392503935,1.0394546867481278,1.0365881075833556,0.09927379626851145,0.9805322442451311
2022-07-25,16631.0,16631.0,16706.05078125,16564.25,16662.55078125,211400,0.05046410320639283,-0.027571956211758453,1.031394242755145,1.0316070115476224,0.10153187768490307,0.9756858660222443
2022-07-26,16483.849609375,16483.849609375,16636.099609375,16463.30078125,16632.900390625,208200,0.039977376074397775,-0.03428710438121518,1.0202638628486898,1.0230984142912711,0.10921206833325836,0.9673828169058571
2022-07-27,16641.80078125,16641.80078125,16653.44921875,16438.75,16475.349609375,185200,0.05333855679819566,-0.0021465216196265846,1.027360917405617,1.0329401766037025,0.1105596649398214,0.9769817157566818
2022-07-28,16929.599609375,16929.599609375,16947.650390625,16746.25,16774.849609375,376300,0.07283468952488081,0.014802756934160444,1.0414331456027606,1.0505351914052565,0.12089918989464124,0.9941591541830533
2022-07-29,17158.25,17158.25,17172.80078125,17018.150390625,17079.5,436100,0.08927093379898032,0.045517556554192984,1.05095315628065,1.0639017412747052,0.12405731748803121,1.0078193111081049
2022-08-01,17340.05078125,17340.05078125,17356.25,17154.80078125,17243.19921875,381500,0.0950216578094476,0.0636860967775057,1.0572167054321064,1.0740220288324835,0.12601220307394903,1.0186927231690968
2022-08-02,17345.44921875,17345.44921875,17390.150390625,17215.849609375,17310.150390625,333600,0.09705990805611497,0.06806625763816565,1.0526214729745467,1.0731318308544104,0.12498950591499335,1.019254267238927
2022-08-03,17388.150390625,17388.150390625,17407.5,17225.849609375,17349.25,285400,0.08745266376177918,0.07552689169688387,1.0507544769990833,1.0744209042501212,0.12268629995571897,1.0220488701904922
2022-08-04,17382.0,17382.0,17490.69921875,17161.25,17463.099609375,325000,0.07742560724548109,0.09956983805668007,1.0464334544845384,1.0723027003492795,0.12236778692042766,1.022016272119164
2022-08-05,17397.5,17397.5,17474.400390625,17348.75,17423.650390625,355300,0.07255591155488417,0.10235294743703371,1.043669289274087,1.071479324920102,0.12259301893893165,1.023234841777016
2022-08-08,17525.099609375,17525.099609375,17548.80078125,17359.75,17401.5,257000,0.0807288856299333,0.10622193907664745,1.047211938211264,1.0774767749119614,0.12244509181904378,1.0309644280553154
2022-08-10,17534.75,17534.75,17566.099609375,17442.80078125,17566.099609375,312700,0.09194312058375664,0.0784443494267073,1.0431868262320902,1.0766629525318152,0.1122341946549758,1.031727378437352
2022-08-11,17659.0,17659.0,17719.30078125,17631.94921875,17711.650390625,311200,0.10599277669214091,0.08735677372797124,1.0453165371267574,1.0827201707769794,0.1059406356291954,1.039177504042898
2022-08-12,17698.150390625,17698.150390625,17724.650390625,17597.849609375,17659.650390625,303900,0.1103920317516296,0.11947005916303,1.0422065896620964,1.0830302595640429,0.1034733029969146,1.0416123262380947
2022-08-16,17825.25,17825.25,17839.099609375,17764.05078125,17797.19921875,0,0.11066282326057797,0.09584932955455683,1.0442305271891739,1.0890762787299955,0.10352930312277064,1.0492295116970933
2022-08-17,17944.25,17944.25,17965.94921875,17833.349609375,17868.150390625,262800,0.102328224344995,0.10666554323264599,1.0460977045417952,1.0944193954607166,0.09822044766055167,1.0563170000021227
2022-08-18,17956.5,17956.5,17968.44921875,17852.05078125,17898.650390625,263900,0.09889203329308693,0.11357100957270627,1.0419042039222566,1.09313158589205,0.09928955277160634,1.0570072379835318
2022-08-19,17758.44921875,17758.44921875,17992.19921875,17710.75,17966.55078125,295600,0.0749113779640429,0.10811625224194454,1.0267260754483925,1.0791777609544417,0.11103860500428282,1.0453222974250058
2022-08-22,17490.69921875,17490.69921875,17690.05078125,17467.349609375,17682.900390625,287600,0.05332345003839145,0.08166583465362298,1.008663945223626,1.0614869115183347,0.12929490248156755,1.0296946551577602
2022-08-23,17577.5,17577.5,17625.55078125,17345.19921875,17357.349609375,285600,0.0513205172026685,0.07491536681387756,1.0111678641763615,1.065434542777458,0.12863874214467777,1.0348995785523176
2022-08-24,17604.94921875,17604.94921875,17623.650390625,17499.25,17525.44921875,262000,0.05856227639648859,0.05663082370050443,1.0099177488248898,1.06608215055482,0.12538001803484594,1.0365841194478433
2022-08-25,17522.44921875,17522.44921875,17726.5,17487.44921875,17679.0,230200,0.06300710295150402,0.05655253795359716,1.0021995454525194,1.0600828348875482,0.1209845841697909,1.0318462922849494
2022-08-26,17558.900390625,17558.900390625,17685.849609375,17519.349609375,17619.30078125,266600,0.05510819540685041,0.06271052885415562,1.0016573462815543,1.0611794002754331,0.1185574157101027,1.034147979635862
2022-08-29,17312.900390625,17312.900390625,17380.150390625,17166.19921875,17188.650390625,244900,0.0226408651175507,0.04118958327068789,0.9865455669922932,1.0455909661268288,0.11988693331601327,1.0198792268576213
2022-08-30,17759.30078125,17759.30078125,17777.650390625,17401.5,17414.94921875,324700,0.035029841694228736,0.07085013806119811,1.0102528684230079,1.0712837404302393,0.1418720860264661,1.046255537765994
2022-09-01,17542.80078125,17542.80078125,17695.599609375,17468.44921875,17485.69921875,308500,0.01169258398131312,0.05873725925637796,0.9973619235829012,1.0571895012238421,0.14610356932652138,1.0336015668334584
2022-09-02,17539.44921875,17539.44921875,17643.849609375,17476.44921875,17598.400390625,256300,0.011184489807867903,0.06841348022544702,0.9966217653143885,1.055796553571579,0.14612675984026222,1.0335756135093963
2022-09-05,17665.80078125,17665.80078125,17683.150390625,17540.349609375,17546.44921875,230300,0.015967793260788676,0.08006424340848306,1.003010075943701,1.0620070690844665,0.14789128091098322,1.041157435242648
2022-09-06,17655.599609375,17655.599609375,17764.650390625,17587.650390625,17695.69921875,251200,0.015740398652341447,0.07145848295091484,1.0016528934227933,1.0601430663777622,0.14791641621960017,1.0406615852115775
2022-09-07,17624.400390625,17624.400390625,17650.75,17484.30078125,17519.400390625,354100,0.013042126203477444,0.08780509592063424,0.9992397258876132,1.0567651868898038,0.14819117958852698,1.0389066008480288
2022-09-08,17798.75,17798.75,17807.650390625,17691.94921875,17748.150390625,279800,0.015614769486309354,0.12833131905147455,1.0083424967998704,1.065064611929238,0.14996578449046674,1.0491734998019742
2022-09-09,17833.349609375,17833.349609375,17925.94921875,17786.0,17923.349609375,270300,0.017029020053037636,0.13356449883827537,1.0094488371262826,1.0649033932133831,0.1500195296496057,1.0510839052144092
2022-09-12,17936.349609375,17936.349609375,17980.55078125,17889.150390625,17890.849609375,228200,0.01570585023925486,0.1430141289042679,1.0144827753853218,1.0686670750394984,0.14937379518234256,1.057019766615146
2022-09-13,18070.05078125,18070.05078125,18088.30078125,18015.44921875,18044.44921875,259900,0.021013517368572154,0.17638967493308955,1.0209711414663514,1.073744190209923,0.15117293257858097,1.0646935181103552
2022-09-14,18003.75,18003.75,18091.55078125,17771.150390625,17771.150390625,365900,0.010013884798249606,0.17721581063850667,1.016712402025735,1.0669407365693773,0.15024733089958994,1.060640975452747
2022-09-15,17877.400390625,17877.400390625,18096.150390625,17861.5,18046.349609375,289600,-0.003725405596500253,0.16464008076060943,1.0097677555310278,1.056814997829757,0.15067023939006222,1.05293351350577
2022-09-16,17530.849609375,17530.849609375,17820.05078125,17497.25,17796.80078125,468500,-0.02370452987079885,0.12098433564706079,0.9913852989775874,1.0344005384629524,0.16554519687312233,1.0323775637165564
2022-09-19,17622.25,17622.25,17667.19921875,17429.69921875,17540.650390625,258300,-0.00766954462477476,0.1433145545278185,0.9969380034085042,1.037539729846364,0.1627107480887317,1.037564824503997
2022-09-20,17816.25,17816.25,17919.30078125,17744.400390625,17770.400390625,263100,0.018612793987161425,0.14524975188339484,1.0069858072815603,1.0466410946628595,0.15753507341822262,1.0487866898219882
2022-09-21,17718.349609375,17718.349609375,17838.69921875,17663.599609375,17766.349609375,245500,0.008013062686673234,0.12861121450865487,1.001053949789709,1.038836105561291,0.1583611520369131,1.0429263844143257
2022-09-22,17629.80078125,17629.80078125,17722.75,17532.44921875,17609.650390625,284100,0.0014116236401029436,0.11355137197902376,0.995981183707711,1.0318318039461296,0.15943589415352655,1.0375820236710656
2022-09-23,17327.349609375,17327.349609375,17642.150390625,17291.650390625,17593.849609375,390800,-0.011134265931627474,0.09319436952596649,0.9794342178425638,1.0126708702803624,0.1703436733715176,1.0196570491460988
2022-09-26,17016.30078125,17016.30078125,17196.400390625,16978.30078125,17156.30078125,492000,-0.030901685031751946,0.07704243925095122,0.9633293747029349,0.9933143914289105,0.18094609852568272,1.0014001180277077
2022-09-27,17007.400390625,17007.400390625,17176.44921875,16942.349609375,17110.900390625,359900,-0.0176458012873123,0.07776495243262938,0.9636588289967829,0.9916109527332455,0.1747801153935098,1.0010125177156848
2022-09-28,16858.599609375,16858.599609375,17037.599609375,16820.400390625,16870.55078125,323900,-0.050717152829910184,0.07024798793857379,0.957671332363384,0.9818793725769935,0.14625446594246447,0.9924467320137947
2022-09-29,16818.099609375,16818.099609375,17026.05078125,16788.599609375,16993.599609375,340000,-0.041310460109059144,0.06206051803353829,0.9573412500707302,0.9785870404310941,0.14173180264087457,0.9902645961657565
2022-09-30,17094.349609375,17094.349609375,17187.099609375,16747.69921875,16798.05078125,376100,-0.025377057387821478,0.08117843327274143,0.9743005734067596,0.9934245497714944,0.15604526492590193,1.0066116113957344
2022-10-03,16887.349609375,16887.349609375,17114.650390625,16855.55078125,17102.099609375,278400,-0.04406543363158644,0.05613264804130802,0.9646424823601334,0.9805424844831561,0.15724739130213036,0.9945504104157419
2022-10-04,17274.30078125,17274.30078125,17287.30078125,17117.30078125,17147.44921875,226000,-0.021596481374811738,0.07074985668964273,0.98782175158112,1.001903643566372,0.18044496600167478,1.0173233640215786
2022-10-06,17331.80078125,17331.80078125,17428.80078125,17315.650390625,17379.25,265500,-0.016601961081787686,0.06850555458090213,0.9919397230657271,1.0041600008563878,0.1810955968867272,1.020684605289339
2022-10-07,17314.650390625,17314.650390625,17337.349609375,17216.94921875,17287.19921875,216300,-0.02719851727649414,0.06775101076868517,0.9923328524743485,1.0021032369970695,0.17664933090271082,1.0195756967687775
2022-10-10,17241.0,17241.0,17280.150390625,17064.69921875,17094.349609375,234000,-0.033215835630991175,0.07365039946304042,0.9897919220004596,0.9967035721920467,0.17647522295265092,1.0150514588817574
2022-10-11,16983.55078125,16983.55078125,17261.80078125,16950.30078125,17256.05078125,282600,-0.053121111534701004,0.06368902466995108,0.9776859120181194,0.9808593813383788,0.18024050619510956,0.9998317189251074
2022-10-12,17123.599609375,17123.599609375,17142.349609375,16960.05078125,17025.55078125,256000,-0.05237678539658919,0.07434438862194881,0.9884407630432948,0.9878209989043976,0.18084828899973063,1.008026583747515
2022-10-13,17014.349609375,17014.349609375,17112.349609375,16956.94921875,17087.349609375,266400,-0.05495523935985558,0.060136916626187586,0.9849470448390051,0.9806086583629454,0.18130334568645554,1.0016124625558163
2022-10-14,17185.69921875,17185.69921875,17348.55078125,17169.75,17322.30078125,227000,-0.03869137328477201,0.05572990255551802,0.9968621552216853,0.9896218735746657,0.1860938509286462,1.0116454102528147
2022-10-17,17311.80078125,17311.80078125,17328.55078125,17098.55078125,17144.80078125,212200,-0.012495049185058282,0.059438084285504456,1.0048150769704245,0.9959549382303216,0.1765934802756341,1.0190007992009564
2022-10-18,17486.94921875,17486.94921875,17527.80078125,17434.05078125,17438.75,239500,-0.007677838031465933,0.05847759844183642,1.0153797751221785,1.0051002394715294,0.17954401261087505,1.0292334731065726
2022-10-19,17512.25,17512.25,17607.599609375,17472.849609375,17568.150390625,210500,-0.01706307444046873,0.05462127941464301,1.017747116537806,1.0056806577765531,0.17469073363277993,1.0306320262359574
2022-10-20,17563.94921875,17563.94921875,17584.150390625,17421.0,17423.099609375,249600,-0.008714151940161785,0.050510037080224945,1.0212098586110683,1.0078349809078828,0.17428435108881013,1.0335651424813543
2022-10-21,17576.30078125,17576.30078125,17670.150390625,17520.75,17622.849609375,277700,-0.003034634404768699,0.05683968379832849,1.0220869739661795,1.0076327875795383,0.17347433040263271,1.0342243499690558
2022-10-24,17730.75,17730.75,17777.55078125,17707.400390625,17736.349609375,45000,0.02328113645301766,0.07564376163173914,1.029860477219429,1.0152776205476077,0.16368210183124665,1.0432802032652015
2022-10-25,17656.349609375,17656.349609375,17811.5,17637.0,17808.30078125,251400,0.03761386427949476,0.060963884946157565,1.0236363142151024,1.0100394393036787,0.14873266753724837,1.0389479850192305
2022-10-27,17736.94921875,17736.94921875,17783.900390625,17654.5,17771.400390625,324600,0.04289596360224168,0.047688641669228815,1.0261390416831986,1.0138697534584566,0.14875192749219915,1.0437485112238594
2022-10-28,17786.80078125,17786.80078125,17838.900390625,17723.69921875,17756.400390625,250000,0.0550580234053859,0.036632569245115265,1.0262676158971014,1.0161108790978086,0.1430816374765037,1.0466694805155778
2022-10-31,18012.19921875,18012.19921875,18022.80078125,17899.900390625,17910.19921875,227200,0.07100086437289077,0.0387627721498256,1.0357048428646203,1.0283291740994542,0.1458887542719644,1.0598709048291413
2022-11-01,18145.400390625,18145.400390625,18175.80078125,18060.150390625,18130.69921875,349900,0.061485274682435254,0.0461187924156079,1.040220616529942,1.0351458084288065,0.13871574125657998,1.0676640707358498
2022-11-02,18082.849609375,18082.849609375,18178.75,18048.650390625,18177.900390625,270900,0.07079263636114441,0.03995245055647523,1.0330946454867076,1.0308965369981864,0.12919026694874278,1.0639751390096155
2022-11-03,18052.69921875,18052.69921875,18106.30078125,17959.19921875,17968.349609375,213000,0.045061067730445936,0.03858584850707625,1.029083907343122,1.028522226131699,0.10832346512926326,1.062251015021939
2022-11-04,18117.150390625,18117.150390625,18135.099609375,18017.150390625,18053.400390625,267900,0.04531263769340188,0.04136516112228761,1.030451326552444,1.0314893573676924,0.10835981633967608,1.0660875450272747
2022-11-07,18202.80078125,18202.80078125,18255.5,18064.75,18211.75,314800,0.05129473426191078,0.03867031782874797,1.0327144729643942,1.0356997792692209,0.10801334582778255,1.0711442529058668
2022-11-09,18157.0,18157.0,18296.400390625,18117.5,18288.25,307200,0.05312916884171459,0.03548667645675008,1.0274462937787492,1.0324845681299022,0.10673508430151761,1.0684966072989095
2022-11-10,18028.19921875,18028.19921875,18103.099609375,17969.400390625,18044.349609375,256500,0.06150942467539244,0.02090714189648346,1.0171515123278423,1.0248018232701943,0.09206832215932939,1.0609434733574923
2022-11-11,18349.69921875,18349.69921875,18362.30078125,18259.349609375,18272.349609375,378500,0.07160291278381226,0.036814515288000615,1.031722001753809,1.0424338166226648,0.10448639582782411,1.0797327897845255
2022-11-14,18329.150390625,18329.150390625,18399.44921875,18311.400390625,18376.400390625,301400,0.07727599417173936,0.028268910148525173,1.026771408048872,1.040769896403441,0.09943804513058886,1.0783421360290106
2022-11-15,18403.400390625,18403.400390625,18427.94921875,18282.0,18362.75,250900,0.07085549190494733,0.025587605535199343,1.0274265485079845,1.0445320997294476,0.09664052433951338,1.0824600630517176
2022-11-16,18409.650390625,18409.650390625,18442.150390625,18344.150390625,18398.25,219300,0.06341625710966214,0.025236008722468117,1.0246354357878977,1.0444391232818062,0.09608731390664822,1.0824264031616775
2022-11-17,18343.900390625,18343.900390625,18417.599609375,18312.94921875,18358.69921875,200500,0.04900518444670454,0.03296747168986247,1.0185469347665839,1.0401331202958135,0.09511993877164963,1.078222636410256
2022-11-18,18307.650390625,18307.650390625,18394.599609375,18209.80078125,18382.94921875,198800,0.04541965713286422,0.04670774802411737,1.014294350175381,1.0372768547251057,0.09634033301860842,1.075713343281706
2022-11-21,18159.94921875,18159.94921875,18262.30078125,18133.349609375,18246.400390625,213800,0.033933142972410346,0.033136067060162144,1.004452943632981,1.0283427889886825,0.10298755593485691,1.066703218131471
2022-11-22,18244.19921875,18244.19921875,18261.849609375,18137.69921875,18179.150390625,177700,0.03799994354969738,0.03631081192322738,1.0072524151511044,1.0324906955240534,0.10344112745183558,1.0713674465827216
2022-11-23,18267.25,18267.25,18325.400390625,18246.0,18325.19921875,178800,0.030258167308207407,0.042505518033005396,1.007033625809914,1.0330694664619868,0.10019551453169834,1.072503662486479
2022-11-24,18484.099609375,18484.099609375,18529.69921875,18294.25,18326.099609375,204000,0.046881151444831515,0.05269118214509483,1.016668438217761,1.0444221961070683,0.10415851327440374,1.0850110334950078
2022-11-25,18512.75,18512.75,18534.900390625,18445.099609375,18528.44921875,205900,0.04373924577908195,0.06930378979276774,1.0160764342351924,1.0448604284740022,0.10383803931569029,1.0863890785303623
2022-11-28,18562.75,18562.75,18614.25,18365.599609375,18430.55078125,206500,0.04362500194908403,0.04524103897143683,1.0166558210755208,1.0468912128240624,0.10382945172865518,1.0889888739935454
2022-11-29,18618.05078125,18618.05078125,18678.099609375,18552.150390625,18552.44921875,195300,0.03363562412019805,0.061292949364689875,1.0179956291118577,1.0489498723695612,0.09632281496166273,1.0917833357670876
2022-11-30,18758.349609375,18758.349609375,18816.05078125,18616.55078125,18625.69921875,345600,0.0337798673798726,0.0694947928765044,1.0239509982897874,1.0556461280048481,0.0964338075347986,1.0995297418527803
2022-12-01,18812.5,18812.5,18887.599609375,18778.19921875,18871.94921875,325000,0.04035040971898107,0.06491068437537661,1.0248659047766147,1.057556067091941,0.09458193994836207,1.1022680960752769
2022-12-02,18696.099609375,18696.099609375,18781.94921875,18639.19921875,18752.400390625,254400,0.035640121337464414,0.05893314432932106,1.016742754970612,1.0499889436058487,0.0982046943248244,1.0950981507793904
2022-12-05,18701.05078125,18701.05078125,18728.599609375,18591.349609375,18719.55078125,288400,0.03222915182771513,0.0610886252446754,1.0153998607975872,1.0492096540142195,0.0980951208270356,1.0949628411304309
2022-12-06,18642.75,18642.75,18654.900390625,18577.900390625,18600.650390625,217800,0.02416931460367211,0.04741906032727017,1.011026784569486,1.0451139239406786,0.09872165432661005,1.0909743982092472
2022-12-07,18560.5,18560.5,18668.30078125,18528.400390625,18638.849609375,200500,0.022222834168640127,0.04077475104524031,1.0054661288945232,1.0397965433729608,0.09989470046795028,1.085777329169588
2022-12-08,18609.349609375,18609.349609375,18625.0,18536.94921875,18570.849609375,202800,0.032235631721918345,0.03752157014425239,1.006528037276576,1.0418785008980136,0.09513799945814105,1.088225296878935
2022-12-09,18496.599609375,18496.599609375,18664.69921875,18410.099609375,18662.400390625,215800,0.008005602101362808,0.023605292164845526,1.0000324183269356,1.0351539752159364,0.07760466921249064,1.0812551321981827
2022-12-12,18497.150390625,18497.150390625,18521.55078125,18345.69921875,18402.150390625,193900,0.009165727620737307,0.027405423349302183,0.9996082224025096,1.034708610442209,0.07741319654308432,1.0809016247684675
2022-12-13,18608.0,18608.0,18617.25,18490.19921875,18524.400390625,187600,0.01111748943305213,0.04086721745954347,1.005043039997545,1.0402008752148058,0.07889020376539935,1.0869342032914677
2022-12-14,18660.30078125,18660.30078125,18696.099609375,18632.900390625,18671.25,208000,0.013615162988246832,0.06442649369777276,1.007186112889656,1.0420280159942974,0.0792868392984232,1.0894902407841593
2022-12-15,18414.900390625,18414.900390625,18652.900390625,18387.69921875,18614.400390625,183100,0.0038704963768929623,0.044980089978578164,0.9937502613903809,1.0275663183882495,0.09247895775502947,1.0747383519676885
2022-12-16,18269.0,18269.0,18440.94921875,18255.150390625,18319.099609375,277700,-0.0021111606241286385,0.025412193924086113,0.9859796499962445,1.0189958966483406,0.09667787099299138,1.0655947979598746
2022-12-19,18420.44921875,18420.44921875,18431.650390625,18244.55078125,18288.099609375,154800,0.014344753768971819,0.03962556473112544,0.9934550189775708,1.026773166725597,0.09617038458825898,1.0738766844293663
2022-12-20,18385.30078125,18385.30078125,18404.900390625,18202.650390625,18340.30078125,169000,0.007734050741727616,0.04285357556640701,0.991182246411527,1.024095176698356,0.09543657981920023,1.0713306316920777
2022-12-21,18199.099609375,18199.099609375,18473.349609375,18162.75,18435.150390625,187600,-0.003730741661990722,0.05031063720953255,0.9813241047120327,1.0129036834999572,0.10242759115148689,1.0599884777315096
2022-12-22,18127.349609375,18127.349609375,18318.75,18068.599609375,18288.80078125,195700,-0.019300372078662642,0.06529320575652076,0.9783962788063328,1.0078715715840774,0.09278294052733134,1.0553087426607914
2022-12-23,17806.80078125,17806.80078125,18050.44921875,17779.5,17977.650390625,221500,-0.038133136284452585,0.04700309114058698,0.9629296439465266,0.9893163601676632,0.10976417046379093,1.0361765962108738
2022-12-27,18132.30078125,18132.30078125,18149.25,17967.44921875,18089.80078125,214300,-0.02318887119365398,0.07555201507761655,0.9816740787935804,1.006213860252243,0.13015821305091277,1.0544212823728578
2022-12-28,18122.5,18122.5,18173.099609375,18068.349609375,18084.75,193900,-0.026616684371119192,0.07755932126230736,0.9824613862176594,1.004458192200314,0.1292675058708525,1.053205502491258
2022-12-29,18191.0,18191.0,18229.69921875,17992.80078125,18045.69921875,281100,-0.03024517727782683,0.06415279994177525,0.9876938645020142,1.0072344966262388,0.12652456834035455,1.0566197681690026
2022-12-30,18105.30078125,18105.30078125,18265.25,18080.30078125,18259.099609375,192000,-0.037591985049833854,0.07212210323394119,0.9849317275808054,1.001363838874829,0.1258804751465285,1.0511808431193748
2023-01-02,18197.44921875,18197.44921875,18215.150390625,18086.5,18131.69921875,256100,-0.026671359323254595,0.0534405675338252,0.9912891385692796,1.0056046395930318,0.12714474471390746,1.0560505240575608
2023-01-03,18232.55078125,18232.55078125,18251.94921875,18149.80078125,18163.19921875,208700,-0.025052068222269464,0.051970941240823354,0.9944702624333605,1.0067092102218262,0.12756127465109357,1.0576698039609878
2023-01-04,18042.94921875,18042.94921875,18243.0,18020.599609375,18230.650390625,235200,-0.032173406887395894,0.042062577741641016,0.9857411397429255,0.9955731218804716,0.13156588323439045,1.0462522554264388
2023-01-05,17992.150390625,17992.150390625,18120.30078125,17892.599609375,18101.94921875,269900,-0.030621460056302396,0.04356768114523524,0.9844943056072523,0.9920848314261905,0.13123831403849023,1.042999114429144
2023-01-06,17859.44921875,17859.44921875,18047.400390625,17795.55078125,18008.05078125,238200,-0.04029696933885407,0.051573339920589545,0.9792422285875558,0.9839756560871735,0.13182641154454142,1.0351347326784932
2023-01-09,18101.19921875,18101.19921875,18141.400390625,17936.150390625,17952.55078125,257200,-0.021376923271053117,0.05709077715410804,0.9935745323940235,0.9964005401126838,0.14176864990101729,1.0488476056288576
2023-01-10,17914.150390625,17914.150390625,18127.599609375,17856.0,18121.30078125,283300,-0.03151836838043365,0.05288481792769817,0.9848832808706416,0.9852908640917662,0.14546083993703027,1.0378293331861657
2023-01-11,17895.69921875,17895.69921875,17976.349609375,17824.349609375,17924.25,259900,-0.03827927672237752,0.04131341942871747,0.9857991091795885,0.9836358454904056,0.14272120780503408,1.0365652091649171
2023-01-12,17858.19921875,17858.19921875,17945.80078125,17761.650390625,17920.849609375,227800,-0.0429843855092602,0.03156219531429638,0.9859114873868586,0.9810835833093734,0.14160996245371651,1.034202783320934
2023-01-13,17956.599609375,17956.599609375,17999.349609375,17774.25,17867.5,256700,-0.02488749716416172,0.026857194170920806,0.9925996805671804,0.9860654170528383,0.13779841755009153,1.0396594214827672
2023-01-16,17894.849609375,17894.849609375,18049.650390625,17853.650390625,18033.150390625,206200,-0.020480069550878555,0.021847541542348914,0.9902102672256748,0.9823305094019645,0.13580807145012863,1.0358824176032004
2023-01-17,18053.30078125,18053.30078125,18072.05078125,17886.94921875,17922.80078125,219100,-0.019931568070896022,0.02786113512430366,0.9999939524063467,0.9905851247653351,0.13632953319948315,1.044834553038093
2023-01-18,18165.349609375,18165.349609375,18183.75,18032.44921875,18074.30078125,255800,-0.011963425265215877,0.03351381132219711,1.0068137898796328,0.9961966105348163,0.1386284922011813,1.0511164680128315
2023-01-19,18107.849609375,18107.849609375,18155.19921875,18063.75,18119.80078125,237800,-0.005013984315630271,0.021268113834722158,1.0038807123581925,0.9927011261768172,0.13437320772034747,1.0475943820786164
2023-01-20,18027.650390625,18027.650390625,18145.44921875,18016.19921875,18115.599609375,237200,-0.005499933575421223,0.021029306139976445,0.9997108307083654,0.987969303884138,0.13456262191968146,1.0428468593490603
2023-01-23,18118.55078125,18118.55078125,18162.599609375,18063.44921875,18118.44921875,202500,0.017507355972009364,0.021514498225918333,1.0038838975292381,0.992604946923046,0.11849543965408967,1.0480854312292704
2023-01-24,18118.30078125,18118.30078125,18201.25,18078.650390625,18183.94921875,216900,-0.0007721027887689358,0.018637415692509096,1.0039089820227085,0.9922909032749924,0.09944065020713855,1.0480221977052329
2023-01-25,17891.94921875,17891.94921875,18100.599609375,17846.150390625,18093.349609375,257200,-0.012721797834184034,-0.006676030979871905,0.9920007826263576,0.9800018010301189,0.10896078934796488,1.0349040461513546
2023-01-27,17604.349609375,17604.349609375,17884.75,17493.55078125,17877.19921875,476300,-0.03224948549420048,-0.029817516814318323,0.9776450725155815,0.964725506657047,0.12067569744074814,1.0182791095904316
2023-01-30,17648.94921875,17648.94921875,17709.150390625,17405.55078125,17541.94921875,432400,-0.025205411830142133,-0.023995133510375855,0.9813654252677957,0.9675530232941542,0.12096370487080477,1.0208988391271483
2023-01-31,17662.150390625,17662.150390625,17735.69921875,17537.55078125,17731.44921875,398300,-0.02941614627908662,-0.021633819042382596,0.9835632689471051,0.968622388050136,0.11890670659740599,1.0216662393789808
2023-02-01,17616.30078125,17616.30078125,17972.19921875,17353.400390625,17811.599609375,512900,-0.03379943966116572,-0.027645054469171537,0.9826961968227756,0.9665503952674797,0.1182638088188182,1.0189887252890093
2023-02-02,17610.400390625,17610.400390625,17653.900390625,17445.94921875,17517.099609375,490100,-0.023973288561689232,-0.03254446377478393,0.9835536626328552,0.9667503664050392,0.11371903104901443,1.0186077287178936
2023-02-03,17854.05078125,17854.05078125,17870.30078125,17584.19921875,17721.75,424100,-0.0076755477459191646,-0.016684982031723306,0.9975464160143337,0.98039768196791,0.1252273306176187,1.032497603221871
2023-02-06,17764.599609375,17764.599609375,17823.69921875,17698.349609375,17818.55078125,282500,-0.005310892190080629,-0.0146215163354112,0.9928116440823728,0.9757211472587708,0.12373440702257199,1.0270853010596337
2023-02-07,17721.5,17721.5,17811.150390625,17652.55078125,17790.099609375,354400,-0.020976467589876147,-0.03423485100551926,0.9914548802431433,0.9739139631556031,0.11274534153529882,1.0244202088281644
2023-02-08,17871.69921875,17871.69921875,17898.69921875,17744.150390625,17750.30078125,291000,-0.002369700541155262,-0.024957576435674644,0.999976739034098,0.9825801070958134,0.11189069513871511,1.0329596798371483
2023-02-09,17893.44921875,17893.44921875,17916.900390625,17779.80078125,17885.5,260900,-0.0001257285324532953,-0.02770961675836703,1.0012000209497545,0.9842358310203816,0.11193205745723542,1.034001201889157
2023-02-10,17856.5,17856.5,17876.94921875,17801.0,17847.55078125,232000,-9.515062124609841e-05,-0.030046762371255475,0.9991373348447027,0.9827017575386618,0.11192453135167402,1.0315970166026946
2023-02-13,17770.900390625,17770.900390625,17880.69921875,17719.75,17859.099609375,231300,-0.010341558134038253,-0.03123654118253072,0.9948645795178316,0.9785052011463351,0.11118102947432987,1.0264827589813132
2023-02-14,17929.849609375,17929.849609375,17954.55078125,17800.05078125,17840.349609375,244500,0.00195587002763431,-0.020636224375546575,1.003664671296205,0.9875997076257941,0.11543233950978922,1.0353974110001698
2023-02-15,18015.849609375,18015.849609375,18034.099609375,17853.80078125,17896.599609375,229300,-0.002074477810390052,-0.00793502270514157,1.0085844401919344,0.9924679909975253,0.1122373867160219,1.0401321756291224
2023-02-16,18035.849609375,18035.849609375,18134.75,18000.650390625,18094.75,230200,-0.007128957206150699,-0.011420046825671215,1.010070245092534,0.9937598641725762,0.10988499302857677,1.0410063968012346
2023-02-17,17944.19921875,17944.19921875,18034.25,17884.599609375,17974.849609375,208100,-0.009037538645133902,-0.017684696998727212,1.0053982280310785,0.9890034075548981,0.11074709733858454,1.0354549500411905
2023-02-20,17844.599609375,17844.599609375,18004.349609375,17818.400390625,17965.55078125,174600,-0.010153890123429155,-0.03459730327765875,1.0003307251685127,0.9840920202004568,0.11135562093875517,1.0293610484537954
2023-02-21,17826.69921875,17826.69921875,17924.900390625,17800.30078125,17905.80078125,198200,-0.016107886663983217,-0.03705828584354032,1.0001454151102271,0.9837251598692015,0.1094171430797135,1.0279892626932774
2023-02-22,17554.30078125,17554.30078125,17772.5,17529.44921875,17755.349609375,204000,-0.03112874693987111,-0.05432649896971087,0.9864234771193743,0.9695927623203464,0.1209487412969609,1.0119477016372487
2023-02-23,17511.25,17511.25,17620.05078125,17455.400390625,17574.650390625,240800,-0.021277682721737357,-0.05944772598668846,0.9850579810748992,0.9682013824088628,0.11388063624753358,1.0091141988081531
2023-02-24,17465.80078125,17465.80078125,17599.75,17421.80078125,17591.349609375,209400,-0.00787014750327486,-0.06890525312946583,0.9828843509666372,0.966840076459215,0.09920113489502339,1.006139765936806
2023-02-27,17392.69921875,17392.69921875,17451.599609375,17299.0,17428.599609375,246400,-0.014519277993488955,-0.07547113787375415,0.9794767987044993,0.9640562823578535,0.09944250987497609,1.0015750898642934
2023-02-28,17303.94921875,17303.94921875,17440.44921875,17255.19921875,17383.25,420900,-0.02028072255941904,-0.07446207603252808,0.975462670481417,0.9603720991460216,0.10045879289759635,0.9960353163165923
2023-03-01,17450.900390625,17450.900390625,17467.75,17345.25,17360.099609375,272900,-0.009389053506684286,-0.06684920570765052,0.9842054759555138,0.9696492091552046,0.10568926781422573,1.0040117929497727
2023-03-02,17321.900390625,17321.900390625,17445.80078125,17306.0,17421.5,310700,-0.016382364602770982,-0.07085057780504489,0.9777254906975765,0.96366015165499,0.1085216809070646,0.9961659670935984
2023-03-03,17594.349609375,17594.349609375,17644.75,17427.69921875,17451.25,356200,-0.01454578431846587,-0.05205411441636809,0.9938321566372169,0.9796948078077049,0.11198929416844851,1.0114459805898004
2023-03-06,17711.44921875,17711.44921875,17799.94921875,17671.94921875,17680.349609375,362800,-0.002991927304511255,-0.04824996087841005,1.0005968319247813,0.9870376751997038,0.11369716601695143,1.0177473189104393
2023-03-08,17754.400390625,17754.400390625,17766.5,17602.25,17665.75,267000,0.0018565240315435716,-0.04012625209088794,1.0029301238917978,0.990113841406258,0.11371134025118586,1.019645605308631
2023-03-09,17589.599609375,17589.599609375,17772.349609375,17573.599609375,17772.05078125,262400,-0.015784711119076866,-0.049064356513529694,0.9944130019261912,0.9817514908445607,0.11390076963463884,1.0097972444053143
2023-03-10,17412.900390625,17412.900390625,17451.5,17324.349609375,17443.80078125,235900,-0.026856131663058447,-0.06422504349607694,0.9857624934786039,0.9729708233347267,0.11824633526244994,0.9993094614535699
2023-03-13,17154.30078125,17154.30078125,17529.900390625,17113.44921875,17421.900390625,254900,-0.0393245719345896,-0.08070609459378275,0.9730569585568953,0.9598674113359746,0.12774550739833015,0.9841780433993866
2023-03-14,17043.30078125,17043.30078125,17224.650390625,16987.099609375,17160.55078125,290600,-0.04094331707350318,-0.07448314029834657,0.9687597605418182,0.9548778278448855,0.12837436464208488,0.9775244211146655
2023-03-15,16972.150390625,16972.150390625,17211.349609375,16938.900390625,17166.44921875,248200,-0.053413678285915256,-0.07098634897230283,0.9673484561454423,0.9520444096852463,0.12174215963128643,0.9732197301968978
2023-03-16,16985.599609375,16985.599609375,17062.44921875,16850.150390625,16994.650390625,349800,-0.057185757115994273,-0.07789438750030486,0.9709657837279855,0.9540786887246521,0.11926659628095101,0.9738141601909208
2023-03-17,17100.05078125,17100.05078125,17145.80078125,16958.150390625,17111.80078125,408100,-0.05188548631712775,-0.0699063896365919,0.9801298331208869,0.9616644742271182,0.12338288509837261,0.9802525863545977
2023-03-20,16988.400390625,16988.400390625,17066.599609375,16828.349609375,17066.599609375,241800,-0.053265058890244577,-0.06652522623296853,0.9764048889410654,0.9564709158236062,0.1238706302517116,0.9737395660410494
2023-03-21,17107.5,17107.5,17127.69921875,17016.0,17060.400390625,246700,-0.04130659277934989,-0.05626027143248569,0.9853372885312186,0.9640990181488657,0.12801226239634436,0.980401807557405
2023-03-22,17151.900390625,17151.900390625,17207.25,17107.849609375,17177.44921875,0,-0.03785326828284907,-0.03677810509985546,0.9898181352083693,0.9671961580239806,0.12905614473114715,0.9827987816525513
2023-03-23,17076.900390625,17076.900390625,17205.400390625,17045.30078125,17097.400390625,219200,-0.027195636931031664,-0.058205541776383596,0.9868493626185026,0.9639230220446744,0.1193680284119256,0.978363228523112
2023-03-24,16945.05078125,16945.05078125,17109.44921875,16917.349609375,17076.19921875,228000,-0.03233345527874942,-0.06497167712787966,0.980834601729243,0.957541310265311,0.12146321948171343,0.970704937378229
2023-03-27,16985.69921875,16985.69921875,17091.0,16918.55078125,16984.30078125,218400,-0.027488093361021426,-0.06625808263701827,0.9845554972917581,0.9609291097645553,0.12223366576774372,0.9728748478389271
2023-03-28,16951.69921875,16951.69921875,17061.75,16913.75,17031.75,238800,-0.025355466362839474,-0.06371623296613105,0.9838421786682412,0.9600498878569077,0.12181460969092246,0.9707619206957124
2023-03-29,17080.69921875,17080.69921875,17126.150390625,16940.599609375,16977.30078125,345900,-0.012901679100981944,-0.06136849107672415,0.9919717242645059,0.9683765036287579,0.12481801039582596,0.977980535610599
2023-03-31,17359.75,17359.75,17381.599609375,17204.650390625,17210.349609375,263900,-0.005223248576558759,-0.04787047033197189,1.0084446794607334,0.9850094126044648,0.13493593566643083,0.9936286096044237
2023-04-03,17398.05078125,17398.05078125,17428.05078125,17312.75,17427.94921875,230200,0.004396191463277077,-0.03574240716865895,1.0104461159209481,0.9877850569568012,0.1324666192473362,0.9953583388175006
2023-04-05,17557.05078125,17557.05078125,17570.55078125,17402.69921875,17422.30078125,248300,-0.002119932191476104,-0.02418274636041906,1.019790993222139,0.9972229540784251,0.12419582307109568,1.0039307860953055
2023-04-06,17599.150390625,17599.150390625,17638.69921875,17502.849609375,17533.849609375,242700,-0.006340465240197046,-0.014574851941778877,1.0225698258443046,0.9998605473849417,0.12203777651527688,1.0057897083270595
2023-04-10,17624.05078125,17624.05078125,17694.099609375,17597.94921875,17634.900390625,254800,-0.007341819859139287,-0.02636004563751493,1.0244045515165308,1.0017277978366534,0.1217897444432916,1.0065617391366712
2023-04-11,17722.30078125,17722.30078125,17748.75,17655.150390625,17704.80078125,304300,0.007544297472483308,-0.010709389236533418,1.0297182429996663,1.0074953017492483,0.11869179669570716,1.0114715511640269
2023-04-12,17812.400390625,17812.400390625,17825.75,17717.25,17759.55078125,232800,0.022942760312066657,-0.004654684184551172,1.0337535162480862,1.0126973019788577,0.11301782443341185,1.0159000234475102
2023-04-13,17828.0,17828.0,17842.150390625,17729.650390625,17807.30078125,285800,0.0392729046401219,-0.0016910562134558882,1.0326401127983964,1.0136131994373632,0.09576577959451542,1.0161553485365842
2023-04-17,17706.849609375,17706.849609375,17863.0,17574.05078125,17863.0,357400,0.0389331172782561,-0.013908535325898086,1.0236556187543988,1.006963486064267,0.09615325604405568,1.0085908017195666
2023-04-18,17660.150390625,17660.150390625,17766.599609375,17610.19921875,17766.599609375,258900,0.040536996442126494,-0.013115461927494687,1.01892952391646,1.004531225743714,0.09500581821131852,1.0053285172566637
2023-04-19,17618.75,17618.75,17666.150390625,17579.849609375,17653.349609375,281500,0.03727571620583481,-0.024070433795758905,1.0146875083219915,1.0025893500788745,0.09617564441882186,1.002424067317979
2023-04-20,17624.44921875,17624.44921875,17684.44921875,17584.349609375,17638.599609375,215100,0.030666484223251356,-0.02977649218189804,1.0134853300349256,1.0034284171394297,0.09453133720609669,1.0022372897825098
2023-04-21,17624.05078125,17624.05078125,17663.19921875,17553.94921875,17639.75,230200,0.037416730004537824,-0.026717630119620694,1.0116135544683014,1.00386658340291,0.08987355396398301,1.0017094083197753
2023-04-24,17743.400390625,17743.400390625,17754.5,17612.5,17707.55078125,255700,0.03717085434020162,-0.015767445775841105,1.0166088418523216,1.0109375412113102,0.08969718632170971,1.0079360258005996
2023-04-25,17769.25,17769.25,17807.44921875,17716.849609375,17761.55078125,297400,0.03599307338051205,-0.01927862694247462,1.0162925285164044,1.0127462537809409,0.08965896025971914,1.0088345160504324
2023-04-26,17813.599609375,17813.599609375,17827.75,17711.19921875,17767.30078125,233000,0.04314010165184534,-0.016817315020530188,1.0166871650622489,1.0155678726139608,0.08667557373157171,1.0107609171617893
2023-04-27,17915.05078125,17915.05078125,17931.599609375,17797.900390625,17813.099609375,241400,0.057243853236091935,0.0012911708063529925,1.019654875647375,1.0213292679970254,0.07919396622958148,1.0159179418080158
2023-04-28,18065.0,18065.0,18089.150390625,17885.30078125,17950.400390625,290300,0.0635417339816422,0.026166850854841384,1.0250410081567698,1.0294272365049202,0.08157893132501105,1.023766862245009
2023-05-02,18147.650390625,18147.650390625,18180.25,18101.75,18124.80078125,265200,0.07055051864961004,0.028256706146855937,1.026248657194186,1.0336474629139527,0.07945399007108198,1.0278223139521523
2023-05-03,18089.849609375,18089.849609375,18116.349609375,18042.400390625,18113.80078125,226200,0.059081327860233346,0.02421558016950298,1.020069390687926,1.0299370992419246,0.08113339605868876,1.0239812055927981
2023-05-04,18255.80078125,18255.80078125,18267.44921875,18066.69921875,18081.0,226600,0.05161657173922429,0.036301605424485794,1.0268330564141606,1.038755106483483,0.0686366065726609,1.0327800224227517
2023-05-05,18069.0,18069.0,18216.94921875,18055.44921875,18117.30078125,239700,0.03856462009371109,0.02604140730492066,1.014411946035417,1.027679198455974,0.08233962003846859,1.0216766891715852
2023-05-08,18264.400390625,18264.400390625,18286.94921875,18100.30078125,18120.599609375,228400,0.04028863493009949,0.022983557871692817,1.023349992611896,1.038388736360074,0.0844481837574412,1.032081519007737
2023-05-09,18265.94921875,18265.94921875,18344.19921875,18229.650390625,18303.400390625,245400,0.03788812603591363,0.028221835583078336,1.0215285282119282,1.0379836926799417,0.08469355808283231,1.0314989350224486
2023-05-10,18315.099609375,18315.099609375,18326.75,18211.94921875,18313.599609375,220500,0.039210555887650766,0.03349601384617551,1.0223018277161928,1.040191924849642,0.08472531806285304,1.0335809765789532
2023-05-11,18297.0,18297.0,18389.69921875,18270.400390625,18357.80078125,248900,0.0324280253361926,0.023797445113881377,1.0196561155963877,1.0387457962018622,0.08418450534697491,1.0319050670456889
2023-05-12,18314.80078125,18314.80078125,18342.75,18194.55078125,18273.75,241700,0.028205091936369442,0.02354781112064619,1.0192213209966237,1.0393420077291646,0.0831916026960202,1.032316218903268
2023-05-15,18398.849609375,18398.849609375,18458.900390625,18287.900390625,18339.30078125,216100,0.03201983449489565,0.0303726715411754,1.0222748760366192,1.0435763594740186,0.08392267017695537,1.0364524153365824
2023-05-16,18286.5,18286.5,18432.349609375,18264.349609375,18432.349609375,219500,0.0327359413680286,0.029013702065822322,1.0143990086359729,1.0366986308408332,0.08303383034463847,1.0296114423249167
2023-05-17,18181.75,18181.75,18309.0,18115.349609375,18300.44921875,229900,0.029535400199756756,0.014049219380696254,1.0071312175082385,1.0305148664214625,0.08582568652132122,1.0232594076497283
2023-05-18,18129.94921875,18129.94921875,18297.19921875,18104.849609375,18287.5,272100,0.029014499822632045,0.006333290510796896,1.0028419946468798,1.0274681303687228,0.0861412873823334,1.0199392615621194
2023-05-19,18203.400390625,18203.400390625,18218.099609375,18060.400390625,18186.150390625,260900,0.03284931998096563,0.009289874604127668,1.0052951936722587,1.0314675476850081,0.08651859752733464,1.0236186748986211
2023-05-22,18314.400390625,18314.400390625,18335.25,18178.849609375,18201.099609375,262600,0.039170881765130616,0.020630687798437686,1.0095008818732054,1.0373945028365645,0.08768901598271692,1.0293306816533578
2023-05-23,18348.0,18348.0,18419.75,18324.19921875,18362.900390625,270400,0.03407461907326681,0.028210237362822577,1.0096705039553269,1.0388040255330901,0.08581539196945541,1.030724890055237
2023-05-24,18285.400390625,18285.400390625,18392.599609375,18262.94921875,18294.80078125,232600,0.029047393144055134,0.02573113318659348,1.0047987407320238,1.034811935472626,0.08770357483121148,1.026817235635314
2023-05-25,18321.150390625,18321.150390625,18338.099609375,18202.400390625,18268.900390625,235900,0.028492320046470843,0.04368442918524473,1.0053612401847725,1.036085712003148,0.08763788358523422,1.0284889624402729
2023-05-26,18499.349609375,18499.349609375,18508.55078125,18333.150390625,18368.349609375,198700,0.032614969126212534,0.05642656060389739,1.0135149891692292,1.0451897261410454,0.09129959290282204,1.0381546674620754
2023-05-29,18598.650390625,18598.650390625,18641.19921875,18581.25,18619.150390625,265300,0.02954056964433982,0.06486101745710648,1.017467955626301,1.0496803551347018,0.08896795461663522,1.0433603868747074
2023-05-30,18633.849609375,18633.849609375,18662.44921875,18575.5,18606.650390625,234400,0.026791304013723316,0.07136042399255604,1.0180396781075811,1.0504405805213854,0.08823184471213044,1.0449698942282017
2023-05-31,18534.400390625,18534.400390625,18603.900390625,18483.849609375,18594.19921875,696500,0.02457459795683503,0.07110811273889572,1.011378186175705,1.0436278576141453,0.09001322187026027,1.0390571210741575
2023-06-01,18487.75,18487.75,18580.30078125,18464.55078125,18579.400390625,265600,0.012705507774177116,0.059415249996614294,1.0081945534404027,1.0399891322077919,0.08582386117272567,1.0361252107590522
2023-06-02,18534.099609375,18534.099609375,18573.69921875,18478.400390625,18550.849609375,270900,0.025740196434500984,0.06998072910095177,1.0094420014106187,1.0414128706818786,0.07565210884493154,1.0384292157305162
2023-06-05,18593.849609375,18593.849609375,18640.150390625,18582.80078125,18612.0,256100,0.018037779051268688,0.056808010650613916,1.0117884950380382,1.043793158078124,0.06739865900990717,1.0414678911997473
2023-06-06,18599.0,18599.0,18622.75,18531.599609375,18600.80078125,220800,0.018233423144969896,0.05011169725797515,1.0111524971984542,1.0432159967802352,0.06737151118465921,1.0414821978768174
2023-06-07,18726.400390625,18726.400390625,18738.94921875,18636.0,18665.599609375,260100,0.02245692297733748,0.054746991090347086,1.0169417621536543,1.0494083200686017,0.07036093564995533,1.048314394128342
2023-06-08,18634.55078125,18634.55078125,18777.900390625,18615.599609375,18725.349609375,286500,0.018448422214024207,0.05940733132538489,1.011027200855474,1.0432429916328891,0.07323807616672028,1.0429363497554494
2023-06-09,18563.400390625,18563.400390625,18676.650390625,18555.400390625,18655.900390625,221800,0.013573699891374469,0.06607170397755335,1.0064881289853214,1.038145235525149,0.07514276945620652,1.0387742322393556
2023-06-12,18601.5,18601.5,18633.599609375,18559.75,18595.05078125,179500,0.011014296813521396,0.0843636378541186,1.008000080267727,1.0388745984773637,0.07392642755181535,1.0407184039027362
2023-06-13,18716.150390625,18716.150390625,18728.900390625,18631.80078125,18631.80078125,233200,0.023495496165203855,0.09815291244612467,1.0130335983727474,1.0436526170001397,0.07204303883913743,1.0468524144397033
2023-06-14,18755.900390625,18755.900390625,18769.69921875,18690.0,18744.599609375,261400,0.031578389903337056,0.1050986444820392,1.0136101377680307,1.044138229442595,0.06729675610713279,1.048704688896712
2023-06-15,18688.099609375,18688.099609375,18794.099609375,18669.05078125,18774.44921875,263000,0.03078609784785069,0.10023196349573227,1.0084251438800136,1.038722969731799,0.06801561329768786,1.044589391043472
2023-06-16,18826.0,18826.0,18864.69921875,18710.5,18723.30078125,272800,0.03420237955627492,0.10093240311557916,1.0141627719490096,1.0447173963514558,0.07061069449074059,1.0519384831213836
2023-06-19,18755.44921875,18755.44921875,18881.44921875,18719.150390625,18873.30078125,219800,0.024082078512970062,0.1040150212788804,1.0091633203136716,1.0391040663171303,0.07111378834414947,1.0476354337263951
2023-06-20,18816.69921875,18816.69921875,18839.69921875,18660.650390625,18752.349609375,211600,0.025544975951057314,0.09990935079643437,1.0111839093063812,1.040854768232276,0.07146465343256296,1.0506876207174547
2023-06-21,18856.849609375,18856.849609375,18875.900390625,18794.849609375,18849.400390625,217500,0.03125166562078596,0.09940293378113974,1.0117879917367476,1.0414387367862574,0.06932871823939446,1.0524758643635863
2023-06-22,18771.25,18771.25,18886.599609375,18759.5,18853.599609375,252700,0.02456721329056477,0.09921880262914562,1.0059802825612099,1.0350968354549974,0.07257962212570031,1.047402418070977
2023-06-23,18665.5,18665.5,18756.400390625,18647.099609375,18741.849609375,210600,0.008981417948920711,0.10153107482296297,0.9998678227572803,1.0276406242646763,0.06918163164526354,1.0411756355752362
2023-06-26,18691.19921875,18691.19921875,18722.05078125,18646.69921875,18682.349609375,171300,0.004976104511951629,0.10040799486884522,1.0009963423376793,1.0274476004106166,0.0668413842194352,1.0422743502471143
2023-06-27,18817.400390625,18817.400390625,18829.25,18714.25,18748.55078125,222500,0.00985039511951702,0.11005983222091253,1.00725990694786,1.0326197904557082,0.0705234827018058,1.0489748787028321
2023-06-28,18972.099609375,18972.099609375,19011.25,18861.349609375,18908.150390625,398800,0.023615504657566122,0.11073319460767461,1.0143523900938243,1.0393111614995538,0.0720088174566931,1.0572106435482838
2023-06-30,19189.05078125,19189.05078125,19201.69921875,19024.599609375,19076.849609375,247900,0.03793326831280175,0.10537598647733981,1.0240319648925507,1.0494432079675184,0.07910626352847759,1.0688341829481294
2023-07-03,19322.55078125,19322.55078125,19345.099609375,19234.400390625,19246.5,226100,0.04254057054253568,0.11061583991202317,1.028991455820184,1.0548938164314123,0.08111991068181428,1.0758136072395044
2023-07-04,19389.0,19389.0,19434.150390625,19300.0,19406.599609375,226900,0.04276416166257935,0.10434265080023719,1.0303486246542093,1.0567600390198697,0.08116328577576891,1.0790459740442053
2023-07-05,19398.5,19398.5,19421.599609375,19339.599609375,19405.94921875,224400,0.04298618205279858,0.10224070875225366,1.028668256001644,1.0555525162130286,0.08110357649366856,1.0791356138978734
2023-07-06,19497.30078125,19497.30078125,19512.19921875,19373.0,19385.69921875,268300,0.041166501545643275,0.10628941230655808,1.0317985174597497,1.0591293681443803,0.07998425292767565,1.08420147085752
2023-07-07,19331.80078125,19331.80078125,19523.599609375,19303.599609375,19422.80078125,237100,0.03741705438381526,0.09081777924132939,1.0211562881979024,1.048611083865128,0.08500029294349926,1.0746015881228743
2023-07-10,19355.900390625,19355.900390625,19435.849609375,19327.099609375,19400.349609375,268200,0.042691531902755875,0.08665311615229432,1.0202937197447126,1.0484553037760616,0.08238567769815791,1.0754992655241793
2023-07-11,19439.400390625,19439.400390625,19515.099609375,19406.44921875,19427.099609375,251300,0.04504477545493635,0.09038593171555975,1.0224372632416463,1.051448670269044,0.08275895262423237,1.0795664674482401
2023-07-12,19384.30078125,19384.30078125,19507.69921875,19361.75,19497.44921875,327900,0.035699135595730125,0.09473459191672706,1.0177509403436646,1.046885332801647,0.08322601546443575,1.0759800599645655
2023-07-13,19413.75,19413.75,19567.0,19385.80078125,19495.19921875,310400,0.035074275064065796,0.09929698052321845,1.017539864710881,1.0468234444812856,0.08321821685079957,1.0771371527506413
2023-07-14,19564.5,19564.5,19595.349609375,19433.5,19493.44921875,291200,0.046896175049567335,0.11043632493792122,1.0230913890050153,1.053110640046547,0.08330732957886668,1.0849455897651505
2023-07-17,19711.44921875,19711.44921875,19731.849609375,19562.94921875,19612.150390625,268700,0.047033316623287025,0.1184150479879802,1.0283949522872335,1.0590377270769342,0.08341409252122067,1.0924640743268579
2023-07-18,19749.25,19749.25,19819.44921875,19690.19921875,19787.5,286400,0.05298730889668524,0.1205851733592922,1.0277028420777503,1.0590532610957522,0.08032834835520351,1.0938249874805992
2023-07-19,19833.150390625,19833.150390625,19851.69921875,19727.44921875,19802.94921875,259700,0.054018569360037016,0.1177761846091323,1.029346519632567,1.0615697102249844,0.08051300519810728,1.0976156531299535
2023-07-20,19979.150390625,19979.150390625,19991.849609375,19758.400390625,19831.69921875,274700,0.05951687606884404,0.12436655405405395,1.0339128091197733,1.067280309291742,0.08218615717182795,1.1047871660504351
2023-07-21,19745.0,19745.0,19887.400390625,19700.0,19800.44921875,312500,0.05187454218552312,0.10842280240814084,1.0192276195941081,1.0529614125707438,0.0940406920156003,1.090968707150768
2023-07-24,19672.349609375,19672.349609375,19782.75,19658.30078125,19748.44921875,265600,0.05394174328975909,0.09809064175046611,1.012845404619237,1.0474511117819023,0.09201249586543755,1.0860981427636065
2023-07-25,19680.599609375,19680.599609375,19729.349609375,19615.94921875,19729.349609375,369700,0.052934024138616476,0.08943258286050382,1.010695919052987,1.046390166149507,0.09224734729576699,1.0857784543835707
2023-07-26,19778.30078125,19778.30078125,19825.599609375,19716.69921875,19733.349609375,244700,0.05106446005707199,0.08985462886519935,1.0132134054614452,1.05006746455512,0.09139869893668191,1.090299147453863
2023-07-27,19659.900390625,19659.900390625,19867.55078125,19603.55078125,19850.900390625,334900,0.036253276938843726,0.08679180950384069,1.0053767029282676,1.0423332677393724,0.0935236783207111,1.0830600455873287
2023-07-28,19646.05078125,19646.05078125,19695.900390625,19563.099609375,19659.75,258700,0.023815664735566067,0.07615387660386208,1.0034958570763302,1.0403209757352574,0.08667276629660485,1.081607594040001
2023-07-31,19753.80078125,19753.80078125,19772.75,19597.599609375,19666.349609375,295100,0.02231848190656449,0.09324261338480277,1.007889518056977,1.0444736263545118,0.08553187667614916,1.0868100181283276
2023-08-01,19733.55078125,19733.55078125,19795.599609375,19704.599609375,19784.0,298000,0.017770425563463865,0.08043792072030498,1.0059720686023745,1.0420537921510327,0.08538551113132611,1.084951986166031
2023-08-02,19526.55078125,19526.55078125,19678.25,19423.55078125,19655.400390625,290700,0.00660106612624678,0.06901374505114655,0.9950948877382524,1.0299801877356778,0.09454849847128716,1.0728211330922748
2023-08-03,19381.650390625,19381.650390625,19537.650390625,19296.44921875,19463.75,315700,-0.00593161032506706,0.05823341417723227,0.9880017495967508,1.0213793481637357,0.0966341227434411,1.0641999360917345
2023-08-04,19517.0,19517.0,19538.849609375,19436.44921875,19462.80078125,280800,0.00958002934365143,0.06667759742034218,0.994431941666226,1.0274111344653947,0.0947620808832766,1.070895875237966
2023-08-07,19597.30078125,19597.30078125,19620.44921875,19524.80078125,19576.849609375,216600,0.01247166940071276,0.07002533171493597,0.9979097270846907,1.0304788017016928,0.09561001646733952,1.0745909984977053
2023-08-08,19570.849609375,19570.849609375,19634.400390625,19533.099609375,19627.19921875,260300,0.006761999655781281,0.06369963475340423,0.9962294000613202,1.0280320205813065,0.09482332178199587,1.0724763368778327
2023-08-09,19632.55078125,19632.55078125,19645.5,19467.5,19578.80078125,266500,0.012806755466781006,0.07360898921335401,0.9987391743419889,1.0300592431154882,0.0945449535028812,1.0752254256815723
2023-08-10,19543.099609375,19543.099609375,19623.599609375,19495.400390625,19605.55078125,312200,0.006662783304359099,0.07487450929503492,0.9938616590783331,1.0241468414624584,0.0962440918376611,1.0697315080948055
2023-08-11,19428.30078125,19428.30078125,19557.75,19412.75,19554.25,235500,-0.006961548659562,0.07161363481135652,0.9883658708723476,1.0169776193848816,0.0944806725043214,1.0629054168860486
2023-08-14,19434.55078125,19434.55078125,19465.849609375,19257.900390625,19383.94921875,243900,-0.014047594087430504,0.06763298967258113,0.9893806699471589,1.0162132827987354,0.08991631310219708,1.0627071576831
2023-08-16,19465.0,19465.0,19482.75,19317.19921875,19369.0,0,-0.014392951631074569,0.06282485829915485,0.9916482810388669,1.0167858819668798,0.08978926224445816,1.063867722827833
2023-08-17,19365.25,19365.25,19461.55078125,19326.25,19450.55078125,268700,-0.023591833945159513,0.05544201002834104,0.9877437536552529,1.0106801916373136,0.08907995690275508,1.057921791823025
2023-08-18,19310.150390625,19310.150390625,19373.80078125,19253.599609375,19301.75,256100,-0.03348490736192267,0.056041977649305075,0.9866166598987353,1.0069069955862782,0.08329580205004837,1.054458584269171
2023-08-21,19393.599609375,19393.599609375,19425.94921875,19296.30078125,19320.650390625,262600,-0.017796930393770616,0.05853612878472836,0.9917706647591793,1.0103167212553323,0.07679138534255371,1.0585510544619248
2023-08-22,19396.44921875,19396.44921875,19443.5,19381.30078125,19417.099609375,208700,-0.014024780776238255,0.04849357562929524,0.992616646922995,1.0096787215835803,0.07614808312937595,1.0583067870725293
2023-08-23,19444.0,19444.0,19472.05078125,19366.599609375,19439.19921875,225200,-0.012021971589843972,0.04545220172540665,0.9956528359058968,1.011412190530639,0.07688301332869109,1.0605255346304598
2023-08-24,19386.69921875,19386.69921875,19584.44921875,19369.0,19535.150390625,268300,-0.0197995554234488,0.04040225853257007,0.9937150015696627,1.007773841839036,0.0743845898232947,1.0570243503423267
2023-08-25,19265.80078125,19265.80078125,19339.55078125,19229.69921875,19297.400390625,466500,-0.020045859925258314,0.03946177784067695,0.9885164726364196,1.000854997405671,0.07461383601941658,1.0500853094711644
2023-08-28,19306.05078125,19306.05078125,19366.849609375,19249.69921875,19298.349609375,248200,-0.01730627716408495,0.04426178314018747,0.9914464742792849,1.002235884035288,0.07542026775649857,1.0519383073746136
2023-08-29,19342.650390625,19342.650390625,19377.900390625,19309.099609375,19374.849609375,307400,-0.020813735805985112,0.04362503700158249,0.994375794408748,1.0034339067210782,0.07244127694826524,1.0536053441147772
2023-08-30,19347.44921875,19347.44921875,19452.80078125,19334.75,19433.44921875,233000,-0.019565741957947913,0.04052950976838243,0.9956105827642666,1.0030293088465645,0.07258828655618883,1.0535251627209812
2023-08-31,19253.80078125,19253.80078125,19388.19921875,19223.650390625,19375.55078125,562600,-0.013968160739473934,0.03520623588633787,0.9914872837287657,0.9976098672839171,0.0650703718668456,1.0480760012446062
2023-09-01,19435.30078125,19435.30078125,19458.55078125,19255.69921875,19258.150390625,333000,0.002768102279409046,0.03785566771176674,1.0006955128032848,1.0063979509770888,0.0692248414708551,1.0576434056389246
2023-09-04,19528.80078125,19528.80078125,19545.150390625,19432.849609375,19525.05078125,296800,0.0006046411461801959,0.047988814460705465,1.005479145786007,1.0104597247376748,0.06678376868059928,1.062384771781055
2023-09-05,19574.900390625,19574.900390625,19587.05078125,19525.75,19564.650390625,256800,-0.0011430344859753028,0.0544889394569561,1.0079107984749922,1.011962293092538,0.06564737539697445,1.0645534094784357
2023-09-06,19611.05078125,19611.05078125,19636.44921875,19491.5,19581.19921875,287600,0.0020541352407992264,0.05427254690481953,1.00966768215238,1.012950048212403,0.06579216607809683,1.0661710983200519
2023-09-07,19727.05078125,19727.05078125,19737.0,19550.05078125,19598.650390625,304900,0.0048134346398966965,0.05401219639330135,1.0153928897425173,1.0180557170353735,0.06816165257270133,1.0720744556598405
2023-09-08,19819.94921875,19819.94921875,19867.150390625,19727.05078125,19774.80078125,288100,0.014166105423839337,0.05673141816517946,1.0194482096250574,1.0219146709778266,0.06742577471968614,1.0766806153879578
2023-09-11,19996.349609375,19996.349609375,20008.150390625,19865.349609375,19890.0,248800,0.029238214629311088,0.07000444279223061,1.02702107736172,1.029852077057379,0.06861240264917645,1.0857216751808936
2023-09-12,19993.19921875,19993.19921875,20110.349609375,19914.650390625,20110.150390625,328100,0.02874511707463645,0.06199932108520123,1.0253882283144156,1.028659227397368,0.06873705897802816,1.085035426733926
2023-09-13,20070.0,20070.0,20096.900390625,19944.099609375,19989.5,251400,0.031081428204469574,0.07008900538281071,1.0277326461112704,1.03144797602619,0.06927163897470034,1.0886708683349045
2023-09-14,20103.099609375,20103.099609375,20167.650390625,20043.44921875,20127.94921875,275100,0.03810173425982111,0.06836482720323023,1.0274864964037829,1.0320119199291973,0.06464107853822317,1.0899876967885747
2023-09-15,20192.349609375,20192.349609375,20222.44921875,20129.69921875,20156.44921875,438200,0.04568577669795393,0.07082307106782215,1.0297266235412177,1.03541053950179,0.06272877388560333,1.0943285314178044
2023-09-18,20133.30078125,20133.30078125,20195.349609375,20115.69921875,20155.94921875,264900,0.038141509919459304,0.07256047313045211,1.024782549036552,1.0311823338955275,0.0647786596448736,1.090664201431757
2023-09-20,19901.400390625,19901.400390625,20050.650390625,19878.849609375,19980.75,378100,0.026033175772546935,0.0662130878157563,1.0116787415271613,1.0182306840644095,0.08041938048408896,1.0777270308930555
2023-09-21,19742.349609375,19742.349609375,19848.75,19709.94921875,19840.55078125,275100,0.015344044917455335,0.05623771799353272,1.0028329948295445,1.0091884633713082,0.08675225701123068,1.0688291292128562
2023-09-22,19674.25,19674.25,19798.650390625,19657.5,19744.849609375,246400,0.014832374402956372,0.045534961875068,0.9986444730449374,1.0049737134124783,0.08705629145484864,1.064893882285913
2023-09-25,19674.55078125,19674.55078125,19734.150390625,19601.55078125,19678.19921875,188400,0.021216351432316705,0.037025484070718484,0.9976248181200319,1.004388425269839,0.08313380164796437,1.0646282493308004
2023-09-26,19664.69921875,19664.69921875,19699.349609375,19637.44921875,19682.80078125,204900,0.01857699648486988,0.024787491727561894,0.9962194310830258,1.003479394995736,0.08321301085335925,1.0638177987753927
2023-09-27,19716.44921875,19716.44921875,19730.69921875,19554.0,19637.05078125,203600,0.019325109050524647,0.020385426435635345,0.9978962552548765,1.0057832260008206,0.08336761550825868,1.0663076807174907
2023-09-28,19523.55078125,19523.55078125,19766.650390625,19492.099609375,19761.80078125,352800,0.009102055806371467,0.006939542072824878,0.9876930465044312,0.9958290965749425,0.09176019277192718,1.055600422625277
2023-09-29,19638.30078125,19638.30078125,19726.25,19551.05078125,19581.19921875,243500,0.01997008301729397,0.012361820823775016,0.9925329021003213,1.0014779407798817,0.09142396330928021,1.0615094551257265
2023-10-03,19528.75,19528.75,19623.19921875,19479.650390625,19622.400390625,221700,0.004808220865825552,0.0016130037230714933,0.9867631086598619,0.9958646522577359,0.08859925269468898,1.0552935260215786
2023-10-04,19436.099609375,19436.099609375,19457.80078125,19333.599609375,19446.30078125,277100,-0.00474689526066574,0.00539519464871363,0.9823116622600369,0.9910521125715145,0.08856937020793909,1.050020504916021
2023-10-05,19545.75,19545.75,19576.94921875,19487.30078125,19521.849609375,234900,-0.001489171849832771,0.0098083584614308,0.9879262305957277,0.9964824425405514,0.090576511937498,1.0556768744577558
2023-10-06,19653.5,19653.5,19675.75,19589.400390625,19621.19921875,159100,0.002164556056862832,0.011013694099240467,0.9932658229352473,1.0017935117413341,0.0925104385163587,1.0612118778983761
2023-10-09,19512.349609375,19512.349609375,19588.94921875,19480.5,19539.44921875,165100,-0.010883591990297314,0.006605800723483268,0.9866675451246429,0.9944905000085965,0.09332531004644515,1.0532782351395162
2023-10-10,19689.849609375,19689.849609375,19717.80078125,19565.44921875,19565.599609375,216600,-0.006564073799539494,0.014221858701950918,0.9959706728751441,1.0033018758544174,0.09775052713690743,1.0624522621440131
2023-10-11,19811.349609375,19811.349609375,19839.19921875,19756.94921875,19767.0,213700,-0.009251688613869047,0.012617220443916333,1.0025856033354827,1.0092813589165304,0.09480100500402965,1.068607321646136
2023-10-12,19794.0,19794.0,19843.30078125,19772.650390625,19822.69921875,217900,-0.009963348865307475,0.00418796103390906,1.0022127534610015,1.0083268143486026,0.0948044371645342,1.0672660225970347
2023-10-13,19751.05078125,19751.05078125,19805.400390625,19635.30078125,19654.55078125,255000,-0.015891839499252658,9.11822600857537e-05,1.0008462797735929,1.006137398485699,0.09355111212538475,1.0645048739060687
2023-10-16,19731.75,19731.75,19781.30078125,19691.849609375,19737.25,181000,-0.018472256348062044,-0.00511267189669129,1.0008098831711565,1.0052407399719294,0.09310272639697172,1.063005041554877
2023-10-17,19811.5,19811.5,19849.75,19775.650390625,19843.19921875,185800,-0.01886108435831446,-0.008391267263480273,1.0058263428724707,1.009447325882035,0.09281022998475719,1.0667253737368418
2023-10-18,19671.099609375,19671.099609375,19840.94921875,19659.94921875,19820.44921875,198900,-0.02295704896563433,-0.0037427394593567698,0.9998713826021806,1.002356466539849,0.09515037058125737,1.05872708822616
2023-10-19,19624.69921875,19624.69921875,19681.80078125,19512.349609375,19545.19921875,230300,-0.01390360308540628,-0.002422201291211845,0.9982148489714942,1.00003256691266,0.08703534987718185,1.0558029407756926
2023-10-20,19542.650390625,19542.650390625,19593.80078125,19518.69921875,19542.150390625,198300,-0.010115271115205493,-0.007009401211754085,0.9945465340109891,0.9959682222432621,0.08375837550498054,1.0510066008748682
2023-10-23,19281.75,19281.75,19556.849609375,19257.849609375,19521.599609375,176000,-0.019949934559131854,-0.02510583627693308,0.9822500418803564,0.9830863754398703,0.09514307969365238,1.0366473982570494
2023-10-25,19122.150390625,19122.150390625,19347.30078125,19074.150390625,19286.44921875,225300,-0.02807689978626815,-0.027352630955161494,0.9754922607211225,0.9753948493247253,0.09848824708374558,1.0278113349666764
2023-10-26,18857.25,18857.25,19041.69921875,18837.849609375,19027.25,300400,-0.041060847652330645,-0.04015060278693894,0.9639640351574815,0.962528106953363,0.10793366811381022,1.013402860435678
2023-10-27,19047.25,19047.25,19076.150390625,18926.650390625,18928.75,205200,-0.033941163103222594,-0.035767839772923415,0.9753449170830873,0.9728109820935529,0.11517880468206253,1.0233374467253926
2023-10-30,19140.900390625,19140.900390625,19158.5,18940.0,19053.400390625,180100,-0.019599426093766192,-0.0300326280452331,0.9811016315365256,0.9780874665686446,0.11328739876782208,1.0280516850080144
2023-10-31,19079.599609375,19079.599609375,19233.69921875,19056.44921875,19232.94921875,206000,-0.02844956791824016,-0.022889407191370226,0.9793618598184234,0.9753262933412007,0.11055501550079529,1.0244235671948339
2023-11-01,18989.150390625,18989.150390625,19096.05078125,18973.69921875,19064.05078125,194100,-0.02763103677270695,-0.020251113403111143,0.9760708245213309,0.9710273512012265,0.11017540403783085,1.0193241733987743
2023-11-02,19133.25,19133.25,19175.25,19064.150390625,19120.0,245600,-0.015581809903305932,-0.01966234564738434,0.9842438431472095,0.9787161105128587,0.113814665867483,1.0267233926195711
2023-11-03,19230.599609375,19230.599609375,19276.25,19210.900390625,19241.0,189500,-0.016123729743038773,-0.0187118203658867,0.9900541860429876,0.9840034271788651,0.113419380295263,1.0315778661142765
2023-11-06,19411.75,19411.75,19423.0,19309.69921875,19345.849609375,180700,-0.012300608034192417,-0.008129417605804212,1.000002706567141,0.993407431731723,0.11705830927153701,1.040861521793396
2023-11-07,19406.69921875,19406.69921875,19423.5,19329.099609375,19404.05078125,198700,-0.005414539650019368,-0.011503933697484592,1.0000146486275086,0.9933403069376159,0.11444003336526191,1.0401863016385537
2023-11-08,19443.5,19443.5,19464.400390625,19401.5,19449.599609375,195000,-0.012511502843460254,-0.005096408009260811,1.0025472976590946,0.9953085397331644,0.10941160844829768,1.0417264482170978
2023-11-09,19395.30078125,19395.30078125,19463.900390625,19378.349609375,19457.400390625,208400,-0.021000529309124882,-0.001698553073249065,1.001135881206401,0.9928691858163475,0.10656956100072816,1.0387706330837183
2023-11-10,19425.349609375,19425.349609375,19451.30078125,19329.44921875,19351.849609375,152200,-0.018624350339749407,-0.00047344402134974484,1.0036418295079597,0.994415228584832,0.10697205627648641,1.0400290629016986
2023-11-13,19443.55078125,19443.55078125,19494.400390625,19414.75,19486.75,189300,-0.015568791929385095,-0.0011019377729257762,1.0053808706797427,0.9953651916860099,0.10706624245439618,1.040631455557515
2023-11-15,19675.44921875,19675.44921875,19693.19921875,19579.650390625,19651.400390625,291500,-0.0028533090704068176,0.016018343101689814,1.0175199098240335,1.006970157340043,0.11607221909472795,1.0525786692120902
2023-11-16,19765.19921875,19765.19921875,19875.25,19627.0,19674.69921875,282700,-0.0023370659086894285,0.02356526587933372,1.02228374015614,1.0111709889406686,0.11633347127492118,1.0569145077840285
2023-11-17,19731.80078125,19731.80078125,19806.0,19667.44921875,19674.75,236800,0.0030858047125170707,0.017438803455110508,1.020396147059621,1.009171340080228,0.11356883422069797,1.0546735926560187
2023-11-20,19694.0,19694.0,19756.44921875,19670.5,19731.150390625,173800,0.003531304122296408,0.015340476903492606,1.0182588843391318,1.0069826360033423,0.11344925655718198,1.0521464080330267
2023-11-21,19783.400390625,19783.400390625,19829.099609375,19754.05078125,19770.900390625,195000,0.012319209277544596,0.01745527620988474,1.0222450114393364,1.0112613159543706,0.11322023641320997,1.0563077474892486
2023-11-22,19811.849609375,19811.849609375,19825.55078125,19703.849609375,19784.0,184500,0.027492297606545035,0.02193000395930289,1.022314912194134,1.0123488676772165,0.10030944099638929,1.0572162910474254
2023-11-23,19802.0,19802.0,19875.150390625,19786.75,19828.44921875,170000,0.03555298935983209,0.027831660092314747,1.0200174966803055,1.0113837260487928,0.09395425142488525,1.0560877230931338
2023-11-24,19794.69921875,19794.69921875,19832.849609375,19768.849609375,19809.599609375,145900,0.04971293368598295,0.02531063670331668,1.0171854945629317,1.0105904741149045,0.07413894986972716,1.0550854603330304
2023-11-28,19889.69921875,19889.69921875,19916.849609375,19800.0,19844.650390625,229600,0.044229440929792974,0.028281999471496677,1.019859712988765,1.0149681177635492,0.06918393961659236,1.0595054988494117
2023-11-29,20096.599609375,20096.599609375,20104.650390625,19956.30078125,19976.55078125,236200,0.04992968978711643,0.038720886777104724,1.0279499963447913,1.0248732127080462,0.07453606331806738,1.069887851547175
2023-11-30,20133.150390625,20133.150390625,20158.69921875,20015.849609375,20108.5,486600,0.05521870494244152,0.04567148166565338,1.0270522138833418,1.0259703867595615,0.07156453796286728,1.0711583755356553
2023-12-01,20267.900390625,20267.900390625,20291.55078125,20183.69921875,20194.099609375,265800,0.06734108549855522,0.042839553590970914,1.0305648795598215,1.032107297867386,0.06716672309174525,1.077597622370834
2023-12-04,20686.80078125,20686.80078125,20702.650390625,20507.75,20601.94921875,381100,0.08119638750604308,0.059297035848295376,1.0477265827481386,1.0524047429029588,0.08988302558085029,1.0990471066624374
2023-12-05,20855.099609375,20855.099609375,20864.05078125,20711.150390625,20808.900390625,421000,0.08447474509365005,0.06540003745628886,1.0519230186193325,1.0598162575803252,0.09104147049420803,1.107117472019664
2023-12-06,20937.69921875,20937.69921875,20961.94921875,20852.150390625,20950.75,359200,0.07860956476103387,0.06764800378613067,1.052040622650795,1.062819596845992,0.08884627589901493,1.1105940750912708
2023-12-07,20901.150390625,20901.150390625,20941.25,20850.80078125,20932.400390625,275000,0.07700697346981711,0.059517239672285394,1.0462759098718033,1.0599115204965415,0.08989446886475519,1.1077357963253802
2023-12-08,20969.400390625,20969.400390625,21006.099609375,20862.69921875,20934.099609375,292400,0.07847868905418265,0.05799465776570201,1.0456986576849105,1.0623404703024517,0.08965920833117001,1.110458531248077
2023-12-11,20997.099609375,20997.099609375,21026.099609375,20923.69921875,20965.30078125,212900,0.0825869547572835,0.050046634488267516,1.0429146482869478,1.0628456582335946,0.08711834077813002,1.111048338451774
2023-12-12,20906.400390625,20906.400390625,21037.900390625,20867.150390625,21018.55078125,244900,0.07624319824520542,0.045675590078579464,1.034604237487712,1.0574399125255325,0.09166248427995528,1.105409524246523
2023-12-13,20926.349609375,20926.349609375,20950.0,20769.5,20929.75,260300,0.07626173042194062,0.04266814197184843,1.0318057820607929,1.0576853966934547,0.09165568436514297,1.1055926805577587
2023-12-14,21182.69921875,21182.69921875,21210.900390625,21074.44921875,21110.400390625,334400,0.07660562070235444,0.05370314182154945,1.0405788437866264,1.0696693340457135,0.09204012123171372,1.1181503004689317
2023-12-15,21456.650390625,21456.650390625,21492.30078125,21235.30078125,21287.44921875,508800,0.085577238719174,0.06261286109383746,1.049675499184452,1.082351441081056,0.09761430793923362,1.1315270282107153
2023-12-18,21418.650390625,21418.650390625,21482.80078125,21365.349609375,21434.80078125,249700,0.08548888305105518,0.06384197123663093,1.0435108827342008,1.0792682949333012,0.09767882212916368,1.1283733326222936
2023-12-19,21453.099609375,21453.099609375,21505.05078125,21337.75,21477.650390625,249800,0.0893216009634914,0.07796934830178892,1.0407295644160726,1.079597288308014,0.0955767935155724,1.1290159013500303
2023-12-20,21150.150390625,21150.150390625,21593.0,21087.349609375,21543.5,363900,0.06908569674643394,0.07130867445389999,1.022642693990081,1.0630965297884696,0.11593173318684852,1.1119944802222044
2023-12-21,21255.05078125,21255.05078125,21288.349609375,20976.80078125,21033.94921875,277500,0.0728453526717705,0.08034871882028538,1.0241415090477188,1.0669563034836624,0.11583703831361467,1.116376243754613
2023-12-22,21349.400390625,21349.400390625,21390.5,21232.44921875,21295.849609375,284700,0.07814364158292086,0.0851277179335217,1.0248669413223195,1.070192859106512,0.11488950500527999,1.1201417246162553
2023-12-26,21441.349609375,21441.349609375,21477.150390625,21329.44921875,21365.19921875,219500,0.0831864315000681,0.09034719376388889,1.0252288731679968,1.0732090629404643,0.1138536229174939,1.1237896114497954
2023-12-27,21654.75,21654.75,21675.75,21495.80078125,21497.650390625,256500,0.08874195440754007,0.09830881614356346,1.031081720518635,1.0821406546920027,0.11575809691285958,1.1336871381616476
2023-12-28,21778.69921875,21778.69921875,21801.44921875,21678.0,21715.0,393100,0.08370070768540883,0.11550913370050475,1.032847345761885,1.0862943621602061,0.11366910801137804,1.1389287459775075
2023-12-29,21731.400390625,21731.400390625,21770.30078125,21676.900390625,21737.650390625,270900,0.07938399947303942,0.10658252120129563,1.0267131540040895,1.0820523628586682,0.1155617472890137,1.1352619233840207
2024-01-02,21665.80078125,21665.80078125,21755.599609375,21555.650390625,21751.349609375,263700,0.06897114963479911,0.10943100716891752,1.0202447753634958,1.076876210624048,0.11749641887661831,1.1306797772378112
2024-01-03,21517.349609375,21517.349609375,21677.0,21500.349609375,21661.099609375,311900,0.04014873236840888,0.10708166977062161,1.0112766112597102,1.0676568448365205,0.10394273569103284,1.1217828026351924
2024-01-04,21658.599609375,21658.599609375,21685.650390625,21564.55078125,21605.80078125,339200,0.03852774693240035,0.10809764830589774,1.0159967496028806,1.0727909898699437,0.10286374679111944,1.1278984404073769
2024-01-05,21710.80078125,21710.80078125,21749.599609375,21629.19921875,21705.75,309300,0.03692390240316734,0.10467859573358429,1.0166020872739183,1.073553325189873,0.10259866420120796,1.12927707642961
2024-01-08,21513.0,21513.0,21763.94921875,21492.900390625,21747.599609375,231500,0.029273489637653638,0.10253252072030095,1.0058991870962015,1.0620214336406542,0.10916401378227816,1.1176893079393069
2024-01-09,21544.849609375,21544.849609375,21724.44921875,21517.849609375,21653.599609375,228600,0.02744233063560908,0.09421097859055116,1.0060349485638396,1.061972903763377,0.10895361435728498,1.1180159880177312
2024-01-10,21618.69921875,21618.69921875,21641.849609375,21448.650390625,21529.30078125,217000,0.02960407013059374,0.09122799026875672,1.0080204329339904,1.0640331937070067,0.10920018140350614,1.120501256556109
2024-01-11,21647.19921875,21647.19921875,21726.5,21593.75,21688.0,212500,0.03543406871979715,0.09362429113620285,1.0076090975269352,1.0638187106862054,0.10704915927236214,1.1206578361961022
2024-01-12,21894.55078125,21894.55078125,21928.25,21715.150390625,21773.55078125,294700,0.046267083841571965,0.10852587154678672,1.0168312728473892,1.0740887026213424,0.11228119335247225,1.132025423731368
2024-01-15,22097.44921875,22097.44921875,22115.55078125,21963.55078125,22053.150390625,345500,0.04318382612874494,0.11989302615074693,1.0240790262595367,1.0819496028973938,0.10927335033631165,1.141044052715295
2024-01-16,22032.30078125,22032.30078125,22124.150390625,21969.80078125,22080.5,292400,0.026828530089511027,0.11209654903717547,1.0196996347692369,1.0768082940754167,0.10289209126223689,1.1362482656898947
2024-01-17,21571.94921875,21571.94921875,21851.5,21550.44921875,21647.25,456000,0.00715725899294295,0.09663158883446865,0.9980395757366867,1.052679099979876,0.12996123561271825,1.1112190425195771
2024-01-18,21462.25,21462.25,21539.400390625,21285.55078125,21414.19921875,387300,0.00042653000226611226,0.09363459591239764,0.9929432554665568,1.0457630524130566,0.131278384500155,1.1042834080951949
2024-01-19,21622.400390625,21622.400390625,21670.599609375,21575.0,21615.19921875,343100,0.02232844643077958,0.10642108201442824,0.9992609390989565,1.0517900660659691,0.12231538226565897,1.1111980353832835
2024-01-23,21238.80078125,21238.80078125,21750.25,21192.599609375,21716.69921875,449700,-0.000764524167325642,0.10149757056543107,0.9815700646939858,1.031493823360109,0.13859686993072665,1.090283396534953
2024-01-24,21453.94921875,21453.94921875,21482.349609375,21137.19921875,21185.25,407500,0.004897038146837618,0.1219422910337642,0.9912738583565589,1.0399799112836727,0.14241077196742336,1.1000930887965885
2024-01-25,21352.599609375,21352.599609375,21459.0,21247.05078125,21454.599609375,418100,-0.004139198400141542,0.13232839408582908,0.9867933530329793,1.032984458486988,0.14261021461589804,1.0937764846263234
2024-01-29,21737.599609375,21737.599609375,21763.25,21429.599609375,21433.099609375,376700,0.003825932387813369,0.14124609113520314,1.0043935382946092,1.0493335601335139,0.15255805132018574,1.1122616912470533
2024-01-30,21522.099609375,21522.099609375,21813.05078125,21501.80078125,21775.75,375100,-0.011782136609613691,0.12440372031381997,0.9950261492331853,1.0369442232379695,0.15516111901801072,1.10011909175045
2024-01-31,21725.69921875,21725.69921875,21741.349609375,21448.849609375,21487.25,410600,-0.0002623471921975318,0.13868737623166916,1.0044523596220132,1.0445342764731231,0.159000640712932,1.1093562537809394
2024-02-01,21697.44921875,21697.44921875,21832.94921875,21658.75,21780.650390625,332500,0.001460755492932897,0.14262348617040255,1.0030728813143897,1.0409170953279174,0.15868543523133674,1.1067627451473683
2024-02-02,21853.80078125,21853.80078125,22126.80078125,21805.55078125,21812.75,442800,0.015636273889810814,0.14218968451517644,1.009515905320499,1.0461422903149837,0.15836554254977497,1.1135646833746282
2024-02-05,21771.69921875,21771.69921875,21964.30078125,21726.94921875,21921.05078125,440800,0.005221926228602625,0.1321383451889977,1.0054606473581011,1.0401034050579896,0.15761150036704033,1.1082632391796978
2024-02-06,21929.400390625,21929.400390625,21951.400390625,21737.55078125,21825.19921875,371000,0.01006870320342057,0.1296972395907119,1.0122326600891296,1.0455413968832914,0.1593951819950271,1.115126771029948
2024-02-07,21930.5,21930.5,22053.30078125,21860.150390625,22045.05078125,346300,0.01940687026449117,0.13004791555751027,1.0113089568328388,1.0435011032274946,0.15529775645199,1.1139864001239042
2024-02-08,21717.94921875,21717.94921875,22011.05078125,21665.30078125,22009.650390625,491100,0.008034384667956918,0.11697735586442759,1.0011077728967923,1.0315268859221933,0.15984042179910876,1.1020538436463676
2024-02-09,21782.5,21782.5,21804.44921875,21629.900390625,21727.0,349200,0.007576810223065333,0.12308131983484238,1.0037043718649172,1.0326414122933767,0.15973466985310195,1.1041629379462397
2024-02-12,21616.05078125,21616.05078125,21831.69921875,21574.75,21800.80078125,287400,-0.0014389130522262095,0.11277537938456095,0.9961061299610373,1.0229798832184442,0.16220038976101436,1.0946181638732253
2024-02-13,21743.25,21743.25,21766.80078125,21543.349609375,21664.30078125,365800,-0.00691043094519983,0.11827568146491374,1.0023171148200924,1.0271364771010534,0.1581863171446635,1.0999122542724349
2024-02-14,21840.05078125,21840.05078125,21870.849609375,21530.19921875,21578.150390625,359100,-0.011648332572322118,0.11001535662205941,1.0073770752727096,1.029953993368198,0.15523182004769134,1.1036654662145124
2024-02-15,21910.75,21910.75,21953.849609375,21794.80078125,21906.55078125,345400,-0.005516935451128302,0.10855194311498018,1.010921481460148,1.0315485267825564,0.1555331873619839,1.1060807421054437
2024-02-16,22040.69921875,22040.69921875,22068.650390625,21968.94921875,22020.30078125,343900,0.021729607985196298,0.11701407606415803,1.0158186294926501,1.0357899397637664,0.13584723134199425,1.111454872026495
2024-02-20,22196.94921875,22196.94921875,22215.599609375,22045.849609375,22099.19921875,295700,0.034232161993733135,0.1270919680486442,1.0212908294518,1.041091850527065,0.13537624083535435,1.1181269936880789
2024-02-21,22055.05078125,22055.05078125,22249.400390625,21997.94921875,22248.849609375,364500,0.020009359867953824,0.11482608377584547,1.0137530137042121,1.032602800578051,0.13649260256324616,1.1098637809719158
2024-02-22,22217.44921875,22217.44921875,22252.5,21875.25,22081.55078125,343500,0.04607832841315451,0.12142226277735646,1.0189258737023867,1.0382572301821498,0.11835921315704433,1.116892355305683
2024-02-23,22212.69921875,22212.69921875,22297.5,22186.099609375,22290.0,226000,0.03536644895835206,0.12174018880668624,1.0169386891564332,1.0360898950179753,0.11492116820386775,1.1154975804724514
2024-02-26,22122.05078125,22122.05078125,22202.150390625,22075.150390625,22169.19921875,207800,0.03603547979877675,0.11757448480426924,1.0110079010562607,1.029998126665477,0.11446054444864327,1.109867861160757
2024-02-27,22198.349609375,22198.349609375,22218.25,22085.650390625,22090.19921875,252200,0.02119599257874305,0.11607266481177536,1.0134278789365654,1.0317022848130448,0.09778758481456894,1.1125433593028424
2024-02-28,21951.150390625,21951.150390625,22229.150390625,21915.849609375,22214.099609375,203000,0.0199353589583382,0.09228181967584503,1.0011619021259193,1.018749836094406,0.09971185276554315,1.0991386976338986
2024-02-29,21982.80078125,21982.80078125,22060.55078125,21860.650390625,21935.19921875,360200,0.011833983335188147,0.09187088730466586,1.0020179474568562,1.0187611843997557,0.09466139533232906,1.0997001693032753
2024-03-01,22338.75,22338.75,22353.30078125,22047.75,22048.30078125,351500,0.02955650568804269,0.10217385962351,1.0167567141509581,1.0336038787039625,0.1090384755195675,1.1163831438147136
2024-03-04,22405.599609375,22405.599609375,22440.900390625,22358.30078125,22403.5,298800,0.025249558813514428,0.08308673952537293,1.0185203756201229,1.035324690794642,0.10711831367767764,1.1185755907833963
2024-03-05,22356.30078125,22356.30078125,22416.900390625,22269.150390625,22371.25,296200,0.02685144400656303,0.07198245033556039,1.0149307461453951,1.0318537159930212,0.10628985549010726,1.1149895558974416
2024-03-06,22474.05078125,22474.05078125,22497.19921875,22224.349609375,22327.5,312300,0.02483653820547893,0.07337728689521805,1.0190165461289733,1.0360640014859233,0.1050673012592219,1.1197242822509863
2024-03-07,22493.55078125,22493.55078125,22525.650390625,22430.0,22505.30078125,379900,0.02567432485579446,0.07618721270668694,1.018600480092076,1.035695779955864,0.10498594740098174,1.1195225270345095
2024-03-11,22332.650390625,22332.650390625,22526.599609375,22307.25,22517.5,277900,0.028303831346299546,0.0650113963492005,1.0099086479310873,1.0272126332619245,0.10176978579474522,1.11036740751939
2024-03-12,22335.69921875,22335.69921875,22452.55078125,22256.0,22334.44921875,299200,0.025396498048892546,0.06375164352591489,1.008784715573529,1.0262997086748635,0.10168583685472496,1.1093591163093632
2024-03-13,21997.69921875,21997.69921875,22446.75,21905.650390625,22432.19921875,493300,0.017655789272619904,0.052199269493296896,0.9926635250832975,1.009924970406495,0.11339063954878639,1.0915429642864127
2024-03-14,22146.650390625,22146.650390625,22204.599609375,21917.5,21982.55078125,426700,0.01855290219378425,0.05831407789838816,0.998476263029433,1.0158148801583036,0.11394694570043082,1.0978901676798791
2024-03-15,22023.349609375,22023.349609375,22120.900390625,21931.69921875,22064.849609375,661500,0.008392783971105322,0.03968570680930461,0.9925071746690034,1.0095106064011437,0.11538364898062446,1.090783991813322
2024-03-18,22055.69921875,22055.69921875,22123.69921875,21916.55078125,21990.099609375,356300,0.006615438483392966,0.027919028236893073,0.9936405085027378,1.010530979274831,0.114982241060462,1.0913672251723217
2024-03-19,21817.44921875,21817.44921875,21978.30078125,21793.099609375,21946.44921875,344200,-0.010128989002766375,0.01861923234432905,0.9834015476486202,0.9993107038965395,0.11950633918046581,1.0786450069737126
2024-03-20,21839.099609375,21839.099609375,21930.900390625,21710.19921875,21843.900390625,312400,-0.016121567240993673,0.017992737973925088,0.9851719477240367,1.0000076927436332,0.11630351348081597,1.0788247378570741
2024-03-21,22011.94921875,22011.94921875,22080.94921875,21941.30078125,21989.900390625,353200,-0.0019542717415388378,0.04074669977320822,0.9930658165101895,1.0072599714341561,0.11822837145223826,1.0864473520615987
2024-03-22,22096.75,22096.75,22180.69921875,21883.30078125,21932.19921875,388700,-0.005432631692396939,0.03959996272944677,0.9971630851180188,1.0104917623099785,0.11594416376809033,1.0897016247760718
2024-03-26,22004.69921875,22004.69921875,22073.19921875,21947.55078125,21947.900390625,328400,-0.009364012808692146,0.030694015575854605,0.9934753568901401,1.0057799119658266,0.11676709402727624,1.084234371146483
2024-03-27,22123.650390625,22123.650390625,22193.599609375,22052.849609375,22053.94921875,409100,7.230836737592838e-05,0.03182172734834143,0.9988421964969787,1.010691545047249,0.117715538131881,1.089119849467609
2024-03-28,22326.900390625,22326.900390625,22516.0,22163.599609375,22163.599609375,410500,0.005791006246505415,0.031039397389718282,1.0077261271885538,1.0194550401806848,0.12160113117815338,1.0981004362711735
2024-04-01,22462.0,22462.0,22529.94921875,22427.75,22455.0,0,0.023272111041304555,0.03137472878369718,1.012656404372579,1.025090697963006,0.11522766730696604,1.1036951477162495
2024-04-02,22453.30078125,22453.30078125,22497.599609375,22388.150390625,22458.80078125,289500,0.021403096206071615,0.033219230130076216,1.0111917672042618,1.024131359081799,0.11534919832091982,1.1022239768011053
2024-04-03,22434.650390625,22434.650390625,22521.099609375,22346.5,22385.69921875,309600,0.004293006127245258,0.03548678477835798,1.0101337071396583,1.022682952428833,0.1008855878343454,1.1003069556638985
2024-04-04,22514.650390625,22514.650390625,22619.0,22303.80078125,22592.099609375,401000,0.004867121753098225,0.04634868138292836,1.0134869405745996,1.0255526902622343,0.10111413566271378,1.1031808806599808
2024-04-05,22513.69921875,22513.69921875,22537.599609375,22427.599609375,22486.400390625,242200,0.007040450879602034,0.03948083554787485,1.0130852273896782,1.0248440662497864,0.100711130516733,1.1020677038557705
2024-04-08,22666.30078125,22666.30078125,22697.30078125,22550.349609375,22578.349609375,227600,0.008554310118423114,0.04401035271002973,1.0195110972979808,1.031043203837471,0.10181603271149497,1.1084349406050007
2024-04-09,22642.75,22642.75,22768.400390625,22612.25,22765.099609375,232400,0.006632977612159419,0.05251475851810539,1.0181101835212887,1.0290905115250715,0.10193131366078008,1.1062211702629317
2024-04-10,22753.80078125,22753.80078125,22775.69921875,22673.69921875,22720.25,276800,0.01885805684764552,0.0561132332689358,1.0221356880184913,1.0331915033200574,0.09910322665199582,1.110562033350931
2024-04-12,22519.400390625,22519.400390625,22726.44921875,22503.75,22677.400390625,357200,0.008224554336798695,0.04166306042566226,1.0111888388238852,1.0218514482727277,0.1069127519492173,1.0980947722133636
2024-04-15,22272.5,22272.5,22427.44921875,22259.55078125,22339.05078125,355500,0.01249225105395424,0.028885990050315113,0.9994856166177806,1.01017026524976,0.09950244168423973,1.0851435343722662
2024-04-16,22147.900390625,22147.900390625,22213.75,22079.44921875,22125.30078125,317300,5.644194394882618e-05,0.011571354530459876,0.993891381410001,1.0043267042168003,0.09907751841727691,1.0781818553641764
2024-04-18,21995.849609375,21995.849609375,22326.5,21961.69921875,22212.349609375,456900,-0.001248674724225185,-0.004597798070231196,0.9871289819377407,0.9975083493646582,0.10015657372801313,1.069951920546917
2024-04-19,22147.0,22147.0,22179.55078125,21777.650390625,21861.5,362500,0.004139555057605326,0.005205957375437276,0.9937087231932412,1.0042759321175285,0.10302673625281511,1.076442991692976
2024-04-22,22336.400390625,22336.400390625,22375.650390625,22198.150390625,22336.900390625,279300,0.02378606072010525,0.03543727848249101,1.001041438786055,1.0122796256230375,0.09826808120758566,1.0847088917590755
2024-04-23,22368.0,22368.0,22447.55078125,22349.44921875,22447.05078125,231500,0.02421804928248772,0.042202005847476354,1.0012709436664704,1.0130186657123479,0.0982690410023014,1.085267776329717
2024-04-24,22402.400390625,22402.400390625,22476.44921875,22384.0,22421.55078125,235900,0.01773814613121183,0.03607370069505289,1.001935236948109,1.0139796320030576,0.09507124706881928,1.0859591360811691
2024-04-25,22570.349609375,22570.349609375,22625.94921875,22305.25,22316.900390625,475000,0.0214329984895969,0.06269416253014226,1.008378726880844,1.0205562394161125,0.09741213190697269,1.0931061803273803
2024-04-26,22419.94921875,22419.94921875,22620.400390625,22385.55078125,22620.400390625,329900,0.01887096914490738,0.04502667504944724,1.000730979953567,1.0130181677248842,0.09958580542879887,1.0849163153386827
2024-04-29,22643.400390625,22643.400390625,22655.80078125,22441.900390625,22475.55078125,292000,0.02349295847760491,0.060451692293394865,1.0095338576809056,1.0221209802426376,0.10349152530190314,1.0948142304293484
2024-04-30,22604.849609375,22604.849609375,22783.349609375,22568.400390625,22679.650390625,361900,0.012449073265302424,0.039896309417069675,1.0071910484979776,1.019715478285099,0.09947794462452263,1.092083721853891
2024-05-02,22648.19921875,22648.19921875,22710.5,22567.849609375,22567.849609375,445900,0.008289520913097759,0.05232294384905045,1.0087041225517073,1.0208067356065307,0.09756106500841102,1.0933172660643957
2024-05-03,22475.849609375,22475.849609375,22794.69921875,22348.05078125,22766.349609375,438100,0.0010042544900048522,0.03452825076293031,1.0009777630929801,1.0124679971594803,0.10165949430534078,1.0841919609354262
2024-05-06,22442.69921875,22442.69921875,22588.80078125,22409.44921875,22561.599609375,320300,0.00035876770909526456,0.03434735541890266,0.9994834733882154,1.010409329246315,0.1017593867992597,1.0818243194844426
2024-05-07,22302.5,22302.5,22499.05078125,22232.05078125,22489.75,297800,-0.009422770815634696,0.020531861859698575,0.9937091475699916,1.0037593640122977,0.10319113704716129,1.0742969866561198
2024-05-08,22302.5,22302.5,22368.650390625,22185.19921875,22231.19921875,277400,-0.009380920332013098,0.024380310232876568,0.9941769168821969,1.0033598674092439,0.10319358703537936,1.0735351213483868
2024-05-09,21957.5,21957.5,22307.75,21932.400390625,22224.80078125,331300,-0.031271127480860694,0.0012813669719402565,0.9803466365255608,0.9878179626787577,0.11250243789135267,1.0562883207251925
2024-05-10,22055.19921875,22055.19921875,22131.30078125,21950.30078125,21990.94921875,265800,-0.02594873773062023,0.005686109242835302,0.986001930858184,0.9921204660504567,0.11452009958114409,1.060307068140532
2024-05-13,22104.05078125,22104.05078125,22131.650390625,21821.05078125,22027.94921875,278200,-0.028555668841726778,0.017777993613073972,0.989623211942827,0.9940302391779229,0.11297828053859407,1.0619688571467656
2024-05-14,22217.849609375,22217.849609375,22270.05078125,22081.25,22112.900390625,230200,-0.013390710943420037,0.019986209543211286,0.9953900399376625,0.998821915738081,0.11012611615087918,1.0667562790758547
2024-05-15,22200.55078125,22200.55078125,22297.55078125,22151.75,22255.599609375,231900,-0.0032304060500617515,0.027040091916651132,0.9947753578927431,0.9976073356501948,0.10313780362300866,1.0652891363323747
2024-05-16,22403.849609375,22403.849609375,22432.25,22054.55078125,22319.19921875,368900,0.011556364903029026,0.0303818246754739,1.0033095575592477,1.0062449663720097,0.10602589020830405,1.0743601289104852
2024-05-17,22466.099609375,22466.099609375,22502.150390625,22345.650390625,22415.25,242700,0.021379033242688195,0.028665172732220467,1.0050390296080642,1.008568204646275,0.10249375896403504,1.0766655767402107
2024-05-21,22529.05078125,22529.05078125,22591.099609375,22404.55078125,22404.55078125,347600,0.017250678703661926,0.02821906056387835,1.006994656047528,1.0109265881412792,0.10044672275858472,1.07902315833592
2024-05-22,22597.80078125,22597.80078125,22629.5,22483.150390625,22576.599609375,290300,0.011702887934204265,0.025276038521775845,1.009477880962955,1.0135892466186638,0.09672185279469758,1.0815770202223545
2024-05-23,22967.650390625,22967.650390625,22993.599609375,22577.44921875,22614.099609375,369800,0.026808404444966127,0.034721040458297825,1.024627272134258,1.0295850876091468,0.11157827986869691,1.0984125725950848
2024-05-24,22957.099609375,22957.099609375,23026.400390625,22908.0,22930.75,261900,0.024760704615480966,0.04089987536514195,1.0228909547490324,1.0284190233206647,0.11175236850461495,1.097048470625792
2024-05-27,22932.44921875,22932.44921875,23110.80078125,22871.19921875,23038.94921875,260000,0.016043154653864855,0.0321819121970397,1.0209690039400745,1.0267666242060018,0.1095114391088423,1.0950452408643443
2024-05-28,22888.150390625,22888.150390625,22998.55078125,22858.5,22977.150390625,217900,0.02088323962319416,0.0304083337744403,1.0179358626467039,1.0242669391184989,0.10646201722232815,1.0920881945043195
2024-05-29,22704.69921875,22704.69921875,22825.5,22685.44921875,22762.75,269900,0.0027071388160577747,0.02633790344581599,1.0096393637416656,1.0156159669189824,0.1056743367887131,1.082545044168235
2024-05-30,22488.650390625,22488.650390625,22705.75,22417.0,22617.44921875,373400,-0.00514045528981566,0.013077583980720675,1.0002904738864793,1.0057341043163295,0.1110326582313618,1.0715453537362352
2024-05-31,22530.69921875,22530.69921875,22653.75,22465.099609375,22568.099609375,572100,-0.0051880504434420605,0.026401751972530585,1.0024227488650475,1.0071795294731785,0.11102036576361561,1.0728339750135836
2024-06-03,23263.900390625,23263.900390625,23338.69921875,23062.30078125,23337.900390625,569400,0.035062113110122084,0.05827736065677769,1.0332325744123347,1.0389638222760762,0.15615322190339764,1.106761684381633
2024-06-04,21884.5,21884.5,23179.5,21281.44921875,23179.5,1006100,-0.024872196223333365,-0.0203346203346203,0.973174824723919,0.9776904872344416,0.2725347351009499,1.0405183221484002
2024-06-05,22620.349609375,22620.349609375,22670.400390625,21791.94921875,22128.349609375,638500,0.01425174798228901,0.009584657574178257,1.0051867022790346,1.010403020874643,0.29757064328117155,1.0747120793428036
2024-06-06,22821.400390625,22821.400390625,22910.150390625,22642.599609375,22798.599609375,480400,0.023266467464409857,0.020803960991841564,1.012952991373561,1.0190306930875968,0.2989461456944539,1.0834343723642053
2024-06-07,23290.150390625,23290.150390625,23320.19921875,22789.05078125,22821.849609375,473600,0.06069226417511109,0.03631297345184725,1.0307105902835214,1.0393302795537411,0.29946026360943195,1.1047127339216818
2024-06-10,23259.19921875,23259.19921875,23411.900390625,23227.150390625,23319.150390625,304400,0.05459030263378595,0.03403857598766602,1.0266057934692032,1.0373583448504053,0.2997787297175805,1.1022965458282856
2024-06-11,23264.849609375,23264.849609375,23389.44921875,23206.650390625,23283.75,305200,0.052515208167620564,0.04174153996255314,1.0242313685764992,1.0368918547439727,0.2998990197511301,1.1015928301321483
2024-06-12,23322.94921875,23322.94921875,23441.94921875,23295.94921875,23344.44921875,295600,0.04973926949747165,0.044200541488812695,1.024297497025595,1.0387195570189698,0.299744629321444,1.1033265190373094
2024-06-13,23398.900390625,23398.900390625,23481.05078125,23353.900390625,23480.94921875,268300,0.053978372932400154,0.06369762391698996,1.0249360467102882,1.0410194098791186,0.2995141996587891,1.1058825185107664
2024-06-14,23465.599609375,23465.599609375,23490.400390625,23334.25,23464.94921875,223100,0.04739140899944738,0.05955524630073761,1.0254730428857723,1.0429668400312417,0.29853839554253314,1.1079873930091426
2024-06-18,23557.900390625,23557.900390625,23579.05078125,23499.69921875,23570.80078125,272200,0.04859770054586576,0.06967835540315659,1.0270564974249645,1.0458803835772401,0.2985898508378074,1.111245659550265
2024-06-19,23516.0,23516.0,23664.0,23412.900390625,23629.849609375,328800,0.043807847402581146,0.06620967971890779,1.0230288099861518,1.0428932903670267,0.29894537989362857,1.108169915418913
2024-06-20,23567.0,23567.0,23624.0,23442.599609375,23586.150390625,280300,0.042889094745634404,0.08019043673292603,1.0230906314468042,1.0438052452602626,0.2989264342258272,1.1094822472053933
2024-06-21,23501.099609375,23501.099609375,23667.099609375,23398.19921875,23661.150390625,609900,0.023226111930358506,0.07610203853306041,1.019049800849112,1.0396109962052216,0.2945937265563742,1.1053118620217488
2024-06-24,23537.849609375,23537.849609375,23558.099609375,23350.0,23382.30078125,239400,0.025297185179387283,0.06932145697143555,1.0193598523330587,1.040066606126278,0.29453481668785125,1.1059755595420917
2024-06-25,23721.30078125,23721.30078125,23754.150390625,23562.05078125,23577.099609375,298100,0.03439892333240269,0.07351989687397475,1.0255528223743862,1.0469202249217024,0.2952799283729811,1.1134615043906935
2024-06-26,23868.80078125,23868.80078125,23889.900390625,23670.44921875,23723.099609375,287800,0.04284533148762759,0.0847137942658911,1.0297468490875574,1.0519875561095637,0.2953669518493892,1.119175997655047
2024-06-27,24044.5,24044.5,24087.44921875,23805.400390625,23881.55078125,515200,0.05900984498149908,0.08682335760417592,1.0343375378857136,1.0582381223827744,0.29339963684432063,1.1261632459155952
2024-06-28,24010.599609375,24010.599609375,24174.0,23985.80078125,24085.900390625,354800,0.06767632527136724,0.07541123887742973,1.0295090914165075,1.0554425967596994,0.2902300131006608,1.1233474731578372
2024-07-01,24141.94921875,24141.94921875,24164.0,23992.69921875,23992.94921875,0,0.07151353734548649,0.074790722943193,1.0315776256826708,1.0599118723902146,0.2902788461114146,1.1282273476631077
2024-07-02,24123.849609375,24123.849609375,24236.349609375,24056.400390625,24228.75,0,0.03696496306769559,0.07440103548249888,1.0289138453028321,1.0578241788567262,0.2701065441388827,1.1261000387812357
2024-07-03,24286.5,24286.5,24309.150390625,24207.099609375,24291.75,0,0.109758047933469,0.08254417060801855,1.0305720722307177,1.063517005903249,0.13298301492438316,1.132410357789522
2024-07-04,24302.150390625,24302.150390625,24401.0,24281.0,24369.94921875,251200,0.07434901804315963,0.07939274956471487,1.0275695321657,1.0628158040017721,0.08346018359703702,1.1318804907427042
2024-07-05,24323.849609375,24323.849609375,24363.0,24168.849609375,24213.349609375,298400,0.06583510183569641,0.08040217527279836,1.0252304911221237,1.0623631021278865,0.08156252002266746,1.1316396368444417
2024-07-08,24320.55078125,24320.55078125,24344.599609375,24240.55078125,24329.44921875,266300,0.0442418951077177,0.07298279573561595,1.0228702578677313,1.0609414612426014,0.051214483828558144,1.130247952395766
2024-07-09,24433.19921875,24433.19921875,24443.599609375,24331.900390625,24351.0,250500,0.050474652586216306,0.0790738412405736,1.0250773028110696,1.064469874721133,0.05017495047481303,1.1342427151611596
2024-07-10,24324.44921875,24324.44921875,24461.05078125,24141.80078125,24459.849609375,292300,0.04554508742442143,0.06902795944290219,1.018251469567453,1.0585248066402992,0.05543645609673818,1.128014912487573
2024-07-11,24315.94921875,24315.94921875,24402.650390625,24193.75,24396.55078125,306400,0.042576090643017706,0.07977782698303626,1.0157844322626983,1.0567779268991295,0.05616876894250983,1.1264924644767937
2024-07-12,24502.150390625,24502.150390625,24592.19921875,24331.150390625,24387.94921875,325800,0.04714965154696027,0.10010777374003821,1.0212096204237544,1.0631532674298492,0.059428822703403245,1.1339343395459345
2024-07-15,24586.69921875,24586.69921875,24635.05078125,24522.75,24587.599609375,305400,0.04777630352676332,0.1101142223466618,1.0223449933061948,1.064943653024675,0.059539146075726544,1.1366592032963092
2024-07-16,24613.0,24613.0,24661.25,24587.650390625,24615.900390625,283200,0.044787506181785286,0.11898382818136422,1.0211984940140306,1.0640724745268733,0.059389194362992136,1.1366901309073252
2024-07-18,24800.849609375,24800.849609375,24837.75,24504.44921875,24543.80078125,350900,0.05463725163186761,0.11982885308958324,1.0262569932456669,1.0701472856021663,0.06039949369214454,1.1441479404222257
2024-07-19,24530.900390625,24530.900390625,24854.80078125,24508.150390625,24853.80078125,343800,0.040900428167564895,0.09824770158226004,1.0130661545135597,1.056831190594619,0.07736629819560235,1.1305474541009621
2024-07-22,24509.25,24509.25,24595.19921875,24362.30078125,24445.75,324200,0.04289800934347898,0.09572827253218885,1.0100693776670582,1.0542775303836807,0.07607570780952838,1.1283515735957796
2024-07-23,24479.05078125,24479.05078125,24582.55078125,24074.19921875,24568.900390625,436400,0.039986710234571454,0.0926976732142526,1.006872058854382,1.0514131495854135,0.07697950234623895,1.1257338401732029
2024-07-24,24413.5,24413.5,24504.25,24307.25,24444.94921875,366600,0.02918049162367753,0.0816624652486293,1.002748335795505,1.0472159075471028,0.0754492703820768,1.1214971799007587
2024-07-25,24406.099609375,24406.099609375,24426.150390625,24210.80078125,24230.94921875,391800,0.022510507882200326,0.08858853208123962,1.0013394600471268,1.0454140529283558,0.07351313145392256,1.119940095813285
2024-07-26,24834.849609375,24834.849609375,24861.150390625,24410.900390625,24423.349609375,383800,0.03287028673397252,0.09678092428455765,1.0172809694270677,1.0621175243258065,0.0913681527328764,1.1382642074882576
2024-07-29,24836.099609375,24836.099609375,24999.75,24774.599609375,24943.30078125,355000,0.034380649106225736,0.09870669518078223,1.0156150716532482,1.060484382559599,0.09087175172682899,1.136987524587301
2024-07-30,24857.30078125,24857.30078125,24971.75,24798.650390625,24839.400390625,385000,0.029631060691007294,0.0975398326888226,1.0149974762312126,1.059723646729419,0.08980459893377615,1.1365704839320694
2024-07-31,24951.150390625,24951.150390625,24984.599609375,24856.5,24886.69921875,333600,0.034293895652893314,0.11013157786113315,1.0171116746387923,1.0618570808294368,0.08976203128261945,1.1394776148635968
2024-08-01,25010.900390625,25010.900390625,25078.30078125,24956.400390625,25030.94921875,431300,0.02982728637823473,0.11443370277534926,1.0180442117057784,1.062464501339645,0.08783701751442756,1.1407782678994427
2024-08-02,24717.69921875,24717.69921875,24851.900390625,24686.849609375,24789.0,345000,0.017099261647451014,0.1082927572581549,1.0052595715219035,1.048216886033325,0.09968141021986282,1.126048670396078
2024-08-05,24055.599609375,24055.599609375,24350.05078125,23893.69921875,24302.849609375,487000,-0.011028270783939198,0.0786055199809439,0.9788661815849119,1.0188764017839853,0.14075770965739562,1.0947612086147596
2024-08-06,23992.55078125,23992.55078125,24382.599609375,23960.400390625,24189.849609375,312300,-0.013486536672223437,0.0926813517590801,0.9769525751621466,1.0147481994935454,0.14093660181386886,1.0908148721960809
2024-08-07,24297.5,24297.5,24337.69921875,24184.900390625,24289.400390625,317600,-0.005553886641494921,0.10166767296047508,0.9896432165853126,1.0260240709777275,0.14763912234948692,1.1034789664454552
2024-08-08,24117.0,24117.0,24340.5,24079.69921875,24248.55078125,311900,-0.00852842409233634,0.09106698309151118,0.9827065736127776,1.0169612690896814,0.14913995156188325,1.094181516108907
2024-08-09,24367.5,24367.5,24419.75,24311.19921875,24386.849609375,215100,0.0021200398465319736,0.09675330549172223,0.9928095402043734,1.025974298612588,0.15395771639940042,1.1044051658131686
2024-08-12,24347.0,24347.0,24472.80078125,24212.099609375,24320.05078125,279900,-0.006332113228901037,0.0966845030062422,0.9922879334534959,1.023569418660741,0.15138286518773672,1.1023386810907814
2024-08-13,24139.0,24139.0,24359.94921875,24116.5,24342.349609375,239700,-0.018209000515554408,0.07744876085487196,0.9847090444228568,1.01359260131253,0.15342276948573685,1.0918366665080865
2024-08-14,24143.75,24143.75,24196.5,24099.69921875,24184.400390625,303300,-0.019065128184292846,0.07467475083769881,0.9858463782965524,1.0126031849677903,0.15330404810751472,1.0909629509949108
2024-08-16,24541.150390625,24541.150390625,24563.900390625,24204.5,24334.849609375,271600,-0.010471383958226554,0.08931133534705271,1.0026047632441446,1.0278247804584324,0.1626120905792406,1.1077362446737702
2024-08-19,24572.650390625,24572.650390625,24638.80078125,24522.94921875,24636.349609375,243600,0.001701935083310513,0.08739123016845007,1.0038060576532937,1.0277273309042891,0.15794757757090125,1.1079324620529838
2024-08-20,24698.849609375,24698.849609375,24734.30078125,24607.19921875,24648.900390625,238300,0.0077358388924588795,0.07537554731574314,1.0085707825191046,1.0317604016811137,0.1588951699811077,1.1123501000295295
2024-08-21,24770.19921875,24770.19921875,24787.94921875,24654.5,24680.55078125,257100,0.011893779709914565,0.07897772977534956,1.0108834063719145,1.0334363965896964,0.15901116234915152,1.1142517930275402
2024-08-22,24811.5,24811.5,24867.349609375,24784.44921875,24863.400390625,220300,0.016302455608577127,0.08193851268680241,1.0117472419886293,1.033808733710044,0.15857266419527316,1.114723224243996
2024-08-23,24823.150390625,24823.150390625,24858.400390625,24771.650390625,24845.400390625,206800,0.01708797341340862,0.08454156264162682,1.011362341225542,1.0329062022315347,0.15852453063322844,1.113820220269251
2024-08-26,25010.599609375,25010.599609375,25043.80078125,24874.69921875,24906.099609375,210300,0.007076749115229486,0.10156049055786398,1.0186348315064138,1.039044473281366,0.14837681868616592,1.1206839916586575
2024-08-27,25017.75,25017.75,25073.099609375,24973.650390625,25024.80078125,223300,0.007313966101039071,0.11246115553600866,1.0185492778810363,1.0375246632487185,0.14837281042429779,1.1195068899429172
2024-08-28,25052.349609375,25052.349609375,25129.599609375,24964.650390625,25030.80078125,220400,0.007846742083602587,0.11192064507818245,1.0195531186410711,1.037151863230189,0.14840778745874067,1.119574374002265
2024-08-29,25151.94921875,25151.94921875,25192.900390625,24998.5,25035.30078125,354000,0.008047678162384386,0.0811578796514214,1.0231884453627311,1.0399204856690576,0.14846963730436993,1.122502355111689
2024-08-30,25235.900390625,25235.900390625,25268.349609375,25199.400390625,25249.69921875,638200,0.008996077569615846,0.15314036832575573,1.0261339894009942,1.0409874101190342,0.14867428224088172,1.124681276094649
2024-09-02,25278.69921875,25278.69921875,25333.650390625,25235.5,25333.599609375,222800,0.022696287184142294,0.11752027069790505,1.0267032448095843,1.040850586406873,0.14148139652412847,1.125048024563956
2024-09-03,25279.849609375,25279.849609375,25321.69921875,25235.80078125,25313.400390625,212100,0.05089251649844062,0.10772560739786718,1.0242036268850556,1.0391448011093067,0.09454678690578563,1.1235867267446455
2024-09-04,25198.69921875,25198.69921875,25216.0,25083.80078125,25089.94921875,253800,0.05027178846038316,0.08194660816330535,1.0184274921668193,1.034456472138287,0.09499223816900684,1.1185414410633203
2024-09-05,25145.099609375,25145.099609375,25275.44921875,25127.75,25250.5,222200,0.03488423127379359,0.08108191399404308,1.0145235167780204,1.0309258650639672,0.08822496484282141,1.1147424739389833
2024-09-06,24852.150390625,24852.150390625,25168.75,24801.30078125,25093.69921875,311700,0.03048266329249083,0.06822742497378398,1.0012191072906007,1.0178112678432818,0.09512853004006874,1.1004360295485736
2024-09-09,24936.400390625,24936.400390625,24957.5,24753.150390625,24823.400390625,254400,0.023346686801066996,0.06917869420124201,1.0034633548327319,1.0201382136494452,0.08960956403215013,1.1028136512234468
2024-09-10,25041.099609375,25041.099609375,25130.5,24896.80078125,24999.400390625,251300,0.028508629784983697,0.07018275181033573,1.0062712282803195,1.0232756600924944,0.08990280516439307,1.1060704789351499
2024-09-11,24918.44921875,24918.44921875,25113.69921875,24885.150390625,25034.0,279200,0.03229003764654714,0.06191402024922277,0.9997767981386988,1.0172571339242789,0.08532385120210847,1.0993237532358242
2024-09-12,25388.900390625,25388.900390625,25433.349609375,24941.44921875,25059.650390625,380100,0.051572369272586016,0.07772339510904192,1.016114072618234,1.0351729610807323,0.10446167389175522,1.1186687264908304
2024-09-13,25356.5,25356.5,25430.5,25292.44921875,25430.44921875,250800,0.03322377298524981,0.07826586154107851,1.0131642707565227,1.032560486287206,0.09147336201615051,1.1158665968627182
2024-09-16,25383.75,25383.75,25445.69921875,25336.19921875,25406.650390625,168700,0.033008226482742486,0.07708872576059744,1.012612209072467,1.0323971870085096,0.09148699093759038,1.1156782998269617
2024-09-17,25418.55078125,25418.55078125,25441.650390625,25352.25,25416.900390625,216000,0.029139056403737262,0.08158984914519052,1.0125469542920909,1.0324706228446385,0.0905484239117542,1.1158041530232157
2024-09-18,25377.55078125,25377.55078125,25482.19921875,25285.55078125,25402.400390625,215700,0.02451944601399325,0.07815927123360744,1.0096923049737003,1.0295230431036797,0.0910009997203953,1.1126382259878864
2024-09-19,25415.80078125,25415.80078125,25611.94921875,25376.05078125,25487.05078125,314500,0.024355673024605506,0.07143368804375938,1.0099999690314767,1.0298948128160974,0.09099217207223283,1.1129480001928127
2024-09-20,25790.94921875,25790.94921875,25849.25,25426.599609375,25525.94921875,533100,0.03898775187256298,0.08052974487976505,1.0229409289677789,1.0437415821030056,0.10265548767558813,1.1278966283059524
2024-09-23,25939.05078125,25939.05078125,25956.0,25847.349609375,25872.55078125,209200,0.03712230759661517,0.0787935195678846,1.0269242274745827,1.0483954536681002,0.10154497958711448,1.132851422895975
2024-09-24,25940.400390625,25940.400390625,26011.55078125,25886.849609375,25921.44921875,384100,0.03687983094502911,0.08037286917634923,1.0251054248005131,1.0470888209518219,0.1015952892618165,1.1314154495282516
2024-09-25,26004.150390625,26004.150390625,26032.80078125,25871.349609375,25899.44921875,278500,0.037992475599726516,0.07713549370026462,1.025695704957279,1.0483487282637118,0.10160658487243583,1.1327366425278478
2024-09-26,26216.05078125,26216.05078125,26250.900390625,25998.400390625,26005.400390625,370900,0.04230692234805988,0.08672750020220366,1.0318882889596377,1.0554077584152712,0.10378879039570671,1.1404560555606138
2024-09-27,26178.94921875,26178.94921875,26277.349609375,26151.400390625,26248.25,490300,0.03736933549140731,0.07792185859428069,1.028519042208139,1.052577586581987,0.10439088599084664,1.1373797057847679
2024-09-30,25810.849609375,25810.849609375,26134.69921875,25794.099609375,26061.30078125,343100,0.021051335989246134,0.06208089385094118,1.012998193461751,1.0367292589878017,0.11884348541319872,1.1201402876230624
2024-10-01,25796.900390625,25796.900390625,25907.599609375,25739.19921875,25788.44921875,247400,0.020453079794361395,0.06055993623156808,1.0114245025208992,1.035148189139027,0.1189268219789122,1.1183357025063057
2024-10-03,25250.099609375,25250.099609375,25639.44921875,25230.30078125,25452.849609375,423400,0.0020398033318622666,0.03822071450954301,0.9898862250179999,1.0125773164603191,0.1427001673253814,1.0936087925407554
2024-10-04,25014.599609375,25014.599609375,25485.05078125,24966.80078125,25181.900390625,374900,-0.0051898780290114965,0.023795508128908294,0.9809047739309735,1.002743661815817,0.14646698808526862,1.0824448055583338
2024-10-07,24795.75,24795.75,25143.0,24694.349609375,25084.099609375,374300,-0.0022694370401957764,0.019375599299765733,0.9724304940601896,0.9936579009877874,0.14377011827107275,1.0720870727217278
2024-10-08,25013.150390625,25013.150390625,25044.0,24756.80078125,24832.19921875,333200,0.003077829951305011,0.028672587099227487,0.9808088122412302,1.001903399282466,0.14671669761526507,1.0805486169302532
2024-10-09,24981.94921875,24981.94921875,25234.05078125,24947.69921875,25065.80078125,290600,-0.002362132316380161,0.019581906913304303,0.9796989755713402,1.0003332213071707,0.14600059063009477,1.0782515628671603
2024-10-10,24998.44921875,24998.44921875,25134.05078125,24979.400390625,25067.05078125,261400,0.0032104726621511315,0.016746859606351583,0.9801922861402889,1.0007189308460478,0.144910664768925,1.0780163794864914
2024-10-11,24964.25,24964.25,25028.650390625,24920.05078125,24985.30078125,210500,-0.01672582837741976,0.014270913744768965,0.9796669323769199,0.9991157513680012,0.1272882847183421,1.0756645357321424
2024-10-14,25127.94921875,25127.94921875,25159.75,25017.5,25023.44921875,206400,-0.009013498757714955,0.013189048541762505,0.9865333566467523,1.0054479245530845,0.12992908489297295,1.0818623428863154
2024-10-15,25057.349609375,25057.349609375,25212.05078125,25008.150390625,25186.30078125,257200,-0.012858635569015564,0.021460656166994774,0.9843923178782255,1.002271134420192,0.13005594449437366,1.0779783508781944
2024-10-16,24971.30078125,24971.30078125,25093.400390625,24908.44921875,25008.55078125,226800,-0.017595416979079515,0.01885209793241338,0.9818744403027255,0.9985216882916153,0.13018715217278384,1.0734641233583422
2024-10-17,24749.849609375,24749.849609375,25029.5,24728.900390625,25027.400390625,252800,-0.024734505598498213,0.011062472582981986,0.9743693888862538,0.9894879952585912,0.13326493931237182,1.0631218431989304
2024-10-18,24854.05078125,24854.05078125,24886.19921875,24567.650390625,24664.94921875,290900,-0.022102392320230146,0.018045375765457727,0.9795548142009851,0.9933623099184902,0.1343438993046456,1.0667731879982216
2024-10-21,24781.099609375,24781.099609375,24978.30078125,24679.599609375,24956.150390625,242000,-0.039155193583989556,0.015365011452135313,0.9786271334488292,0.9901992596899294,0.12078323533123668,1.0628592518586082
2024-10-22,24472.099609375,24472.099609375,24882.0,24445.80078125,24798.650390625,279500,-0.05655377231210723,-0.01460649070582909,0.9692318923609852,0.9780885716738258,0.12268823482453892,1.04892452697029
2024-10-23,24435.5,24435.5,24604.25,24378.099609375,24378.150390625,284600,-0.05801376879166753,-0.016129731144409853,0.970675074658758,0.9768864584512635,0.12231478454178495,1.0467319994818303
2024-10-24,24399.400390625,24399.400390625,24480.650390625,24341.19921875,24412.69921875,216700,-0.061711302845662064,-0.018421163048016775,0.972340245536734,0.9757409611520538,0.12078069770434079,1.0445992748578001
2024-10-25,24180.80078125,24180.80078125,24440.25,24073.900390625,24418.05078125,372600,-0.07763373732307666,-0.03087431229882076,0.9675525859571303,0.9674958363744783,0.11466652227519193,1.0346979618247334
2024-10-28,24339.150390625,24339.150390625,24492.599609375,24134.900390625,24251.099609375,278600,-0.0702777950616632,-0.026858289366175625,0.9774866189961159,0.9742679769709857,0.12040117169104661,1.0408784064571315
2024-10-29,24466.849609375,24466.849609375,24484.5,24140.849609375,24328.849609375,332000,-0.052071125915662764,-0.010148582485570268,0.9852742402925321,0.9795435588640135,0.11757963535587078,1.0456800448984844
2024-10-30,24340.849609375,24340.849609375,24498.19921875,24307.30078125,24371.44921875,285200,-0.05644285783183289,0.01185794595154599,0.9830823930952036,0.9743136341039399,0.11761222271001609,1.0396990420738879
2024-10-31,24205.349609375,24205.349609375,24372.44921875,24172.599609375,24349.849609375,287000,-0.04137607439822133,0.008869370750328898,0.9796766953761102,0.9687523218061824,0.09598164792861028,1.0333607366526187
2024-11-01,24304.349609375,24304.349609375,24368.25,24280.19921875,24302.75,38800,-0.028393418687133853,0.0002819059316803152,0.9850994784801833,0.9727100793498783,0.0943545774883196,1.036969326246721
2024-11-04,23995.349609375,23995.349609375,24316.75,23816.150390625,24315.75,285500,-0.03227974110986764,-0.005044175918439309,0.9741553085629551,0.9604211969207204,0.09942987031761862,1.0232506131879535
2024-11-05,24213.30078125,24213.30078125,24229.05078125,23842.75,23916.5,289500,-0.031977163887152216,-0.006328068892992755,0.9846022202336459,0.9692444600031028,0.09986754284414197,1.0319739530357284
2024-11-06,24484.05078125,24484.05078125,24537.599609375,24204.05078125,24308.75,351100,-0.01993032781950843,0.00562906235881222,0.99662081364474,0.9799928212386362,0.1096564361248675,1.0428828933330152
2024-11-07,24199.349609375,24199.349609375,24503.349609375,24179.05078125,24489.599609375,322200,-0.03196596726390688,0.0025000873845228977,0.9866367110834999,0.9685584463401757,0.11576690015178964,1.030250518198761
2024-11-08,24148.19921875,24148.19921875,24276.150390625,24066.650390625,24207.69921875,298700,-0.03268877619996591,0.000184280352057975,0.9861918458629789,0.9665083267968563,0.11577540557679832,1.0276242712282246
2024-11-11,24141.30078125,24141.30078125,24336.80078125,24004.599609375,24087.25,273400,-0.03926498055654226,-0.01629302632560159,0.9879004366501601,0.9664900120686281,0.11183418902821865,1.0268699097981306
2024-11-12,23883.44921875,23883.44921875,24242.0,23839.150390625,24225.80078125,255800,-0.046848545792959495,-0.028047490234832217,0.9797018801310222,0.956606910307687,0.11605442375518499,1.0154028035537883
2024-11-13,23559.05078125,23559.05078125,23873.599609375,23509.599609375,23822.44921875,304600,-0.05655492328458933,-0.046147850857489514,0.9692023448697578,0.9443322563132692,0.12276538200421498,1.0011647859850406
2024-11-14,23532.69921875,23532.69921875,23675.900390625,23484.150390625,23542.150390625,257700,-0.04917809238582016,-0.04995922677372999,0.9705481583919536,0.9440564649945727,0.12081681338297809,0.9996391971092089
2024-11-18,23453.80078125,23453.80078125,23606.80078125,23350.400390625,23605.30078125,263300,-0.0563389047654298,-0.054720561785865374,0.9700953302856458,0.9417462068747696,0.11818907935030377,0.9958192065332708
2024-11-19,23518.5,23518.5,23780.650390625,23464.80078125,23529.55078125,297500,-0.050950104284207876,-0.052557808742831,0.9753181486248595,0.9451693169411645,0.11987975706880934,0.998128783728389
2024-11-21,23349.900390625,23349.900390625,23507.30078125,23263.150390625,23488.44921875,420300,-0.04585627047382956,-0.06639981626540059,0.9705847281999838,0.9394385599568358,0.11542005283989339,0.9905535650832515
2024-11-22,23907.25,23907.25,23956.099609375,23359.0,23411.80078125,367600,-0.02161813754578379,-0.044388484176234866,0.9948442928789956,0.9625792370497734,0.14770493521484754,1.0137310223054241
2024-11-25,24221.900390625,24221.900390625,24351.55078125,24135.44921875,24253.55078125,687200,-0.007274768935231712,-0.03314855619128165,1.008310114355098,0.9757918104844588,0.15600232860635999,1.0264854824075584
2024-11-26,24194.5,24194.5,24343.30078125,24125.400390625,24343.30078125,230700,0.0005665328817654469,-0.03806660113786531,1.0071407727516182,0.9753149582625503,0.15269131942481967,1.0247882112072286
2024-11-27,24274.900390625,24274.900390625,24354.55078125,24145.650390625,24204.80078125,295000,-0.002639779900647121,-0.038080670200973166,1.0106227343748353,0.9791882307596118,0.15129813429203925,1.0276327307140176
2024-11-28,23914.150390625,23914.150390625,24345.75,23873.349609375,24274.150390625,366700,-0.02258971741659055,-0.05398018372372859,0.99675061227302,0.9655222312720396,0.1586179516274455,1.0119197472489303
2024-11-29,24131.099609375,24131.099609375,24188.44921875,23927.150390625,23927.150390625,282100,-0.008617201263147911,-0.045441330456886364,1.0062329832110415,0.9750351566516622,0.1618158846174519,1.020590420276595
2024-12-02,24276.05078125,24276.05078125,24301.69921875,24008.650390625,24140.849609375,220400,0.0029208903410185005,-0.03661492323434978,1.0121280488836166,0.9815018620883508,0.1621443801833433,1.0262116747716932
2024-12-03,24457.150390625,24457.150390625,24481.349609375,24280.0,24367.5,339500,0.006286972649169664,-0.02735917651698261,1.0193538386405738,0.9892824816595036,0.16365230970481442,1.033315393188447
2024-12-04,24467.44921875,24467.44921875,24573.19921875,24366.30078125,24488.75,348000,0.019674629336950744,-0.015479592945812914,1.0187807719937891,0.9899558106792931,0.15616433899755874,1.033150431848253
2024-12-05,24708.400390625,24708.400390625,24857.75,24295.55078125,24539.150390625,361500,0.020447423250876673,-0.009143260311368695,1.0277541865521682,0.9998584494918957,0.15670566815105993,1.0426806135117344
2024-12-06,24677.80078125,24677.80078125,24751.05078125,24620.5,24729.44921875,226700,0.007913314742361788,-0.014508102031948522,1.0260679265534192,0.9988649401588028,0.15220886399702005,1.0407170025163897
2024-12-09,24619.0,24619.0,24705.0,24580.05078125,24633.900390625,248100,0.017341391293525632,-0.012017169131242622,1.022730819260545,0.9966862450849714,0.1458553901089919,1.037608056223966
2024-12-10,24610.05078125,24610.05078125,24677.80078125,24510.650390625,24652.650390625,261000,0.019125714440080932,-0.030676775968706216,1.0213792185993171,0.9968478059046104,0.14551347038554935,1.0366257662351912
2024-12-11,24641.80078125,24641.80078125,24691.75,24583.849609375,24620.5,187300,0.020732105719370564,-0.028186035878374427,1.0216358520617657,0.9986156846676012,0.14544385128542012,1.0373664613047262
2024-12-12,24548.69921875,24548.69921875,24675.25,24527.94921875,24604.44921875,266100,0.027854016976649243,-0.0328970613581524,1.016374284880728,0.9954041373898391,0.13997590139808183,1.0329018111549262
2024-12-13,24768.30078125,24768.30078125,24792.30078125,24180.80078125,24498.349609375,310100,0.0513284686733817,-0.02558171020826483,1.022905679373887,1.0047501005631936,0.13039819443769018,1.0415782355947791
2024-12-16,24668.25,24668.25,24781.25,24601.75,24753.400390625,187600,0.04825416628557577,-0.027949930525764555,1.0163903958479599,1.0011715634720115,0.13188291474367633,1.0368011291458101
2024-12-17,24336.0,24336.0,24624.099609375,24303.44921875,24584.80078125,264900,0.037614339227067584,-0.04248541254094973,1.0008818702526987,0.9884089908497043,0.1423059779010075,1.0223815589852243
2024-12-18,24198.849609375,24198.849609375,24394.44921875,24149.849609375,24297.94921875,235300,0.02892827388545194,-0.061730942737754924,0.9938507454856609,0.9838989834007131,0.1447024645064862,1.0161957649461906
2024-12-19,23951.69921875,23951.69921875,24004.900390625,23870.30078125,23877.150390625,271100,0.02577307903063364,-0.0766162023144098,0.9824860829920642,0.9751633944206114,0.14751251488333358,1.0054307874274304
2024-12-20,23587.5,23587.5,24065.80078125,23537.349609375,23960.69921875,442700,-0.013374603938135943,-0.09070408918882189,0.968181755376904,0.9618711937381055,0.13342708285140523,0.9898540334504217
2024-12-23,23753.44921875,23753.44921875,23869.55078125,23647.19921875,23738.19921875,189800,-0.019339984242372377,-0.08655161341808038,0.9759316438611346,0.9701223927763168,0.12670610042709754,0.9964413014323387
2024-12-24,23727.650390625,23727.650390625,23867.650390625,23685.150390625,23769.099609375,177700,-0.019295691556965422,-0.09491896439278835,0.9758075209117197,0.9707129534708145,0.12670546720094017,0.9949949132295961
2024-12-26,23750.19921875,23750.19921875,23854.5,23653.599609375,23775.80078125,177700,-0.021614967041332922,-0.09277492307676238,0.9777898113532008,0.9732471645450057,0.12591806407445397,0.9956458255511542
2024-12-27,23813.400390625,23813.400390625,23938.849609375,23800.599609375,23801.400390625,176800,-0.004212986802972329,-0.07738796858606656,0.9805951561283389,0.9771701154303474,0.11524136386087624,0.9980008221776849
2024-12-30,23644.900390625,23644.900390625,23915.349609375,23599.30078125,23796.900390625,364900,-0.02014824134085913,-0.08342087488859984,0.9746322624004642,0.9716859059015256,0.11227059877109598,0.9906716180140124
2024-12-31,23644.80078125,23644.80078125,23689.849609375,23460.44921875,23560.599609375,193600,-0.026002993884308268,-0.0635759404105074,0.9758977919536347,0.9727513471952391,0.10928577475686055,0.9904245332491061
2025-01-02,24188.650390625,24188.650390625,24226.69921875,23751.55078125,23783.0,283200,-0.010978384468818714,-0.0330186863530868,0.9988977158834782,0.9956893047677766,0.13582676143963118,1.0128455225199193
2025-01-03,24004.75,24004.75,24196.44921875,23976.0,24196.400390625,312300,-0.01891080735933115,-0.03190062813183714,0.9922513224029079,0.9886558384717665,0.13805127726542749,1.0047933506673252
2025-01-06,23616.05078125,23616.05078125,24089.94921875,23551.900390625,24045.80078125,278100,-0.04420964498330959,-0.055854603980578066,0.978393064406402,0.9735806094461361,0.14214456379447163,0.9882583187928393
2025-01-07,23707.900390625,23707.900390625,23795.19921875,23637.80078125,23679.900390625,262300,-0.039302545604546824,-0.05099877583486456,0.9841756311431342,0.9782234671356788,0.14378553028127125,0.9917470596052418
2025-01-08,23688.94921875,23688.94921875,23751.849609375,23496.150390625,23746.650390625,266400,-0.037777764379138046,-0.0523832493984393,0.9852909640162201,0.9783225243226183,0.14384001330198873,0.9906347301288566
2025-01-09,23526.5,23526.5,23689.5,23503.05078125,23674.75,269200,-0.044028790955423,-0.057592357070610944,0.9807442451570759,0.9725760652549439,0.144758953737202,0.9835322371973678
2025-01-10,23431.5,23431.5,23596.599609375,23344.349609375,23551.900390625,261000,-0.04911576032912823,-0.06751244218068309,0.9792543432561988,0.9697823258623032,0.1442661777032445,0.9792791144259458
2025-01-13,23085.94921875,23085.94921875,23340.94921875,23047.25,23195.400390625,316500,-0.05958564186907178,-0.07867553517661008,0.9677710779451273,0.9567817788606237,0.15076289777162863,0.9645817303401153
2025-01-14,23176.05078125,23176.05078125,23264.94921875,23134.150390625,23165.900390625,311200,-0.06428579877410723,-0.07189253037823262,0.974801453671165,0.9617085437806118,0.14647131033404182,0.9680759844756096
2025-01-15,23213.19921875,23213.19921875,23293.650390625,23146.44921875,23250.44921875,228000,-0.05898475900195599,-0.062087261736044286,0.9793608117915616,0.9642748229466691,0.14746951758157803,0.9693844911828315
2025-01-16,23311.80078125,23311.80078125,23391.650390625,23272.05078125,23377.25,299400,-0.042085766713921724,-0.062052259149783295,0.9856503307180665,0.9694058081189015,0.1441243544697582,0.9732551802182098
2025-01-17,23203.19921875,23203.19921875,23292.099609375,23100.349609375,23277.099609375,272900,-0.04114453400459461,-0.06367354215500831,0.9831278789526182,0.9659460416949275,0.14384976699232874,0.9684788256498106
2025-01-20,23344.75,23344.75,23391.099609375,23170.650390625,23290.400390625,301500,-0.025340549461929762,-0.04606673016904217,0.9903989237927179,0.9725995393735776,0.14324575785214327,0.9741387696175463
2025-01-21,23024.650390625,23024.650390625,23426.30078125,22976.849609375,23421.650390625,312900,-0.023862198595654527,-0.05773770167890979,0.9779863858159623,0.9602040757869647,0.1413642926566742,0.9606416790099352
2025-01-22,23155.349609375,23155.349609375,23169.55078125,22981.30078125,23099.150390625,276000,-0.025179484624190285,-0.05098694071711707,0.9847888276180944,0.966490374137814,0.14040102396766005,0.965955036313459
2025-01-23,23205.349609375,23205.349609375,23270.80078125,23090.650390625,23128.30078125,275600,-0.022012326237593527,-0.040339903574714286,0.988012659403377,0.9692350467219165,0.14092987539572072,0.967889023929819
2025-01-24,23092.19921875,23092.19921875,23347.30078125,23050.0,23183.900390625,264300,-0.027705030763722216,-0.05123232125453747,0.9845742356268106,0.9653469691689678,0.14131952564074837,0.9630374886824398
2025-01-27,22829.150390625,22829.150390625,23007.44921875,22786.900390625,22940.150390625,257400,-0.041331770509661636,-0.06693543488011955,0.9754053630523639,0.9554406647194562,0.14477679279034714,0.9520048635880699
2025-01-28,22957.25,22957.25,23137.94921875,22857.650390625,22960.44921875,361900,-0.02908239744150698,-0.056842699888425385,0.9823216547427515,0.9617300293062355,0.1459818775364173,0.9572582513742991
2025-01-29,23163.099609375,23163.099609375,23183.349609375,22976.5,23026.75,226300,-0.020372392913412973,-0.04305866334590458,0.9921522804566341,0.9710601682633102,0.15054665088732885,0.9657416225802185
2025-01-30,23249.5,23249.5,23322.05078125,23139.19921875,23169.5,361900,-0.03882607650524372,-0.04340168020657953,0.9978601374719377,0.9754012136642533,0.12341195805750314,0.9692213300488509
2025-01-31,23508.400390625,23508.400390625,23546.80078125,23277.400390625,23296.75,304900,-0.020677141373061536,-0.02029348297387379,1.0100479085647878,0.9865989534481887,0.12974975203094075,0.9798602065570186
2025-02-03,23361.05078125,23361.05078125,23381.599609375,23222.0,23319.349609375,329700,-0.010797741009367146,-0.03519759687865254,1.0042671196023083,0.9809997881405704,0.11847336374080833,0.973547720853877
2025-02-04,23739.25,23739.25,23762.75,23423.150390625,23509.900390625,376700,0.0013223275304208304,-0.030419834851035832,1.0204567453224747,0.9974014133472761,0.13165799850238044,0.9890065170359541
2025-02-05,23696.30078125,23696.30078125,23807.30078125,23680.44921875,23801.75,267000,0.0003103372138677507,-0.020787700340926363,1.0185944332324253,0.9959477390422076,0.13179504221047572,0.9868988837357984
2025-02-06,23603.349609375,23603.349609375,23773.55078125,23556.25,23761.94921875,307000,0.0032665126293753843,-0.02256274285462867,1.0144313379208252,0.992419802896349,0.13015298526937175,0.9826987188558985
2025-02-07,23559.94921875,23559.94921875,23694.5,23443.19921875,23649.5,368100,0.005481903367261953,-0.02408120290483773,1.0122866460827589,0.990998724323434,0.12944040753069133,0.9806033652491584
2025-02-10,23381.599609375,23381.599609375,23568.599609375,23316.30078125,23543.80078125,234200,0.012806507881637286,-0.021012442749727134,1.0039859184760898,0.983842966671077,0.1204386850537595,0.9729685300224098
2025-02-11,23071.80078125,23071.80078125,23390.05078125,22986.650390625,23383.55078125,268000,-0.004498177924443514,-0.020682072657519313,0.9909052060748973,0.9711392010908284,0.12945181201183442,0.9599364354389693
2025-02-12,23045.25,23045.25,23144.69921875,22798.349609375,23050.80078125,279700,-0.007235074199266056,-0.02071369774537457,0.9901219808884256,0.9703534487125921,0.12930524722973144,0.9587035400422071
2025-02-13,23031.400390625,23031.400390625,23235.5,22992.19921875,23055.75,265700,-0.012028259560734167,-0.018009890787623828,0.9901233531398275,0.9700578448329723,0.1281569598285931,0.9580355073336703
2025-02-14,22929.25,22929.25,23133.69921875,22774.849609375,23096.44921875,254500,-0.011806527891577434,-0.025054744137593787,0.98631268858733,0.9661550233213891,0.12806500845445865,0.953685344094428
2025-02-17,22959.5,22959.5,22974.19921875,22725.44921875,22809.900390625,207400,-0.016502639779822026,-0.016719574134960613,0.988432908200832,0.967694958567513,0.12586901549160068,0.9548807469962691
2025-02-18,22945.30078125,22945.30078125,22992.5,22801.5,22963.650390625,210600,-0.0034462894345318462,-0.0402367155883675,0.9879903687877772,0.9677504348066015,0.11617019165615827,0.9542226489063123
2025-02-19,22932.900390625,22932.900390625,23049.94921875,22814.849609375,22847.25,207000,-0.009606817539042245,-0.053216303395372866,0.9879295623124322,0.9681046206498543,0.11410756661665448,0.9536505005262772
2025-02-20,22913.150390625,22913.150390625,22923.849609375,22812.75,22821.099609375,240800,-0.012591890390306837,-0.05296036741304844,0.9877003926821015,0.9681436906986665,0.11368369781004779,0.9527425814113526
2025-02-21,22795.900390625,22795.900390625,22921.0,22720.30078125,22857.19921875,242800,-0.012831122116962135,-0.06092712951239099,0.9832741182034226,0.9641937924909081,0.11380715531709559,0.9477976575697138
2025-02-24,22553.349609375,22553.349609375,22668.05078125,22518.80078125,22609.349609375,214300,-0.012081079520298799,-0.05690358047524324,0.9733909674876012,0.9548506496907355,0.11287839197757804,0.9376640928301333
2025-02-25,22547.55078125,22547.55078125,22625.30078125,22513.900390625,22516.44921875,250300,-0.017846180128281874,-0.06562273803344576,0.9740018279114123,0.9556730012878778,0.11049918852295568,0.9373752540760715
2025-02-27,22545.05078125,22545.05078125,22613.30078125,22508.400390625,22568.94921875,289200,-0.026682475080962442,-0.07130484342770305,0.975195635730903,0.9567369381541514,0.10432322706145884,0.9371568640627294
2025-02-28,22124.69921875,22124.69921875,22450.349609375,22104.849609375,22433.400390625,551300,-0.048379568646637616,-0.09536888536160304,0.9593469427908183,0.9404500686494435,0.11938164005676866,0.9196703275439522
2025-03-03,22119.30078125,22119.30078125,22261.55078125,22004.69921875,22194.55078125,282400,-0.059089499340370444,-0.09597029982596461,0.9620100807478232,0.941787297103583,0.1086132675617052,0.9194430133305931
2025-03-04,22082.650390625,22082.650390625,22105.05078125,21964.599609375,21974.44921875,253300,-0.054723582538978355,-0.10626952609187423,0.9630934881245069,0.9419820087147306,0.108021831178236,0.9179453436583068
2025-03-05,22337.30078125,22337.30078125,22394.900390625,22067.80078125,22073.05078125,305900,-0.059056171477616215,-0.09484232491974298,0.9771870150195825,0.9544328176955778,0.09815646238919754,0.9285044189927784
2025-03-06,22544.69921875,22544.69921875,22556.44921875,22245.849609375,22476.349609375,372100,-0.04859836871294354,-0.08425609412445667,0.9887506594448695,0.9647196513832195,0.10740301747658279,0.937098008774158
2025-03-07,22552.5,22552.5,22633.80078125,22464.75,22508.650390625,289800,-0.04452120681030858,-0.08360611684790242,0.9913772847552729,0.9664716828400975,0.10771511114863914,0.9374054250934518
2025-03-10,22460.30078125,22460.30078125,22676.75,22429.05078125,22521.849609375,293900,-0.04667448249951467,-0.08852843261600862,0.9897164299852663,0.9640226038021275,0.10789136369328624,0.933586459773745
2025-03-11,22497.900390625,22497.900390625,22522.099609375,22314.69921875,22345.94921875,347900,-0.037794643374000625,-0.08354002017991347,0.993307248105151,0.9670551368703605,0.10697000457645052,0.9351687440968586
2025-03-12,22470.5,22470.5,22577.400390625,22329.55078125,22536.349609375,369700,-0.026062152102954372,-0.09277183774308295,0.9934161558618674,0.9674699561177982,0.0981047608250542,0.9341263125472254
2025-03-13,22397.19921875,22397.19921875,22558.05078125,22377.349609375,22541.5,287500,-0.028120796313773955,-0.09206371677155856,0.9915960142467574,0.9658880638173188,0.09834366352839921,0.9311874793709974
2025-03-17,22508.75,22508.75,22577.0,22353.150390625,22353.150390625,251100,-0.022692948833356485,-0.07508423734385272,0.9976890228781498,0.9719752770791849,0.10091672902822348,0.9359077558197185
2025-03-18,22834.30078125,22834.30078125,22857.80078125,22599.19921875,22662.25,272600,-0.004140964870198549,-0.0563889957643422,1.0123319213298332,0.9870025499956311,0.113995597680298,0.9494546989170667
2025-03-19,22907.599609375,22907.599609375,22940.69921875,22807.94921875,22874.94921875,324000,-0.002260519202290978,-0.04359188046907558,1.015698392033649,0.9909162058383839,0.11452595762571711,0.9524623006490387
2025-03-20,23190.650390625,23190.650390625,23216.69921875,22973.94921875,23036.599609375,313700,0.010692804235344244,-0.01682457273449922,1.027689571997657,1.0034472559345782,0.12263651588246995,0.9640904114530844
2025-03-21,23350.400390625,23350.400390625,23402.69921875,23132.80078125,23168.25,541000,0.018205285545594307,-0.016968012704733804,1.033812514062033,1.0106533128489925,0.12457953263565366,0.9705662287781204
2025-03-24,23658.349609375,23658.349609375,23708.75,23433.5,23515.400390625,311900,0.03252277430409145,-0.0029206760934652465,1.0457215499629766,1.0240331806451048,0.13161897953710913,0.9832856214250507
2025-03-25,23668.650390625,23668.650390625,23869.599609375,23601.400390625,23751.5,338200,0.03828539276996157,-0.003433606066791217,1.0441628531435774,1.024539315175022,0.1293065738040738,0.983349151567956
2025-03-26,23486.849609375,23486.849609375,23736.5,23451.69921875,23700.94921875,278600,0.041390747546074635,-0.013712900127382022,1.034013410421929,1.0169093198499968,0.12584255137043796,0.9756203569338854
2025-03-27,23591.94921875,23591.94921875,23646.44921875,23412.19921875,23433.94921875,510300,0.04631981751066716,-0.002239433070142849,1.036258092502325,1.0214988459205256,0.1258216197150457,0.9798292790525749
2025-03-28,23519.349609375,23519.349609375,23649.19921875,23450.19921875,23600.400390625,295400,0.043215641320945464,-0.005305655693004674,1.0308634043776943,1.0184475841398595,0.1270018944831505,0.9767675559405516
2025-04-01,23165.69921875,23165.69921875,23565.150390625,23136.400390625,23341.099609375,314300,0.04705148710531559,-0.0422905435133939,1.013051602804091,1.0038747575514342,0.11941904512618892,0.9620989999781588
2025-04-02,23332.349609375,23332.349609375,23350.0,23158.44921875,23192.599609375,341000,0.054841192319843746,-0.02801113907143382,1.017640176083593,1.011587737776292,0.1202213124187048,0.9690066062653004
2025-04-03,23250.099609375,23250.099609375,23306.5,23145.80078125,23150.30078125,283200,0.052867259957420254,-0.01549586657247315,1.0114777077097197,1.0082883661880309,0.1212946786831714,0.9656053211039879
2025-04-04,22904.44921875,22904.44921875,23214.69921875,22857.44921875,23190.400390625,466800,0.025390195666616266,-0.03388959623740928,0.9952126913308497,0.9938756917674587,0.13148184532285556,0.9513477143641902
2025-04-07,22161.599609375,22161.599609375,22254.0,21743.650390625,21758.400390625,647100,-0.016992890686090112,-0.06447519454202255,0.9637375244686096,0.962705162768359,0.17548265849620323,0.9207424331799303
2025-04-08,22535.849609375,22535.849609375,22697.19921875,22270.849609375,22446.75,468300,-0.0007382946735394746,-0.04210785244830295,0.9800479486744517,0.9796653219357314,0.18629685735080503,0.9364901346551191
2025-04-09,22399.150390625,22399.150390625,22468.69921875,22353.25,22460.30078125,383800,-0.0027225989188910393,-0.04405819556473123,0.9742326593603043,0.9744516656590824,0.18700363340633366,0.9310255709972618
2025-04-11,22828.55078125,22828.55078125,22923.900390625,22695.400390625,22695.400390625,402200,0.014696944376319854,-0.011149571328474828,0.9921956203835284,0.9933176653122998,0.19894584382713104,0.9490193369431688
2025-04-15,23328.55078125,23328.55078125,23368.349609375,23207.0,23368.349609375,388300,0.0381856559155338,0.006580068426643937,1.0120399630883292,1.0149614561103442,0.21212151428591947,0.9698399199054815
2025-04-16,23437.19921875,23437.19921875,23452.19921875,23273.05078125,23344.099609375,348400,0.04643437734524225,0.009649682402202764,1.0144648567068175,1.019522854377095,0.21143653723513875,0.97437715674072
2025-04-17,23851.650390625,23851.650390625,23872.349609375,23298.55078125,23401.849609375,505300,0.05966126020436491,0.023157782379866987,1.0294123095232304,1.0371456319618775,0.21815715480703818,0.9915806651024726
2025-04-21,24125.55078125,24125.55078125,24189.55078125,23903.650390625,23949.150390625,406100,0.05654869892316938,0.03975105130135104,1.0383402808791762,1.0483549232295017,0.21634963995827938,1.002913955508229
2025-04-22,24167.25,24167.25,24242.599609375,24072.0,24185.400390625,440900,0.054988318815799575,0.035232761113312305,1.037323096319278,1.049541731718117,0.21637206551293361,1.0046217857445112
2025-04-23,24328.94921875,24328.94921875,24359.30078125,24119.94921875,24357.599609375,415000,0.04908438568782736,0.056647931933684115,1.0417188015422854,1.0555675320240574,0.21397197266444087,1.0112766356180822
2025-04-24,24246.69921875,24246.69921875,24347.849609375,24216.150390625,24277.900390625,358800,0.03838473058838243,0.04713164032440864,1.036208644807573,1.0511693658115049,0.2142262340596992,1.0078358248803245
2025-04-25,24039.349609375,24039.349609375,24365.44921875,23847.849609375,24289.0,387700,0.016104250984989354,0.035939988581902726,1.0265116314563676,1.041552471437914,0.21299298473608583,0.9992347003330904
2025-04-28,24328.5,24328.5,24355.099609375,24054.05078125,24070.25,320500,0.02787863264211987,0.05353759377955525,1.0373972228140105,1.0531402910640661,0.21662734374264023,1.011244879880965
2025-04-29,24335.94921875,24335.94921875,24457.650390625,24290.75,24370.69921875,357600,0.036152128680386086,0.06600328099567743,1.0358396522985578,1.0523187653359884,0.21402123178538873,1.0115474105126165
2025-04-30,24334.19921875,24334.19921875,24396.150390625,24198.75,24342.05078125,424500,0.031462003970832875,0.05997883974561402,1.0341315855626314,1.0511999327791464,0.21387099329386441,1.01147249442492
2025-05-02,24346.69921875,24346.69921875,24589.150390625,24238.5,24311.900390625,421100,0.03517740171884731,0.05109849844517145,1.0328470579275109,1.05084442453612,0.21321822601803953,1.0119865684165088
2025-05-05,24461.150390625,24461.150390625,24526.400390625,24400.650390625,24419.5,291500,0.055921090904369475,0.052115116050882815,1.034858761971823,1.054864893855937,0.2038097094637446,1.0167379003866563
2025-05-06,24379.599609375,24379.599609375,24509.650390625,24331.80078125,24500.75,302400,0.04488403515003103,0.0370590599221472,1.0291288694963279,1.050690188999791,0.2041811270448474,1.0133365936049585
2025-05-07,24414.400390625,24414.400390625,24449.599609375,24220.0,24233.30078125,330100,0.05007723841236911,0.045089992707880944,1.0280715069928128,1.051394511267834,0.20309236927172067,1.0147623233565872
2025-05-08,24273.80078125,24273.80078125,24447.25,24150.19921875,24431.5,411400,0.0597853958164174,0.02251759348968485,1.0192124577586306,1.0449387449281826,0.19509174837301116,1.0089663098270707
2025-05-09,24008.0,24008.0,24164.25,23935.75,23935.75,335600,0.08331530318975355,0.013153918901832817,1.0041594972693337,1.0332654779254442,0.1524475283597494,0.998038053329168
2025-05-12,24924.69921875,24924.69921875,24944.80078125,24378.849609375,24420.099609375,368700,0.10600219875363526,0.05598144463572985,1.0373191479268478,1.0717029557436175,0.1888376368199149,1.036079087424628
2025-05-13,24578.349609375,24578.349609375,24973.80078125,24547.5,24864.05078125,423000,0.09728936949600042,0.043225916200808845,1.0182870924980187,1.056040031809027,0.19692926382019912,1.0217291488257705
2025-05-14,24666.900390625,24666.900390625,24767.55078125,24535.55078125,24613.80078125,345500,0.0805285288142299,0.05497060948450461,1.018078762427573,1.058870134341087,0.1894955177023995,1.025381245312486
2025-05-15,25062.099609375,25062.099609375,25116.25,24494.44921875,24694.44921875,500800,0.0743101808758011,0.0862654305572228,1.0307025673153227,1.0743049986300481,0.18331428609088643,1.0416896297129958
2025-05-16,25019.80078125,25019.80078125,25070.0,24953.05078125,25064.650390625,432700,0.06752519990673211,0.08568146499821006,1.0256252962301806,1.0709810218564069,0.18420457719654326,1.0398146529000076
2025-05-19,24945.44921875,24945.44921875,25062.94921875,24916.650390625,25005.349609375,255300,0.04585841273922586,0.08310605502321611,1.0202900687460603,1.0663422609833053,0.17740283944499827,1.0366100415555957
2025-05-20,24683.900390625,24683.900390625,25010.349609375,24669.69921875,24996.19921875,414800,0.02314349688583861,0.076524543568804,1.0084410124114502,1.0538444316381266,0.17944968362692307,1.0256821575479302
2025-05-21,24813.44921875,24813.44921875,24946.19921875,24685.349609375,24744.25,332700,0.026738632601971624,0.0807486756571354,1.0123972642158081,1.057979654304465,0.18003181707647536,1.031069842611623
2025-05-22,24609.69921875,24609.69921875,24737.5,24462.400390625,24733.94921875,403300,0.01153975033922272,0.0725376604720771,1.0035094493107375,1.0480527011071055,0.18192791545208847,1.0226515502881592
2025-05-23,24853.150390625,24853.150390625,24909.05078125,24614.05078125,24639.5,270500,0.025011700207260734,0.08373341214114371,1.0121851261063788,1.0569799285062114,0.18415610548735697,1.0327690098135993
2025-05-26,25001.150390625,25001.150390625,25079.19921875,24900.5,24919.349609375,302800,0.04000943440145788,0.09112670952722035,1.0162223501747831,1.0617028917793043,0.1810713868313265,1.038908335129348
2025-05-27,24826.19921875,24826.19921875,25062.900390625,24704.099609375,24956.650390625,525700,0.020457456018661224,0.08906420862235276,1.008091421696696,1.0527605876642105,0.1797038057184867,1.0316779318505849
2025-05-28,24752.44921875,24752.44921875,24864.25,24737.05078125,24832.5,684400,0.017114598500193257,0.09750656321404594,1.00424752212358,1.0480043708726499,0.18025148803557883,1.028605748769371
2025-05-29,24833.599609375,24833.599609375,24892.599609375,24677.30078125,24825.099609375,345400,0.020522573442244285,0.10138790018940869,1.0065202465614629,1.0497468151434834,0.1804159489343873,1.0318112172778033
2025-05-30,24750.69921875,24750.69921875,24863.94921875,24717.400390625,24812.599609375,853900,0.01659362513045992,0.0978329327753995,1.002339612237778,1.0446192541003843,0.18107672095634061,1.0282048451388908
2025-06-02,24716.599609375,24716.599609375,24754.400390625,24526.150390625,24669.69921875,311100,0.01044305826466374,0.11714963286047508,1.000441185830544,1.041281579058122,0.18063860887825636,1.0266988872688603
2025-06-03,24542.5,24542.5,24845.099609375,24502.150390625,24786.30078125,349300,0.006681832074155958,0.1095513480608794,0.9930668487466249,1.0321907516726896,0.182173774423677,1.019376905079873
2025-06-04,24620.19921875,24620.19921875,24644.25,24530.44921875,24560.44921875,280900,0.008429403337057773,0.11491142517939301,0.9957961907318388,1.0336200624891374,0.18241572979571,1.022550492360883
2025-06-05,24750.900390625,24750.900390625,24899.849609375,24613.099609375,24691.19921875,388400,0.01965491987326229,0.10805242911896418,1.0001176113519163,1.0373553316153605,0.18166006306543012,1.0278926873681995
2025-06-06,25003.05078125,25003.05078125,25029.5,24671.44921875,24748.69921875,335600,0.04144663367419188,0.10904344026268653,1.0082793221146042,1.0461269699219828,0.17864110030517524,1.038178100890171
2025-06-09,25103.19921875,25103.19921875,25160.099609375,25077.150390625,25160.099609375,279200,0.007161570875275469,0.11310050853563913,1.0119537191427237,1.0484523099362468,0.12066855824020534,1.0421288867820029
2025-06-10,25104.25,25104.25,25199.30078125,25055.44921875,25196.05078125,307300,0.021396896007387145,0.11771655439971607,1.010924499944225,1.0465700480259656,0.10816823136067637,1.042050711732468
2025-06-11,25141.400390625,25141.400390625,25222.400390625,25081.30078125,25134.150390625,301200,0.019236304216817546,0.11749985350195447,1.011454184640437,1.0461972105418884,0.10776973836085209,1.0434696126914154
2025-06-12,24888.19921875,24888.19921875,25196.19921875,24825.900390625,25164.44921875,328300,-0.0069387798043843985,0.10759436678089052,1.0016181159882993,1.033927205282218,0.09915196845392403,1.032920154452826
2025-06-13,24718.599609375,24718.599609375,24754.349609375,24473.0,24473.0,318700,-0.012038511997294665,0.10364690548814792,0.9953959276277006,1.0252336990394177,0.10172641882144672,1.0258923473502082
2025-06-16,24946.5,24946.5,24967.099609375,24703.599609375,24732.349609375,305800,4.212316406038141e-05,0.10830232687288266,1.0045711474253443,1.0329454808046197,0.10698218013505921,1.0353218592749245
2025-06-17,24853.400390625,24853.400390625,24982.05078125,24813.69921875,24977.849609375,242400,0.0068668240155584925,0.08842397359646537,1.0004806732419373,1.0276586239728822,0.10062837645334734,1.031451593779218
2025-06-18,24812.05078125,24812.05078125,24947.55078125,24750.44921875,24788.349609375,237600,-5.6358045496640585e-05,0.08313621699130791,0.998818944403492,1.0246041284572722,0.09914875737834637,1.0297779531242102
2025-06-19,24793.25,24793.25,24863.099609375,24733.400390625,24803.25,274600,0.007458473166147117,0.06910541888134647,0.9976935181426826,1.0226997411186707,0.09433882775014943,1.0290456021435892
2025-06-20,25112.400390625,25112.400390625,25136.19921875,24783.650390625,24787.650390625,574700,0.010431273135408814,0.07545909151551111,1.0100094599996654,1.0346111385101227,0.09873978158599357,1.0422789728307438
2025-06-23,24971.900390625,24971.900390625,25057.0,24824.849609375,24939.75,248500,-0.0011699461641960784,0.0555216573826216,1.0044176940767375,1.0278955342411784,0.09884331940180718,1.0364863105374333
2025-06-24,25044.349609375,25044.349609375,25317.69921875,24999.69921875,25179.900390625,450200,0.008787103845531163,0.05812326415091684,1.0068899963797697,1.0299056934456337,0.09579885489278835,1.039534719634645
2025-06-25,25244.75,25244.75,25266.80078125,25125.05078125,25150.349609375,260600,0.019888972476997724,0.07484615518308235,1.0139435206142744,1.0368975145127652,0.09846860493061793,1.0478602728780446
2025-06-26,25549.0,25549.0,25565.30078125,25259.900390625,25268.94921875,428900,0.02880776052920364,0.08295417911863812,1.024691419047694,1.0479901960927003,0.10573456644450432,1.0604298610989957
2025-06-27,25637.80078125,25637.80078125,25654.19921875,25523.55078125,25576.650390625,564000,0.03584147480681965,0.09007269363565085,1.0264269866621185,1.0501118516719479,0.10442094547299509,1.0640186423048446
2025-06-30,25517.05078125,25517.05078125,25669.349609375,25473.30078125,25661.650390625,271000,0.03238516561846927,0.10150142848254062,1.0199583668045398,1.0434910096453003,0.10640874595868831,1.058925550668988
2025-07-01,25541.80078125,25541.80078125,25593.400390625,25501.80078125,25551.349609375,260700,0.04071715518997654,0.09469475680182837,1.0189127081728184,1.0429325979265156,0.10143924614880943,1.0598009890424638
2025-07-02,25453.400390625,25453.400390625,25608.099609375,25378.75,25588.30078125,309800,0.0338421783053835,0.09476521899981782,1.013701570186675,1.037766936583398,0.10314327552483933,1.056019741248937
2025-07-03,25405.30078125,25405.30078125,25587.5,25384.349609375,25505.099609375,293400,0.026439457971107583,0.10918627811633885,1.0104692228321581,1.0340486131400506,0.10294244252853088,1.0539445414444422
2025-07-04,25461.0,25461.0,25470.25,25331.650390625,25428.849609375,193500,0.018315733658126998,0.14887916255057942,1.0117631654049002,1.0340013774092391,0.09762826690997327,1.05613637915539
2025-07-07,25461.30078125,25461.30078125,25489.80078125,25407.25,25450.44921875,196100,0.014265176298028592,0.12981321860871842,1.0110557437933194,1.0319701876647742,0.09697809479841245,1.0561329967913151
2025-07-08,25522.5,25522.5,25548.05078125,25424.150390625,25427.849609375,210400,0.01666052560821374,0.13944053925733968,1.012645008867537,1.0322726866314398,0.09712448300955927,1.058635089104047
2025-07-09,25476.099609375,25476.099609375,25548.69921875,25424.349609375,25514.599609375,239100,0.013312672068768627,0.11597533516229763,1.01013328693017,1.0285603290020857,0.09753537826340322,1.0566902319850382
2025-07-10,25355.25,25355.25,25524.05078125,25340.44921875,25511.650390625,219600,0.01876595317905272,0.08687634468828342,1.0044115533315743,1.0222870580995742,0.09132832365448154,1.051691473576356
2025-07-11,25149.849609375,25149.849609375,25322.44921875,25129.0,25255.5,250000,0.017446376688606602,0.07307402111660433,0.9954246548227756,1.012839974174765,0.09289284098172479,1.043221088487828
2025-07-14,25082.30078125,25082.30078125,25151.099609375,25001.94921875,25149.5,259500,0.005443680726755273,0.05159602670969532,0.9924843611683808,1.0092859465635962,0.08824245883764328,1.0404911177435445
2025-07-15,25195.80078125,25195.80078125,25245.19921875,25088.44921875,25089.5,241300,0.013776802580067082,0.04436168150953801,0.9963005374852281,1.0131258857529715,0.08813095900359443,1.0453284858863225
2025-07-16,25212.05078125,25212.05078125,25255.30078125,25121.05078125,25196.599609375,228800,0.016121198667796932,0.04323209224260105,0.9961552943393159,1.0130699559839442,0.0876946310482371,1.0461604402320404
2025-07-17,25111.44921875,25111.44921875,25238.349609375,25101.0,25230.75,243400,0.012834106813346402,0.03216332908438724,0.9915571058675334,1.0084990928990392,0.08919928872606318,1.0421652688669776
2025-07-18,24968.400390625,24968.400390625,25144.599609375,24918.650390625,25108.55078125,317000,-0.005734218862397444,0.029764924510504498,0.9861890178215198,1.0022699529220138,0.07940743265582459,1.036451274659574
2025-07-21,25090.69921875,25090.69921875,25111.400390625,24882.30078125,24999.0,305200,0.0047573002561551725,0.043734528032530084,0.9907870626671388,1.0064712842011148,0.07881426035485813,1.0417712887112942
2025-07-22,25060.900390625,25060.900390625,25182.0,25035.55078125,25166.650390625,483700,0.000660858896643246,0.030104625876030244,0.9895780224970846,1.004783961555226,0.07831826613147587,1.040775607389873
2025-07-23,25219.900390625,25219.900390625,25233.5,25085.5,25139.349609375,271500,-0.00098434761187971,0.036322855703279755,0.9959053052329421,1.0105619384006228,0.0762983089118011,1.0475073944629358
2025-07-24,25062.099609375,25062.099609375,25246.25,25018.69921875,25243.30078125,338700,-0.019057512647266073,0.029912650261535445,0.9906262768427716,1.0037509179995185,0.06477306474498196,1.041112019582585
2025-07-25,24837.0,24837.0,25010.349609375,24806.349609375,25010.349609375,278100,-0.03123515890004336,0.020138285557510294,0.9832849977081571,0.9944101036221163,0.06850716950863271,1.031849627054106
2025-07-28,24680.900390625,24680.900390625,24889.19921875,24646.599609375,24782.44921875,262100,-0.032768300607819656,0.008983633087191967,0.9787250152461304,0.9880153938150095,0.06968874467747001,1.0254355715795387
2025-07-29,24821.099609375,24821.099609375,24847.150390625,24598.599609375,24609.650390625,284700,-0.028216537199055258,0.01810940323360466,0.9856931693183536,0.9933351873317304,0.07390843748310817,1.0312551012359987
2025-07-30,24855.05078125,24855.05078125,24902.30078125,24771.94921875,24890.400390625,243900,-0.023507649280344656,0.01804879020474348,0.9882155143095175,0.9944016392519667,0.07413381702974785,1.0326996053789714
2025-07-31,24768.349609375,24768.349609375,24956.5,24635.0,24642.25,346300,-0.025071585546631026,0.020373769752078053,0.9860168757895942,0.9906062284178306,0.07455230329729602,1.0291429358216633
2025-08-01,24565.349609375,24565.349609375,24784.150390625,24535.05078125,24734.900390625,263400,-0.035177345376261715,0.023215162003290546,0.9796820867325291,0.9821223988654324,0.07726460934157228,1.0207999877764942
2025-08-04,24722.75,24722.75,24736.25,24554.0,24596.05078125,259300,-0.029006796926647094,-0.008102373351734582,0.9874134745950702,0.9885482891512618,0.08238151665562896,1.0273922284522838
2025-08-05,24649.55078125,24649.55078125,24733.099609375,24590.30078125,24720.25,251800,-0.03420312346948773,0.002896906139208122,0.9862091521358334,0.9855746257555797,0.08122992059671383,1.0244521549260373
2025-08-06,24574.19921875,24574.19921875,24671.400390625,24539.19921875,24641.349609375,225100,-0.03540182384485213,-0.0037581200072560605,0.9849714969634463,0.9826225104058599,0.08136556860324706,1.0214230437376675
2025-08-07,24596.150390625,24596.150390625,24634.19921875,24344.150390625,24464.19921875,616700,-0.029938557473304317,-0.018591787041485675,0.9873533879796408,0.9838057436393639,0.0811165739059793,1.0224151539931805
2025-08-08,24363.30078125,24363.30078125,24585.5,24337.5,24544.25,312600,-0.03127449429486062,-0.02623921771959048,0.9795526249168203,0.9749188125169085,0.08273823702703181,1.0128174092029976
2025-08-11,24585.05078125,24585.05078125,24600.849609375,24347.44921875,24371.5,241100,-0.01982473634841797,-0.014447462314252868,0.9894574062192258,0.9840288550681032,0.09078622137486654,1.022093024109345
2025-08-12,24487.400390625,24487.400390625,24702.599609375,24465.650390625,24563.349609375,237000,-0.0281158117090754,-0.00796065438971838,0.9869342382723328,0.9802488441846025,0.08892917768750773,1.0180954857642317
2025-08-13,24619.349609375,24619.349609375,24664.55078125,24535.25,24586.19921875,236000,-0.02350864580662304,-0.007822355032702677,0.9934388550845608,0.985658511499719,0.091923730474869,1.0235501145325803
2025-08-14,24631.30078125,24631.30078125,24673.650390625,24596.900390625,24607.25,270200,-0.019120698025723137,0.0008777662135561748,0.9948848993587747,0.9861227738072297,0.09148339164135141,1.0240053056409109
2025-08-18,24876.94921875,24876.94921875,25022.0,24852.849609375,24938.19921875,363100,-0.003662676440791879,0.000957577922756192,1.0049925183001853,0.9959415797795621,0.09736898267773976,1.0341150773238357
2025-08-19,24980.650390625,24980.650390625,25012.650390625,24873.94921875,24891.349609375,252300,-0.004386040706381045,-0.0008199622689236685,1.0094062761624178,1.0001069066630546,0.09690043647376415,1.038253247903674
2025-08-20,25050.55078125,25050.55078125,25088.69921875,24929.69921875,24965.80078125,287100,-0.00041297835327858134,0.009036887222372725,1.0122519442976923,1.0027552751542215,0.09740237877048187,1.0410045696263983
2025-08-21,25083.75,25083.75,25153.650390625,25054.900390625,25142.0,226500,-0.005398530070150898,0.013384565637207357,1.013872367433558,1.003862333167166,0.09466071778336817,1.0422506057792331
2025-08-22,24870.099609375,24870.099609375,25084.849609375,24859.150390625,25064.150390625,210200,-0.007660970269553036,0.00146978289793398,1.0056269382355438,0.9952877227190876,0.09689587777691189,1.0332596440343154
2025-08-25,24967.75,24967.75,25021.55078125,24894.349609375,24949.150390625,213000,0.005264323388493031,0.00876948078644868,1.0093086436160914,0.999051004206045,0.09237851809845604,1.0371523942122438
2025-08-26,24712.05078125,24712.05078125,24919.650390625,24689.599609375,24899.5,750500,0.001262125373547196,-0.00018403939849698236,0.998909238988927,0.9888225428503712,0.09710430199106476,1.02644381187083
2025-08-28,24500.900390625,24500.900390625,24702.650390625,24481.599609375,24695.80078125,326600,-0.012900283379430166,-0.0016950029285932589,0.9910154682554942,0.9804008166413672,0.09934581358121852,1.0175665968888012
2025-08-29,24426.849609375,24426.849609375,24572.44921875,24404.69921875,24466.69921875,325500,-0.01722793389736399,-0.007853291829895137,0.9888766169409177,0.9775637374431118,0.09938743356362521,1.014446148383747
2025-09-01,24625.05078125,24625.05078125,24635.599609375,24432.69921875,24432.69921875,229300,-0.005785562235069541,-0.005084647725489111,0.9971896756755624,0.9855784894352829,0.10373063170040225,1.0226474939090762
2025-09-02,24579.599609375,24579.599609375,24756.099609375,24522.349609375,24653.0,271600,0.000580085373365069,-0.016935980156171593,0.9953204160926854,0.9840373356585095,0.09964499552707813,1.0206793744084934
2025-09-03,24715.05078125,24715.05078125,24737.05078125,24533.19921875,24616.5,340300,-0.0003114224246898445,-0.01546211039149481,1.0008209446990397,0.9897164119803993,0.09893836867029851,1.0261832722045563
2025-09-04,24734.30078125,24734.30078125,24980.75,24708.19921875,24980.75,314100,0.0034381965315353202,-0.01473651747214122,1.0014286216086012,0.990731902377113,0.09834875546895287,1.0268561286506528
2025-09-05,24741.0,24741.0,24832.349609375,24621.599609375,24818.849609375,210100,0.0067876385214102886,-0.015925938269305995,1.0013617291770063,0.991265205117989,0.09760427971780387,1.0269514441717695
2025-09-08,24773.150390625,24773.150390625,24885.5,24751.55078125,24802.599609375,213200,0.007196248079027301,-0.004622625651369949,1.0023039587411382,0.9926295916043485,0.09764548035357702,1.0280269084055706
2025-09-09,24868.599609375,24868.599609375,24891.80078125,24814.0,24864.099609375,226900,0.020740162946798923,0.006068304935167523,1.0051383120496606,0.9963543173910927,0.09102412173489961,1.0317018536071128
2025-09-10,24973.099609375,24973.099609375,25035.69921875,24915.05078125,24991.0,244100,0.015783934374500097,0.0010662661846350119,1.0085710611282284,1.000523313074361,0.08687102970508911,1.0357107504371543
2025-09-11,25005.5,25005.5,25037.30078125,24940.150390625,24945.5,224600,0.021157803650458273,0.006119871204117944,1.0088241548170116,1.001719666948318,0.0850337300554137,1.0367348142128154
2025-09-12,25114.0,25114.0,25139.44921875,25038.05078125,25074.44921875,225700,0.02009193575270718,0.012169458357637053,1.0121915128037382,1.005863390709204,0.08440738113616174,1.0408526135970377
2025-09-15,25069.19921875,25069.19921875,25138.44921875,25048.75,25118.900390625,185400,0.017778128787795833,0.011130013965494623,1.0094950386337758,1.003884114035084,0.08497210271341396,1.0387457250677372
2025-09-16,25239.099609375,25239.099609375,25261.400390625,25070.44921875,25073.599609375,240100,0.014557668926382883,0.005045285069494865,1.015596113524104,1.0106022373738504,0.08115804036434464,1.0455652298538425
2025-09-17,25330.25,25330.25,25346.5,25275.349609375,25276.599609375,268900,0.013994816144026423,0.01435011367855421,1.0185474912353598,1.0140095068864337,0.08086971147141404,1.0490944634003632
2025-09-18,25423.599609375,25423.599609375,25448.94921875,25329.75,25441.05078125,272200,0.014891841356407198,0.015143136312792516,1.0215349660212183,1.0174889795593873,0.08123426229439615,1.0527102778596737
2025-09-19,25327.05078125,25327.05078125,25428.75,25286.30078125,25410.19921875,380400,0.009699537798375513,0.0032601147268243036,1.0171583928411854,1.0135693152563232,0.08276994514782716,1.04840582030231
2025-09-22,25202.349609375,25202.349609375,25331.69921875,25151.05078125,25238.099609375,254500,0.013359415732888902,-0.013568061005323151,1.0114754455664277,1.0088121180524066,0.07841243128184015,1.0430125947944757
2025-09-23,25169.5,25169.5,25261.900390625,25084.650390625,25209.0,299200,0.008080423746633203,-0.018266027778501503,1.0097482535996842,1.0078120612266945,0.07772540910545157,1.041460551754764
2025-09-24,25056.900390625,25056.900390625,25149.849609375,25027.44921875,25108.75,244400,0.013954714338668017,-0.018033055409487964,1.0045361198715113,1.0036116502357113,0.06941197713161104,1.0366727862776683
2025-09-25,24890.849609375,24890.849609375,25092.69921875,24878.30078125,25034.5,342500,0.01591570973037415,-0.025485719564176446,0.9970997209648182,0.997394181210453,0.06625512504378599,1.0297126208097724
2025-09-26,24654.69921875,24654.69921875,24868.599609375,24629.44921875,24818.55078125,291500,0.009327834453426664,-0.03137895760949794,0.9871892756034863,0.9884587184114269,0.07471053465432544,1.0199546157418116
2025-09-29,24634.900390625,24634.900390625,24791.30078125,24606.19921875,24728.55078125,394400,0.0003999833122172447,-0.030324395576279972,0.986377067797846,0.9881736366156623,0.06914547107322086,1.0191445902289735
2025-09-30,24611.099609375,24611.099609375,24731.80078125,24587.69921875,24691.94921875,303000,0.0012815505744847577,-0.0333804795815168,0.9853619491064156,0.9877801759063046,0.06890021257339383,1.0181616169790593
2025-10-01,24836.30078125,24836.30078125,24867.94921875,24605.94921875,24620.55078125,308900,0.004905917494290035,-0.0245470569382793,0.9941370926739008,0.9972356732426777,0.07370427093473679,1.0274301098022478
2025-10-03,24894.25,24894.25,24904.80078125,24747.55078125,24759.55078125,365900,0.006466696599373822,-0.024615535311979575,0.9961377771802655,0.9999828914640284,0.07405839556960102,1.0297735864170958
2025-10-06,25077.650390625,25077.650390625,25095.94921875,24881.650390625,24916.55078125,268800,0.013606983979022713,-0.015640118576211504,1.0028010661710924,1.007618733209944,0.07813250200093189,1.0372466348952682
2025-10-07,25108.30078125,25108.30078125,25220.900390625,25076.30078125,25085.30078125,288000,0.013528775522705816,-0.009739569467861697,1.0033543643251428,1.0090171290131,0.07812482310625372,1.038441360493397
2025-10-08,25046.150390625,25046.150390625,25192.5,25008.5,25079.75,227400,0.0071395568724772485,-0.004123254029771428,1.000515829829242,1.0065894293806443,0.07794233866336046,1.0357899704778315
2025-10-09,25181.80078125,25181.80078125,25199.25,25024.30078125,25074.30078125,286300,0.00835703917973607,0.00396694070722492,1.0055154938770692,1.0119736900025815,0.07884403164958298,1.041217726986266
2025-10-10,25285.349609375,25285.349609375,25330.75,25156.849609375,25167.650390625,232900,0.01119152224010711,0.0035541171682720307,1.0090864240525828,1.0160740346200734,0.07988255452529425,1.0452644759206073
2025-10-13,25227.349609375,25227.349609375,25267.30078125,25152.30078125,25177.30078125,234300,0.004513403256152015,0.0006068061760520216,1.0065441054064113,1.0137329583890673,0.07919109872707851,1.0425919299786368
2025-10-14,25145.5,25145.5,25310.349609375,25060.55078125,25277.55078125,292100,0.0030436066419279317,0.0013559863054248833,1.0031257023250493,1.0104208804338373,0.07985200188474285,1.0388748028201475
2025-10-15,25323.55078125,25323.55078125,25365.150390625,25159.349609375,25181.94921875,289900,0.003346045349558846,0.014223994531838313,1.0100585114767868,1.0173335169575746,0.08018907265790308,1.0458916645687413
2025-10-16,25585.30078125,25585.30078125,25625.400390625,25376.849609375,25394.900390625,372800,0.0100690195023736,0.019712545999132303,1.0199798945280283,1.0275086345915136,0.08718516765981346,1.0562970276399664
2025-10-17,25709.849609375,25709.849609375,25781.5,25508.599609375,25546.849609375,422100,0.01125922388639422,0.025894888397256732,1.0243606603088458,1.032062238620704,0.08785209953351968,1.0610098605973017
2025-10-20,25843.150390625,25843.150390625,25926.19921875,25788.5,25824.599609375,301100,0.02037740650629072,0.024712627343749682,1.0286142088275765,1.0369808866411887,0.08771521632514181,1.0660645047873056
2025-10-21,25868.599609375,25868.599609375,25934.349609375,25825.80078125,25901.19921875,42500,0.026436027208834645,0.032180065220805076,1.0282637577241294,1.037442506066101,0.08486492652521668,1.066625108461966
2025-10-23,25891.400390625,25891.400390625,26104.19921875,25862.44921875,26057.19921875,448400,0.02868155468424094,0.042452807932721326,1.0276955819933404,1.0376256317352899,0.08432670929484648,1.067071011360561
2025-10-24,25795.150390625,25795.150390625,25944.150390625,25718.19921875,25935.099609375,284900,0.02946294188391385,0.04514624597825634,1.022377237400936,1.0329995039763924,0.0836628396032633,1.0627524075964925
2025-10-27,25966.05078125,25966.05078125,26005.94921875,25827.0,25843.19921875,266300,0.04319664409807977,0.04612814056966874,1.026962582367788,1.0390494022033223,0.07977849254325971,1.069361403348194
2025-10-28,25936.19921875,25936.19921875,26041.69921875,25810.05078125,25939.94921875,395200,0.051977920664528554,0.04349813834681804,1.0231890026537869,1.037107067065696,0.06826516029522937,1.0676219639681142
2025-10-29,26053.900390625,26053.900390625,26097.849609375,25960.30078125,25982.0,321900,0.057601207128891385,0.05190296493406277,1.0249634744883476,1.0409217548524856,0.06742655681563604,1.0719493564710794
2025-10-30,25877.849609375,25877.849609375,26032.05078125,25845.25,25984.400390625,257400,0.05147067868180355,0.053428915967843826,1.0155072720934937,1.0329852720808557,0.07451883857986757,1.0642267899423983
2025-10-31,25722.099609375,25722.099609375,25953.75,25711.19921875,25863.80078125,334400,0.03566548963659377,0.04042226731957399,1.0076439519778788,1.0260858775799246,0.07610556212273682,1.0573442103687851
2025-11-03,25763.349609375,25763.349609375,25803.099609375,25645.5,25696.849609375,23300,0.03491166069975993,0.04518536009070906,1.0075447300059706,1.0269709048091595,0.0760760592015027,1.0585325282422025
2025-11-04,25597.650390625,25597.650390625,25787.400390625,25578.400390625,25744.75,305100,0.020735594918190436,0.04164738646271382,1.0000477704906172,1.0196725344168929,0.07827358398032516,1.051182086770037
2025-11-06,25509.69921875,25509.69921875,25679.150390625,25491.55078125,25593.349609375,371900,0.015986682690998677,0.037141943499955365,0.9958308765825825,1.0155530858003479,0.07985361426777247,1.047068605280849
2025-11-07,25492.30078125,25492.30078125,25551.25,25318.44921875,25433.80078125,305600,0.01781313230443593,0.04634019052413785,0.9942858375642476,1.0141007826236732,0.07912892090307859,1.0458652788586487
2025-11-10,25574.349609375,25574.349609375,25653.44921875,25503.5,25503.5,243600,0.015588592393967593,0.04023985294671406,0.9967229911612003,1.0166978713480586,0.07784246801045279,1.0487447241643428
2025-11-11,25694.94921875,25694.94921875,25715.80078125,25449.25,25617.0,297700,0.016199088234996495,0.04931306749030462,1.0006245092641677,1.0206756238098051,0.07821180441365193,1.0531521741515903
2025-11-12,25875.80078125,25875.80078125,25934.55078125,25781.150390625,25834.30078125,312600,0.025704292441169674,0.05103510823033863,1.0063966232123476,1.0270052630065285,0.08027254419824152,1.0600148627679022
2025-11-13,25879.150390625,25879.150390625,26010.69921875,25808.400390625,25906.099609375,385200,0.029176210082320964,0.050661133184037865,1.0050929284983636,1.0262910581308118,0.07862895326322974,1.0595325936848723
2025-11-14,25910.05078125,25910.05078125,25940.19921875,25740.80078125,25767.900390625,518900,0.023160259201653988,0.04152846691190493,1.005148249968855,1.0268153369811674,0.0757754074145158,1.0601998477175678
2025-11-17,26013.44921875,26013.44921875,26024.19921875,25906.349609375,25948.19921875,281800,0.016734156895812813,0.0413439526983892,1.0083220783468192,1.0302102451839894,0.0686644256991381,1.063819573259898
2025-11-18,25910.05078125,25910.05078125,26029.849609375,25876.5,26021.80078125,280000,0.007786944494688752,0.03431062284839359,1.0039246644327853,1.0255335601129387,0.0689576091828784,1.0589809322821928
2025-11-19,26052.650390625,26052.650390625,26074.650390625,25856.19921875,25918.099609375,250100,0.008106596789995146,0.03862661645985943,1.0090403658939369,1.0305190619079827,0.06925792527163756,1.0641082064944778
2025-11-20,26192.150390625,26192.150390625,26246.650390625,26063.19921875,26132.099609375,240400,0.012507471843691942,0.053158242307628,1.0138080935080989,1.0351348292543243,0.07143405909226645,1.0690997282064563
2025-11-21,26068.150390625,26068.150390625,26179.19921875,26052.19921875,26109.55078125,235600,0.0068265909658560275,0.04407286962681867,1.0086634470771143,1.029488064527588,0.07391194624229709,1.063407871431592
2025-11-24,25959.5,25959.5,26142.80078125,25912.150390625,26122.80078125,464700,0.006371337514462949,0.05047938877239955,1.0041401240153016,1.0243561508182066,0.07425843778829815,1.0583906294632175
2025-11-25,25884.80078125,25884.80078125,26032.599609375,25857.5,25998.5,260500,-0.0031290857698957897,0.05648365441926928,1.0014080444427806,1.0204797565808352,0.07117825647560819,1.0548340765622086
2025-11-26,26205.30078125,26205.30078125,26215.150390625,25842.94921875,25842.94921875,275300,0.010375520338595345,0.07280722648705518,1.0132798113873105,1.0319092702194606,0.08362483798272606,1.0672762834636094
2025-11-27,26215.55078125,26215.55078125,26310.44921875,26141.900390625,26261.25,240300,0.006204460299662706,0.06458869929360866,1.0133594461263455,1.0312364455550154,0.08227098439660219,1.0671556082459033
2025-11-28,26202.94921875,26202.94921875,26280.75,26172.400390625,26237.44921875,202500,0.012562852566282201,0.06604459125346507,1.0122363108984267,1.029644899127451,0.07799925054064481,1.0660987236076411
2025-12-01,26175.75,26175.75,26325.80078125,26124.19921875,26325.80078125,213800,0.017636600336453645,0.059101607019887537,1.0103003226078529,1.0275930730099807,0.07426641934642444,1.0644350650604821
2025-12-02,26032.19921875,26032.19921875,26154.599609375,25997.849609375,26087.94921875,254800,0.010435351514896496,0.052473625552571956,1.00423868508841,1.0210905229894633,0.07754847624624771,1.0580657252209673
2025-12-03,25986.0,25986.0,26066.44921875,25891.0,26004.900390625,265700,0.015171299062558985,0.0503213289681097,1.0017061254583537,1.0184494816786414,0.07365150608301523,1.0556292652520498
2025-12-04,26033.75,26033.75,26098.25,25938.94921875,25981.849609375,248100,0.020543197187711915,0.0508857206087141,1.0025341755040196,1.019481440785948,0.07202955768460413,1.0569331452616517
2025-12-05,26186.44921875,26186.44921875,26202.599609375,25985.349609375,25999.80078125,249300,0.0272297288289709,0.052992513855834256,1.0070684764977211,1.0245798830709112,0.07369736466962626,1.0624550509465283
2025-12-08,25960.55078125,25960.55078125,26178.69921875,25892.25,26159.80078125,320700,0.015101114115270597,0.039540593171073946,0.9976400941884753,1.0150876665077486,0.08136092647162044,1.0526642287475345
2025-12-09,25839.650390625,25839.650390625,25923.650390625,25728.0,25867.099609375,276000,0.00563150254328626,0.03335867671612247,0.992717991368759,1.0098113832629976,0.08211646043262834,1.0471440046594696
2025-12-10,25758.0,25758.0,25947.650390625,25734.55078125,25864.05078125,207900,-0.004552546305556682,0.025643067611690773,0.9898050930122374,1.006198435050091,0.07893426882200448,1.043243584568245
2025-12-11,25898.55078125,25898.55078125,25922.80078125,25693.25,25771.400390625,206100,0.0007496533051574161,0.03308249119819129,0.9951689561719227,1.011142871525599,0.0814652636224761,1.0483091840774892
2025-12-12,26046.94921875,26046.94921875,26057.599609375,25938.44921875,25971.19921875,216300,0.0052836035967582795,0.03200786168595826,1.0006080837663243,1.0164024139701948,0.08386085748117612,1.0536519264711193
2025-12-15,26027.30078125,26027.30078125,26047.150390625,25904.75,25930.05078125,181600,0.0005324769654158068,0.027518511710306948,0.9998266769158449,1.0151754763976784,0.08275289937453502,1.0521943632380757
2025-12-16,25860.099609375,25860.099609375,25980.75,25834.349609375,25951.5,264400,-0.0019278685440148324,0.017169087253837922,0.9934990403529657,1.008367788890095,0.08477186338761632,1.044787878472696
2025-12-17,25818.55078125,25818.55078125,25929.150390625,25770.349609375,25902.400390625,206500,-0.0089856350837626,0.019406128421547875,0.9923490522840284,1.0064261956536642,0.08227672565199716,1.0424216648341649
2025-12-18,25815.55078125,25815.55078125,25902.349609375,25726.30078125,25764.69921875,197600,-0.01437833869149574,0.02433111124079068,0.9929523849468164,1.0059085156619108,0.07941239412797185,1.0416133606570175
2025-12-19,25966.400390625,25966.400390625,25993.349609375,25880.44921875,25911.5,382900,-0.0039032305121499133,0.031661351660740245,0.9989500420160896,1.011263051137175,0.0811593335090023,1.0469772315700567
2025-12-22,26172.400390625,26172.400390625,26180.69921875,26047.80078125,26055.849609375,253000,0.008201251589013747,0.04451867480054972,1.0064628715901807,1.0185482502121788,0.08455501058670185,1.0544228102087916
2025-12-23,26177.150390625,26177.150390625,26233.55078125,26119.05078125,26205.19921875,216600,0.011294257655124262,0.05167765670664459,1.0060799987461064,1.0178838710283682,0.08366864879153009,1.0537528336047204
2025-12-24,26142.099609375,26142.099609375,26236.400390625,26123.0,26170.650390625,188800,-0.0024117705193531513,0.060329285603039295,1.004854915700964,1.0155420137667908,0.0713832788751021,1.051482751976058
2025-12-26,26042.30078125,26042.30078125,26144.19921875,26008.599609375,26121.25,142200,-0.006608672899747425,0.05713034630984737,1.0013522507298347,1.010744117651005,0.07254163594905276,1.0466887643634426
2025-12-29,25942.099609375,25942.099609375,26106.80078125,25920.30078125,26063.349609375,234300,-0.009954971373540844,0.05408128938265677,0.9979999097075412,1.0059890192591003,0.07361458997873975,1.0419501115367114
2025-12-30,25938.849609375,25938.849609375,25976.75,25878.0,25940.900390625,396900,-0.009050376421879003,0.04439263470981003,0.9983298014618531,1.0051467407422952,0.07359739094419743,1.0411115646692102
2025-12-31,26129.599609375,26129.599609375,26187.94921875,25969.0,25971.05078125,246300,0.003741535235134652,0.04962389344426921,1.0054828891897634,1.0117312206648363,0.07598068289905649,1.0479960073806007
2026-01-02,26328.55078125,26328.55078125,26340.0,26118.400390625,26155.099609375,357500,0.013182128117062986,0.04988108419808879,1.0124713535984184,1.0186122908247275,0.07993638208651185,1.0551648965287848
2026-01-05,26250.30078125,26250.30078125,26373.19921875,26210.05078125,26333.69921875,338800,0.008318078695923603,0.04548296636834959,1.0090420884688611,1.0148376180193137,0.08081372521767861,1.0512326680092703
2026-01-06,26178.69921875,26178.69921875,26273.94921875,26124.75,26189.69921875,383000,-0.00029595459603015684,0.045218479106031495,1.0063047666467468,1.0113314902019,0.07887724386178206,1.0475720762590341
2026-01-07,26140.75,26140.75,26187.150390625,26067.900390625,26143.099609375,338200,0.006941271018030548,0.03808104222093678,1.0044981058482791,1.0092423023215351,0.07226526730672694,1.0452938837101033
2026-01-08,25876.849609375,25876.849609375,26133.19921875,25858.44921875,26106.5,328500,0.0014396177265423304,0.023392992746309238,0.9942862682141878,0.9986735280061282,0.07955584459447744,1.034112196208414
2026-01-09,25683.30078125,25683.30078125,25940.599609375,25623.0,25840.400390625,348800,-0.002900039550819189,0.0180736850654164,0.9869910358012265,0.9909132233463793,0.08330456717656419,1.0258084984645481
2026-01-12,25790.25,25790.25,25813.150390625,25473.400390625,25669.05078125,275800,-0.004181731331793559,0.02564077071444193,0.9913073056303501,0.9946271703368652,0.08227923729429355,1.0295456355248982
2026-01-13,25732.30078125,25732.30078125,25899.80078125,25603.30078125,25897.349609375,339500,-0.012080049561946304,0.016141101361766497,0.9896783647738226,0.992131636178067,0.07948390976212888,1.0267441636026604
2026-01-14,25665.599609375,25665.599609375,25791.75,25603.94921875,25648.55078125,393100,-0.013896991275237025,0.003138475049073719,0.9878000766679389,0.9895088549174906,0.0797970286276916,1.0236727849203529
2026-01-16,25694.349609375,25694.349609375,25873.5,25662.400390625,25696.05078125,434000,-0.006409488072501857,-0.0006028817840438849,0.9892221129294851,0.9906271458289958,0.07704386256606766,1.0244056445783893
2026-01-19,25585.5,25585.5,25653.30078125,25494.349609375,25653.099609375,443100,-0.00902648577081433,-0.009969774842871537,0.9854735480346789,0.9865938667775329,0.07818822068067938,1.019639358880532
2026-01-20,25232.5,25232.5,25585.0,25171.349609375,25580.30078125,409800,-0.022585254375958264,-0.02458964222958837,0.9729696038428588,0.9733798769732717,0.09155130031645105,1.0052429079486234
2026-01-21,25157.5,25157.5,25300.94921875,24919.80078125,25141.0,395600,-0.031151810742202413,-0.028345333954618246,0.9715928549187086,0.9709447889138679,0.08792506563599867,1.001928024834511
2026-01-22,25289.900390625,25289.900390625,25435.75,25168.5,25344.150390625,486400,-0.03371872609422988,-0.01958701509193872,0.9783734828133911,0.9763720550417466,0.08456979147844665,1.00677517103638
2026-01-23,25048.650390625,25048.650390625,25347.94921875,25025.30078125,25344.599609375,393900,-0.04311011638624185,-0.035330763170480006,0.9711603280652087,0.9676292654733606,0.0886713100285503,0.9968306173272101
2026-01-27,25175.400390625,25175.400390625,25246.650390625,24932.55078125,25063.349609375,618700,-0.036978637263065384,-0.029333474103445223,0.977907138953394,0.9730022208098897,0.09231979637876185,1.0014910671647401
2026-01-28,25342.75,25342.75,25372.099609375,25187.650390625,25258.849609375,574900,-0.026862095907964623,-0.02729535232586111,0.985746920497145,0.9799189915262989,0.09675190046145436,1.0076596258616264
2026-01-29,25418.900390625,25418.900390625,25458.150390625,25159.80078125,25345.0,582400,-0.02016795967281404,-0.017735214698200163,0.9897159814302657,0.98315425592261,0.09746604095581014,1.0100333919748217
2026-01-30,25320.650390625,25320.650390625,25370.69921875,25213.650390625,25247.55078125,508400,-0.023832946644116615,-0.015607171453596358,0.9870784633420233,0.9796076453724378,0.09791712610986764,1.0055730154368414
2026-02-02,25088.400390625,25088.400390625,25108.099609375,24679.400390625,24796.5,449200,-0.03984749993553016,-0.0261980382591398,0.9800135280317561,0.9710449428719673,0.09639116545695257,0.9958177774562283
2026-02-03,25727.55078125,25727.55078125,26341.19921875,25641.30078125,26308.05078125,637300,-0.022826930543704882,0.005074699772936064,1.0061613442932726,0.9956997820297195,0.1329093070502275,1.020599971031942
2026-02-04,25776.0,25776.0,25818.55078125,25563.94921875,25675.05078125,429800,-0.018068394156793177,0.010439197223237606,1.0089919069286337,0.9974035233197859,0.13314449628826636,1.0220257908124426
2026-02-05,25642.80078125,25642.80078125,25757.650390625,25579.5,25755.900390625,343800,-0.020470781723034293,0.00590374330239718,1.0048318183948453,0.9921530748797309,0.13387047597546217,1.016300012521305
2026-02-06,25693.69921875,25693.69921875,25703.94921875,25491.900390625,25605.80078125,375500,-0.01710168152214453,0.004666770072277782,1.0077089635285075,0.994045896223641,0.13428297616920257,1.0179456881824642
2026-02-09,25867.30078125,25867.30078125,25922.25,25780.900390625,25888.69921875,359400,-0.00036901045796322585,0.0067076047137790695,1.0145366283577864,1.0006510423963075,0.13215543231137739,1.0244700503705793
2026-02-10,25935.150390625,25935.150390625,25989.44921875,25870.44921875,25922.650390625,460900,0.009805967368448965,0.0022936337266132867,1.0166956122574051,1.0032373491172915,0.12940410819066328,1.0267977540995528
2026-02-11,25953.849609375,25953.849609375,26009.400390625,25899.80078125,25997.44921875,331400,0.006343467371390243,0.0028864633352514435,1.0171024974871465,1.0039123346244052,0.128685322168326,1.027207665858425
2026-02-12,25807.19921875,25807.19921875,25906.69921875,25752.400390625,25906.69921875,419400,0.0029106778339298423,-0.003969562366679336,1.0112070277405514,0.9983059928204845,0.13015212844258905,1.021088180196604
2026-02-13,25471.099609375,25471.099609375,25630.349609375,25444.30078125,25571.150390625,453500,-0.007578237132981447,-0.020848815734288872,0.9984180438288516,0.9856492181363485,0.13819075687595422,1.0075046871695401
2026-02-16,25682.75,25682.75,25697.0,25372.69921875,25423.599609375,275800,-0.00045144592298873576,-0.008772687601773743,1.006737218755417,0.9939851190776979,0.1415151108552778,1.0156044646804143
2026-02-17,25725.400390625,25725.400390625,25764.400390625,25570.30078125,25637.94921875,344100,0.00546795609329509,-0.012561102041186545,1.008132642449102,0.9958460060079829,0.14072817729392928,1.0170116439982737
2026-02-18,25819.349609375,25819.349609375,25828.05078125,25645.150390625,25752.650390625,310200,0.023257687877737077,-0.014233301798062259,1.010652216736732,0.9997232936989688,0.1307282275737269,1.0204262113742093
2026-02-19,25454.349609375,25454.349609375,25885.30078125,25388.75,25873.349609375,298200,0.011799646601411196,-0.023546004302274715,0.9957864108818815,0.9859810732567027,0.14113887798727476,1.0057806211946347
2026-02-20,25571.25,25571.25,25663.55078125,25379.75,25406.55078125,296600,0.011124978945322272,-0.014955989136924863,0.9998093887311844,0.9907575741649864,0.14086621924901502,1.0101781699579149
2026-02-23,25713.0,25713.0,25771.44921875,25609.349609375,25678.400390625,313700,0.02652237142579339,-0.006637129746598136,1.0040476408778858,0.9963602116025473,0.13658990946440316,1.0155104644275075
2026-02-24,25424.650390625,25424.650390625,25641.80078125,25327.599609375,25641.80078125,439100,0.009900537672990373,-0.029789789369010333,0.9923051991497538,0.9856838151379718,0.14281383616159363,1.0039220942750056
2026-02-25,25482.5,25482.5,25652.599609375,25428.19921875,25512.599609375,414200,0.005514397608783472,-0.027962440589815674,0.9942918661626742,0.9883947381940551,0.14116097815499096,1.0059662955615154
2026-02-26,25496.55078125,25496.55078125,25572.94921875,25400.94921875,25556.30078125,405200,0.0030548288648095667,-0.026958737797137866,0.9946894221579433,0.9893915378018888,0.14080107897226904,1.0062253299085977
2026-02-27,25178.650390625,25178.650390625,25476.400390625,25141.30078125,25459.849609375,438900,-0.00560807079634007,-0.038092494365013385,0.982559427239074,0.9776859225697937,0.1473062039026797,0.993629549819521
2026-03-02,24865.69921875,24865.69921875,24989.349609375,24603.5,24659.25,519200,-0.008876658870536014,-0.04480989063574059,0.9707687999749104,0.9662634926466946,0.15038590442866084,0.9812238681099464
2026-03-04,24480.5,24480.5,24602.44921875,24305.400390625,24388.80078125,599000,-0.04847141462679916,-0.05793504194566301,0.9580626240419691,0.9522233834297191,0.1259785683477873,0.9660590742065235
2026-03-05,24765.900390625,24765.900390625,24854.19921875,24529.400390625,24615.94921875,504300,-0.0391876012327359,-0.04870022986988043,0.9711515107604478,0.964117102251801,0.13484379158364548,0.9773787777258836
2026-03-06,24450.44921875,24450.44921875,24700.900390625,24415.75,24656.400390625,433400,-0.046498491825114785,-0.06629382951076046,0.9610283354709533,0.9529101474866839,0.13986671473758155,0.9650380111003858
2026-03-09,24028.05078125,24028.05078125,24078.150390625,23697.80078125,23868.05078125,526900,-0.06482711669188113,-0.07443986902603572,0.9475275682300768,0.9376249271570057,0.1485356360315363,0.948538039045512
2026-03-10,24261.599609375,24261.599609375,24303.80078125,24079.94921875,24280.80078125,444300,-0.062074554490776146,-0.06107090294931161,0.9597760161365549,0.9477111415508233,0.15151873272386632,0.9578375176623606
2026-03-11,23866.849609375,23866.849609375,24299.0,23834.30078125,24231.849609375,407400,-0.07974894111266251,-0.07341992354317106,0.9480383822884683,0.9334406026072297,0.15677724814779115,0.942429056653535
2026-03-12,23639.150390625,23639.150390625,23833.150390625,23556.30078125,23674.849609375,501000,-0.08918519809538727,-0.08724041780209413,0.9433304183405287,0.9258988404223237,0.15679435335112146,0.9336168090805561
2026-03-13,23151.099609375,23151.099609375,23492.400390625,23112.0,23462.5,519800,-0.1029208782735801,-0.11117807252798773,0.9287767248581569,0.9085002947968775,0.16701854058997845,0.9146489007159521
2026-03-16,23408.80078125,23408.80078125,23502.0,22955.25,23116.099609375,540300,-0.08096622681205101,-0.10060589924431818,0.9430162311806679,0.9201889695123266,0.17417393938740136,0.9251211036934622
2026-03-17,23581.150390625,23581.150390625,23656.80078125,23346.599609375,23493.19921875,458800,-0.0818292281541112,-0.08812608045499626,0.9539976624445847,0.9283500468171484,0.1733097069585559,0.9321617325334168
2026-03-18,23777.80078125,23777.80078125,23862.25,23618.44921875,23632.900390625,382900,-0.07570726129824423,-0.07904200422751995,0.9657580386150144,0.9373469617433895,0.17786976891512396,0.9401164160601405
2026-03-19,23002.150390625,23002.150390625,23378.69921875,22930.349609375,23197.75,550100,-0.10911193586871282,-0.1089808392803453,0.9396300340394955,0.9084492012778115,0.20324219232214727,0.9097784760359755
2026-03-20,23114.5,23114.5,23345.150390625,23067.599609375,23110.150390625,663300,-0.09192337047626697,-0.10983040959557333,0.9487536690466095,0.9146032599355731,0.20400957290678842,0.914518029314577
2026-03-23,22512.650390625,22512.650390625,22851.69921875,22471.25,22824.349609375,550300,-0.11961087586156327,-0.1398324167970061,0.9298872864481935,0.8929441736990406,0.2144230753641895,0.8910945468743665
2026-03-24,22912.400390625,22912.400390625,23057.30078125,22624.19921875,22878.44921875,538100,-0.10891765291389566,-0.12471754760477016,0.9519047722698594,0.9107655357966137,0.2272090077611454,0.9072101078047952
2026-03-25,23306.44921875,23306.44921875,23465.349609375,23063.19921875,23064.400390625,505400,-0.08331289277653386,-0.10847064440103682,0.97255500268333,0.9281726133665926,0.23998808734936894,0.923052436034362
2026-03-27,22819.599609375,22819.599609375,23186.099609375,22804.55078125,23173.55078125,612600,-0.10449918142352599,-0.1237487117188697,0.9575594610324087,0.9107320718134309,0.24571532963648626,0.9041165222960509
2026-03-30,22331.400390625,22331.400390625,22714.099609375,22283.849609375,22549.650390625,698600,-0.12414033638434852,-0.13918299879802942,0.9433381162713492,0.8933936843345915,0.2510026241315969,0.8852425041288654
2026-04-01,22679.400390625,22679.400390625,22941.30078125,22618.599609375,22899.0,518000,-0.09926068161820811,-0.12565897361816492,0.9631226517056403,0.909291994927947,0.2617054534374233,0.8994697411574033
2026-04-02,22713.099609375,22713.099609375,22782.30078125,22182.55078125,22383.400390625,495100,-0.08656903594135934,-0.1307520991930622,0.9689826863201723,0.91272684429613,0.26125550041810514,0.9012335949701054
2026-04-06,22968.25,22968.25,22998.349609375,22542.94921875,22780.30078125,426400,-0.06177365658381162,-0.12762953833535928,0.9830389282903677,0.925061984238693,0.2634720452362325,0.9117508075595727
2026-04-07,23123.650390625,23123.650390625,23153.849609375,22719.30078125,22838.69921875,477000,-0.06631093455506532,-0.11910912627935666,0.993180491019931,0.9332796082904077,0.26040957560762623,0.9182411973869762
2026-04-08,23997.349609375,23997.349609375,24025.150390625,23828.5,23855.150390625,639300,-0.018531340889538228,-0.08332536277481084,1.0317105237270798,0.9699657168562148,0.29456181828647093,0.9530723167742521
2026-04-09,23775.099609375,23775.099609375,23990.75,23682.80078125,23909.05078125,466600,-0.010527328004167003,-0.09049665333339707,1.0227115011524759,0.9625163504290579,0.28990483680301593,0.9444651921220115
2026-04-10,24050.599609375,24050.599609375,24074.05078125,23856.349609375,23880.55078125,481300,-0.008696870915241184,-0.07057466529226808,1.0350321480815892,0.974871026435224,0.29084020874329813,0.9555617924570304
2026-04-13,23842.650390625,23842.650390625,23907.400390625,23555.599609375,23589.599609375,488800,-0.0010139259745657325,-0.07166720532933835,1.0261363596292663,0.9676452324683855,0.28647679730431563,0.947482161860362
2026-04-15,24231.30078125,24231.30078125,24280.900390625,24145.80078125,24163.80078125,460300,0.025049563154344145,-0.060447231754248265,1.0415358652598743,0.9844565655328643,0.2896764606224875,0.9630342536335361
2026-04-16,24196.75,24196.75,24400.94921875,24102.80078125,24385.19921875,508000,0.04516633802575698,-0.05967405691017291,1.0377187388661846,0.9840760566484662,0.27799064665267886,0.9618360993208758
2026-04-17,24353.55078125,24353.55078125,24371.900390625,24096.05078125,24165.900390625,498600,0.0403587526259237,-0.05112091079476444,1.042331788057163,0.9913347458753142,0.2765193449895605,0.9681880187172751
2026-04-20,24364.849609375,24364.849609375,24480.650390625,24241.25,24391.5,415900,0.03323413852877888,-0.05174289367943019,1.0410693836633804,0.9926900584698373,0.27582854124243816,0.9687680603714663
2026-04-21,24576.599609375,24576.599609375,24601.69921875,24354.900390625,24374.55078125,425800,0.03359431073856478,-0.03943250632682571,1.0483280658048977,1.002003789551715,0.2759430737941477,0.9773172467254766
2026-04-22,24378.099609375,24378.099609375,24515.94921875,24352.900390625,24470.849609375,440500,0.05981828635077502,-0.03386110732686021,1.0368183022212205,0.9944881909682886,0.24680841173159848,0.9696494070771157
2026-04-23,24173.05078125,24173.05078125,24310.19921875,24134.80078125,24202.349609375,467500,0.04579596276147013,-0.03913144067375529,1.0257883290111725,0.986783848228545,0.24990896076343883,0.9617736714388089
2026-04-24,23897.94921875,23897.94921875,24206.0,23813.650390625,24100.55078125,438400,0.061534239820198344,-0.055039804442685636,1.0111423160445827,0.9764785017353437,0.23221791852479892,0.9511345566475693
2026-04-27,24092.69921875,24092.69921875,24130.69921875,23936.19921875,23945.44921875,430300,0.051513538869892406,-0.038163779563660016,1.0168433231473655,0.985077347856,0.2266750542567945,0.9591621691437593
2026-04-28,23995.69921875,23995.69921875,24181.80078125,23957.05078125,24049.900390625,554100,0.029573359439304836,-0.046859281424350474,1.011278483954872,0.9819006687591971,0.2210224090208194,0.9555777463172047
2026-04-29,24177.650390625,24177.650390625,24334.69921875,24059.94921875,24096.900390625,531100,0.05951247193189446,-0.045973685151571964,1.0160390683686356,0.990132840191414,0.20504679690546138,0.9630589780864465
2026-04-30,23997.55078125,23997.55078125,24087.44921875,23796.849609375,23996.94921875,505500,0.07461020632295279,-0.05591703761895306,1.0049523368784052,0.9837116549350958,0.188055997873305,0.9561638284598147
2026-05-04,24119.30078125,24119.30078125,24290.19921875,24004.75,24063.55078125,419100,0.06348935006325007,-0.04744544831359465,1.00701479121947,0.9895146108893712,0.18290542096382895,0.9612718635358629
2026-05-05,24032.80078125,24032.80078125,24081.69921875,23882.05078125,24052.599609375,363300,0.05810308564535527,-0.04207520578990187,1.0006465439661545,0.9866780411001492,0.18437407784366508,0.9581088394863063
2026-05-06,24330.94921875,24330.94921875,24356.5,23997.900390625,24171.0,429200,0.05932969289127388,-0.05428427969590599,1.0101946250658054,0.9998741821205765,0.18511413783791406,0.970216506860665
2026-05-07,24326.650390625,24326.650390625,24482.099609375,24284.0,24398.5,440600,0.052024657857988155,-0.056228647166938206,1.0075000492718906,1.0006908862689883,0.18482914723406632,0.970244066442775
2026-05-08,24176.150390625,24176.150390625,24253.80078125,24126.650390625,24233.650390625,335900,0.007450855371967657,-0.05719540556963709,1.000896430653493,0.995500982777482,0.13453106486849478,0.9644287928443885
2026-05-11,23815.849609375,23815.849609375,23997.44921875,23799.099609375,23970.099609375,390100,0.0017139780976536123,-0.0730859964299978,0.9858967584385597,0.9819303322828362,0.14133382409337053,0.9502958156717954
2026-05-12,23379.55078125,23379.55078125,23757.55078125,23348.400390625,23722.599609375,447500,-0.02790154254047883,-0.09617354439251169,0.9691815955043716,0.9655923631896896,0.14906320568459433,0.9332248589523306
2026-05-13,23412.599609375,23412.599609375,23582.94921875,23262.55078125,23362.44921875,415400,-0.018037037586186244,-0.09726378074760844,0.971417503550944,0.9686392355113298,0.14682461374155445,0.9348797954299669
2026-05-14,23689.599609375,23689.599609375,23777.19921875,23426.55078125,23530.25,428700,-0.022355430967790357,-0.08724139324526681,0.9840164037416488,0.9816320545129577,0.14073181624941103,0.9462091860420105
2026-05-15,23643.5,23643.5,23839.30078125,23610.30078125,23731.400390625,408900,-0.022864640912519274,-0.08384091587815479,0.9832312968423573,0.9811879984504616,0.14075851965697042,0.9446178187537401
2026-05-18,23649.94921875,23649.94921875,23695.650390625,23317.099609375,23482.19921875,392000,-0.028891128395195143,-0.07149869532741726,0.9849404479973277,0.9826934437390604,0.13800505581914416,0.9451475025061522
2026-05-19,23618.0,23618.0,23782.30078125,23587.19921875,23675.30078125,442000,-0.030652748584486633,-0.08039442816676567,0.985141952059405,0.9827711616130242,0.13781870038436683,0.9441428985541519
2026-05-20,23659.0,23659.0,23690.900390625,23397.30078125,23457.25,344100,-0.03733631275113303,-0.08032529559299106,0.9887443051525707,0.9858900831763125,0.13312901340446193,0.9460770627197462
2026-05-21,23654.69921875,23654.69921875,23859.900390625,23596.599609375,23830.05078125,348200,-0.02967419127070936,-0.08383830047519925,0.9900611437988136,0.9871949947975684,0.13118664405784192,0.9461713316576862
2026-05-22,23719.30078125,23719.30078125,23835.650390625,23671.0,23671.19921875,336100,-0.018770903354571766,-0.06816315697518238,0.993708630136956,0.9910871217969626,0.1293287628634637,0.9489674770329417
2026-05-25,24031.69921875,24031.69921875,24054.44921875,23922.849609375,23940.25,351200,0.005596714545491599,-0.06020631690863765,1.0065144168101976,1.0052181138132659,0.1321991511357679,0.9615908675827414
2026-05-26,23913.69921875,23913.69921875,24089.80078125,23885.44921875,24004.099609375,387900,-0.0074296366038012485,-0.06997630697507096,1.0019478295908315,1.0015386183985595,0.13003099897435816,0.957043024675969
2026-05-27,23907.150390625,23907.150390625,23983.19921875,23858.25,23880.349609375,531600,-0.0036901957854100775,-0.05968616978739494,1.0018592916001072,1.0023260581354814,0.12930975232234446,0.9569624508882392
2026-05-29,23547.75,23547.75,24002.80078125,23484.75,23902.150390625,1198000,-0.026053002688352533,-0.07592465417443339,0.9881023003897713,0.9885944267974648,0.13621383348744565,0.9428065869671765
2026-06-01,23382.599609375,23382.599609375,23733.69921875,23357.94921875,23654.5,421700,-0.025625580605312392,-0.08291126082158473,0.9824398802270805,0.983115168977784,0.13595946112346632,0.9364160032524124
2026-06-02,23483.55078125,23483.55078125,23556.94921875,23229.150390625,23229.150390625,511900,-0.02635855847422508,-0.06732289392310531,0.9880009831875141,0.9885338477372073,0.13551819094760686,0.9406922693320182
2026-06-03,23405.599609375,23405.599609375,23459.650390625,23151.5,23415.94921875,450100,-0.026097714435528108,-0.05871942697167387,0.9860223579706362,0.9862628168863014,0.1354623401077316,0.93780339218555
2026-06-04,23416.55078125,23416.55078125,23465.30078125,23247.30078125,23282.44921875,412500,-0.03758170013339812,-0.04346109020444844,0.988387409958452,0.9874621176079462,0.12580684150452623,0.9384598259079865
2026-06-05,23366.69921875,23366.69921875,23516.349609375,23282.650390625,23478.94921875,366200,-0.039460885755358444,-0.05649708469330117,0.9882854215878981,0.9863298550056434,0.1256397821580646,0.9366927017403467
2026-06-08,23123.0,23123.0,23267.30078125,23070.150390625,23080.69921875,375700,-0.0435615419993991,-0.054291404091342255,0.9801612039354657,0.9769554469467522,0.12842043004593545,0.927154104574322
2026-06-09,23242.099609375,23242.099609375,23279.400390625,23104.44921875,23259.05078125,402600,-0.02409109939013665,-0.03270973492732532,0.9864092271422151,0.9825312277677387,0.12154302856168472,0.9321805755175306
2026-06-10,23214.94921875,23214.94921875,23425.349609375,23184.599609375,23233.94921875,380000,-0.007040407407314597,-0.04314020540593544,0.9856012079107347,0.9821077150152786,0.10304315781730851,0.9313292941782588
2026-06-11,23161.599609375,23161.599609375,23327.44921875,23072.05078125,23104.400390625,363000,-0.010720723208348604,-0.029549354503954905,0.9838604425594425,0.9803382440885949,0.10304218758680954,0.9294608143808752
2026-06-12,23622.900390625,23622.900390625,23645.349609375,23313.900390625,23412.55078125,351900,-0.0028155485888248233,-0.0006874189525205576,1.003597789698036,0.9998747303647191,0.11837591724021915,0.948164376778989
2026-06-15,23853.900390625,23853.900390625,24011.400390625,23817.80078125,23984.849609375,398900,0.008898868214308298,0.030357123121935947,1.0129588926587978,1.0091518299138011,0.12317350151304866,0.9576327559605078
2026-06-16,23989.150390625,23989.150390625,24002.599609375,23888.19921875,23923.900390625,327300,0.014342575061686569,0.024791941065167578,1.0179691483808917,1.0144585360892098,0.12454826682957884,0.9632541781579208
2026-06-17,24085.69921875,24085.69921875,24108.19921875,23969.69921875,24044.5,352700,0.01980265978279272,0.021396277101289662,1.021052933747507,1.018179341837557,0.1248258780482239,0.9673183561649354
2026-06-18,24168.0,24168.0,24189.25,24036.94921875,24073.80078125,340000,0.021514011581216463,0.01641023164167854,1.023437693654462,1.0213776652488225,0.1251017940854771,0.9708022012615676
2026-06-19,24013.099609375,24013.099609375,24047.19921875,23901.900390625,23991.19921875,447900,0.015151340006932523,0.04395020472355626,1.0161070777090064,1.0141092127949585,0.1278627472347529,0.9647460772499484
2026-06-22,24102.900390625,24102.900390625,24168.05078125,24073.150390625,24106.599609375,252800,0.016172467009577085,0.042761054343593896,1.0190798904789407,1.0171939788810984,0.12811830698817198,0.9685221592619355
2026-06-23,23824.099609375,23824.099609375,24135.5,23784.94921875,24071.30078125,340100,-0.008638573888817058,0.05825387930761505,1.007734350247409,1.0045014042831866,0.12672659839620287,0.9574899796657563
2026-06-24,24021.650390625,24021.650390625,24090.05078125,23789.25,23795.80078125,395600,0.0045141979451828185,0.048412649093452,1.0158586087227366,1.0120419071158158,0.12914794740167473,0.9655225255923954
2026-06-25,24056.0,24056.0,24261.599609375,24039.0,24125.849609375,448800,0.006226154390753802,0.03216065966183246,1.0169911444316533,1.0129559365811345,0.12920210232085033,0.9669752365614489
2026-06-29,23946.25,23946.25,24120.0,23924.55078125,24061.75,588500,0.016923060589652872,0.04937204902412651,1.0114993193705224,1.0075379087424245,0.11732939550164594,0.9626949719074914
2026-06-30,23865.75,23865.75,24035.55078125,23829.19921875,24032.05078125,449000,0.020662817594981453,0.06870816798480495,1.0070713275185554,1.0030716061277904,0.11475602858413297,0.9595963790648957
2026-07-01,24005.849609375,24005.849609375,24049.900390625,23895.099609375,23897.650390625,352100,0.022241050043506183,0.05848696155557609,1.011868099650632,1.0080233309723385,0.11547156407960187,0.9653671579377572
2026-07-02,24175.69921875,24175.69921875,24194.55078125,24058.80078125,24062.19921875,372900,0.032902366195589394,0.06439454035464642,1.0173761917070048,1.0141173969238604,0.1160700527627775,0.9723066683688715
2026-07-03,24270.849609375,24270.849609375,24378.150390625,24252.349609375,24375.650390625,326600,0.036482692780229975,0.05671305429778073,1.0195476735201872,1.0171824122283013,0.11626473507830705,0.9762257554902096
2026-07-06,24430.349609375,24430.349609375,24458.650390625,24287.099609375,24306.849609375,329400,0.04551992477275091,0.056509210123665055,1.023960232911731,1.0229333455952614,0.11646344370563362,0.9827089372880665
2026-07-07,24398.69921875,24398.69921875,24530.900390625,24348.94921875,24464.44921875,412600,0.0551701430934568,0.016724747353691338,1.0199069877991547,1.0213220423172193,0.10737672220752131,0.981528565582728
2026-07-08,23882.05078125,23882.05078125,24300.0,23805.19921875,24259.55078125,420500,0.027534137734134267,0.004498453156125848,0.9969766989256561,0.9996207102674467,0.1366690529020803,0.960955346451248
2026-07-09,23962.80078125,23962.80078125,24134.69921875,23925.69921875,23928.94921875,384800,0.032214223492506466,-0.003650587908451852,0.9987885827038777,1.003062065072009,0.1365065002401228,0.9644068407321346
2026-07-10,24206.900390625,24206.900390625,24228.44921875,24120.349609375,24124.69921875,313100,0.04513076811961203,0.01527724451905832,1.0067696527297294,1.0130224340087424,0.13892693789468197,0.9744087375378347
2026-07-13,24211.0,24211.0,24259.80078125,24000.19921875,24039.400390625,322700,0.024895317664227035,-0.0008377916412026787,1.0057102141121175,1.0132083428130085,0.12261332592256356,0.9747421247673344
2026-07-14,24052.05078125,24052.05078125,24157.099609375,24023.69921875,24068.0,355800,0.008306833992770324,-0.005980109673819789,0.9986965443480844,1.0066580599702064,0.12128120181379531,0.9685742268995962
2026-07-15,24078.5,24078.5,24220.349609375,24010.55078125,24085.849609375,306900,0.0037245841524224943,-0.011294073037668273,0.9996093492149065,1.0079584375040296,0.11973883131137655,0.9698837838019847
2026-07-16,24072.75,24072.75,24186.5,24050.0,24142.099609375,264300,-0.0005376310080265068,-0.011988566071945206,0.9993975031409236,1.0079231441723773,0.118882889499127,0.9699160503005341
2026-07-17,24334.30078125,24334.30078125,24367.30078125,24099.05078125,24127.599609375,387800,0.006881031994786513,-0.009858924016183823,1.0099073467652102,1.0190465480666893,0.12448562074788855,0.9806503271916478
2026-07-20,24238.5,24238.5,24266.099609375,24135.849609375,24190.05078125,353100,0.009386559598370203,-0.005726435268207486,1.0054612052067886,1.0151336105272926,0.12299589796101094,0.9769793827712994
2026-07-21,24187.69921875,24187.69921875,24262.19921875,24135.650390625,24216.05078125,315600,0.003518200164739582,0.0006059821589157188,1.0031774476680075,1.0129956631862096,0.1226836798417977,0.9751247043831128
2026-07-22,23996.25,23996.25,24166.30078125,23961.400390625,24150.44921875,304700,0.0072258928332074035,0.004113356353308895,0.9948819825693779,1.0049087008438258,0.11860570846038893,0.9676133238480595
2026-07-23,23869.599609375,23869.599609375,23990.75,23807.19921875,23904.80078125,344000,-0.006329739163523085,-0.009260050414001464,0.9899431013177238,0.999760546642074,0.1163698019792697,0.9627045567678932
2026-07-24,23767.44921875,23767.44921875,23823.599609375,23606.30078125,23666.349609375,333900,-0.01199496097647157,-0.009512121231360027,0.9862967750834294,0.99564069311319,0.11699985392827891,0.9587561875460323
2026-07-27,23995.94921875,23995.94921875,24011.599609375,23891.55078125,23928.400390625,319400,0.002075448922065126,-0.007515253506414132,0.9956763470760148,1.0053403099901423,0.12132424899893336,0.9680984213078412
2026-07-28,23985.349609375,23985.349609375,24041.150390625,23954.599609375,23971.25,437800,0.005011349292395995,-0.000508434047550077,0.994989644790572,1.0049047876059851,0.12065674260954654,0.9677929497361076
2026-07-29,24250.19921875,24250.19921875,24283.55078125,24136.75,24176.650390625,424200,0.010178752818628567,0.005427124056670785,1.0054668694120181,1.0159082304316387,0.1251067593523963,0.9785951688799103
2026-07-30,24317.150390625,24317.150390625,24342.94921875,24187.099609375,24249.55078125,400600,0.005850965078407988,0.011831729974512317,1.0079472386126698,1.0185107894049847,0.12303930541382065,0.981411200919395
2026-07-31,24383.599609375,24383.599609375,24429.400390625,24299.69921875,24361.44921875,411700,0.004645490446961942,0.002163926698939722,1.0104654422342498,1.0212564441128575,0.12264223432345729,0.9842308589317786
2026-08-03,24774.30078125,24774.30078125,24774.30078125,24515.150390625,24572.69921875,342300,0.01407884771910961,0.018401645250655463,1.0259250948479548,1.0372960154062258,0.13307179959168547,1.0000687144840714
2026-08-04,24614.900390625,24614.900390625,24703.900390625,24427.94921875,24703.900390625,296500,0.008861176160934514,0.01814805057508817,1.0188680874373848,1.0303064942757125,0.135338235025244,0.9937206650392043
2026-08-05,24624.650390625,24624.650390625,24677.599609375,24497.94921875,24669.19921875,355500,0.03109446572142871,0.03396061003557982,1.0177075515694884,1.030133364782479,0.10804086114590011,0.9942260927231588
2026-08-06,24636.0,24636.0,24677.05078125,24604.150390625,24641.0,344000,0.028093511476202426,0.053741375551050075,1.0167621729415481,1.0297061082905115,0.10787615234017663,0.9948147443857837
2026-08-07,24570.650390625,24570.650390625,24630.400390625,24522.75,24538.900390625,254800,0.015026707018667818,0.049462716681247354,1.0133044929468473,1.0261468965690617,0.10358564367009623,0.9923074618696913
2026-08-10,24583.80078125,24583.80078125,24620.94921875,24511.099609375,24581.25,269500,0.015397991873528527,0.03774657177072438,1.0130680516986001,1.0260574689648618,0.10356678532298061,0.992951176130993
2026-08-11,24471.69921875,24471.69921875,24576.849609375,24429.25,24575.099609375,271800,0.017447511703540197,0.03502862176708188,1.0075772733932113,1.0207905818976242,0.10190254531622495,0.9885934128474542
2026-08-12,24435.94921875,24435.94921875,24473.30078125,24265.94921875,24472.44921875,317600,0.014845161399173579,0.03323474366603918,1.0053655187395147,1.0187426549047676,0.10222943776808574,0.987378429242108
2026-08-13,24395.849609375,24395.849609375,24431.599609375,24311.400390625,24431.599609375,295800,0.01342179889605477,0.03293460959331873,1.003049015890642,1.0165214795983282,0.1025280532071554,0.986019893800905
2026-08-14,24366.0,24366.0,24405.19921875,24296.80078125,24361.900390625,267700,0.0013026558286985956,0.02988291981909641,1.0017564514701789,1.0147794697949977,0.09539279689143669,0.9851075146394479
2026-08-17,24287.650390625,24287.650390625,24360.099609375,24226.94921875,24343.44921875,225400,0.002027781860469924,0.026757946318475723,0.9984343958005669,1.0110722055055277,0.09502310450882372,0.9822537859028885
2026-08-18,24154.900390625,24154.900390625,24269.650390625,24154.900390625,24223.849609375,227000,-0.0013560127330992655,0.01836477446752305,0.993044159225927,1.0052421359067771,0.0968034708758582,0.9772281874128314
2026-08-19,24078.30078125,24078.30078125,24172.849609375,24025.650390625,24152.05078125,238700,0.003419316820336471,0.0019391705129048198,0.9897281054180547,1.0020219405602508,0.09306263333198846,0.9744676414262722
2026-08-20,24231.849609375,24231.849609375,24265.150390625,24184.55078125,24225.44921875,253900,0.015176207641862671,0.013304106057148601,0.9952986570964494,1.0081894253811765,0.09317970801664299,0.9810261464760965
2026-08-21,24252.0,24252.0,24284.05078125,24206.80078125,24284.05078125,259300,0.02038715963123794,0.014424538422204813,0.995136032596737,1.0087865706462005,0.09125791718765491,0.982176782370053
2026-08-24,24219.05078125,24219.05078125,24313.0,24144.30078125,24285.05078125,236300,0.009297467687824357,0.028508064730175864,0.9933293475687197,1.0069473905485464,0.0857416297320738,0.9812069422141844
2026-08-25,24334.55078125,24334.55078125,24334.55078125,24115.44921875,24175.75,239500,0.014558936082320395,0.04071194767810704,0.997352291022946,1.0110825356417876,0.08699139472976293,0.9861946006184986
2026-08-26,24207.75,24207.75,24378.599609375,24207.75,24341.94921875,244800,-0.0017504688669600643,0.030838574008502206,0.9922416714486362,1.0053098953172732,0.0804147455981775,0.9813569423605826
2026-08-27,24090.849609375,24090.849609375,24297.44921875,24090.849609375,24277.599609375,323400,-0.009306221231302092,0.02927718201782481,0.9879082681934656,0.9999809251644396,0.0813668875428282,0.9769491150405181
2026-08-28,24175.650390625,24175.650390625,24188.30078125,24076.849609375,24122.599609375,296100,-0.008528241198237474,0.032417225596812704,0.9918086283915538,1.0029741827040992,0.08182231506584074,0.9806707726388932
2026-08-31,24080.400390625,24080.400390625,24128.69921875,23993.599609375,24117.55078125,710900,-0.02800887890850856,0.030543516873889898,0.989309136857344,0.9985297873543231,0.05534998365067334,0.9770902653356647
2026-09-01,24055.80078125,24055.80078125,24143.150390625,23952.55078125,24077.55078125,334200,-0.02271386844969492,0.04034082001686623,0.989434853552203,0.9968670811719286,0.05205753290521545,0.9763766611109579
2026-09-02,23914.44921875,23914.44921875,23914.44921875,23786.80078125,23858.0,318900,-0.02884106619216753,0.028928092585223997,0.9850596843272661,0.990549525078932,0.05432001538799338,0.970966564872056
2026-09-03,23873.44921875,23873.44921875,24025.400390625,23873.44921875,23997.94921875,239100,-0.030952702599853832,0.02836534311555372,0.9849176778857613,0.9884019645980756,0.05384485658659936,0.9696604571784264
2026-09-04,23897.69921875,23897.69921875,24005.75,23895.849609375,23910.900390625,231400,-0.027388415087773454,0.03178103506620733,0.9872886412543582,0.9889036626899282,0.05443833578432461,0.9710354959480259
2026-09-07,23779.150390625,23779.150390625,23890.0,23737.900390625,23883.150390625,205900,-0.03273091894068325,0.006614344446121079,0.9840265999021317,0.9838920020795928,0.05536018680233016,0.9666309098229238
2026-09-08,23635.099609375,23635.099609375,23758.94921875,23623.099609375,23743.099609375,230100,-0.03418641271685807,-0.009172536887761651,0.9797614752131562,0.9780792997563066,0.056651772951906806,0.9612196507008128
2026-09-09,23431.5,23431.5,23571.55078125,23431.5,23522.05078125,352900,-0.041105389840116136,-0.02324594166715177,0.9733479434031244,0.9700269286438777,0.06170779619027215,0.9534400087920777
2026-09-10,23477.80078125,23477.80078125,23494.94921875,23380.099609375,23446.599609375,253200,-0.03763135298933007,-0.025238978199427553,0.9771344789411354,0.9723515446879769,0.06337521634256398,0.9557969857099993
2026-09-11,23398.099609375,23398.099609375,23448.099609375,23231.400390625,23270.30078125,293000,-0.039723401076294795,-0.03185618961540049,0.9757827545199808,0.9695659182201667,0.06352993205847406,0.9530672805955448
2026-09-15,23118.599609375,23118.599609375,23592.849609375,23118.599609375,23576.150390625,338800,-0.048133547809188326,-0.037250501374290534,0.9664825961556437,0.9585762296958422,0.07273005948434363,0.942272330825128
2026-09-16,23217.599609375,23217.599609375,23284.75,23116.099609375,23201.599609375,261600,-0.038803752699960836,-0.036730051856926904,0.9725267183110103,0.9632704307923072,0.07555474542221309,0.9468574369673459
2026-09-17,23270.599609375,23270.599609375,23363.55078125,23193.650390625,23195.25,259700,-0.03354477457578586,-0.023232777274915017,0.9763984579644154,0.9658389970131445,0.07687873417168506,0.9495395017966201
2026-09-18,23346.400390625,23346.400390625,23389.150390625,23286.599609375,23334.69921875,375300,-0.036540719467301086,-0.028110058593789677,0.9814019982334142,0.9694379099693203,0.07326501520536706,0.9531261085575918
