Date,Adj Close,Close,High,Low,Open,Volume,Return_20D,Return_60D,Relative_Strength_20D,Relative_Strength_60D,Volatility_20D,Volatility_60D
2019-01-02,3028.45,3028.45,3097.1,3021.65,3095.55,96283282,,,,,,
2019-01-03,2960.4,2960.4,3031.15,2956.2,3030.9,89885691,,,,,,
2019-01-04,3001.7,3001.7,3013.35,2949.3,2959.25,89989395,,,,,,
2019-01-07,2997.1,2997.1,3055.3,2991.45,3040.65,66062618,,,,,,
2019-01-08,3010.3,3010.3,3021.35,2987.6,3000.55,71438988,,,,,,
2019-01-09,2975.5,2975.5,3031.7,2951.9,3020.4,90222621,,,,,,
2019-01-10,2972.35,2972.35,2990.05,2961.15,2979.7,58939337,,,,,,
2019-01-11,2971.25,2971.25,3003.5,2961.6,2980.3,60820607,,,,,,
2019-01-14,2939.35,2939.35,2969.75,2930.1,2969.7,56454301,,,,,,
2019-01-15,2986.3,2986.3,2989.75,2937.0,2953.3,64651310,,,,,,
2019-01-16,2967.05,2967.05,3003.95,2963.15,2997.65,61573323,,,,,,
2019-01-17,2963.05,2963.05,2981.65,2948.1,2974.9,56460592,,,,,,
2019-01-18,2957.1,2957.1,2980.3,2940.75,2969.75,49723159,,,,,,
2019-01-21,2945.8,2945.8,2975.4,2938.75,2967.2,43679406,,,,,,
2019-01-22,2880.65,2880.65,2936.05,2864.5,2936.05,71433596,,,,,,
2019-01-23,2896.9,2896.9,2921.2,2877.35,2881.3,56023579,,,,,,
2019-01-24,2893.5,2893.5,2902.1,2864.15,2899.95,43614797,,,,,,
2019-01-25,2857.55,2857.55,2921.6,2846.95,2905.95,51696479,,,,,,
2019-01-28,2827.15,2827.15,2862.2,2802.35,2859.2,54734856,,,,,,
2019-01-29,2828.35,2828.35,2846.35,2803.75,2823.75,48811996,,,,,,
2019-01-30,2882.05,2882.05,2892.35,2830.8,2835.05,76238031,-0.0483415608644685,,-0.0353047116346793,,0.17585363250606623,
2019-01-31,2915.85,2915.85,2920.35,2875.6,2899.85,106481396,-0.015048642075395247,,-0.02991900168208539,,0.1653869552021276,
2019-02-01,2815.65,2815.65,2867.9,2777.3,2867.9,163561461,-0.06198154379185117,,-0.07748404788705332,,0.19611817262892195,
2019-02-04,2794.45,2794.45,2815.9,2737.25,2814.3,83039665,-0.06761536151613234,,-0.080654054943333,,0.19660476584381967,
2019-02-05,2768.3,2768.3,2806.6,2749.25,2791.75,61569729,-0.08039065873833173,,-0.09262889038383204,,0.1953519736229243,
2019-02-06,2832.95,2832.95,2842.5,2741.25,2776.35,71753345,-0.0479079146361957,,-0.06700482230009441,,0.21563119289426633,
2019-02-07,2835.8,2835.8,2855.05,2806.6,2829.85,66561603,-0.045940081080626305,,-0.06883880125091646,,0.21593275572161238,
2019-02-08,2740.5,2740.5,2826.9,2731.7,2821.65,93084422,-0.07766091712242318,,-0.09143119038658787,,0.24342581080069442,
2019-02-11,2725.2,2725.2,2756.1,2675.5,2739.6,116314919,-0.07285624372735477,,-0.08693762139210648,,0.24220996117564417,
2019-02-12,2767.95,2767.95,2805.2,2713.0,2724.4,144981172,-0.07311723537487869,,-0.06802855779685923,,0.2419092184524157,
2019-02-14,2733.65,2733.65,2741.6,2678.0,2727.0,124843281,-0.07866399285485581,,-0.06541826017650376,,0.24371955122098413,
2019-02-15,2677.1,2677.1,2740.65,2653.75,2739.5,104074553,-0.09650529015710174,,-0.07992606176611672,,0.25058345425052403,
2019-02-18,2652.0,2652.0,2696.25,2649.25,2681.6,88794007,-0.10317540833925132,,-0.07878728927418777,,0.25076206461834794,
2019-02-19,2689.7,2689.7,2725.25,2654.2,2654.45,102655306,-0.08693733451015018,,-0.0543242251591286,,0.2602076364882298,
2019-02-20,2765.0,2765.0,2772.55,2701.15,2701.15,123109869,-0.04014718900248215,,-0.02299951056184224,,0.27487780963836533,
2019-02-21,2796.15,2796.15,2805.6,2760.65,2775.5,112682863,-0.03477855638786287,,-0.03093325420210835,,0.2776421877334099,
2019-02-22,2842.2,2842.2,2846.7,2774.6,2796.75,109494758,-0.017729393468118304,,-0.012369901578011988,,0.2849993481084788,
2019-02-25,2852.1,2852.1,2871.3,2826.35,2854.1,142656681,-0.001907228219978796,,-0.011141433013895252,,0.2819958742067217,
2019-02-26,2854.9,2854.9,2871.05,2777.3,2808.75,116511246,0.009815538616628094,,-0.006481341591501488,,0.2792066879828682,
2019-02-27,2846.85,2846.85,2893.15,2827.4,2874.4,118095703,0.006540916081814396,,-0.007958454234232137,,0.27945450291742224,
2019-02-28,2871.6,2871.6,2892.05,2845.25,2862.35,211351359,-0.003625891292656336,,-0.016834944963622034,,0.2727932926826101,
2019-03-01,2922.7,2922.7,2925.65,2895.0,2899.5,148269173,0.002349229212750936,,-0.0006560292456978534,,0.27702816874206343,
2019-03-05,3000.2,3000.2,3005.55,2918.7,2927.65,131405584,0.06554436808552189,,0.05693386551530688,,0.25873120996241256,
2019-03-06,3021.3,3021.3,3035.7,3004.05,3018.45,115511278,0.08117876505215715,,0.06828041686548625,,0.2558680600119866,
2019-03-07,2992.85,2992.85,3026.55,2977.25,3026.55,91111688,0.08111476357331204,,0.0697880189234692,,0.25590896879878483,
2019-03-08,2947.95,2947.95,2975.6,2938.05,2967.85,99976638,0.04059372738664635,,0.043038918479932575,,0.2538416871745313,
2019-03-11,3028.85,3028.85,3033.95,2961.9,2967.6,111767821,0.06807602792862677,,0.05916412569532703,,0.26891824558326816,
2019-03-12,3043.05,3043.05,3065.8,3036.65,3052.8,101887781,0.11039956212370017,,0.07772287449788862,,0.2295928220346884,
2019-03-13,2985.75,2985.75,3042.45,2977.4,3041.4,109275233,0.09560766182298552,,0.05401442852375338,,0.24255560932298456,
2019-03-14,3002.05,3002.05,3021.25,2982.3,2993.0,78589536,0.08457522715366972,,0.03731913921345975,,0.23910414042277892,
2019-03-15,3008.25,3008.25,3015.15,2973.35,2996.9,136776443,0.10045177692828267,,0.03709828266190307,,0.23121447691232125,
2019-03-18,3028.4,3028.4,3032.4,2988.95,3017.9,80827976,0.13122408576444666,,0.062427716940650635,,0.21035676966134467,
2019-03-19,3027.4,3027.4,3055.2,3014.65,3033.65,86874452,0.1415535444947209,,0.05777811288850998,,0.20379692944159136,
2019-03-20,2996.1,2996.1,3038.25,2988.0,3037.65,120227305,0.11391605011711348,,0.0274703717794178,,0.21030490224654375,
2019-03-22,2983.2,2983.2,3009.8,2976.15,2986.0,90812893,0.07891500904159132,,0.011712406245528495,,0.19559116352515696,
2019-03-25,2949.65,2949.65,2956.4,2920.6,2956.0,74806493,0.0548969118251883,,0.002588454241626792,,0.20054870611341247,
2019-03-26,2980.6,2980.6,2989.9,2956.6,2957.45,67500715,0.04869467314052489,,-0.015391873804677436,,0.19626709256246153,
2019-03-27,2982.1,2982.1,3006.2,2972.75,2992.85,76769807,0.045580449493355824,,-0.006344644540314803,,0.19632995081111101,
2019-03-28,2973.7,2973.7,2989.6,2967.75,2980.9,124252847,0.041612665942764915,,-0.026193505418977914,,0.19711263088227113,
2019-04-01,3102.3,3102.3,3145.95,3082.4,3084.65,138097719,0.0897307550450499,,0.009918790298949043,,0.24233465193789672,
2019-04-02,3089.1,3089.1,3122.85,3072.1,3122.85,88241720,0.07574174676138745,0.020026746355396252,-0.009567513865205157,-0.06528251427119636,0.24358826700044908,0.23381350086005145
2019-04-03,3085.0,3085.0,3135.35,3077.7,3106.4,106223165,0.05553084476682524,0.04208890690447231,-0.01631066076200982,-0.04896032782227233,0.238391124610676,0.22886072659377332
2019-04-04,3071.9,3071.9,3091.35,3052.3,3082.9,93270209,0.023898406772881797,0.023386747509744676,-0.031669517889745924,-0.057774995355809766,0.22260553265410069,0.227415253451417
2019-04-05,3132.35,3132.35,3140.05,3073.45,3082.1,91462167,0.03675570118823024,0.04512695605752226,-0.01869984891694476,-0.0378814925617974,0.23118036220401342,0.23071412307212352
2019-04-08,3101.7,3101.7,3162.2,3092.75,3153.8,85426172,0.036370015202900285,0.030362422349931695,-0.013032219793629451,-0.043914418867845306,0.23142449798871645,0.23159124518910684
2019-04-09,3133.65,3133.65,3139.7,3069.65,3105.25,78803264,0.06299292728845485,0.05315073096958489,0.005310398140869532,-0.022094638766879227,0.22425705384538402,0.23103762426442245
2019-04-10,3105.2,3105.2,3156.35,3098.7,3121.25,90987829,0.025207587037984647,0.04469527478257951,-0.01206391580088062,-0.025784157357171322,0.20913401701095896,0.2319130870435598
2019-04-11,3067.45,3067.45,3110.3,3058.45,3099.4,79431691,0.008018271142439248,0.03237694572991168,-0.018129394140277144,-0.04189389253186593,0.21400908688768328,0.2334222210405761
2019-04-12,3071.6,3071.6,3083.8,3050.7,3072.55,60047587,0.028753244578413995,0.04499294061612269,0.0021478860515933285,-0.03936954437974194,0.2013475119004064,0.2322293550938678
2019-04-15,3141.35,3141.35,3152.95,3087.8,3090.7,94034922,0.04640162555587013,0.051920436660750635,0.01580196413828694,-0.021889114272804377,0.21448392982566503,0.23445012008164187
2019-04-16,3149.9,3149.9,3177.4,3143.7,3154.45,135304023,0.04708717693010889,0.06162686843834786,0.015556108125773127,-0.02072629006252913,0.2144882372432736,0.2339820236623119
2019-04-18,3109.85,3109.85,3158.3,3085.4,3155.55,95808893,0.026895390305111455,0.04954354465837563,0.001542525722110888,-0.028180806494694677,0.22027872837623444,0.2356423714797982
2019-04-22,3054.1,3054.1,3113.05,3048.25,3105.65,68977745,0.008819449032172688,0.03280240776436383,0.003438972931295803,-0.030230794706430197,0.23081892600167853,0.23874679166958976
2019-04-23,3042.0,3042.0,3077.85,3038.65,3054.75,65943741,0.015319915890657843,0.032656663724624835,0.010554691231819735,-0.023364957427000732,0.2279291411340669,0.2387579909876838
2019-04-24,3047.75,3047.75,3057.3,3009.3,3050.35,86510330,0.021637838562617473,0.05800774130838526,-0.001863282230954555,-0.015545200086867661,0.2271595151963912,0.23394756225159752
2019-04-25,2991.1,2991.1,3060.9,2985.0,3044.4,89501642,0.014052514705134467,0.032517518726914885,-0.01127278680641397,-0.042292046401414485,0.23398424031490409,0.23717784562888675
2019-04-26,3046.65,3046.65,3073.0,3007.25,3016.95,136936099,0.022159967791719914,0.052928978745464095,-0.0014744902776420155,-0.03046892741189855,0.2400107790247275,0.23995259893833373
2019-04-30,3089.1,3089.1,3099.45,2996.4,3048.9,117468859,0.03588075517252953,0.08103095308918462,0.009397638793834595,-0.0087233362065966,0.24420430720494962,0.2397595331239449
2019-05-02,3085.5,3085.5,3108.95,3063.9,3078.45,80273337,0.0375962605508291,0.09138178023804899,0.02422115251279977,-0.008341075705938561,0.24386279514795653,0.23851555977623382
2019-05-03,3081.25,3081.25,3096.8,3068.25,3090.45,65227022,-0.00678528833446157,0.08941609065356126,-0.010478754262334689,-0.01009854343620864,0.19129522848622238,0.23857751343352138
2019-05-06,3018.75,3018.75,3034.3,3004.75,3011.75,77267042,-0.02277362338545208,0.047431515761350296,-0.01295989243270168,-0.04142203130738076,0.20396395930366853,0.23993996112002403
2019-05-07,2980.4,2980.4,3061.85,2972.25,3042.0,78305970,-0.033905996758508916,0.02213762710701861,-0.021363019312049647,-0.03944055239574995,0.2081077565831812,0.2404318396886662
2019-05-08,2959.5,2959.5,2991.1,2949.0,2968.9,91165223,-0.036589732738695924,0.05108944648660163,-0.01602154816484702,0.008330611019625067,0.20878956555476816,0.22946387341573302
2019-05-09,2917.1,2917.1,2973.0,2905.1,2959.45,75203817,-0.06871837438345008,0.043890568806026264,-0.037503566799982124,0.008192174369727523,0.19717616066095955,0.2309642814160279
2019-05-10,2872.5,2872.5,2944.2,2855.05,2928.95,116341181,-0.07389496082793301,0.03764042914424004,-0.045836913572557925,0.006129567176319739,0.20049318986343295,0.23241129809104782
2019-05-13,2820.85,2820.85,2868.3,2805.5,2862.6,69842092,-0.09981969907296606,-0.004271166098942736,-0.05494716352956219,-0.012022613426256878,0.19936303014367093,0.23073977283075195
2019-05-14,2837.9,2837.9,2852.15,2787.95,2801.5,124242089,-0.08608141182532514,0.0007405317723392368,-0.054810639650263004,-0.013049683476517693,0.20269295645722676,0.23106902020442618
2019-05-15,2778.4,2778.4,2863.3,2767.0,2845.2,90068380,-0.09423136481442229,0.013829593139937923,-0.0563153897605676,-0.005670424974959731,0.2096005208884864,0.22429040313049048
2019-05-16,2810.85,2810.85,2819.65,2760.35,2788.2,80146535,-0.08489061075660898,0.03142888595332449,-0.05170881502968261,-0.002394842216326687,0.21673344856863286,0.22515208518701657
2019-05-17,2807.25,2807.25,2821.7,2779.2,2800.7,69715606,-0.10635554777404621,0.014198233349590916,-0.08213050504967034,-0.03895740481685839,0.19272198244096478,0.22297914218502507
2019-05-20,2899.15,2899.15,2927.7,2856.65,2875.0,76801082,-0.07960570176831006,0.0605417665026613,-0.08309251647864824,-0.04016502482827389,0.23372610927283333,0.23077196719919424
2019-05-21,2854.25,2854.25,2913.0,2839.2,2912.55,62948602,-0.08219045934691382,0.06617235067797256,-0.07847217978470511,-0.025646229651310914,0.23531408754026611,0.2288746807365633
2019-05-22,2864.45,2864.45,2879.15,2826.4,2852.2,91162224,-0.062096853410170016,0.08010935143288078,-0.07446916886247967,-0.02297826529102065,0.2309845095950007,0.22787819953991917
2019-05-23,2822.0,2822.0,2910.35,2811.15,2904.8,100656475,-0.07232084155161078,0.049187641744432575,-0.07932671217187659,-0.050082962685832344,0.23471218478132547,0.22866612468355527
2019-05-24,2904.3,2904.3,2910.6,2804.35,2839.45,87403573,-0.047067508817980386,0.050379746835442996,-0.05712615678179134,-0.05289020401827882,0.2611483808694661,0.229245914461918
2019-05-27,2965.7,2965.7,2972.55,2887.4,2898.45,88464809,-0.008491859182240713,0.06063694723101398,-0.032796537158112704,-0.04454527788905782,0.26613454937611647,0.23197479785349584
2019-05-28,2992.95,2992.95,3020.85,2969.3,2972.0,150197289,-0.0176259169907933,0.05303989867004444,-0.032437043105939534,-0.052328563818587526,0.25939276538037614,0.23040510725788804
2019-05-29,2937.3,2937.3,2986.85,2927.85,2985.1,88244602,-0.049140526366902915,0.029872725360260866,-0.0587547392425003,-0.060291890334498666,0.26065921089065197,0.23381171675953405
2019-05-30,2924.5,2924.5,2946.65,2914.3,2939.1,89231022,-0.052179549505752765,0.02437913762303401,-0.07104139224227157,-0.07811923399166187,0.260686442089445,0.23402061620100043
2019-05-31,2900.4,2900.4,2965.65,2875.1,2953.55,130520838,-0.05869371196754558,0.018810263975973518,-0.07667059981467139,-0.08447330435624378,0.26137840197432644,0.2346074053705646
2019-06-03,2951.25,2951.25,2956.8,2886.3,2905.0,77402301,-0.022360248447204967,0.027737150020894275,-0.06463385047229497,-0.09235085597285142,0.2623783762795426,0.23660562952363404
2019-06-04,2956.4,2956.4,2973.6,2937.85,2942.1,69661230,-0.00805261038786742,0.011530434187566385,-0.05360440525530674,-0.09507888975269219,0.2588637866518542,0.2339023354529067
2019-06-06,2923.05,2923.05,2966.9,2911.8,2959.45,77101810,-0.012316269640141875,-0.025714952336510777,-0.05495035811806381,-0.10364930375253056,0.2607722176133466,0.22868233315297073
2019-06-07,2906.95,2906.95,2952.15,2892.7,2921.25,69140744,-0.0034794830482328676,-0.03784794624830379,-0.053812226130583896,-0.1118233728858683,0.2563955536514456,0.22838227620813686
2019-06-10,2912.25,2912.25,2954.1,2890.6,2935.35,57918434,0.013838120104438634,-0.02693085186360822,-0.043241895002585906,-0.1051081306911752,0.25003407812071693,0.22769108003736213
2019-06-11,2950.65,2950.65,2955.95,2906.7,2926.35,67851791,0.04601449917578049,0.0009158907037094544,-0.027306700636023473,-0.08337640371455568,0.24333014628441946,0.22727339426523901
2019-06-12,2962.1,2962.1,2997.2,2942.75,2950.85,91882222,0.043764755629162266,-0.022038067253247973,-0.01720007722510175,-0.08813290059784673,0.2430067261862303,0.2203438641625753
2019-06-13,2955.95,2955.95,2960.65,2914.8,2956.6,89607153,0.06390368557443127,-0.028622599037150365,-0.003950558818102579,-0.08285131800358336,0.22765494864596797,0.22011757075360525
2019-06-14,2944.9,2944.9,2975.55,2926.25,2946.15,58594521,0.04769020047316652,-0.0136816545256635,-0.0026069644236390577,-0.05614438948439959,0.22656086546101822,0.21682888825876342
2019-06-17,2860.5,2860.5,2941.35,2855.35,2940.9,81137278,0.018968741651081977,-0.04715111340583944,-0.004262301240908872,-0.07614636526267049,0.25244394782848606,0.22438166367801798
2019-06-18,2874.9,2874.9,2892.05,2838.3,2861.9,81423991,-0.008364520635358641,-0.044328097731239025,0.003196783868688824,-0.06748849623756681,0.22469429972043253,0.22462495108699032
2019-06-19,2886.3,2886.3,2935.4,2856.8,2906.85,123650583,0.011228869230095473,-0.04692246730947036,0.012736193845249377,-0.06692299042838723,0.21777999343851323,0.22430967906219126
2019-06-20,2940.1,2940.1,2944.1,2870.35,2884.1,89601872,0.026409956536158852,-0.02883662548721677,0.01841452240809649,-0.054793893639157654,0.22674906233891962,0.22776001766463277
2019-06-21,2930.2,2930.2,2952.6,2919.65,2932.7,102037213,0.03834160170092127,-0.021995260505323633,0.03258973430643364,-0.03961950552897464,0.21936552726454184,0.2269088535237582
2019-06-24,2892.45,2892.45,2949.6,2887.05,2932.85,79123328,-0.0040801570085736705,-0.03042035398230092,0.008115723093250482,-0.05160845824465787,0.20079535671007884,0.2282400657918872
2019-06-25,2942.65,2942.65,2946.6,2854.9,2862.55,90176604,-0.007772195434467277,-0.0023731629176343416,0.0029869235984264497,-0.04131894932470648,0.19598809228452052,0.22995493125458968
2019-06-26,3022.95,3022.95,3028.9,2924.15,2927.25,101079711,0.01002355535508448,0.014208548614372818,0.016830655454633914,-0.01751590262438807,0.21654028548428939,0.23557592725448298
2019-06-27,3014.2,3014.2,3044.5,3004.65,3027.5,109220854,0.026180505906785,0.010764226551758904,0.02782873459816604,-0.02387957201324231,0.20482196464440286,0.23566254411466345
2019-06-28,2980.2,2980.2,3024.55,2960.35,3014.7,79692527,0.019045990767652565,0.002185829101792436,0.03219282575827842,-0.01672943532128457,0.20883661396429146,0.23677060232772304
2019-07-01,2977.95,2977.95,3022.45,2959.5,3002.6,85634331,0.026737691352916704,-0.040083164104051994,0.0315352385942963,-0.05691808457159753,0.20612243680194478,0.21974591410161184
2019-07-02,2993.35,2993.35,2998.85,2958.4,2978.35,64410279,0.014265141889030053,-0.030996083001521457,0.029010500338137124,-0.0478232187192118,0.19789290684269806,0.2199381782648004
2019-07-03,2992.15,2992.15,3007.55,2968.15,2991.1,82613321,0.012092409687457728,-0.03009724473257691,0.020818365543469497,-0.05352570329789441,0.1978905122103013,0.2199319213334693
2019-07-04,2962.5,2962.5,2991.5,2957.35,2983.55,61655453,0.013496176938471827,-0.03561313844851721,0.004799607017627494,-0.06568297807603929,0.19683917267915801,0.22065623231814582
2019-07-05,2851.25,2851.25,2971.05,2843.9,2966.75,88238012,-0.01916097628098168,-0.08974092933420597,-0.014148614022634787,-0.10218742472305498,0.24009009062211678,0.22975845636684047
2019-07-08,2791.2,2791.2,2854.25,2782.1,2831.55,89644191,-0.04156579963945406,-0.1001063932682078,-0.01102736623318179,-0.09615099746270128,0.25032298482621546,0.23269838174648208
2019-07-09,2788.05,2788.05,2811.55,2770.75,2791.65,71971971,-0.0551065019571958,-0.11028672634148673,-0.020866745311068136,-0.1003441029798735,0.24385885496642978,0.23135543166883635
2019-07-10,2756.45,2756.45,2812.45,2736.6,2791.7,97290500,-0.06942709564160565,-0.11231160633775605,-0.03521804506240789,-0.10493961014443032,0.2443127444473644,0.23170400681798428
2019-07-11,2805.25,2805.25,2812.25,2765.7,2792.15,99484054,-0.050981917826756096,-0.08547816590327462,-0.023187052143702536,-0.08428818906028634,0.255604641334069,0.23410492440562114
2019-07-12,2826.3,2826.3,2859.55,2785.4,2811.0,95026826,-0.04027301436381536,-0.07986065893996608,-0.017369103513129036,-0.07204938360603497,0.2580391513562093,0.23475784858300616
2019-07-15,2823.0,2823.0,2833.5,2783.0,2831.0,67395775,-0.013109596224436304,-0.10134177980804426,-0.005930046745935003,-0.0926166344181919,0.23747138453216574,0.22944274149504307
2019-07-16,2847.35,2847.35,2851.7,2810.55,2814.2,65890342,-0.009582942015374463,-0.09605066827518338,-0.0071110273230766685,-0.08548401076065282,0.2389363185567091,0.23024840977110814
2019-07-17,2848.8,2848.8,2859.4,2827.9,2842.5,58210307,-0.012992412431140243,-0.08394295544801189,-0.012654542000482771,-0.07838684917778893,0.23839955790211978,0.22911732767660656
2019-07-18,2778.6,2778.6,2840.4,2772.0,2837.85,68926959,-0.05493010441821711,-0.09020660751121445,-0.03508100268981684,-0.09041793234949713,0.24200026616353723,0.23166149582285908
2019-07-19,2741.85,2741.85,2807.9,2734.0,2795.4,87063590,-0.06427888881305033,-0.09866863905325451,-0.038276925376026005,-0.0851319364354467,0.24485494904357463,0.23286242238861196
2019-07-22,2788.1,2788.1,2795.7,2734.85,2743.65,85850050,-0.03607668239727568,-0.08519399557050289,-0.0058663612755675,-0.052792040738312784,0.2519263880364947,0.23581472939087622
2019-07-23,2778.75,2778.75,2796.95,2765.9,2792.25,61577981,-0.0556980952542776,-0.0709939487145197,-0.016245515629100704,-0.044301340594349314,0.24167547285478222,0.2330913755988033
2019-07-24,2712.95,2712.95,2786.1,2691.45,2780.4,95406532,-0.10254883474751486,-0.10953013966159564,-0.053910085850084166,-0.06841019394862069,0.22544480509772852,0.2340220316535854
2019-07-25,2686.4,2686.4,2736.25,2678.05,2718.0,105150125,-0.1087519076371839,-0.1303615939917775,-0.058978066899784354,-0.08814218212624614,0.22576425468624162,0.23222999659301607
2019-07-26,2692.45,2692.45,2708.4,2662.35,2694.95,100451734,-0.09655392255553319,-0.12738616107600076,-0.05375502178015468,-0.089820311457672,0.22645759744920277,0.23240841562357556
2019-07-29,2611.9,2611.9,2689.15,2603.3,2686.85,87105689,-0.12292012961936893,-0.1523245436105476,-0.06591505306781587,-0.10766618977695452,0.242777613962001,0.23942350543043436
2019-07-30,2527.0,2527.0,2646.2,2510.35,2614.0,102407306,-0.15579534635107817,-0.16289855072463766,-0.08653601387501009,-0.1186807067072212,0.2558469528761247,0.24471911682930558
2019-07-31,2588.15,2588.15,2595.9,2495.4,2513.55,100321010,-0.13501996891867052,-0.13160985102670786,-0.06799246561449779,-0.09856900202659324,0.2794767532741379,0.24992850457064722
2019-08-01,2507.05,2507.05,2572.05,2486.7,2571.2,97881598,-0.15373839662447253,-0.15288055414766,-0.07281680707082827,-0.1194766315291973,0.29276045434842823,0.2569822056795383
2019-08-02,2459.1,2459.1,2494.95,2430.35,2474.7,133622061,-0.13753616834721616,-0.1570052449350382,-0.06863510838815012,-0.13006704035047045,0.2741967798953112,0.25812069470242405
2019-08-05,2415.35,2415.35,2439.45,2362.75,2428.2,105475190,-0.13465534537116652,-0.15914708442123593,-0.07444043841691184,-0.12223738872111001,0.2722049321515128,0.2587014474603678
2019-08-06,2448.05,2448.05,2466.5,2385.1,2385.5,97127314,-0.12194903247789668,-0.13215874647712555,-0.06936547169210361,-0.11422309840753198,0.28130467625551986,0.2588460248850307
2019-08-07,2389.45,2389.45,2445.15,2378.2,2441.85,98686916,-0.13314226632081116,-0.1580217766658446,-0.07718905612085492,-0.12535842094500382,0.2878761022697654,0.26206435369241304
2019-08-08,2418.8,2418.8,2425.15,2355.75,2391.25,138274688,-0.13775955797166017,-0.12942700835012955,-0.09023690157740982,-0.11826363067804024,0.28237173033944885,0.26102699453022205
2019-08-09,2398.0,2398.0,2453.5,2390.1,2430.7,111809408,-0.15154088384106434,-0.14687727911485848,-0.11320722364846536,-0.13377894794017442,0.2768432797923733,0.25970951544578014
2019-08-13,2355.9,2355.9,2410.75,2350.05,2381.85,140378237,-0.16546227417640802,-0.16078012289607269,-0.1082927873787336,-0.11858722065770488,0.2774845353869238,0.2615170567358281
2019-08-14,2411.05,2411.05,2423.65,2367.75,2381.7,162317062,-0.15323019649849856,-0.16835969163375464,-0.09893705089132177,-0.10082226138202677,0.29405999260369287,0.2569317942532067
2019-08-16,2402.05,2402.05,2411.2,2356.5,2391.95,115682747,-0.15682041561359172,-0.1584304107909258,-0.1020867090627896,-0.10195298496409078,0.2927525456315888,0.25560635696265505
2019-08-19,2391.35,2391.35,2420.7,2384.9,2413.7,74033733,-0.13936874685093215,-0.16516259665904442,-0.09254589059539642,-0.10688982408156478,0.28647519593262627,0.2552715391046418
2019-08-20,2351.15,2351.15,2393.05,2337.2,2391.65,92494798,-0.14249503072742853,-0.16684975194897234,-0.10726942484262869,-0.11194308041445378,0.28774251226884184,0.2557083686167142
2019-08-21,2283.2,2283.2,2342.4,2277.25,2340.35,126068128,-0.18109106560022958,-0.21385531797679314,-0.14341325341279654,-0.1357236368374336,0.2823029623445231,0.2525496263343595
2019-08-22,2203.6,2203.6,2272.55,2189.85,2263.2,156143956,-0.20698155645524074,-0.25697137269447345,-0.1549387002788828,-0.15773236218062625,0.29504150657647,0.25520876067539355
2019-08-23,2278.65,2278.65,2290.15,2183.25,2191.4,129503257,-0.16008404135719412,-0.23866085300456064,-0.12087381689588561,-0.1464969304959155,0.33134880366403163,0.2656165910533196
2019-08-26,2256.65,2256.65,2305.25,2174.1,2297.3,148604221,-0.15997245384157233,-0.23172641541551764,-0.1427045739693048,-0.1640050382705932,0.3313432264418066,0.2641888477957519
2019-08-27,2303.9,2303.9,2314.2,2262.65,2275.85,130994096,-0.14431094356441154,-0.21220721490853134,-0.12845260955965887,-0.14184409837780465,0.3456312970140342,0.26915633264644234
2019-08-28,2226.45,2226.45,2299.7,2211.9,2297.8,104131736,-0.14757456257896562,-0.2323645014480762,-0.13478539235771525,-0.15883309861702122,0.3491904067946803,0.276077710526496
2019-08-29,2254.35,2254.35,2274.75,2196.1,2212.95,162182495,-0.10789473684210527,-0.23613722998729358,-0.09552706575162784,-0.14181243351271133,0.34317671592239746,0.274597672336348
2019-08-30,2289.95,2289.95,2310.9,2243.0,2282.15,164734483,-0.11521743330177936,-0.22542619401975383,-0.1066952170758394,-0.1423760005618243,0.3348887151457022,0.2774160713436939
2019-09-03,2218.95,2218.95,2270.4,2211.1,2269.7,80035369,-0.11491593705749803,-0.2408785344075539,-0.09833127317999346,-0.1525746096054431,0.3345437289989189,0.28263965167348676
2019-09-04,2254.65,2254.65,2259.4,2198.85,2219.95,107721458,-0.08314017323410994,-0.22439326441803253,-0.06925508053688156,-0.13796160597998297,0.3394668243031908,0.28574994953882227
2019-09-05,2313.6,2313.6,2341.35,2280.1,2280.1,140379199,-0.04212639990063549,-0.20556270924542885,-0.04077320459945599,-0.11541536115476181,0.35152111336908176,0.29208053165599734
2019-09-06,2357.7,2357.7,2366.5,2295.5,2324.65,112756509,-0.03690692592063083,-0.2009557216206599,-0.03671969922344176,-0.11576154436741093,0.35522930542742326,0.2937481157104414
2019-09-09,2360.05,2360.05,2382.9,2322.6,2356.85,106820438,-0.012304086714515772,-0.2032510718746834,-0.02589625701413356,-0.127395603647249,0.34532795154301776,0.29348876392287726
2019-09-11,2414.55,2414.55,2419.1,2371.45,2373.1,130371811,-0.001757069621299845,-0.18315600737495552,-0.0020516551342606437,-0.10943215832495246,0.3525438349891692,0.2985046359906624
2019-09-12,2410.6,2410.6,2452.55,2403.85,2423.6,140491714,0.005254378648874125,-0.18143230669971822,0.01667243245590877,-0.11034386152075282,0.3511655748973261,0.2985246321692918
2019-09-13,2444.1,2444.1,2450.35,2384.8,2417.35,117248330,0.03743792181331962,-0.14556895647614054,0.02370436455098579,-0.09448582440144548,0.3475701048891576,0.29565232630071847
2019-09-16,2440.55,2440.55,2447.65,2414.55,2418.8,82831422,0.012235333153605366,-0.15108351594838076,0.01458363765862769,-0.09223734565372221,0.3384215904324588,0.29523484287634705
2019-09-17,2375.85,2375.85,2468.7,2369.7,2441.35,193803566,-0.010907349971899127,-0.17685271801268065,0.009929395749618042,-0.10211001532487751,0.3520463433903926,0.2989875973232864
2019-09-18,2402.65,2402.65,2415.75,2373.45,2387.8,131309592,0.004725364333953763,-0.18279990476514396,0.024017197303686455,-0.09903380005747175,0.3541272263644732,0.2971018980167187
2019-09-19,2363.45,2363.45,2395.95,2335.9,2395.65,122579323,0.005231482466027115,-0.19341683161558942,0.03356952324958884,-0.10647626998197512,0.35380737491861397,0.29830974631735674
2019-09-20,2497.65,2497.65,2519.4,2338.95,2374.75,275208322,0.0939251927119833,-0.13649328424000406,0.06136637218931518,-0.10012893307499693,0.3858762772795291,0.3210203657388371
2019-09-23,2526.2,2526.2,2576.25,2496.85,2569.25,144675202,0.14639680522780907,-0.1415220974291881,0.06643938673098448,-0.12488573676553838,0.35620002066626033,0.31971364755882586
2019-09-24,2485.1,2485.1,2528.4,2481.15,2528.4,95245400,0.09060189147082687,-0.17792222828693827,0.02052837705768429,-0.15603165904262173,0.35065796549663064,0.31495282725705115
2019-09-25,2419.75,2419.75,2461.6,2404.5,2455.2,99755216,0.07227527529745426,-0.1972165085263088,0.03769797505877692,-0.16332317395483864,0.3645414184203751,0.318574883451053
2019-09-26,2520.45,2520.45,2529.95,2422.55,2427.85,176637060,0.0939927948261643,-0.15426816992148173,0.05204449042121029,-0.1358058583919992,0.38356516033648225,0.3308739693325707
2019-09-27,2453.95,2453.95,2515.8,2446.1,2514.0,139274345,0.10218060140582552,-0.17595997246427908,0.05996653510732464,-0.14619331672183034,0.37439397187407125,0.33445616750579577
2019-09-30,2439.85,2439.85,2444.05,2385.1,2428.65,125396406,0.08228535941623982,-0.1849098835752585,0.034227633558227666,-0.14831553947625742,0.37507974927695525,0.33403551400963205
2019-10-01,2397.05,2397.05,2449.75,2352.55,2441.55,137817713,0.04676958012183685,-0.19888708787995246,0.016229549674827037,-0.15215877610241246,0.3799263245079103,0.3352492008353772
2019-10-03,2326.55,2326.55,2370.9,2316.5,2368.95,127881703,0.04849140359178916,-0.21466666666666656,0.0006951107288646341,-0.16170247138343052,0.3780281477108315,0.3392911721124411
2019-10-04,2297.2,2297.2,2349.0,2290.0,2344.85,114280310,0.018872108753021477,-0.194318281455502,-0.011566826342605419,-0.14043696002807038,0.37804689045464984,0.33223919909063804
2019-10-07,2269.95,2269.95,2316.75,2264.95,2305.7,142416626,-0.018866701244813266,-0.18674763542562345,-0.044539872086304944,-0.1493556300481338,0.36873299770755763,0.33066200300580834
2019-10-09,2317.7,2317.7,2325.65,2252.35,2262.8,134386007,-0.01696568689824829,-0.1687021394881728,-0.05050240309426701,-0.14770848449489205,0.37017517034261715,0.33435688447142786
2019-10-10,2283.35,2283.35,2309.9,2278.7,2300.65,116215329,-0.032499311455265856,-0.1716338043497977,-0.053538932661140626,-0.14864459869035707,0.37342180763192967,0.3348104167636549
2019-10-11,2337.1,2337.1,2357.5,2300.0,2300.75,138257780,-0.032076370338158355,-0.16688352196773915,-0.05648348584582763,-0.14289552443972897,0.3738048738478973,0.33652020535267974
2019-10-14,2360.2,2360.2,2386.5,2352.0,2360.65,115024579,-0.02090765784452009,-0.16491526023422864,-0.053536003285593714,-0.1466205526492903,0.37601379783581856,0.3368698142979427
2019-10-15,2397.05,2397.05,2425.85,2331.45,2354.45,167962621,-0.01925043983470387,-0.15088558271342534,-0.05106721333699926,-0.13707431449296892,0.3769468679643922,0.3389813110149917
2019-10-16,2388.3,2388.3,2416.25,2379.55,2411.8,106691693,-0.02140910860256906,-0.16122008183047387,-0.0632594289551841,-0.14419132186041062,0.37706533719748503,0.3381635069048758
2019-10-17,2410.95,2410.95,2424.75,2352.1,2369.55,132333606,0.01477365995327995,-0.15369629317607425,-0.056291088952176604,-0.14504171429906887,0.3659962803141784,0.3390454759963273
2019-10-18,2456.0,2456.0,2463.25,2398.65,2413.25,193396086,0.022204649033358947,-0.11610163391636075,-0.053547191415270756,-0.1217022010129365,0.3696661126081758,0.33860734193245084
2019-10-22,2442.85,2442.85,2478.4,2430.1,2453.0,129682491,0.03359495652541833,-0.10905045863194562,-0.04894276681440579,-0.12385875246691724,0.3647493755076135,0.3378697897128286
2019-10-23,2436.85,2436.85,2458.1,2420.75,2436.5,93103718,-0.024342882309370872,-0.1259818514400488,-0.053604329538209705,-0.14871187643723216,0.3049416732867255,0.33562640829016654
2019-10-24,2419.55,2419.55,2453.45,2414.85,2435.2,118983065,-0.042217559971498564,-0.12926675663517762,-0.04070029426563493,-0.15146680067553098,0.301857866147083,0.3357685216450499
2019-10-25,2410.85,2410.85,2437.0,2404.9,2419.05,101929012,-0.029878073316969123,-0.11135479828231254,-0.02950702305765107,-0.1390890074111918,0.29722930556595945,0.33273825209000457
2019-10-29,2518.3,2518.3,2528.1,2428.4,2434.5,152777135,0.04072734786651511,-0.0625744490768314,0.010426355913198071,-0.11009418532169146,0.3220216507418561,0.34513426845858747
2019-10-30,2514.25,2514.25,2534.4,2502.6,2534.4,104269436,-0.0024598781963537375,-0.06618507307470889,-0.02604424364299518,-0.1157938050631091,0.2876380819862651,0.3450660092505455
2019-10-31,2500.75,2500.75,2539.3,2492.0,2525.8,140575878,0.019071293221133434,-0.042555227994946265,-0.012637976114632021,-0.10406543319159012,0.27093358100255793,0.3397839260724107
2019-11-01,2561.75,2561.75,2568.35,2483.5,2494.85,163442365,0.0499620878332685,0.013751483973090561,0.013694605995009823,-0.05888452288065937,0.2816528165218808,0.33673602615045295
2019-11-04,2642.15,2642.15,2660.1,2578.35,2578.85,250913240,0.102250683131349,0.020864323937948015,0.0510707084774944,-0.053186746820057085,0.2883242642804304,0.3391326886210003
2019-11-05,2616.95,2616.95,2673.75,2609.2,2667.0,158682098,0.12482001246480823,0.04383638140443935,0.0715055175635797,-0.041518827640415035,0.26389350270827117,0.33312677541467134
2019-11-06,2633.45,2633.45,2656.7,2608.8,2613.9,149055760,0.1463738464217308,0.07089992273596035,0.07556243635103566,-0.017184954959180265,0.2546095543187143,0.3306755915726035
2019-11-07,2659.05,2659.05,2677.85,2596.7,2645.35,209561002,0.17141346725698825,0.10089635042540435,0.09181455089867163,-0.004920879026785396,0.24485547224598098,0.3287034629397284
2019-11-08,2612.95,2612.95,2669.95,2607.25,2652.15,130225586,0.12738922207360748,0.06735973529952388,0.07480946230351515,-0.020316413000432743,0.25559379765843787,0.3300533996309963
2019-11-11,2610.1,2610.1,2622.45,2598.55,2610.15,117297112,0.14310114524711492,0.09234342631149439,0.08267145269799858,-0.005114101698500573,0.24506903310909886,0.325853033576415
2019-11-13,2556.65,2556.65,2637.8,2546.8,2617.95,146928227,0.09394120919087756,0.056991069952042395,0.046581807872450476,-0.01624742065481355,0.2550938822770532,0.3281901733897751
2019-11-14,2506.6,2506.6,2562.1,2499.5,2560.2,126711898,0.062028641640538895,0.04528773978315259,0.015212472163683932,-0.023341712264537406,0.2681761994700774,0.33036153209811325
2019-11-15,2498.8,2498.8,2529.05,2491.0,2512.65,106985072,0.04244800901107615,0.06065622479731747,0.0015713783128343817,-0.028087499544771966,0.2648011312298728,0.32822713782742685
2019-11-18,2539.65,2539.65,2550.3,2495.6,2511.35,107277965,0.06337143574927762,0.05333775740859781,0.026691393879075154,-0.024191353793298065,0.2684625796442355,0.3265330566526803
2019-11-19,2517.95,2517.95,2549.25,2512.45,2547.1,84027887,0.044380845724714346,0.048250452738285876,0.013849227749561432,-0.03251674258226145,0.2704077204553668,0.32697517709285084
2019-11-20,2524.9,2524.9,2549.85,2509.75,2520.1,98967916,0.028053745928338758,0.05584711564597411,-0.0008653373471720904,-0.029661092800669753,0.2634733111103835,0.3268148246140699
2019-11-21,2470.45,2470.45,2524.65,2466.65,2524.65,88636286,0.011298278649937599,0.050741126682687154,-0.021497658136655273,-0.03561635635489124,0.27525204439378265,0.32809478160894845
2019-11-22,2521.15,2521.15,2529.7,2468.0,2472.9,120472726,0.034593840408724486,0.10421776454099518,0.007853223584020075,0.013025573391725942,0.2836789971359812,0.3243612186214532
2019-11-25,2602.0,2602.0,2608.95,2533.3,2535.05,159550308,0.07540658386890109,0.18079506262479583,0.03300242528713837,0.05675102355338457,0.30046232045066457,0.3206571992893711
2019-11-26,2580.55,2580.55,2627.9,2565.65,2614.6,155795660,0.07039011137150819,0.13249072915980964,0.03121506761381454,0.020909643543049583,0.302408108559165,0.3149398221224646
2019-11-27,2602.85,2602.85,2616.85,2583.4,2585.15,84538138,0.03357423658817438,0.15341324529723255,0.006947054912091133,0.059104620856061274,0.2637419491134935,0.31425016058889693
2019-11-28,2656.85,2656.85,2662.8,2597.9,2604.0,117266089,0.056716714726061435,0.15319675333130767,0.03079234804757114,0.05902585209582134,0.27170364854429757,0.31420359270840514
2019-11-29,2625.5,2625.5,2668.35,2608.45,2644.95,103823440,0.04988503448965309,0.1792315120483281,0.03484816997428042,0.08780103151424545,0.27523406766214864,0.3063378359707289
2019-12-02,2632.65,2632.65,2637.1,2612.15,2631.85,80531419,0.027676393090660723,0.16780890278794347,0.014422176220618033,0.06734577972347644,0.2631080711985265,0.3056694133928459
2019-12-03,2564.2,2564.2,2629.25,2555.45,2627.85,138745383,-0.029502488503680868,0.11976244022795268,-0.03393252472170072,0.03168041402764876,0.2562511815333127,0.31008354719107345
2019-12-04,2604.0,2604.0,2613.15,2514.0,2536.8,148570248,-0.004948508760197923,0.173528020009464,-0.015521461965226857,0.05820006182893667,0.26109637949954717,0.3033417614093022
2019-12-05,2543.95,2543.95,2611.2,2535.85,2605.7,100777191,-0.03398583607055383,0.1283125984077349,-0.03836076236552821,0.020079510413059998,0.2721953122629837,0.306656659009712
2019-12-06,2535.85,2535.85,2571.5,2516.55,2551.05,119518611,-0.04633233673680459,0.09606241355463352,-0.03879408921370786,-0.00290601081464148,0.2688573229470251,0.302778851539555
2019-12-09,2551.7,2551.7,2577.05,2528.45,2539.0,95567208,-0.02344093840295447,0.08228358145650416,-0.025905604065734944,-0.008277507049076593,0.264313791662454,0.3007854690749874
2019-12-10,2515.9,2515.9,2556.6,2510.75,2549.0,72816872,-0.03609057124248105,0.06603673650981956,-0.03133540882552732,-0.011555387051803034,0.26827386386729973,0.30244723593619954
2019-12-11,2509.55,2509.55,2533.6,2484.0,2524.65,82300049,-0.018422545127412815,0.039344805450290954,-0.024309162119399708,-0.03989350112167722,0.25892907686409433,0.29909947146340315
2019-12-12,2568.8,2568.8,2580.55,2518.5,2525.4,103754947,0.024814489747067903,0.06562681490085476,0.016416632704681744,-0.024423082901879667,0.26251327393241036,0.3026438201491577
2019-12-13,2626.75,2626.75,2645.3,2607.55,2620.3,184004809,0.05120457819753477,0.07473098482058838,0.03512700258166079,-0.01653020109103953,0.27226783891687684,0.3046690344817072
2019-12-16,2591.1,2591.1,2642.5,2586.65,2640.55,109215224,0.020258697064555964,0.061686914834770734,0.00600061339990865,-0.03377818220821549,0.2729575198472894,0.30614772611214625
2019-12-17,2665.75,2665.75,2677.25,2600.95,2603.9,201488191,0.05869854445084299,0.12201948776227467,0.03986282297592214,-0.0025368315026095267,0.2869459992243796,0.30561454324760895
2019-12-18,2687.65,2687.65,2704.6,2648.85,2667.75,171742506,0.06445799833656785,0.1186190248267538,0.04591070824855836,-0.00877185581582185,0.28756759333697024,0.3052832391078633
2019-12-19,2691.1,2691.1,2697.65,2667.75,2678.85,136867866,0.08931571171244101,0.1386320844528126,0.06497663588108105,-0.006620551653855111,0.2722999065729697,0.3028922623584226
2019-12-20,2707.5,2707.5,2724.65,2684.3,2693.35,176182487,0.0739146817920393,0.08401897783916867,0.043917417780018564,-0.004466200008726329,0.26579020337841586,0.28215298884131723
2019-12-23,2706.35,2706.35,2738.0,2694.55,2711.0,134979945,0.040103766333589475,0.07131264349616018,0.024449971944936477,0.014197266732642877,0.24449718193524383,0.2813980163217473
2019-12-24,2723.15,2723.15,2734.15,2709.6,2716.5,101451396,0.055259537695452554,0.09579091384652538,0.04056822569186358,0.04174027623082699,0.24183624187316924,0.2791796538215548
2019-12-26,2739.0,2739.0,2754.95,2721.1,2725.1,149468563,0.0523080469485373,0.13193511726418028,0.050171839211978986,0.07194057191905379,0.2411309634407749,0.2730463866220358
2019-12-27,2760.35,2760.35,2768.75,2724.65,2750.8,92652472,0.03895590643054736,0.09518141601698105,0.03116656871191248,0.03688153372402048,0.2326084464798213,0.26118196487010703
2019-12-30,2796.5,2796.5,2801.6,2737.7,2765.2,105739743,0.06513045134260143,0.13959127121579495,0.0485578750904847,0.07501314732119702,0.22980783352553377,0.25545723698608724
2019-12-31,2801.3,2801.3,2813.6,2783.8,2788.1,100854196,0.06406092720262846,0.14814435313646346,0.0540801833528719,0.08766215240465747,0.2298607338591842,0.2549236118307916
2020-01-02,2869.9,2869.9,2873.1,2818.2,2818.4,235152637,0.11921846969815153,0.1972633028097035,0.09520686447977655,0.11607422782022137,0.2133974861093116,0.2553418534429175
2020-01-03,2848.35,2848.35,2867.75,2835.55,2860.65,129974194,0.09383640552995387,0.22428058713545784,0.07860372714402919,0.14361500549987372,0.21499632190553855,0.24703917728342015
2020-01-06,2765.75,2765.75,2829.0,2761.45,2828.25,103564241,0.08718724817704748,0.20396569737071224,0.0892965626543114,0.1307381258646383,0.22625353994054356,0.25397038907751907
2020-01-07,2785.9,2785.9,2815.25,2763.3,2785.25,132967777,0.09860599010193827,0.22729575541311497,0.08757967669234223,0.14402086217197274,0.22477514489727157,0.2521594420173917
2020-01-08,2767.25,2767.25,2777.2,2736.4,2751.2,155905479,0.08447309636712785,0.19396384346550466,0.07711396678597593,0.13102466418268643,0.22827862779551358,0.2503497951314736
2020-01-09,2806.8,2806.8,2820.45,2787.25,2814.95,127392791,0.11562462736992729,0.22924650185035156,0.08533815953266721,0.14189537492508375,0.22035525784539067,0.24857085400123188
2020-01-10,2840.75,2840.75,2864.55,2803.2,2820.6,150019071,0.13197585224442632,0.21550211800949892,0.1028704755117058,0.1313140766967249,0.21940164963958533,0.24579269409812787
2020-01-13,2874.1,2874.1,2877.35,2846.15,2851.85,99128959,0.11884926814076602,0.21773578510295732,0.08896654325090236,0.13058418407317585,0.2110663832035596,0.24603139718636424
2020-01-14,2900.65,2900.65,2917.1,2876.85,2880.5,134446695,0.10427334158180268,0.21009157088921793,0.08147145149422652,0.12836462847763497,0.2022595730735035,0.24503311482610954
2020-01-15,2921.45,2921.45,2927.95,2870.8,2888.8,125337815,0.12749411446875847,0.22323409956873075,0.1034895678523704,0.14653313963437098,0.18995957186774362,0.2447459532663017
2020-01-16,2884.8,2884.8,2924.1,2872.5,2920.1,109111806,0.08217199662383945,0.19654078267902708,0.06651231721570139,0.13015659641188315,0.18141716386391757,0.24657468087093412
2020-01-17,2864.65,2864.65,2895.0,2860.6,2882.9,82853773,0.06585678938849915,0.16638843648208468,0.05516271661005856,0.10717827487573839,0.18469989020657435,0.24525634644428632
2020-01-20,2835.85,2835.85,2882.35,2832.25,2872.7,100482749,0.05378841365984166,0.16087766338498066,0.05665556294285923,0.10597768049200584,0.19058768212944216,0.2461012787684749
2020-01-21,2799.95,2799.95,2845.75,2794.35,2823.65,107638493,0.034145891043397825,0.1490038369206148,0.042453571818434455,0.10024951568547746,0.197634832497366,0.24787920943845537
2020-01-22,2756.75,2756.75,2806.15,2749.5,2804.8,116380307,0.018622868439041484,0.1393647579095285,0.03133205759930324,0.09409851380784784,0.20684693581301042,0.24984295198180348
2020-01-23,2769.25,2769.25,2779.35,2750.95,2759.05,139648420,0.01692892422378489,0.14866126055125783,0.019728879675223188,0.09717176231345226,0.20636878175760362,0.24959536803879412
2020-01-24,2796.2,2796.2,2808.0,2756.9,2772.4,93124814,0.02088353413654609,0.11035222173688575,0.010847687397562034,0.07120686857500158,0.20806002031960408,0.23487184879425954
2020-01-27,2709.75,2709.75,2767.65,2698.5,2766.7,123485073,-0.018331008748890487,0.07775678631798755,-0.007976453986451637,0.054546884367533854,0.23585320596479126,0.24443224865019614
2020-01-28,2642.25,2642.25,2706.95,2625.2,2705.75,132512577,-0.05515823350616844,0.05658302509247215,-0.03883543165533032,0.04156720886573795,0.24477195157660758,0.25004940902357226
2020-01-29,2665.85,2665.85,2700.4,2662.35,2673.1,110717373,-0.04835255060150656,0.040636283790377536,-0.045151633912255185,0.020544749429348252,0.24784865397729072,0.24593577144199993
2020-01-30,2628.9,2628.9,2669.55,2621.05,2667.4,126951289,-0.08397505139551897,-0.005014855326154866,-0.0639134674197881,-0.01292856669306186,0.2297311948531032,0.23947615022598384
2020-01-31,2569.0,2569.0,2645.7,2559.85,2642.25,137534113,-0.098074323731283,-0.018322856760732864,-0.07643709907874452,-0.02209047107673301,0.2389662622605805,0.24331678409255017
2020-02-03,2510.95,2510.95,2522.7,2458.45,2475.45,131170680,-0.0921269095182139,-0.04651692646528316,-0.06835068756414109,-0.024943439953353908,0.23112417711169805,0.24724141654702492
2020-02-04,2594.25,2594.25,2598.85,2523.7,2537.6,112808619,-0.06879284970745547,-0.024369605686241358,-0.0627113672903119,-0.02167236295171182,0.26395537937417646,0.25572666858812315
2020-02-05,2665.4,2665.4,2677.8,2585.8,2605.7,127180315,-0.03680549281777934,0.02007309745689745,-0.04211101684181784,0.004873423782764341,0.28499079262326665,0.25929077618428925
2020-02-06,2688.75,2688.75,2708.65,2662.75,2684.75,133425015,-0.042058572039333164,0.030132945097889108,-0.035677528250508406,0.0112886979386293,0.28154211262979967,0.2598402174442158
2020-02-07,2710.8,2710.8,2715.85,2660.8,2684.2,114189552,-0.045744961717856136,0.060293743766256735,-0.03281742779077823,0.03851252685234252,0.27929171700767524,0.25649965482671844
2020-02-10,2628.9,2628.9,2692.85,2616.75,2687.65,133847259,-0.08531366340767543,0.048791191255086686,-0.06114004722469146,0.03536472113861899,0.29130803258389665,0.2611989318915939
2020-02-11,2651.75,2651.75,2683.1,2648.2,2650.85,137925323,-0.08580835330012238,0.06120938050264124,-0.06522970546907414,0.04334959446476461,0.29097787081248416,0.261559924130389
2020-02-12,2668.25,2668.25,2691.05,2653.05,2669.0,109788845,-0.08666929093429632,0.05063689878526567,-0.07515700397509628,0.023988727190962233,0.29049718655172285,0.25986995434629545
2020-02-13,2651.6,2651.6,2674.85,2635.1,2671.4,85232381,-0.08083749306711041,0.05307889354435158,-0.06620031858003983,0.03343493839126066,0.2890205809213901,0.25955446639900664
2020-02-14,2613.6,2613.6,2663.25,2608.85,2649.5,89067532,-0.08763723316984628,0.03513010416254092,-0.06829683060536706,0.02560017361273892,0.2911667259375824,0.26140305091674043
2020-02-17,2586.7,2586.7,2622.35,2581.75,2614.35,104089806,-0.08785725620184426,0.04705620433524249,-0.07323504083556076,0.04058922365809803,0.29122860775466036,0.2582498913567587
2020-02-18,2556.05,2556.05,2573.3,2514.0,2572.4,127284914,-0.08710869836961366,0.01384288915772558,-0.07253583058015645,0.0072878291618860835,0.29093883417904687,0.2562698650907995
2020-02-19,2591.05,2591.05,2606.8,2569.6,2588.3,102756753,-0.060107010066201116,-0.0042083013066871455,-0.06167636302913726,-0.008527621370876037,0.29470652743736925,0.24944094795084912
2020-02-20,2612.25,2612.25,2627.25,2568.25,2582.95,114333180,-0.05669405073575873,0.012284202979984782,-0.04852515549128922,0.008699679909763836,0.2962270550323,0.2494040551366214
2020-02-24,2469.6,2469.6,2578.8,2463.25,2578.8,134909623,-0.11680137329232532,-0.05119388362756205,-0.08260468320394532,-0.028773709562544325,0.3469291899457121,0.27417006047023645
2020-02-25,2470.35,2470.35,2510.75,2462.05,2495.25,117122552,-0.0883476335455301,-0.07019590868886083,-0.06185208033363143,-0.041124587156000536,0.3344200424666367,0.2705330986936466
2020-02-26,2430.0,2430.0,2456.55,2416.4,2431.6,123856240,-0.0803292648311098,-0.07446200723671681,-0.04903314090735322,-0.043145795807272846,0.3286603784172007,0.27146937915946534
2020-02-27,2410.05,2410.05,2425.3,2367.8,2424.2,117509544,-0.09595438603072182,-0.08455358669021706,-0.055045841135012985,-0.050116875488620205,0.32522662491429816,0.2717074972255504
2020-02-28,2246.05,2246.05,2335.05,2230.6,2333.2,203174565,-0.1456312526151622,-0.12407378519616241,-0.0763338383824439,-0.058004336428565506,0.3992268393457848,0.30229189845807347
2020-03-02,2197.6,2197.6,2326.55,2169.05,2307.6,161174340,-0.1445698715453484,-0.15606758832565293,-0.07523843003778752,-0.08046889524182721,0.39862462651083713,0.30265159344402587
2020-03-03,2320.75,2320.75,2339.45,2238.05,2238.95,175329617,-0.07574822278420512,-0.08773757345859778,-0.04119031125111072,-0.028237093969221028,0.451063953968652,0.3215903615078329
2020-03-04,2304.3,2304.3,2323.95,2247.25,2321.95,177381029,-0.11176640647586,-0.09131060591123286,-0.05094239518457677,-0.03506768346019906,0.4298862662884684,0.3217773245000971
2020-03-05,2284.85,2284.85,2351.45,2278.0,2327.65,146859224,-0.14277406768214906,-0.10457734059646506,-0.07493221245458759,-0.04857734059646501,0.4118527950930973,0.3216610278247403
2020-03-06,2183.9,2183.9,2201.65,2133.8,2171.05,117204890,-0.18776383077638303,-0.1319607297587344,-0.09314324150723818,-0.058808646257071495,0.4274974433244166,0.33283274747041575
2020-03-09,2020.05,2020.05,2107.95,2004.0,2101.95,186736947,-0.2548140770252325,-0.1950548903189816,-0.11868812040828047,-0.07257951028845677,0.483585108572768,0.36715632134308535
2020-03-11,1986.95,1986.95,2032.95,1968.35,2010.3,204547100,-0.24418958499752752,-0.22650654001868575,-0.11344116548416672,-0.10009284794625939,0.4799810168161779,0.36372988857207855
2020-03-12,1800.6,1800.6,1875.6,1768.25,1869.8,250273602,-0.3209767134910908,-0.314514133434853,-0.11303397207661214,-0.10796066852341923,0.5573397411241257,0.4076055939155754
2020-03-13,1903.35,1903.35,1922.9,1546.15,1677.65,279252967,-0.28666729129579316,-0.2654278105823782,-0.10258703984127837,-0.09131476332454602,0.6120954453394414,0.4264701846394619
2020-03-16,1730.6,1730.6,1852.45,1722.5,1807.6,193262175,-0.3473374566299593,-0.35080183813185783,-0.10279244675496446,-0.10685612424981916,0.670184955691961,0.45889607205615257
2020-03-17,1710.45,1710.45,1816.0,1699.85,1757.65,187154130,-0.3455578512396694,-0.363589008985545,-0.08581348940272959,-0.09729104742431072,0.6706263463960928,0.4578578035314558
2020-03-18,1664.2,1664.2,1763.1,1640.15,1761.6,207200136,-0.3566320021649205,-0.3815911708966593,-0.059682023085237734,-0.07237476835571854,0.6696987073502236,0.4592726254009267
2020-03-19,1574.2,1574.2,1649.7,1558.05,1584.0,190771195,-0.38412785352399215,-0.41857802400738686,-0.07317936032511785,-0.0919470755589028,0.6788185346303484,0.46849272531900726
2020-03-20,1692.85,1692.85,1714.9,1582.4,1605.05,191057441,-0.34665483105304806,-0.37448962624937643,-0.06787551682364401,-0.08766164682489985,0.7510228174819118,0.4972936239624947
2020-03-23,1496.45,1496.45,1587.45,1480.7,1538.25,109383947,-0.4271413532395444,-0.45047096193746217,-0.05708463091219096,-0.07351889425498914,0.8241181638420564,0.5497687472184889
2020-03-24,1502.4,1502.4,1579.7,1485.2,1539.5,136431730,-0.39164237123420786,-0.45147864184008757,-0.051105196659405605,-0.09478196639098457,0.8243686912104314,0.5495565358677156
2020-03-25,1541.2,1541.2,1557.05,1483.8,1485.25,113944103,-0.3761207926002388,-0.44166500624920746,-0.08114874960728702,-0.12090603109358367,0.8392802126495695,0.553195660175868
2020-03-26,1542.95,1542.95,1596.3,1523.85,1561.6,158858121,-0.3650411522633744,-0.44825674950831396,-0.10498636742906353,-0.15334456232728833,0.8435763779307727,0.5516451749680606
2020-03-27,1554.85,1554.85,1606.75,1528.55,1580.7,138629039,-0.3548474098047759,-0.4449541284403671,-0.09928365277948681,-0.15665116964090386,0.8490752269194805,0.5523175674496626
2020-03-30,1507.7,1507.7,1527.6,1483.5,1506.4,113197414,-0.3287326640101512,-0.47465068469284644,-0.06800104701950249,-0.14888652824598125,0.8304539552948866,0.5493457790118885
2020-03-31,1585.9,1585.9,1601.0,1539.25,1544.5,185188259,-0.2783491081179468,-0.4432215142099811,-0.0506425666075383,-0.14641901518641176,0.8672066589958746,0.5635105314539615
2020-04-01,1553.55,1553.55,1578.4,1535.25,1575.75,139382093,-0.33058278573736943,-0.43828979481153396,-0.06079431222139964,-0.12650504773756543,0.8258324516866398,0.5624847557981604
2020-04-03,1522.9,1522.9,1568.75,1496.65,1563.55,149271522,-0.339105151238988,-0.4533543917584981,-0.05760126755642647,-0.12404494251107334,0.824417989769047,0.5617605829914765
2020-04-07,1637.0,1637.0,1648.5,1559.15,1579.7,221845744,-0.28354158916340233,-0.4084379799439877,-0.06375280535938244,-0.13957682254845327,0.8876744837941192,0.5865352042074367
2020-04-08,1624.85,1624.85,1726.4,1597.05,1613.4,254788623,-0.25598699574156336,-0.42110232293002714,-0.052091427220013475,-0.13727957718417627,0.8816825534810204,0.5845935192836901
2020-04-09,1705.45,1705.45,1709.55,1660.1,1665.3,171463356,-0.15573871933863015,-0.3996479802868961,-0.027569921740734027,-0.1430639237487643,0.87564652893877,0.5948790502499647
2020-04-13,1738.4,1738.4,1745.2,1659.95,1714.5,174048377,-0.12509122021188246,-0.3951497860199714,0.014944609986666468,-0.12460461217718277,0.8804298138635105,0.5961557021167255
2020-04-15,1752.9,1752.9,1814.45,1735.3,1771.2,218389670,-0.026491169610129872,-0.39568717356454586,0.04283522871073853,-0.11766447113042688,0.8116675893079298,0.5960465538329888
2020-04-16,1779.75,1779.75,1798.75,1724.35,1738.55,164419124,-0.06493813539285986,-0.39079908949323106,0.031734997416478894,-0.11935627816917882,0.7864542432760906,0.5971712408070114
2020-04-17,1816.5,1816.5,1842.15,1784.05,1837.2,149469809,0.04963596440540852,-0.370320299500832,0.04209583279977691,-0.12033041645279674,0.7109237667019094,0.5999767923637372
2020-04-20,1756.45,1756.45,1842.9,1750.25,1842.4,152206988,0.026893507556490892,-0.38685354231756064,-0.005982389322479742,-0.13665822743961875,0.7208822396180584,0.6023176400848749
2020-04-21,1666.6,1666.6,1714.5,1649.25,1712.6,174668213,0.0014421343588510993,-0.4123102420790945,-0.05909187310950914,-0.14701625079187064,0.7394186797501076,0.6091353277072293
2020-04-22,1673.3,1673.3,1680.2,1616.65,1651.75,138323328,0.0629526108499554,-0.40238218539616777,-0.048846890271145416,-0.15730522056745666,0.7095674132486638,0.6096467476627633
2020-04-23,1694.75,1694.75,1725.5,1679.95,1685.55,132411436,0.0011223676049265663,-0.3852362383241136,-0.06387716730948934,-0.1545413527725017,0.6618715908580373,0.6110202541961569
2020-04-24,1645.2,1645.2,1709.6,1641.45,1680.45,197401203,0.0994019178722978,-0.4059041256657939,-0.10350211164381529,-0.1574753600069675,0.4920373401280725,0.6120188995038391
2020-04-27,1666.6,1666.6,1687.45,1664.1,1672.6,111601513,0.10929179978700732,-0.40397682569201054,-0.08058649058231526,-0.16182384911882663,0.49287759447131213,0.612469802239423
2020-04-28,1661.65,1661.65,1685.95,1653.8,1678.3,112137492,0.07815338697119123,-0.3867884491189224,-0.049650171781763675,-0.1608539983082119,0.487649707899477,0.6107221591870305
2020-04-29,1723.8,1723.8,1730.8,1662.2,1666.35,190737433,0.117210538254642,-0.3476014760147602,0.011684336812533003,-0.14002916759441764,0.501275744214235,0.6164922582802839
2020-04-30,1859.9,1859.9,1871.95,1761.05,1763.5,254541594,0.1961925587677269,-0.30232383667498164,0.05766879898885224,-0.11520980811856962,0.5603120736201475,0.6388658058697597
2020-05-04,1713.8,1713.8,1772.3,1704.55,1769.25,146066900,0.1366982821516216,-0.3480923580204649,0.014443939325112787,-0.12024710891458701,0.6328791464440217,0.657341796171344
2020-05-05,1693.65,1693.65,1755.5,1685.45,1748.8,145812363,0.06794249322151469,-0.34073569482288824,-0.002756190663804059,-0.11029955986212758,0.6135950233780963,0.656583003880473
2020-05-06,1697.95,1697.95,1719.8,1681.0,1707.8,113508461,0.09294840848379526,-0.3237818355602461,-0.030279754302497075,-0.11563178997637635,0.6071058289136028,0.6560165940893538
2020-05-07,1695.55,1695.55,1717.65,1672.05,1676.35,102660412,0.11336922975901231,-0.34641996723523183,-0.024591880974248026,-0.1143096388642525,0.6007731508602432,0.6510282098695093
2020-05-08,1676.55,1676.55,1737.0,1671.0,1734.85,101840611,0.024160048869883877,-0.37099497261199077,-0.028079412753427624,-0.13626794060934766,0.548315986605298,0.6471693549123106
2020-05-11,1697.9,1697.9,1720.1,1688.3,1695.3,106473542,0.04495799612271911,-0.3685169688516968,-0.011101463264336253,-0.1296998742553246,0.5487563436206756,0.6476461867165373
2020-05-12,1717.55,1717.55,1727.3,1657.4,1687.2,210393978,0.0070949016388635044,-0.3664047513649108,-0.0021950829344525857,-0.1265538710069074,0.5225436802158155,0.6480308151046231
2020-05-13,1760.6,1760.6,1813.55,1750.8,1812.2,282829818,0.012770363552692121,-0.33029023545969804,-0.03055926861130187,-0.11020544176709945,0.5255946357040834,0.6495571873102329
2020-05-14,1715.05,1715.05,1753.25,1710.3,1732.15,116071601,-0.021592789092361286,-0.35323842745356837,-0.045956138231434185,-0.1083445734439269,0.5331401191072485,0.6499712642415675
2020-05-15,1742.6,1742.6,1763.85,1714.15,1728.8,206532996,-0.02087371821885098,-0.3469127705424905,-0.0368920670997428,-0.09576120046049375,0.5334441894360162,0.6511375545380682
2020-05-18,1673.5,1673.5,1746.4,1667.8,1746.2,216301436,-0.07872281860721164,-0.3688716246794388,-0.030863536766221,-0.09359469408225951,0.5445840865388893,0.6547115841208968
2020-05-19,1693.55,1693.55,1722.15,1683.1,1701.4,156826674,-0.03581086851319426,-0.3520240281603918,0.005514570372422534,-0.08501912585856164,0.5357620817665991,0.6557743454009475
2020-05-20,1711.5,1711.5,1716.05,1681.55,1690.95,104498429,0.026941077643105826,-0.3383461553330498,0.01746603658354351,-0.09101928220664646,0.5023538023572534,0.656747280904936
2020-05-21,1742.9,1742.9,1759.45,1707.75,1718.15,166597091,0.04159445407279039,-0.31812757966393457,0.050416393751535504,-0.07745632679755976,0.5058625379783471,0.6586556651568859
2020-05-22,1710.45,1710.45,1726.6,1697.7,1725.65,114714267,0.00926390323056503,-0.3398622180197217,0.03875212826048402,-0.08531201628695739,0.509386586784536,0.6578033129901305
2020-05-26,1756.35,1756.35,1763.95,1724.35,1724.95,183828784,0.06756017505470457,-0.32764857881136955,0.08125310747940728,-0.07503391151849659,0.5043009030714922,0.660663942604921
2020-05-27,1801.25,1801.25,1813.4,1756.0,1763.55,187432158,0.08079323172926922,-0.2706308713961775,0.0772757423880488,-0.05807147596771223,0.5093002833943633,0.6556358156541969
2020-05-28,1844.5,1844.5,1852.75,1804.1,1813.7,160808814,0.11004122408449435,-0.25334466775962916,0.0984006337143919,-0.05773352468845572,0.5133342104765588,0.6582369718750362
2020-05-29,1879.85,1879.85,1890.75,1814.75,1823.05,175975027,0.09052674324167542,-0.22639917695473255,0.08770572271856447,-0.04673567605029272,0.5026484705216103,0.6595770728964095
2020-06-01,1952.5,1952.5,1968.2,1907.0,1909.8,181711821,0.04978762299048323,-0.1898508329702704,0.05321057846294319,-0.034508028744221764,0.44558876699755945,0.6651528032752417
2020-06-02,1956.1,1956.1,1976.05,1936.0,1967.85,167542617,0.14138172482203282,-0.12909329712161366,0.0676097756774694,-0.01994513807280429,0.3159039226980685,0.6504034866033852
2020-06-03,1952.7,1952.7,1995.6,1943.85,1980.85,140729429,0.15295367992206188,-0.11143975245722604,0.05997220868353459,-0.015219124551946517,0.31007001096554987,0.6491322440461745
2020-06-04,1972.9,1972.9,1979.3,1939.3,1951.75,179091774,0.16193056332636413,-0.14988689001400402,0.08014786835568866,-0.037158729447645644,0.3097723997111609,0.6389395670986568
2020-06-05,2049.7,2049.7,2057.05,1990.15,1995.9,264439637,0.20887027808085867,-0.1104890856225319,0.10634875618878992,-0.011933436402462583,0.32611628693335193,0.6443275342643712
2020-06-08,2044.85,2044.85,2105.65,2029.7,2088.25,214880748,0.21967731353076259,-0.10503971814342294,0.12067172575445606,-0.007289269595415093,0.3200786085715961,0.6441849134664848
2020-06-09,2022.5,2022.5,2076.55,2013.85,2060.45,157991339,0.19117733671005355,-0.07390448280598927,0.10378338720756752,0.011886870531200189,0.32830677860116114,0.6381422606202342
2020-06-10,2010.8,2010.8,2029.8,1995.05,2020.3,134301641,0.1707373875578586,-0.004579094576866893,0.07074330222503322,0.027502559013931727,0.33210399237272814,0.6179063089907547
2020-06-11,1954.85,1954.85,2019.35,1948.3,2000.75,119795934,0.11033170510053392,-0.016155414076851504,0.05508073866419538,0.03704587578041596,0.3492005661145723,0.6196984803865719
2020-06-12,1966.1,1966.1,1972.75,1872.4,1873.4,137656103,0.14638057199498555,0.09191380650894154,0.05558180897237208,0.05200306638393126,0.32886574547994085,0.5849882993616435
2020-06-15,1928.55,1928.55,1967.0,1915.95,1966.3,147660917,0.1067083668082176,0.013239814012136586,0.03262915845143266,0.027453491007464748,0.3395218444328402,0.5754854014390726
2020-06-16,1955.9,1955.9,2001.05,1918.05,1976.85,212262130,0.16874813265611,0.13018606263723576,0.045125884618255396,0.052272785087044804,0.29476199371554196,0.5406565058977533
2020-06-17,1940.45,1940.45,1974.85,1935.3,1947.5,118634682,0.14578843258244523,0.1344675377824549,0.03293343316426278,0.03252759032508079,0.29946584709496943,0.5403011539811989
2020-06-18,1998.65,1998.65,2005.45,1931.65,1937.25,158618839,0.1677768039731231,0.20096743179906262,0.05471278204412955,0.009340445288028576,0.3100286006785825,0.5396219349007961
2020-06-19,1997.55,1997.55,2026.45,1988.1,2021.4,185813648,0.14610706294107523,0.2689302502858595,0.021121433222475394,0.0292059040997823,0.30880175300192536,0.5256802432296852
2020-06-22,2049.8,2049.8,2056.35,1995.7,2001.05,152881736,0.198398082375983,0.2108574297781849,0.05768395285057992,0.03182147793670831,0.3002116885127439,0.5080021031596189
2020-06-23,2085.8,2085.8,2096.45,2056.65,2064.1,176948330,0.18757650809918314,0.3938320692305124,0.02787529628795804,0.01792457604697706,0.294905608721039,0.43493030460799903
2020-06-24,2042.35,2042.35,2123.6,2034.55,2114.5,225322334,0.13385149201943092,0.35939164004259827,0.0275331984580367,0.03837715318529811,0.3058268209891966,0.43832430211458817
2020-06-25,2030.8,2030.8,2055.95,2013.25,2020.05,200838104,0.10100298183789636,0.3176745393200102,0.016830969516667738,0.08070815091254979,0.3013547005968787,0.43678613140816275
2020-06-26,2043.35,2043.35,2066.45,2037.0,2052.3,131711582,0.08697502460302675,0.32431381444635266,0.003188482252885372,0.12277937690111362,0.2967586192696667,0.436737381034823
2020-06-29,1989.5,1989.5,2036.7,1964.35,2034.35,134062622,0.01895006402048649,0.2795446506093837,-0.030535235987126264,0.0887706671071753,0.28781021672510454,0.4413899640560102
2020-06-30,1991.35,1991.35,2041.3,1985.35,2007.2,194179512,0.018020551096569637,0.3207866286396497,-0.014347098555564708,0.07673691358586221,0.2877904512283326,0.43542350567916643
2020-07-01,1997.35,1997.35,2006.95,1976.05,1999.6,106074475,0.02286577559276881,0.2594425878050317,-0.013758800854521969,0.04632871444426878,0.28770787872929016,0.4247749383804186
2020-07-02,2017.0,2017.0,2020.8,1995.45,2011.15,117944585,0.022352881544933867,0.29831675839206984,-0.029755543567225207,0.019911606219615186,0.28750149619196597,0.4218587424754613
2020-07-03,2008.5,2008.5,2031.25,1999.3,2027.7,126758444,-0.02010050251256268,0.31886532273950996,-0.06596841028683631,0.00669160918166245,0.25219324874628485,0.41921814662764606
2020-07-06,2058.15,2058.15,2069.95,2013.7,2024.35,175224450,0.0065041445582807444,0.2572693952351863,-0.05213397845778922,0.033042222113768505,0.26773387833759793,0.3971365904992781
2020-07-07,2022.6,2022.6,2065.1,2019.3,2065.1,148281391,4.9443757725642357e-05,0.24479182693787127,-0.07490090991464449,0.010369721994307968,0.27227533793386444,0.39886728827462153
2020-07-08,2054.3,2054.3,2101.1,2027.5,2031.65,448246662,0.021633180823553033,0.20455011873699025,-0.036649820773714925,0.02963055848643359,0.2767512836796826,0.3886702833570295
2020-07-09,2094.3,2094.3,2121.75,2071.35,2072.1,271245984,0.07133539657774257,0.20472848596410498,-0.020711684346565562,0.0024123849653974183,0.26099217586672485,0.3886964911201983
2020-07-10,2078.2,2078.2,2086.15,2054.6,2081.45,181548682,0.05701642846243837,0.1855781847224598,-0.022714580864595435,-0.020885468076318192,0.2637796837388366,0.3891674051396556
2020-07-13,2105.15,2105.15,2118.65,2087.6,2098.2,206644242,0.09157138783023533,0.18283466779042,-0.009206094701011525,-0.018426388825294904,0.2525819365987248,0.3888818815716942
2020-07-14,2052.45,2052.45,2094.65,2042.8,2094.65,116837461,0.04936346438979489,0.12989265070189915,-0.020572949708954402,-0.0147750709238057,0.2706359371777709,0.3913254629870154
2020-07-15,2055.75,2055.75,2091.2,2048.0,2069.65,106981675,0.0594192068850008,0.17040052378376846,-0.0151722906178402,0.02395562960576547,0.26790683634092166,0.384212258169342
2020-07-16,2070.65,2070.65,2077.8,2018.55,2054.5,140611195,0.03602431641357917,0.24243969758790374,-0.02821689088089485,0.04664726298555211,0.24952278299125957,0.366705907644257
2020-07-17,2103.0,2103.0,2130.5,2083.7,2087.5,214920897,0.05278966734249457,0.25679794418215507,-0.011372194711336991,0.07019247499410408,0.25400911810423327,0.3675138319124747
2020-07-20,2106.0,2106.0,2122.8,2094.6,2115.45,105406879,0.027417309005756563,0.24266115946304767,-0.041536836635138075,0.05924715104107592,0.23869371238641562,0.36707100672504367
2020-07-21,2118.6,2118.6,2126.1,2090.3,2122.6,128613942,0.015725381148719686,0.28774617067833685,-0.050290281156695205,0.06841453521357899,0.2318405835365994,0.36047129574973047
2020-07-22,2113.95,2113.95,2168.7,2092.75,2128.55,209962750,0.035057654172889086,0.2684207368294731,-0.04522140809283859,0.06908438230307534,0.21750970633301864,0.3602429084137896
2020-07-23,2131.4,2131.4,2138.35,2113.05,2120.9,88223809,0.049537128225330074,0.282700929798694,-0.04051620784659371,0.08713869927752826,0.21683486733610374,0.3600526416684615
2020-07-24,2087.5,2087.5,2117.15,2071.25,2112.4,105128699,0.02160667531259941,0.21098735352129028,-0.05651625549978623,0.039235994224250614,0.2313133447845115,0.357116869433777
2020-07-27,2094.4,2094.4,2107.05,2064.5,2094.35,106579664,0.05272681578285998,0.12608204742190443,-0.02673086458488605,-0.0029151395346542763,0.20674157419277545,0.323294215096067
2020-07-28,2141.3,2141.3,2144.55,2101.6,2101.7,128501352,0.0753006754211969,0.24944567627494463,-0.021616480612113298,0.03348292761324556,0.2179243686970321,0.274774322139703
2020-07-29,2160.75,2160.75,2192.3,2131.95,2138.75,160660857,0.08180839612486546,0.27579488087857573,0.007714808926443162,0.05883454317651049,0.21874705469218594,0.2730567532606571
2020-07-30,2135.15,2135.15,2178.45,2123.4,2170.2,192324487,0.05857709469509187,0.2574869695809654,0.006410127749136407,0.05996030843251732,0.22453208776449005,0.27500111891027357
2020-07-31,2147.3,2147.3,2158.3,2122.1,2137.05,93918089,0.06910629823251191,0.2664327209460058,0.025165011944978666,0.06267250326897211,0.22314330541519195,0.274808626860598
2020-08-03,2156.15,2156.15,2181.55,2133.4,2149.1,112092048,0.04761557709593567,0.28606364259938566,0.03572841854780573,0.10878432471850141,0.20888918723186498,0.27297527950356293
2020-08-04,2177.35,2177.35,2185.75,2155.4,2168.8,91255160,0.07651043211707709,0.2823782319335648,0.04913921187539172,0.08148965224577265,0.19674441883250143,0.2726585317116301
2020-08-05,2263.8,2263.8,2272.75,2190.35,2190.7,240099199,0.10198121014457473,0.31804023172542295,0.06500104615559676,0.11088639399309574,0.2301279143895224,0.28147391191026194
2020-08-06,2294.75,2294.75,2301.4,2255.6,2268.05,151521842,0.09571217113116548,0.303390889469499,0.05995113387405304,0.10979671415750492,0.22624186739962535,0.2789768201460479
2020-08-07,2314.35,2314.35,2319.9,2280.5,2286.45,112004310,0.11363198922144169,0.34943587650505825,0.07221316147736401,0.12288480547199931,0.22184164265848397,0.27167412553242576
2020-08-10,2332.0,2332.0,2337.2,2295.65,2322.45,96606951,0.10775954207538652,0.338230230689774,0.06448793526773522,0.1047470420137675,0.22025805510892305,0.27077574746201466
2020-08-11,2370.65,2370.65,2407.95,2349.65,2349.65,219961951,0.15503422738678174,0.4165820137436511,0.08761395588060505,0.13332471059571804,0.19168179392232598,0.25473640259034397
2020-08-12,2354.8,2354.8,2359.15,2320.9,2352.05,103343433,0.1454700231059225,0.3904520090933248,0.0804684048827895,0.11685435976804603,0.1970994642807397,0.25568622669533503
2020-08-13,2380.65,2380.65,2403.05,2359.85,2370.7,114247218,0.14971144326660712,0.39097283085013146,0.09752311931659174,0.14458358259716864,0.19764254680684037,0.2557189655675268
2020-08-14,2405.8,2405.8,2454.3,2377.7,2384.85,192468239,0.14398478364241574,0.3803431063170577,0.11860340364157196,0.15279055827313193,0.1955692149435206,0.2545749603839795
2020-08-17,2464.25,2464.25,2470.3,2414.7,2420.0,132353624,0.17010921177587845,0.44070273904528046,0.1497049902885801,0.1964513233443097,0.20370705694965405,0.25232225010496206
2020-08-18,2507.5,2507.5,2515.75,2455.1,2469.45,128228900,0.18356461814405756,0.42767671591653156,0.16357764335178904,0.16670796996231063,0.20632641580262862,0.24986105848321322
2020-08-19,2513.15,2513.15,2521.75,2498.95,2518.15,131809344,0.1888407956668796,0.3952255378209577,0.1640666377049116,0.17048464802361107,0.2038783750300607,0.2466949904105493
2020-08-20,2538.9,2538.9,2545.0,2471.95,2479.3,148700143,0.1911888899315004,0.3764705882352941,0.182562397163476,0.18447043429196786,0.20394371700323133,0.24398018581753791
2020-08-21,2523.6,2523.6,2579.45,2517.05,2562.35,150122407,0.20891017964071845,0.3424475357076362,0.1930582201299178,0.155470108987541,0.18100173668268157,0.2433867188381213
2020-08-24,2526.1,2526.1,2552.25,2521.2,2545.75,101737466,0.2061210847975552,0.29377720870678603,0.1760585255980911,0.12684512040367113,0.18223026186274743,0.23356227974354796
2020-08-25,2507.5,2507.5,2542.45,2493.4,2541.85,121952253,0.17101760612711892,0.28188742906804354,0.15582363784415287,0.13225966212780382,0.1849068975055979,0.2347394669995564
2020-08-26,2527.8,2527.8,2540.75,2505.45,2513.25,118139617,0.16987157237070472,0.2945152865263483,0.13891962602753272,0.14662059499540314,0.18485888619167162,0.23455052725637623
2020-08-27,2531.05,2531.05,2551.5,2513.55,2531.95,145430727,0.18542022808701963,0.28290840894115266,0.14424805933663154,0.13033734571283984,0.17160292149652684,0.23429436894483527
2020-08-28,2520.35,2520.35,2570.65,2517.35,2539.4,232943434,0.17372980021422246,0.22961896862955555,0.12188061103328018,0.08118405485214031,0.17728316316695616,0.22387075133080442
2020-08-31,2420.6,2420.6,2533.1,2410.5,2524.7,192871136,0.12264916633814882,0.18375430960706174,0.07711862827116445,0.06375865865713326,0.24692927243178672,0.24098784329173478
2020-09-01,2496.75,2496.75,2507.0,2421.15,2424.7,135303022,0.14669207982180188,0.23448702101359697,0.11289383282421284,0.09278809111916897,0.26244996163345097,0.24601601904381748
2020-09-02,2541.35,2541.35,2548.25,2500.7,2512.8,123598735,0.12260358688930095,0.26385020887209065,0.08356888536952067,0.12359432549871774,0.23766760287115704,0.24693058687744499
2020-09-03,2527.3,2527.3,2556.35,2518.5,2551.9,98171054,0.10134001525220615,0.29283576745018824,0.07211721080116384,0.12868204140368245,0.23903695408223083,0.23856275051319034
2020-09-04,2451.35,2451.35,2511.95,2442.05,2476.55,109988206,0.059195886534016084,0.24680840242103663,0.048512876669245975,0.11034366644218774,0.26928287664292655,0.24895810978395302
2020-09-07,2450.05,2450.05,2480.15,2433.45,2456.75,84737051,0.05062178387650085,0.27041041196754056,0.04308866221264762,0.11334940758601042,0.2689379089321112,0.24449766866111972
2020-09-08,2376.85,2376.85,2457.3,2365.25,2456.85,133629994,0.0026153164743845103,0.21522061455084596,0.0030701975187651387,0.0736683037403758,0.28733128697582194,0.25344594942682336
2020-09-09,2397.2,2397.2,2407.5,2302.4,2339.35,170670989,0.018005775437404337,0.2353835450539823,0.020694077016308654,0.09401846567007799,0.2876103339906897,0.25258798746198896
2020-09-10,2369.8,2369.8,2426.65,2336.1,2423.2,125972629,-0.004557578812509178,0.185700347734721,-0.017725178520105134,0.05117333215001629,0.28825145829325255,0.24849629705498527
2020-09-11,2384.3,2384.3,2389.65,2353.95,2376.8,99992921,-0.008936736220799713,0.19361217491427007,-0.03452624766175694,0.07451786405504124,0.28649271232604145,0.24848262884614175
2020-09-14,2387.05,2387.05,2416.5,2375.5,2401.45,99708180,-0.0313279902607283,0.16452824665821053,-0.04848354164854263,0.05505024332275221,0.27172508750228536,0.2438850060474228
2020-09-15,2385.55,2385.55,2411.2,2380.95,2402.4,104193819,-0.04863409770687932,0.14370984754051208,-0.06061881490872478,0.04335650930276014,0.26238948489699565,0.2419812723359556
2020-09-16,2396.35,2396.35,2405.5,2381.8,2389.85,110726973,-0.04647553866661369,0.1733297426983622,-0.06366895819488405,0.04725383761804425,0.26305537107337146,0.23709475802131447
2020-09-17,2363.3,2363.3,2397.55,2352.8,2382.95,121886756,-0.06916381109929493,0.1637285798700021,-0.08718854638880935,0.04445449107930921,0.26167407152316835,0.23891947956984308
2020-09-18,2362.2,2362.2,2389.15,2354.2,2374.2,119276523,-0.06395625297194485,0.15604277289744783,-0.07568288691248237,0.04798631567771361,0.26172754227892653,0.23887497051964424
2020-09-21,2240.35,2240.35,2368.3,2229.15,2367.2,128751817,-0.11311903725109851,0.12608695652173907,-0.09429015935536922,0.035114013411871925,0.314690980126913,0.25785244182536543
2020-09-22,2213.95,2213.95,2242.3,2163.4,2239.65,146311691,-0.11706879361914269,0.11178346347954893,-0.08929746634027413,0.02912547981230884,0.31535027310314595,0.25940092945755444
2020-09-23,2205.25,2205.25,2239.9,2168.9,2232.2,138856426,-0.12760107603449644,0.10408791648934845,-0.09143099099874286,0.036801583458407894,0.3109853638467594,0.25964929087070343
2020-09-24,2111.85,2111.85,2172.15,2107.55,2165.5,131221036,-0.16562296280199928,0.04702528507684667,-0.10041975365672606,0.022967587769660902,0.3348808513168175,0.2748733718338465
2020-09-25,2172.65,2172.65,2180.65,2112.4,2134.95,114755381,-0.13795702977761015,0.08172765745581279,-0.08667181828268533,0.03997355233670219,0.36016700735348095,0.28041237392859497
2020-09-28,2237.0,2237.0,2249.1,2189.55,2198.4,91102908,-0.07584896306700817,0.08689842820008264,-0.06180284273221126,0.04379972123478115,0.3603875483341999,0.2822552451863754
2020-09-29,2280.9,2280.9,2293.35,2244.95,2253.95,154951218,-0.08645238810453582,0.12770691189558003,-0.06484434910146264,0.08856212621187098,0.34766093074077337,0.2818698006060162
2020-09-30,2242.55,2242.55,2285.7,2228.2,2284.75,110367011,-0.11757530446416264,0.09163705398432564,-0.0926554782558835,0.04102875426805164,0.3399561027823416,0.28306661437435005
2020-10-01,2261.25,2261.25,2291.4,2256.65,2266.05,87981299,-0.10527044672179808,0.07971637301246237,-0.0956846321550231,0.023906248667356467,0.34387107108569354,0.28100063019320864
2020-10-05,2318.85,2318.85,2328.1,2276.0,2280.1,107856475,-0.054051848981173656,0.11579732460783365,-0.0690070500683484,0.047511997364323655,0.34705654054109547,0.2845584656925777
2020-10-06,2302.7,2302.7,2345.65,2290.05,2340.05,93220316,-0.06014162976265802,0.09384129396955077,-0.08720893384534212,0.014259320965658517,0.3472588511573119,0.2841742216626717
2020-10-07,2267.75,2267.75,2303.9,2256.2,2300.3,94464353,-0.045901087573889776,0.10489902311871191,-0.08314478990246676,-0.001772298339379308,0.3355227265405468,0.2808435798181506
2020-10-08,2272.4,2272.4,2305.75,2260.2,2276.5,137906796,-0.05206073752711482,0.10538732822570851,-0.10141342500494777,-0.009170637501806356,0.33352017394261596,0.2808446631791414
2020-10-09,2260.85,2260.85,2322.65,2255.7,2286.3,153376414,-0.045974343826483355,0.09185521454615686,-0.08658400780556497,-0.0174795569048789,0.33204517254299526,0.2809391022537388
2020-10-12,2240.85,2240.85,2287.8,2218.2,2279.6,97423191,-0.06016440884116947,0.065549215406562,-0.1008554138220048,-0.028862663617826856,0.3312450473988901,0.2801791101223154
2020-10-13,2249.65,2249.65,2262.05,2234.0,2238.5,67596705,-0.05756058733583291,0.06820987654320998,-0.10078157008976296,-0.014559424369640528,0.3318614444752817,0.28023968491742385
2020-10-14,2251.95,2251.95,2257.8,2223.15,2247.5,106960388,-0.056003856552996334,0.06294250920419131,-0.09499516065613034,-0.009515983007280404,0.3320671519377551,0.28005617617154893
2020-10-15,2240.95,2240.95,2292.6,2232.7,2266.4,114752237,-0.06484862394892232,0.06007710683791001,-0.07138052789722393,0.010874762442201424,0.3309647115711665,0.2802430928366461
2020-10-16,2329.85,2329.85,2339.65,2239.75,2252.9,120980628,-0.014153937291076168,0.09310781645866562,-0.035545779520102405,0.044335810834796874,0.3604163724958392,0.2904998935707738
2020-10-19,2367.85,2367.85,2374.8,2323.6,2350.6,117558250,0.0023918381170096037,0.13429940119760464,-0.029603051311105855,0.0736517066096285,0.36537597469471644,0.28825666035535213
2020-10-20,2363.35,2363.35,2374.75,2344.05,2356.25,84900588,0.054902135826991216,0.12841386554621836,-0.002539501356886076,0.05969182477812396,0.3073355588702801,0.28836132463720127
2020-10-21,2416.05,2416.05,2429.2,2372.85,2376.65,141406858,0.09128480769665104,0.12830990519777696,0.020993918835818803,0.0719320654511455,0.30963881594973064,0.2883339107933286
2020-10-22,2432.5,2432.5,2440.85,2394.75,2409.4,135935043,0.10304954086838225,0.1257665162559296,0.03436368786390309,0.06385364496672952,0.30816009274349887,0.28813591793575505
2020-10-23,2443.0,2443.0,2462.1,2431.55,2447.05,119199465,0.15680564434027033,0.14418190759431426,0.05271100547242158,0.06958381716947581,0.25035433506577276,0.2867096424547685
2020-10-26,2357.55,2357.55,2434.75,2331.4,2432.8,114856120,0.08510344510160417,0.09791365901364513,0.020172787424176164,0.03521415773432346,0.2800927270398253,0.29689974837978644
2020-10-27,2359.6,2359.6,2376.85,2328.75,2355.9,97169076,0.05480554313813135,0.09435799921155752,-0.004143256684709495,0.002746039808354972,0.26400451514690665,0.29685488802476756
2020-10-28,2325.4,2325.4,2385.7,2315.75,2360.95,97068481,0.01950984260598876,0.06799549911589775,-0.025685409844075746,0.010822419701283392,0.26297622292195805,0.29815279564759756
2020-10-29,2307.7,2307.7,2323.15,2279.45,2305.5,89584713,0.029051749124880066,0.01939217245339675,-0.00857866881944469,-0.03187492694500693,0.2565561506534052,0.28801211511041586
2020-10-30,2343.6,2343.6,2354.4,2295.65,2315.5,119684440,0.036417910447761104,0.02128772197407125,0.016670938493283716,-0.018198354960233365,0.260312026131556,0.28840230572573866
2020-11-02,2338.9,2338.9,2354.85,2325.2,2350.8,90717789,0.008646527373482593,0.01060773003219051,-0.0057667337096087845,-0.029975341548895917,0.24540480070131063,0.28793716071779735
2020-11-03,2391.2,2391.2,2396.35,2354.95,2355.6,101899964,0.03843314370087292,0.025385934819897038,0.025477010802497757,-0.022825454606368423,0.2552803214356387,0.29105550869213065
2020-11-04,2383.8,2383.8,2413.5,2362.65,2389.3,83720519,0.05117407121596296,0.005547001877122426,0.03672202554962167,-0.04620835250574351,0.24796058185126327,0.28921065908842625
2020-11-05,2488.65,2488.65,2497.15,2402.3,2416.0,207356248,0.0951637035733146,0.05684134533718366,0.07102260841651886,-0.014954787273719461,0.2866617824233927,0.30190891031488104
2020-11-06,2500.35,2500.35,2512.5,2475.0,2486.35,125226866,0.10593360904084737,0.05028038560897219,0.07661148891125213,-0.034946272862961925,0.2843923036004987,0.3012973506366883
2020-11-09,2545.25,2545.25,2551.45,2502.2,2525.65,106613021,0.13584131021710522,0.057964086790256886,0.09141068225393867,-0.05677946946473478,0.282838343665967,0.3026659922664687
2020-11-10,2556.7,2556.7,2577.05,2531.2,2560.85,117963917,0.13648789811748485,0.03751648574617006,0.07811933559915563,-0.08553746132178053,0.2827801881680643,0.2989330561413533
2020-11-11,2645.05,2645.05,2662.1,2547.85,2562.6,198261111,0.17455982592863983,0.05485543369890333,0.1095613004331717,-0.06493015286991044,0.2982394686378786,0.30478040001132867
2020-11-12,2636.9,2636.9,2658.15,2614.4,2649.9,169516409,0.1766884580200363,0.04924099238008073,0.09017990056200587,-0.06316735323832234,0.29726507213734615,0.3048748600666622
2020-11-13,2681.0,2681.0,2684.45,2606.25,2626.45,105432548,0.1507178573727923,0.05596912048524949,0.06931474967831064,-0.06847616652296118,0.2764541436835313,0.3059953368962232
2020-11-17,2761.35,2761.35,2777.55,2718.8,2723.15,194105864,0.16618451337711426,0.09421065145030916,0.08186326423776147,-0.03792560356685848,0.28621108748988683,0.31118435752588647
2020-11-18,2772.5,2772.5,2776.8,2732.85,2749.45,116528839,0.17312289758182242,0.09754166501722028,0.08558253274335925,-0.03081539227756247,0.28434358131285237,0.3112254103778374
2020-11-19,2752.65,2752.65,2828.2,2743.55,2757.1,157757120,0.1393183088098342,0.09776669990029907,0.0694511425421318,-0.015502292260131556,0.2840955626708522,0.31120053521071245
2020-11-20,2774.75,2774.75,2809.9,2732.85,2765.65,138487847,0.14069886947584798,0.09769364664926017,0.05978400886017554,-0.015682594917555415,0.28414300898403255,0.31119462030918793
2020-11-23,2808.6,2808.6,2820.0,2779.5,2792.9,159740003,0.14965206713057722,0.1096580470555697,0.06615907500947849,-0.008619539752614314,0.28466761835498205,0.31194677901602313
2020-11-24,2839.15,2839.15,2846.75,2803.25,2827.5,111624500,0.20427986681088406,0.1264903684012142,0.09487914104555073,0.005645659752654408,0.23613430197108884,0.3122417001613242
2020-11-25,2816.55,2816.55,2873.65,2808.4,2850.65,136074720,0.19365570435667068,0.16357514665785344,0.11215453792576535,0.03440716504424213,0.24234080950420428,0.30029747779435034
2020-11-26,2925.05,2925.05,2933.7,2804.3,2829.0,177849686,0.25786961382987883,0.17154300590768012,0.1506706954951038,0.03930961953859491,0.24643125768449817,0.30336889582889
2020-11-27,2925.75,2925.75,2963.75,2903.35,2934.75,301742366,0.26782077393075365,0.15125818954492698,0.1565901460089547,0.02694521205793099,0.23982470900181607,0.3017713662756231
2020-12-01,2974.05,2974.05,2982.4,2935.7,2968.85,141144554,0.2690092165898619,0.1767696751473904,0.14303438624100062,0.03956677402202802,0.24003276277889127,0.3026649306415324
2020-12-02,3050.2,3050.2,3061.55,2977.8,2978.75,266162312,0.30411732010774273,0.24429396047076102,0.18032085155459154,0.08725107989885683,0.23858598435800368,0.2980688226425108
2020-12-03,3126.1,3126.1,3132.0,3070.7,3076.05,193002201,0.30733522917363665,0.27593314422154647,0.1955647639749234,0.11927591976770313,0.23995329551651323,0.30099489785086886
2020-12-04,3161.35,3161.35,3193.55,3100.55,3144.7,223859728,0.3261808876583605,0.330058691124808,0.21281230180056987,0.15853441536112034,0.232152292693155,0.29264488538298994
2020-12-07,3161.2,3161.2,3202.35,3142.95,3168.25,175668913,0.2702469210214371,0.3187051560153513,0.16831460785912644,0.13447479602244483,0.21029389286615036,0.2927003521055175
2020-12-08,3122.35,3122.35,3182.05,3083.1,3173.35,158186381,0.24876517287579736,0.31755844375052744,0.15667108848651967,0.14779184809469847,0.22622624052901905,0.292910175309071
2020-12-09,3105.9,3105.9,3152.95,3101.85,3146.9,128397535,0.2202730576564189,0.30264647905045505,0.13456199627491872,0.12255503298122461,0.23193606866676988,0.29358868008045724
2020-12-10,3113.05,3113.05,3123.95,3056.7,3099.9,135875634,0.217604724840615,0.30414109465658457,0.1505321641362647,0.1259731640270485,0.23274894998202797,0.2935437985283577
2020-12-11,3146.1,3146.1,3178.75,3126.75,3127.45,215210693,0.18942931135517282,0.3188153675253085,0.12944890518533758,0.14592138928789278,0.2146948921497493,0.29361657065880087
2020-12-14,3189.5,3189.5,3220.65,3173.5,3178.05,190558647,0.2095642610641284,0.33098253594007554,0.14121942864331172,0.1626347224688136,0.21073211292885557,0.2942064573370119
2020-12-15,3214.15,3214.15,3219.55,3150.6,3188.7,143460747,0.19886236478925778,0.3600262345026022,0.13220334482116347,0.18186261404123383,0.20913107559058255,0.2916760463826025
2020-12-16,3271.75,3271.75,3277.95,3236.45,3248.45,215507876,0.18483712676770425,0.3850436034205402,0.12203710907849863,0.1957555175940333,0.19772099542515228,0.29257452178024684
2020-12-17,3227.7,3227.7,3289.3,3213.6,3272.15,177976831,0.16418394950405757,0.4407123886892672,0.10216240908611085,0.21937650432319944,0.2122873087408273,0.26919584044810146
2020-12-18,3216.6,3216.6,3244.9,3181.7,3237.85,164691623,0.16854667320581984,0.45287833961923263,0.09112161669392882,0.21915222101561538,0.20922494793781288,0.2673476182828318
2020-12-21,3038.25,3038.25,3214.75,2981.15,3188.85,178335443,0.09496351022614657,0.3777349506858634,0.05846387821084731,0.18041367359996796,0.31099114004699124,0.29653031283396725
2020-12-22,3079.65,3079.65,3107.7,2980.25,3040.45,159979696,0.09650715659047227,0.45827118403295697,0.05474398099174804,0.2120319784308733,0.31148693450118964,0.2790908410860436
2020-12-23,3134.1,3134.1,3143.3,3051.95,3078.25,114654670,0.10388672666114851,0.4425241065058798,0.06206804189578197,0.2116832106551072,0.3141596502783395,0.2762924029470871
2020-12-24,3144.3,3144.3,3223.9,3134.25,3158.05,187762289,0.11636576662938691,0.40558784085829247,0.0470842399766227,0.18098850804039746,0.3105346444760194,0.27211940633172055
2020-12-28,3224.85,3224.85,3232.5,3173.75,3181.4,134135005,0.10249397446197483,0.41384979613310535,0.03425649118542906,0.17764366264833575,0.2961253115833175,0.27364599271261403
2020-12-29,3189.85,3189.85,3255.2,3170.35,3252.6,122412121,0.0902674527898828,0.4224209047735834,0.015963102819381625,0.183697818295808,0.3010475172991162,0.27177581118142813
2020-12-30,3230.9,3230.9,3243.7,3163.7,3204.9,157372176,0.08636371278223298,0.42881149806522956,0.01977609555364701,0.20414554471342106,0.29940762724553066,0.27210218089035987
2020-12-31,3254.65,3254.65,3284.5,3212.2,3224.0,247937361,0.06702839158088003,0.403562110528926,0.0008383239038234347,0.18811178738086198,0.2892017818125142,0.2691644642113828
2021-01-04,3424.6,3424.6,3442.0,3287.1,3291.5,263518507,0.09548638879114546,0.487210665740218,0.019423683099157207,0.2753760590338705,0.32751021147667786,0.28332673441630185
2021-01-05,3376.25,3376.25,3406.9,3351.1,3400.25,177450299,0.06797728818384563,0.4888104949840151,-0.002992026648748647,0.27919452131485323,0.3330528597795323,0.28297998574917843
2021-01-06,3419.8,3419.8,3455.1,3368.5,3390.2,192297330,0.08180437808427188,0.5049287097342017,0.02261638789278142,0.3095988745960714,0.3344711956517195,0.28309531302879015
2021-01-07,3550.45,3550.45,3571.55,3455.3,3457.65,231307598,0.13710826781110375,0.5704049361965633,0.08152683106962777,0.3838083222721833,0.34876696137434093,0.28883982634754746
2021-01-08,3529.2,3529.2,3581.85,3498.6,3577.5,184048132,0.13628899835796382,0.5749380815315617,0.07581561770090506,0.37241441282688226,0.3490970607578257,0.28820015946598954
2021-01-11,3493.9,3493.9,3537.4,3451.85,3532.7,150146554,0.12233982750036132,0.5530860356055387,0.04766793194254948,0.3393988262544976,0.3537385263534717,0.2903704384151647
2021-01-12,3509.9,3509.9,3586.9,3473.25,3485.5,153115771,0.11563523092082262,0.5586047647594308,0.03796671926228257,0.342048954456988,0.3533015733389912,0.29013181599934096
2021-01-13,3523.25,3523.25,3575.6,3460.25,3539.35,156810844,0.10464022574071175,0.5722126776590286,0.030389742470803505,0.3252594531010229,0.35198855096873793,0.28910376129242327
2021-01-14,3487.4,3487.4,3533.95,3471.1,3521.05,396217522,0.08501470062069294,0.49683456016481764,0.00926577727694844,0.255970678318878,0.3558794571566822,0.283824760043174
2021-01-15,3449.15,3449.15,3528.1,3420.4,3501.1,429314270,0.05422174677160552,0.45665899444643876,-0.0006650803370731317,0.24098985865168698,0.3558721573024166,0.2854255847132004
2021-01-18,3308.5,3308.5,3453.8,3283.55,3449.9,231516621,0.02503330544970117,0.39991960564453,-0.014309639355936987,0.1994875533996503,0.3855393109709847,0.30144796325918005
2021-01-19,3405.2,3405.2,3416.95,3309.95,3342.15,136584028,0.058633339551078745,0.40940791788249387,0.0033593427462124126,0.19299179616151418,0.3971690595410387,0.303334056155672
2021-01-20,3437.0,3437.0,3456.7,3399.1,3420.85,123615493,0.13124331440796522,0.4129496402877697,0.03248429111111362,0.18193534990029936,0.32832930167413005,0.3034153271746522
2021-01-21,3362.15,3362.15,3462.7,3338.3,3448.95,159173916,0.09173120322114525,0.3762382316823578,0.008259884374060888,0.15327745625715639,0.341727075220771,0.3087047348313797
2021-01-25,3236.35,3236.35,3304.0,3165.15,3276.0,149849106,0.03262499601161428,0.37275985663082434,-0.014268328761213311,0.16276640923221364,0.3693451115869392,0.31017776893250876
2021-01-27,3154.8,3154.8,3230.9,3146.5,3230.9,189786659,0.003339376013739237,0.33700627224953394,-0.012534217091339173,0.16222036706514653,0.38156326586916073,0.3164328597613436
2021-01-28,3138.1,3138.1,3155.1,3104.2,3105.85,243730356,-0.026900475991131323,0.3494882600842866,-0.02288911669107574,0.17148131484775142,0.37012436618829786,0.3145619743415708
2021-01-29,3077.45,3077.45,3183.6,3062.7,3175.6,301636791,-0.03523676661912001,0.33355722147592837,-0.013848080490547088,0.16529113538483187,0.3743047643279607,0.31752703651154157
2021-02-01,3227.25,3227.25,3245.7,3071.95,3096.25,297482454,-0.001129716178154716,0.37704813108038926,-0.022532309937952633,0.1503938573781738,0.410791468611589,0.3287335499246879
2021-02-02,3289.1,3289.1,3301.25,3226.05,3264.2,197352828,0.01058485551441768,0.4062593526871605,-0.03705579099800027,0.15099661983703894,0.41562632251961895,0.3295455017862533
2021-02-03,3344.4,3344.4,3388.95,3278.9,3288.65,172726208,-0.023418793435729612,0.3986283037805287,-0.0699095905493462,0.14667501345060963,0.3765252722444713,0.3285738732800178
2021-02-04,3409.55,3409.55,3426.6,3337.7,3356.0,169158370,0.009863013698630185,0.43030036076852074,-0.0391633879792459,0.17945849230271893,0.379914542531651,0.32924809692602997
2021-02-05,3443.15,3443.15,3466.8,3345.3,3427.8,209680651,0.006827884671618101,0.38354127739939314,-0.048169022635972336,0.1521979739748296,0.37876784117037127,0.32018150695786457
2021-02-08,3552.45,3552.45,3558.85,3450.3,3467.1,175829487,0.0005633088763397076,0.4207810906473093,-0.06864699024957654,0.18820161362591836,0.3712207698798593,0.32452373263046186
2021-02-09,3513.65,3513.65,3593.15,3484.95,3564.45,215885328,-0.0044060976991951994,0.3804734309006974,-0.057520792479553884,0.16795120833452137,0.3727114105224759,0.3253581144616858
2021-02-10,3510.85,3510.85,3573.95,3464.95,3548.55,263094288,0.004851312287128984,0.37319591661125684,-0.03807314274316154,0.17721928217891336,0.3709168529667618,0.32559978133677975
2021-02-11,3546.7,3546.7,3569.15,3488.3,3502.35,145484864,0.01048462919171489,0.3408820249144626,-0.031390723227953554,0.1507399887953278,0.37231004524138506,0.32025205151278513
2021-02-12,3486.25,3486.25,3549.2,3474.35,3549.05,117203108,-0.010501667494500766,0.322101710341689,-0.051590330361798276,0.12727553405240966,0.37728171023622403,0.323044646681914
2021-02-16,3570.15,3570.15,3615.25,3477.35,3479.4,210116260,0.023728278947066528,0.33164863856769866,-0.025454392895781996,0.12775633080097926,0.38492094870890176,0.3245129597831288
2021-02-18,3623.05,3623.05,3644.8,3578.9,3590.35,179075915,0.05041821898148813,0.3120575081029209,0.002942520392255732,0.13769716214392957,0.38494222100291736,0.3210870992069118
2021-02-19,3552.1,3552.1,3629.05,3499.0,3620.05,189379494,0.07362853256762891,0.281190261496844,0.02458186280423713,0.12324772676455797,0.358659463865257,0.3249283229917035
2021-02-22,3609.1,3609.1,3682.05,3558.85,3561.55,245934464,0.05987900857512041,0.3111365411512541,0.04923592586266001,0.162056937740362,0.3494202899476206,0.3249418938570993
2021-02-23,3749.55,3749.55,3769.5,3609.75,3648.2,325761428,0.09093686354378816,0.3513109289125147,0.08662816425097519,0.20754058599603598,0.37080842536813824,0.3321303494376511
2021-02-24,3778.65,3778.65,3832.05,3740.9,3781.8,234577748,0.12387906547893457,0.3453856013672294,0.09703595334587467,0.18636670804159694,0.3575477569438193,0.3318506642057308
2021-02-25,3928.6,3928.6,3945.8,3821.65,3825.6,313228479,0.21389837316730276,0.38372400190197764,0.15360936241509537,0.22729537736338035,0.3358087386679987,0.33889608412170613
2021-02-26,3822.65,3822.65,3939.6,3795.6,3859.65,474522166,0.2116932927602384,0.35721006195522875,0.1714820602114644,0.22727554838866282,0.3383895185367858,0.34443887537045387
2021-03-01,3896.95,3896.95,3917.6,3811.35,3877.25,212824117,0.24181829769605812,0.3322678244816326,0.1734993834642633,0.19562735288022348,0.33525294027848024,0.3389698435652658
2021-03-02,3927.6,3927.6,3939.8,3875.3,3911.95,219947608,0.2762514419405677,0.34242501922583957,0.18204258823012998,0.19205437359198085,0.31591834366646804,0.33889252223517724
2021-03-03,4058.6,4058.6,4075.4,3964.1,3964.5,211204574,0.25760322255790524,0.36467107143457556,0.1900739252388295,0.20168825906296362,0.2978901817992735,0.34291763909219636
2021-03-04,3976.85,3976.85,4014.95,3934.6,3964.85,170618156,0.20909975373202405,0.30379975083601085,0.1795459009707332,0.153804516825907,0.31683013776659114,0.34424183607923725
2021-03-05,3869.4,3869.4,3955.4,3827.65,3947.55,203343659,0.15697883028345894,0.23777230414893968,0.14696193285607917,0.10040266031961376,0.3412536437852674,0.3477026120918442
2021-03-08,3900.8,3900.8,3947.35,3891.7,3922.15,142744976,0.14408059714625088,0.233903237540924,0.1400156652299105,0.10586130115774561,0.33833172023955077,0.3474672301625886
2021-03-09,3802.7,3802.7,3953.75,3760.85,3938.2,148941620,0.10442472735721653,0.20292926736682282,0.09275577309653338,0.07244985657933434,0.3567487444831612,0.3524472950722278
2021-03-10,3873.65,3873.65,3886.25,3786.6,3838.0,133352735,0.09041647313825685,0.24062004579883745,0.08651327246331109,0.1075761993430624,0.3470196806675743,0.3523439480519551
2021-03-12,3840.2,3840.2,3950.55,3806.3,3924.25,166760815,0.0929375435800377,0.2364210051836826,0.09812306576755114,0.12541209629097327,0.34576289343338507,0.3527769802552978
2021-03-15,3880.05,3880.05,3890.35,3785.05,3845.5,166931725,0.10515971915632982,0.2463821654004914,0.11687652980075436,0.138712784518505,0.34578068903071696,0.3530399312916984
2021-03-16,3847.25,3847.25,3903.55,3814.95,3900.95,130181562,0.08474074491781103,0.22286322748800114,0.10206391211007848,0.11951735445352307,0.3484160860805356,0.35361021529122577
2021-03-17,3752.7,3752.7,3844.4,3737.8,3842.75,108102958,0.07642882753675151,0.17657940116005633,0.10557815556516403,0.09078971889876652,0.35563581072953915,0.35760630409083866
2021-03-18,3754.35,3754.35,3837.65,3722.6,3795.65,152685937,0.051594470820553795,0.16806931848233586,0.10093675334345587,0.09510270781796515,0.3477029681913605,0.3574832103250237
2021-03-19,3832.5,3832.5,3860.0,3631.15,3733.95,229305343,0.05781040835759921,0.17139145717123871,0.08261042360129978,0.09382637209752742,0.3510572962611391,0.35804501689009993
2021-03-22,3867.45,3867.45,3877.1,3803.2,3835.0,99363140,0.08877846907463183,0.198206152988196,0.10515503452092478,0.1257425826344689,0.34123813841190853,0.3566752091901218
2021-03-23,3841.95,3841.95,3894.9,3828.7,3877.25,113961401,0.0645174697292954,0.19441335571721696,0.05504263698966816,0.11780303052851049,0.34039396255321897,0.3569794681214525
2021-03-24,3717.55,3717.55,3810.45,3706.65,3803.75,127433824,-0.008534357456228103,0.2235826544886037,0.0022353984668853633,0.13197376188219367,0.33682309025225826,0.3428001435528534
2021-03-25,3718.3,3718.3,3751.55,3614.4,3729.35,225891521,-0.015971312505789093,0.20737746172454674,0.027887959245312177,0.14361825552904617,0.3354615290308259,0.3421989210032124
2021-03-26,3855.3,3855.3,3878.4,3755.7,3764.05,232578945,-0.018658046123300798,0.23011390829903333,0.020424959831671363,0.1634869280298885,0.33128211118380746,0.34764129011485867
2021-03-30,3963.0,3963.0,3984.65,3907.75,3914.25,221361464,0.03671536761147376,0.2603759183284038,0.014969483629581282,0.1806734175101774,0.33056942553846136,0.35113122780886746
2021-03-31,3977.2,3977.2,4025.4,3931.75,3954.8,145469953,0.020593027880778658,0.23329767275997337,0.02539263295696803,0.1743711101434966,0.3242182817801961,0.3482769781230443
2021-04-01,4189.15,4189.15,4204.4,4008.75,4010.5,287840440,0.0665928302271106,0.31327491888333303,0.07006153821586081,0.2461840653307037,0.37091203598958306,0.3607562260967831
2021-04-05,4226.4,4226.4,4241.85,4101.15,4206.1,330038224,0.041344305918296964,0.30811848091862926,0.08121153451281837,0.2612116045377595,0.35497282889408455,0.36046217450187135
2021-04-06,4286.95,4286.95,4305.5,4231.45,4266.35,301172946,0.07797628776544241,0.3171769621925551,0.10431781587246625,0.26698653538618244,0.3471997021116245,0.36097210204267344
2021-04-07,4325.45,4325.45,4363.5,4296.1,4306.7,220026554,0.11786065023000969,0.2630526192840039,0.12583019172461762,0.21450282447205904,0.32735875217190175,0.34798978186998736
2021-04-08,4494.95,4494.95,4588.85,4363.05,4365.35,421112958,0.15231490976209994,0.3313439466864123,0.15782435665027583,0.2838563728501857,0.3475584176206346,0.3529814105120373
2021-04-09,4467.3,4467.3,4550.45,4399.3,4510.2,256455313,0.17477055776159056,0.30630446224925434,0.19222610102653437,0.25762727858750645,0.3298809160202847,0.35327732419649305
2021-04-12,4196.0,4196.0,4378.45,4166.45,4372.65,259141238,0.08321608818556148,0.1818220225605205,0.14015258890520266,0.16955308954937975,0.4114843997179957,0.37237433160543243
2021-04-13,4337.9,4337.9,4347.35,4200.25,4215.25,194871342,0.12960262486328822,0.22914541539159017,0.16460709123355688,0.21816423051731104,0.4211664744253023,0.37708048531454497
2021-04-15,4397.45,4397.45,4463.75,4318.7,4378.1,272567674,0.1333487970515843,0.25860785941211817,0.15666168795131308,0.2519318591143913,0.4217710827974083,0.3765851068352008
2021-04-16,4434.0,4434.0,4500.85,4394.5,4422.3,190260271,0.15251153421274943,0.26328385424086154,0.1721353941301037,0.2595485158881401,0.4181788652839723,0.37669271231024776
2021-04-19,4366.1,4366.1,4403.65,4266.85,4302.35,177377481,0.1634556452687399,0.23922514723621657,0.1880356493564076,0.2533275526555139,0.40985548980064773,0.3787697172066552
2021-04-20,4384.4,4384.4,4457.35,4332.7,4420.95,151074539,0.16781866368346043,0.25721167632046793,0.18577799323867383,0.277710951907462,0.409206681302084,0.3776766287585794
2021-04-22,4460.9,4460.9,4497.7,4367.55,4380.6,187980037,0.16396607958251774,0.29333314004899735,0.18688045894870065,0.29524185398338043,0.4079972433280436,0.37738293635280173
2021-04-23,4446.85,4446.85,4528.2,4396.65,4471.75,198490348,0.1498144772395249,0.344068308901315,0.17662229806266994,0.3398635232369325,0.4097131447215992,0.36543481850347986
2021-04-26,4536.3,4536.3,4582.15,4488.85,4491.0,295340187,0.18072853629016516,0.3321684482556091,0.20298675866988802,0.33465794734160015,0.4088593160495607,0.3634014717200797
2021-04-27,4659.25,4659.25,4668.0,4562.5,4567.5,267370521,0.2533119931137442,0.35561536223450685,0.24618802846367616,0.35504521677139445,0.38311427418906707,0.36607666552886214
2021-04-28,4645.05,4645.05,4690.85,4598.15,4690.85,205666516,0.24924024419761714,0.38157131597341,0.21156812087760613,0.3627780586044218,0.384534849214866,0.3621243504152384
2021-04-29,4855.3,4855.3,4868.9,4695.1,4698.95,444468054,0.2593831867818328,0.5002394673011263,0.23266556247160386,0.45416849398131043,0.3925117993338715,0.3591902673948966
2021-04-30,4847.95,4847.95,4936.5,4791.65,4819.6,452819405,0.2233030532424931,0.5366901229871939,0.23771858467246443,0.4891798592051999,0.39033080043213986,0.353296121985003
2021-05-03,4952.45,4952.45,4973.2,4786.05,4825.8,356771818,0.2452101981293373,0.5781683184092286,0.24905955887699882,0.5190695203241675,0.39149317529344324,0.353497947477873
2021-05-04,4921.65,4921.65,5048.3,4886.35,4994.55,407269270,0.1748564744637935,0.5992623763180556,0.19980036958422243,0.5360481701574018,0.36428470583477446,0.35017874652174186
2021-05-06,5095.0,5095.0,5118.2,4964.6,4980.25,302077829,0.205517698277494,0.5787435122782554,0.19957418209604305,0.5476817245217471,0.3763110840152676,0.3448852734114628
2021-05-07,5335.85,5335.85,5387.1,5176.35,5180.95,568022431,0.2446727860133664,0.6222826913137334,0.2351620841626496,0.6103150110108306,0.3982716237402857,0.3531251306722556
2021-05-10,5503.35,5503.35,5519.05,5405.45,5425.4,453310795,0.27231848709382844,0.6455418012199499,0.26399812875017137,0.6352375465030677,0.40439316928905594,0.35580251331312257
2021-05-12,5290.45,5290.45,5518.0,5228.05,5479.85,381035997,0.17697638460939502,0.5516563769412384,0.18889666100249425,0.5650260778540861,0.43062791930116356,0.3682040932670332
2021-05-14,5091.35,5091.35,5332.55,4984.4,5332.55,523292088,0.1396928793678509,0.47868957204885065,0.15027942448444254,0.4952029777685686,0.4590447751494173,0.37986336104790563
2021-05-17,5207.75,5207.75,5222.45,5036.25,5117.95,303268556,0.24112249761677784,0.46596011203535603,0.1983330942085264,0.47870501581496006,0.3818777388440337,0.37786710887545727
2021-05-18,5294.4,5294.4,5365.65,5231.9,5305.3,291986709,0.22049839784227387,0.5068091585673016,0.1789052829553981,0.5068885927785499,0.3733444978617868,0.3766709118895127
2021-05-19,5245.95,5245.95,5318.9,5218.65,5279.45,202889383,0.1929527339708239,0.49421080365153736,0.16218074700777518,0.49926489357143944,0.37911586167381733,0.37778873482158853
2021-05-21,5099.15,5099.15,5147.85,5090.2,5119.45,170497303,0.1500112764997743,0.43771675078241734,0.11187637908264758,0.4375849402978329,0.40148694331177026,0.38447647180987454
2021-05-24,5068.6,5068.6,5098.45,5004.3,5098.45,284720535,0.16089874258491554,0.4538831122266047,0.10252255209026573,0.4516144509808273,0.3958616810107457,0.3822659547003475
2021-05-26,5004.75,5004.75,5070.7,4987.25,5062.05,212377683,0.14149028373323613,0.40183185580437786,0.07118938440010258,0.40261548064704544,0.40218611701431667,0.382421370512824
2021-05-27,5043.3,5043.3,5095.25,4987.3,5017.15,280031504,0.13055661413616093,0.3920039745518278,0.06588290231955263,0.3775254948138387,0.40024233741300813,0.381979522619485
2021-05-28,5055.75,5055.75,5188.55,5032.5,5145.7,215988328,0.13692838751026004,0.4233129697925171,0.06062449624087418,0.3930160825380242,0.3990074365727245,0.37839276064012484
2021-06-01,5121.65,5121.65,5186.45,5034.65,5181.85,230746914,0.12903688027687754,0.4190934027873985,0.05379700389613884,0.357825497195426,0.3966409811185978,0.3781052218339586
2021-06-02,5233.3,5233.3,5252.75,5124.3,5126.2,156817385,0.12320652465525561,0.39571415236495033,0.0602059614325956,0.3366706242943389,0.3934748216495984,0.37354091395557293
2021-06-03,5268.05,5268.05,5322.4,5234.65,5275.5,157022598,0.13412126887762232,0.39416193614121453,0.07856628634952134,0.34688189279753545,0.39208102987739524,0.3735202109468077
2021-06-04,5339.15,5339.15,5360.75,5235.5,5259.45,176692129,0.09965398636541489,0.3590464796619661,0.04759928381345868,0.3210993958725541,0.3669323018882085,0.3673920396639612
2021-06-07,5315.5,5315.5,5421.5,5305.7,5379.1,206537973,0.09644282634928181,0.3905275136358286,0.01985591141009313,0.3063863238805884,0.36774047245150415,0.36170584599413674
2021-06-08,5258.9,5258.9,5327.3,5189.9,5327.3,166113446,0.06187846419448961,0.34949126881278936,-0.013694711509547153,0.28320081708957234,0.3659943257505423,0.36204969831234496
2021-06-09,5209.45,5209.45,5306.75,5173.45,5276.35,209483795,0.05847632399703362,0.3263697932579692,-0.020083991208360796,0.2783608638484547,0.3672440461627946,0.363201428651681
2021-06-10,5265.2,5265.2,5306.6,5244.7,5247.7,164023032,0.03340529931305203,0.2972946336175035,-0.03538682069866028,0.2650131620299667,0.34914779552718306,0.35868900280923915
2021-06-11,5406.8,5406.8,5421.35,5262.65,5308.15,364889947,0.013296850548647265,0.35956850270943086,-0.05255954252737549,0.3119183785859623,0.3217920768467774,0.35777577610256533
2021-06-14,5371.6,5371.6,5392.5,5200.25,5369.75,281331132,-0.02393996384020647,0.3882255646870316,-0.08213027679168938,0.3297341887524621,0.30194585343030583,0.3521904367980172
2021-06-15,5368.95,5368.95,5412.75,5356.15,5397.55,180561818,0.014838057254108916,0.3763715135356849,-0.06495985381315195,0.31532326646998543,0.26603512140742197,0.35235693139281543
2021-06-16,5216.2,5216.2,5382.25,5195.7,5338.15,208841085,0.024521983363940736,0.37170957477581723,-0.04972279545174918,0.32739034911281295,0.2491220065804216,0.3536895221053173
2021-06-17,5095.1,5095.1,5216.35,5062.7,5140.0,200281979,-0.021631222696941954,0.3153227576058757,-0.07311163935766452,0.28127943627138774,0.2503495389756069,0.35743086860028667
2021-06-18,5048.65,5048.65,5098.85,4858.8,5086.75,331878780,-0.04641696887277125,0.31468413103484183,-0.08449257168671098,0.2712803937071808,0.2428884058151687,0.3575090863519477
2021-06-21,5105.2,5105.2,5119.5,4925.8,4969.0,197601541,-0.02683022140889635,0.3157562402546359,-0.07449106250213122,0.26103237140437296,0.24602225515364662,0.35756911504924344
2021-06-22,5119.4,5119.4,5176.65,5104.6,5150.05,171284415,0.003971250110312408,0.3306647605432451,-0.03539866040229267,0.2728328511513618,0.2245551740821043,0.35655514563998736
2021-06-23,5061.8,5061.8,5175.65,5053.75,5156.75,168100160,-0.001341593339383662,0.34884216697311277,-0.03353396413973031,0.28324670981670597,0.22727385853168394,0.3528014976447594
2021-06-24,5090.9,5090.9,5125.85,5059.0,5082.15,130145798,0.01721364703531636,0.35600037290076836,-0.014744108194302497,0.2713312343252656,0.2230823652603356,0.35267681012979096
2021-06-25,5223.95,5223.95,5250.3,5140.9,5147.4,223236297,0.03581980052743239,0.3630658838878016,0.0017537473774111856,0.2873503650750642,0.23913297945936893,0.3538130417087776
2021-06-28,5290.8,5290.8,5316.95,5206.85,5253.05,335778304,0.04649161845423522,0.3680332001706552,0.021934842737306504,0.2948606630445947,0.24228149479971609,0.3540634419746191
2021-06-29,5226.05,5226.05,5308.95,5212.05,5293.8,221074648,0.020384055919479227,0.3602597639219669,0.009237843256661327,0.29723472500382786,0.24410328979863077,0.3550683911410317
2021-06-30,5215.8,5215.8,5301.3,5204.0,5256.95,153432240,-0.0033439703437601054,0.40302080671409923,-0.012672291941169034,0.3224608126314392,0.23180138183206261,0.34646578310943765
2021-07-01,5207.4,5207.4,5255.4,5194.75,5234.55,114876808,-0.011512798853465789,0.4004787133905279,-0.01085318261592727,0.30588122423368524,0.23044287503881464,0.3466073556326265
2021-07-02,5130.05,5130.05,5230.2,5114.95,5220.4,140368154,-0.039163537267167925,0.33064871735014134,-0.042478748914237974,0.24690464319566297,0.22961067522284506,0.3431734922880262
2021-07-06,5172.7,5172.7,5225.75,5153.15,5194.2,188030679,-0.026864829272881252,0.30524854907898047,-0.03109293285081738,0.23969490402223492,0.23224017472834024,0.33996443719127434
2021-07-07,5286.45,5286.45,5300.6,5124.5,5163.65,266326115,0.005238738139154542,0.3291888765966007,-0.0036272020208989453,0.24825671002145877,0.2432380638626713,0.3418029483624135
2021-07-08,5170.5,5170.5,5294.5,5144.5,5285.85,181275815,-0.007476796974728583,0.23425993339937712,-0.013396126159060162,0.17637801067205006,0.25393912361564414,0.33170397280294606
2021-07-09,5273.6,5273.6,5283.95,5169.0,5176.05,147380011,0.001595380992175155,0.24777588491387492,0.004642207591434855,0.1759071605128817,0.2611285048954012,0.3332011108319642
2021-07-12,5262.55,5262.55,5336.85,5235.9,5313.5,132841876,-0.026679366723385334,0.22757438271964925,-0.019922759480726637,0.1588510123123894,0.2417068686463412,0.3326754496523766
2021-07-13,5295.6,5295.6,5319.25,5267.65,5298.7,130878563,-0.014148484622831137,0.224288802321146,-0.014180106476842647,0.15726022641519943,0.24233553562103052,0.3325307063862468
2021-07-14,5299.95,5299.95,5331.55,5283.55,5319.85,119838248,-0.012851674908501698,0.17908986751799238,-0.011887558476565752,0.1131920872939971,0.24239621005037837,0.3244254642407994
2021-07-15,5335.4,5335.4,5358.1,5285.45,5300.55,120598776,0.022851884513630516,0.1943231929800997,0.012916898256068121,0.12089133390354556,0.2192451588423894,0.32398497943921367
2021-07-16,5391.3,5391.3,5396.8,5350.5,5362.1,179191882,0.05813428588251446,0.2848665395614871,0.043349117304532614,0.1721823704062948,0.20102742621374814,0.2940012761156493
2021-07-19,5317.85,5317.85,5412.05,5278.55,5334.5,221098567,0.05332118487120341,0.22590423937850135,0.04891837660831011,0.13989129175172232,0.2052392974584503,0.28988833632136396
2021-07-20,5193.65,5193.65,5305.7,5148.6,5302.85,149509107,0.017325472067695635,0.18105947765182084,0.024590603406405842,0.10900564212864006,0.22243841770776257,0.2942931509648508
2021-07-22,5348.95,5348.95,5369.2,5257.75,5260.95,156511014,0.04483923897331721,0.20634866937302654,0.04158680647502111,0.12383309919374952,0.24456094719542834,0.2991483532907067
2021-07-23,5353.8,5353.8,5408.55,5341.5,5384.85,190748749,0.057686988818207,0.22622019651405134,0.046907353052835,0.12199617755658809,0.23940092959392603,0.2966828348744434
2021-07-26,5387.4,5387.4,5421.9,5350.0,5402.6,171774084,0.05824117543067042,0.22876562357449148,0.0560879752635155,0.12188208905278541,0.2394931124429538,0.2967366634468129
2021-07-27,5465.9,5465.9,5499.65,5405.55,5432.55,200771084,0.04631552752227708,0.22529086058867054,0.05349692117801175,0.13225422218458172,0.22818901323801338,0.2962278551891648
2021-07-28,5532.8,5532.8,5541.3,5378.2,5483.05,212741103,0.04573977470325841,0.24420657319225958,0.05239812442769465,0.14881452024658004,0.22786276448764384,0.2964467561757061
2021-07-29,5810.75,5810.75,5852.45,5544.75,5571.9,482355239,0.11188182279159209,0.2809448228732667,0.109976873439247,0.19164898612404335,0.2750331284298382,0.30900276691819395
2021-07-30,5770.35,5770.35,5879.1,5754.85,5810.2,283221583,0.10632117795927765,0.23847185705853957,0.1036783127945351,0.16271970888492793,0.2773558582374239,0.3061759091175198
2021-08-02,5781.3,5781.3,5832.35,5752.7,5815.65,163342079,0.11020854937204749,0.24461523557335219,0.09712497854137148,0.1759551954545686,0.2765163037735981,0.3058869514927013
2021-08-03,5778.2,5778.2,5806.15,5707.95,5801.95,139258459,0.12634379781873473,0.19008094247523322,0.10035826146808402,0.10710961826598542,0.26712513290605,0.29402501449486607
2021-08-04,5759.9,5759.9,5880.7,5727.5,5800.15,165697645,0.11351905194579226,0.18811043843273967,0.08566832227041732,0.07686109704560717,0.26888699708903663,0.2941508896018362
2021-08-05,5834.4,5834.4,5847.3,5664.5,5767.15,214450803,0.10365178900774619,0.17808357479631298,0.07752091027032915,0.06461957624305747,0.26349952987341785,0.29238743633769004
2021-08-06,5841.35,5841.35,5905.3,5810.8,5847.1,184070368,0.12974567256551595,0.1868682250871152,0.09730015905045852,0.0667219694176433,0.24394377070795245,0.29180980006584456
2021-08-09,5732.0,5732.0,5861.55,5706.35,5861.55,232446598,0.08692354368932032,0.1250245338567222,0.05069298610485262,0.020883885722114526,0.2536469143223479,0.287509429080765
2021-08-10,5573.3,5573.3,5756.7,5540.05,5737.0,180289969,0.05904932019648279,0.04450087614906706,0.0216112911494013,-0.053787893805763654,0.2777743237701888,0.27887215643752933
2021-08-11,5748.3,5748.3,5759.85,5600.2,5623.9,260672662,0.08548606390210733,0.044509253454714015,0.055768760513722926,-0.045162078407601,0.2950203298661327,0.2788758645727951
2021-08-12,5769.25,5769.25,5793.2,5728.6,5775.95,132501852,0.08854800516986017,0.09050269825818225,0.056350969792303474,-0.022986934690138794,0.29477426301241083,0.26604590408851253
2021-08-13,5799.3,5799.3,5832.7,5669.9,5742.0,224480669,0.08694755782134433,0.13904956445736394,0.04896138541435846,0.012920319657590218,0.2946600193791964,0.2528602314832675
2021-08-16,5884.9,5884.9,5936.1,5771.95,5818.8,159210861,0.09155491254428427,0.13002736306466312,0.0513844480119976,0.020137671699278492,0.2962290919403858,0.2506306373697057
2021-08-17,5749.4,5749.4,5907.45,5706.7,5878.5,210705602,0.0811512171272224,0.0859398609851918,0.026416751435051733,-0.01377486415900675,0.3057854577074999,0.25406720503854735
2021-08-18,5702.6,5702.6,5776.75,5666.1,5760.15,143229194,0.09799466656397726,0.08704810377529348,0.0380698948821101,-0.015326069387322283,0.2919334397077649,0.25389453872659096
2021-08-20,5335.95,5335.95,5558.0,5302.1,5558.0,260692606,-0.0024303835332167845,0.04643911240108656,-0.04201887087018974,-0.037592189235445383,0.371587494009873,0.28325573571167495
2021-08-23,5291.25,5291.25,5430.15,5171.95,5410.8,247076097,-0.011683290373192934,0.043927317207907324,-0.05207162302545165,-0.04152962737888477,0.37271614878667814,0.28354358372287286
2021-08-24,5444.8,5444.8,5475.6,5346.65,5359.95,231874923,0.010654490106545067,0.08792646985363906,-0.039909630869962465,0.00145431217097447,0.3863534219042042,0.2878051098643372
2021-08-25,5474.05,5474.05,5533.0,5437.05,5483.4,160686425,0.0014910627709985302,0.08541034640017453,-0.05491531354211521,0.0008612854641909529,0.38333695852221833,0.28762876987657227
2021-08-26,5404.7,5404.7,5487.25,5376.7,5476.95,195578241,-0.0231528340080972,0.06902042229145033,-0.08219391622238137,-0.008802667089324423,0.38311613470743966,0.2890669808232428
2021-08-27,5492.7,5492.7,5501.95,5425.5,5428.1,230871677,-0.05473475885212753,0.0724473558325931,-0.11346986983994933,-0.00012795871135007353,0.34151899259965374,0.2897005319533798
2021-08-30,5628.1,5628.1,5646.0,5542.9,5544.25,197522576,-0.024651884201131624,0.07543997095522914,-0.0987492822957039,-0.011542127948791725,0.3543204273248136,0.2905935358145664
2021-08-31,5714.6,5714.6,5730.8,5604.25,5639.95,216072725,-0.011537197516129583,0.08476571027230184,-0.09004125932601803,-0.007128329393550681,0.3590329416979103,0.29181576339065257
2021-09-01,5612.45,5612.45,5739.5,5595.45,5737.3,149096109,-0.02868540375895612,0.05118792317129128,-0.08730016128727924,-0.03853623566471964,0.36433955244178334,0.29338065459472185
2021-09-02,5653.3,5653.3,5672.5,5624.55,5634.5,127397461,-0.018507265751141366,0.06354999529677352,-0.07849635459251458,-0.030567126606995343,0.3655649568574206,0.2934618193920389
2021-09-03,5719.35,5719.35,5746.4,5628.65,5660.75,180660962,-0.019719251336898225,0.08755633307345656,-0.0828690079843688,-0.013046588083208022,0.3649728016269755,0.2932155876192772
2021-09-06,5742.7,5742.7,5788.85,5682.7,5757.5,245665695,-0.016888219332859777,0.10236205357571326,-0.0870684469584847,-0.009081004328807207,0.3653452879634535,0.29238749794652663
2021-09-07,5708.35,5708.35,5798.8,5693.6,5765.8,131758388,-0.004125959525471012,0.08416584365266289,-0.07202069662048438,-0.019047742112455968,0.3597209694721064,0.2921838853758567
2021-09-08,5720.75,5720.75,5763.55,5685.4,5716.9,106196410,0.02645649794556193,0.058065769031589776,-0.03947678356869089,-0.04030222895883373,0.3443327789181287,0.2874395803506322
2021-09-09,5765.15,5765.15,5783.7,5714.9,5715.2,104899895,0.0029313014282481564,0.07326494899098956,-0.06382851370786624,-0.02523082658871245,0.3273022293096666,0.28734212760784716
2021-09-13,5839.3,5839.3,5850.75,5769.1,5803.6,164791516,0.012141959526801527,0.0876055839596197,-0.04841023713007542,-0.006037832159604628,0.33019156959482765,0.28829824984556207
2021-09-14,5810.35,5810.35,5876.2,5799.95,5876.2,106552228,0.0019054023761488903,0.11390475825313451,-0.049573529370525726,0.011640917942756124,0.33028824661246214,0.28166792644519195
2021-09-15,5859.05,5859.05,5879.9,5794.0,5825.75,132671541,-0.0043925980050637525,0.14993817589448688,-0.062135489102317254,0.03343813239185667,0.32734740613990276,0.2769775312017994
2021-09-16,5822.5,5822.5,5913.85,5809.9,5873.0,110594464,0.01271437019515087,0.15327859922949716,-0.04837048375777431,0.029188373665587353,0.3168372112478516,0.2765271466765216
2021-09-17,5683.85,5683.85,5841.75,5615.55,5836.35,191345147,-0.003287973906639041,0.11334521664185537,-0.0646260151835033,-0.0034204386228067207,0.32757047881515033,0.2811500567035336
2021-09-20,5309.0,5309.0,5567.05,5288.15,5565.2,225645722,-0.005050647026302646,0.03703559010821578,-0.06258083702812633,-0.06593633239261631,0.33234686407515074,0.3156263226277809
2021-09-21,5444.45,5444.45,5453.45,5268.95,5321.95,215769567,0.028953460902433337,0.07559563791536594,-0.03563927460812044,-0.04393363841572051,0.3426524427796705,0.3185908736598367
2021-09-22,5524.65,5524.65,5558.35,5431.35,5466.85,189317989,0.014665368792242006,0.0852010450018661,-0.04079766808775798,-0.026018088942385775,0.3313500516910769,0.31964864048280056
2021-09-23,5616.05,5616.05,5627.05,5579.5,5607.7,148494437,0.025940574163553443,0.07505814565606483,-0.04549458078233615,-0.04868437312264562,0.33569151193464947,0.3171520020860395
2021-09-24,5498.2,5498.2,5627.3,5449.7,5621.95,150758199,0.017299757618369105,0.039200120964693275,-0.05580874213621212,-0.08969887795794929,0.34166943055778004,0.3195050593035222
2021-09-27,5504.45,5504.45,5544.8,5478.85,5501.4,116977183,0.002139202942086804,0.05327159135484738,-0.06669567747851568,-0.08049708987637239,0.33687894880963015,0.3183627761118906
2021-09-28,5534.6,5534.6,5587.05,5497.5,5522.1,139862681,-0.016613066576642188,0.06112197553587184,-0.06490001808885304,-0.06781607804521128,0.3253225963485131,0.31844472545451413
2021-09-29,5661.25,5661.25,5691.25,5492.15,5502.9,297487704,-0.009335736534490713,0.08715481814341142,-0.043137676093202626,-0.042392425558756885,0.33115950851085557,0.32145897154646275
2021-09-30,5611.25,5611.25,5733.1,5596.5,5686.1,223351251,-0.00021381036802103903,0.09380025535813497,-0.03194796690853774,-0.02679038537659939,0.32627257238093277,0.32037522529781415
2021-10-01,5638.8,5638.8,5674.75,5524.25,5571.0,182958728,-0.0025648736136415495,0.0901076807083343,-0.01985034367586469,-0.01823557984514035,0.32568398360409423,0.32014420515022374
2021-10-04,5807.35,5807.35,5816.1,5611.8,5669.7,307465036,0.015386363835051098,0.09853493365112698,-0.005836153362012153,-0.015548157903868987,0.3400527354374963,0.32261082584769557
2021-10-05,5800.3,5800.3,5861.7,5773.55,5777.15,217164124,0.010030125202431073,0.12180640170196311,-0.015548485439693449,-0.01135825083318509,0.3398879592153608,0.31885973415508895
2021-10-06,5627.35,5627.35,5859.3,5606.95,5825.1,224406886,-0.014189739592001205,0.06707941444174748,-0.030541471065290482,-0.05760032778976676,0.3565536699485637,0.3233585623091351
2021-10-07,5659.95,5659.95,5705.25,5643.8,5697.9,109317175,-0.010627977100904684,0.07551472195038511,-0.03580155069556856,-0.058162938361981054,0.3571699286777158,0.32343049852165695
2021-10-08,5681.45,5681.45,5791.65,5663.85,5702.35,125760099,-0.01451826925578692,0.0728623763124101,-0.04479874876699197,-0.0588605909144273,0.35623323469575713,0.3233054814031244
2021-10-11,5766.4,5766.4,5806.7,5707.65,5718.8,133181108,-0.01248437312691597,0.0880102642477758,-0.04651711303414441,-0.043944169673433064,0.3573438054076441,0.3245150025114362
2021-10-12,5829.35,5829.35,5837.15,5720.6,5798.5,154690094,0.0032700267625873636,0.09257975034674071,-0.03193993979379939,-0.037269723917352504,0.3592048240094001,0.3249186033126925
2021-10-13,5914.65,5914.65,5971.75,5812.3,5845.6,238205528,0.009489593022759646,0.09707306215569522,-0.02717256303192861,-0.04349676303646932,0.36173321640837947,0.3255096258855356
2021-10-14,6019.2,6019.2,6079.55,5954.95,5978.75,238646602,0.03378273937312137,0.13188600656280247,-0.006436823362633959,-0.03228899702358046,0.36569212790309247,0.32554973890941485
2021-10-18,6253.1,6253.1,6300.45,6133.55,6157.2,489823370,0.10015218557843708,0.20398948716220788,0.049433234030516804,0.021995305768378604,0.3741568428501334,0.32930849158173714
2021-10-19,6099.35,6099.35,6312.2,6061.2,6312.2,234933753,0.14886984366170664,0.14028921564045294,0.09013239121726646,-0.023682727530749847,0.28239511088672203,0.32955996156757655
2021-10-20,5974.0,5974.0,6085.9,5919.05,6085.9,170651603,0.09726418646511581,0.11584295266913225,0.057143493527238576,-0.03618418109875443,0.2900114897417244,0.33289585819616513
2021-10-21,5868.4,5868.4,6040.1,5782.75,6019.55,179069222,0.062221136180572456,0.08928239967331186,0.026234255226508685,-0.05945258858932578,0.29797048068582027,0.3351800609949414
2021-10-22,5690.1,5690.1,5877.85,5645.25,5865.25,171846231,0.013185423918946615,0.04101794763899824,-0.00319520805681317,-0.10939374299191962,0.3164555898700866,0.3404754849900656
2021-10-25,5679.65,5679.65,5747.5,5561.65,5715.25,148308574,0.03300170965043092,0.026541714864083188,0.01775507690187994,-0.12725155158304435,0.3060036717268752,0.3396646431296549
2021-10-26,5830.65,5830.65,5846.5,5694.3,5702.9,139482114,0.059261143256819526,0.0034246870025382847,0.03611365092734564,-0.15438233234922416,0.3182037314453228,0.3287841894927621
2021-10-27,5741.9,5741.9,5855.55,5722.55,5833.2,136478204,0.037455281321143286,-0.004930376840226458,0.011405360789340735,-0.16022389201611342,0.32446816183273913,0.32999255011737866
2021-10-28,5544.55,5544.55,5668.9,5521.65,5654.95,234886612,-0.020613822035769447,-0.04095099718056494,-0.028854279388540904,-0.16509836506062492,0.33959222285839435,0.3376116934528502
2021-10-29,5563.4,5563.4,5660.5,5482.3,5534.05,195550618,-0.008527511695255119,-0.03717420650029424,-0.01156415281897194,-0.13269985723724065,0.33863098904889144,0.33771574513605845
2021-11-01,5733.75,5733.75,5746.6,5616.9,5648.5,316519262,0.01683868908278363,-0.004540009375162746,-0.005839753635407785,-0.10730593342915007,0.35536078577900926,0.3435038568928527
2021-11-02,5643.15,5643.15,5764.75,5634.95,5764.65,144165727,-0.0282745141932208,-0.032779720279720315,-0.039449485930661554,-0.13062499709509534,0.3431904433362686,0.34394098401622336
2021-11-03,5695.45,5695.45,5714.9,5647.45,5671.85,123151077,-0.018076651207696193,-0.02497710289573485,-0.01846371893731602,-0.12295588159663895,0.3452734115258075,0.3445088864409852
2021-11-04,5697.95,5697.95,5737.4,5688.2,5728.3,21905156,0.012545869725536729,-0.005940334961619054,-0.0028004286565328496,-0.1079532072725996,0.3273841796239412,0.3423520395467984
2021-11-08,5780.45,5780.45,5787.3,5634.95,5751.1,140372974,0.021289940723858036,0.03716828449930909,0.005652183288872292,-0.07268676643939087,0.330586392174685,0.33856779760162403
2021-11-09,5761.6,5761.6,5812.6,5737.45,5777.95,172634309,0.014107314153957162,0.002313727536837007,0.005778221002882944,-0.1059022745513265,0.33076029810711394,0.33269436010400083
2021-11-10,5660.45,5660.45,5754.2,5626.8,5739.55,197267232,-0.0183736820199778,-0.018858603804653984,-0.02234393732001827,-0.11985826090616747,0.3324812007049685,0.33457957932112364
2021-11-11,5681.0,5681.0,5723.45,5644.9,5665.25,127326607,-0.025448806470704355,-0.02039901367406416,-0.018870886094425,-0.10174040744468571,0.3300632779492179,0.3344844910820368
2021-11-12,5728.7,5728.7,5765.75,5670.0,5759.6,165059818,-0.031438884802989175,-0.02654250709442807,-0.028190299176604094,-0.11950238743802988,0.32685488111495903,0.3335269050270006
2021-11-15,5624.3,5624.3,5761.25,5618.1,5754.75,127124071,-0.06560672514619881,-0.021758792221796996,-0.053113831610999584,-0.11173084358146457,0.3238388811369678,0.33224153556028746
2021-11-16,5586.35,5586.35,5687.5,5568.6,5629.25,112987137,-0.1066271129519758,-0.020385438221162233,-0.08076521712469853,-0.10671307369958904,0.2842998942639811,0.3321131549021171
2021-11-17,5568.1,5568.1,5618.65,5546.5,5563.85,113890338,-0.08709944502283029,0.04350677948631465,-0.05886193653962701,-0.04452400320266148,0.27508522070493585,0.30229640571164995
2021-11-18,5423.9,5423.9,5603.05,5405.35,5589.3,191883268,-0.09208235687981259,0.02506969052681307,-0.0646115172678543,-0.05181664699231692,0.2800047572412289,0.3067684955182374
2021-11-22,5421.6,5421.6,5478.8,5327.4,5433.05,179769344,-0.07613659600572542,-0.004260946223920037,-0.03424284228615371,-0.0518982542182973,0.27607253730411907,0.30108931061284494
2021-11-23,5600.4,5600.4,5619.95,5436.95,5438.7,503084272,-0.015764222069911016,0.02308163060257029,0.017995322176133866,-0.029140640280837182,0.2855603832903029,0.30820958723015107
2021-11-24,5602.6,5602.6,5687.35,5564.8,5613.75,145167060,-0.013565976776737876,0.03661627842433446,0.025624860063612087,-0.010156279705753946,0.285562039751977,0.30699267368626004
2021-11-25,5624.0,5624.0,5642.8,5548.25,5611.15,167827613,-0.0354420176138166,0.02390445500391425,0.004635404326241432,-0.025843576753601383,0.2680806551982862,0.30536004601866934
2021-11-26,5323.75,5323.75,5572.8,5309.0,5545.0,230110398,-0.07282432644246672,-0.05407686430589376,-0.007781039254534883,-0.059711389813645877,0.3251825002475596,0.32154107912225127
2021-11-29,5304.7,5304.7,5394.8,5177.8,5312.0,181157296,-0.04325869547573746,-0.07172855492947894,0.0017258783668194777,-0.06716113197339046,0.30361939754730544,0.3198055105574783
2021-11-30,5201.7,5201.7,5400.3,5174.0,5308.35,215160992,-0.06501419994967106,-0.07318550722055428,-0.026056255634507863,-0.0677363728233652,0.30891937298352695,0.32017386372001794
2021-12-01,5322.2,5322.2,5338.5,5219.8,5274.35,145740644,-0.07177676040985392,-0.05856756230874005,-0.029235495890896912,-0.05466542623149062,0.29939995638003414,0.32354082789142613
2021-12-02,5405.05,5405.05,5416.35,5282.0,5332.8,151362939,-0.04219274695870201,-0.05495379719723403,-0.014952531663426583,-0.0594592569752217,0.3031287795501263,0.3242736401054371
2021-12-03,5392.4,5392.4,5460.4,5378.0,5404.15,160040631,-0.05320914062980098,-0.06099918156964501,-0.017733626994009932,-0.0505777499523945,0.30013488626037754,0.3241162877276312
2021-12-06,5327.9,5327.9,5465.4,5313.6,5393.15,157206053,-0.0649444098316061,-0.06664798058983779,-0.008876878941757371,-0.04073811833262009,0.3016476423973859,0.32474520847995153
2021-12-07,5494.45,5494.45,5516.15,5383.25,5390.45,227114303,-0.04947711683346456,-0.03955775029497888,-0.00011778673016227259,-0.029369558791823902,0.3195308081488116,0.33122338802546825
2021-12-08,5594.9,5594.9,5601.25,5493.8,5535.7,172719274,-0.02893293529575125,-0.02953088818157379,0.0029054619776184287,-0.03531697566376224,0.32779205360698943,0.3330278446587628
2021-12-09,5629.8,5629.8,5642.4,5561.2,5625.65,141352114,-0.005414763843863968,-0.03587758806706287,0.02235590146877242,-0.04518591583165754,0.323035335561854,0.3321807679403094
2021-12-10,5658.9,5658.9,5677.1,5601.0,5608.1,121173874,-0.0038901601830664267,-0.026065555431256437,0.016379893753632913,-0.03362026091169368,0.323325938998333,0.33226113071004554
2021-12-13,5642.8,5642.8,5758.85,5635.3,5738.95,183253828,-0.014994675929966617,-0.036908713869995946,0.02557927001747229,-0.02827835016037772,0.32183656282666445,0.33178840952955213
2021-12-14,5666.8,5666.8,5705.55,5605.9,5620.0,137959797,0.0075564959194922565,-0.026741090596822614,0.05087911819519908,-0.009463254618774508,0.31534891376711577,0.33172519861258465
2021-12-15,5604.1,5604.1,5701.7,5593.95,5671.65,109779511,0.003177387739758508,-0.014030982520650603,0.046390356198641736,0.006654083681223999,0.31703271302096764,0.3288274498354395
2021-12-16,5597.15,5597.15,5663.65,5556.05,5646.85,102517513,0.005217219518327543,0.05427575814654362,0.041546774306469025,0.06281176149573942,0.31682308341493653,0.2967631190420783
2021-12-17,5476.8,5476.8,5590.3,5466.35,5576.7,122762962,0.00975312966684494,0.005941830671601478,0.053637751402813794,0.03878551483342818,0.31219796720250914,0.295925383419443
2021-12-20,5269.6,5269.6,5409.2,5195.35,5400.1,138941246,-0.02803600413162166,-0.04616582045921447,0.018032334690309848,0.006975443036478124,0.3416412204229001,0.30472090212075265
2021-12-21,5424.6,5424.6,5488.2,5321.4,5328.35,126961715,-0.031390614956074425,-0.03408979620907926,0.010458517715517979,0.024940816315371817,0.3372880074417242,0.30881668798456
2021-12-22,5521.1,5521.1,5527.75,5461.6,5469.95,99035093,-0.014546817548995117,0.00416499945436688,0.011844237422537485,0.05445010460555766,0.34411789383389874,0.30799204669163155
2021-12-23,5519.9,5519.9,5603.95,5498.45,5560.6,98747930,-0.018509957325746895,0.002806819936596705,0.00792958309053371,0.04663183447693231,0.34370902381411994,0.30798451312866626
2021-12-24,5492.7,5492.7,5542.95,5433.2,5541.3,84980456,0.03173514909603181,-0.007570556137751705,0.03306832305722407,0.03439611310761015,0.27949793576173815,0.30794104623762475
2021-12-27,5489.45,5489.45,5498.0,5431.2,5477.65,68116294,0.03482760570814558,-0.030346654890704428,0.03293357044184564,0.0049444165540144525,0.2789683736957352,0.3042683527503341
2021-12-28,5538.7,5538.7,5548.4,5502.7,5520.9,56859809,0.06478651210181297,-0.012929382936065936,0.05006309173623569,0.008917427432280856,0.2682279484759955,0.30436718223156983
2021-12-29,5480.55,5480.55,5538.5,5450.9,5523.7,77636299,0.029752733831874156,-0.028064481804639274,0.027032428028998856,-0.009900538758365718,0.2617456525916764,0.30490504022288295
2021-12-30,5416.65,5416.65,5508.2,5407.45,5480.3,97695484,0.002146141108777755,-0.06727681300421029,0.01350719982660542,-0.03973207867226658,0.2602640003049662,0.2992686992812118
2021-12-31,5521.75,5521.75,5547.7,5436.15,5436.15,94388244,0.023987463837994216,-0.048023378101132774,0.014837361222462375,-0.021750114859350633,0.2686877333959643,0.30216833452282094
2022-01-03,5628.1,5628.1,5640.7,5526.15,5529.95,106820003,0.056344901368269085,0.00013327765289172788,0.014159549404455962,0.001283724283856258,0.2710711041389917,0.2985275907025316
2022-01-04,5606.85,5606.85,5670.9,5559.9,5663.8,127873466,0.020457006615766993,-0.009381708318978,-0.016136216170824946,-0.010219263001835177,0.2506456395772467,0.29838063321560887
2022-01-05,5684.15,5684.15,5691.9,5583.25,5600.6,123141478,0.015952027739548624,0.00047523079495537246,-0.010121613840897492,-0.0012040341790000575,0.2471081576355264,0.29962760027684304
2022-01-06,5656.0,5656.0,5706.95,5626.2,5667.1,121732305,0.004653806529539173,-0.019145394006659155,-0.008422219488713134,-0.00799809688202513,0.24703902442850997,0.2981854728517878
2022-01-07,5684.85,5684.85,5701.8,5627.85,5677.0,125553726,0.004585696866882483,-0.024788355477025736,-0.012625956411480344,-0.014825566130488577,0.247021220148999,0.29749517141747556
2022-01-10,5718.8,5718.8,5729.35,5666.1,5714.65,116805101,0.013468490820160106,-0.03311269474947787,-0.023095399108301384,-0.024388358231796525,0.24754236846080044,0.2961715627636269
2022-01-11,5610.35,5610.35,5707.65,5602.9,5692.35,174861676,-0.009961530316933698,-0.06792430887825618,-0.052146454495226924,-0.052503200382641224,0.2568118978807862,0.2961425499273798
2022-01-12,5685.0,5685.0,5699.4,5653.95,5669.95,114127929,0.014435859460038225,-0.09085093793478438,-0.043105873283685314,-0.07652499517428646,0.25798842147883755,0.28626125650015044
2022-01-13,5882.75,5882.75,5896.05,5704.6,5715.7,178957708,0.05102596857329189,-0.03551198078483775,-0.007495422846496735,-0.026773645189316908,0.28379275478531346,0.29128140199059116
2022-01-14,5871.4,5871.4,5901.9,5829.6,5857.75,95644307,0.07204937189599758,-0.017174422497489128,-0.0027540357583226704,-0.016580463599444872,0.26972920787987736,0.2882546288851828
2022-01-17,5888.4,5888.4,5921.8,5791.3,5879.55,135516250,0.11742826780021232,0.0034080839751891023,0.015473285298657657,-0.003743378652562912,0.21948143204674295,0.28598673113284884
2022-01-18,5755.15,5755.15,5912.85,5736.75,5908.2,101591463,0.06093536850643355,0.011432136517811609,-0.019096424940971968,0.011534240826149844,0.22322491867244368,0.28275729287037
2022-01-19,5801.1,5801.1,5830.75,5704.9,5751.8,147237712,0.050714531524514994,0.02138335989013429,-0.007258050575404518,0.03170037336128062,0.21735148548068442,0.2831690331954317
2022-01-20,5831.15,5831.15,5870.55,5789.05,5814.75,121049887,0.05638689106686723,8.575373243124851e-05,0.01629924148307582,0.02807946854543919,0.21730763085991803,0.2781905198008882
2022-01-21,5719.55,5719.55,5824.75,5663.85,5800.65,148505534,0.041300271269139044,-0.003892439784740187,0.0052258529422992694,0.028714253089545783,0.2296976566292801,0.27924716164797114
2022-01-24,5420.45,5420.45,5669.6,5382.2,5669.05,153874868,-0.012569565256992932,-0.022382339414379948,-0.016247938766393744,0.017273844523516435,0.3033139105469411,0.29161772731685925
2022-01-25,5485.15,5485.15,5512.75,5351.9,5381.5,114289783,-0.00966833372452025,-0.014065140022288536,-0.012262111378184004,0.008213547206826322,0.3047164442695408,0.29260082692269246
2022-01-27,5445.9,5445.9,5491.45,5329.7,5411.2,134567366,-0.006322358157484276,-0.050202746893394434,-0.00031262044442281756,-0.004496334211276709,0.3034709272121511,0.2859644788771177
2022-01-28,5466.05,5466.05,5610.7,5452.05,5497.7,130555703,0.009120028061624819,-0.03138318137919416,0.0150488993168848,0.012610459073153835,0.3007046034267604,0.2843710625844401
2022-01-31,5473.45,5473.45,5544.0,5463.45,5543.0,94463581,-0.00874722687553764,-0.03897848282400862,-0.007928906585133566,-0.011531955171752761,0.29249420852600966,0.28367423845135364
2022-02-01,5719.4,5719.4,5736.95,5479.1,5530.55,179702692,0.0162221708924859,0.0037645117981028875,0.018993669984166406,0.022738388665158316,0.3259296210823796,0.2980499955866428
2022-02-02,5779.7,5779.7,5785.75,5715.75,5763.0,143561294,0.030828361736090493,-0.00012974768400386694,0.03224648279589026,0.015840032335621923,0.327199596194315,0.29735837858412784
2022-02-03,5761.6,5761.6,5819.15,5725.15,5741.55,127606899,0.013625608050456206,0.0,0.033990779038308494,0.026825763401083447,0.32433517769433867,0.29735241373486715
2022-02-04,5829.5,5829.5,5882.05,5763.4,5766.95,160622939,0.030675388967468242,0.029865116731002006,0.04361356648007819,0.05766624338884174,0.3258880637231188,0.2959783570339508
2022-02-07,5829.0,5829.0,5935.2,5794.65,5837.75,149488895,0.02535686957439509,0.02605175145220917,0.058990155693344204,0.06297772128616574,0.32565222923134685,0.2959082470912864
2022-02-08,5875.6,5875.6,5912.5,5730.7,5867.95,171965187,0.02741833951178574,0.025642815996648638,0.0683303250526317,0.07182364487623871,0.32611458710477337,0.29586372727703564
2022-02-09,5985.0,5985.0,6001.2,5881.4,5914.25,188351307,0.06677836498614154,0.06413242536849029,0.09956289172969968,0.09978499711161726,0.3220510212895697,0.29549068218491525
2022-02-10,6059.45,6059.45,6081.95,6000.95,6015.5,221811924,0.06586631486367622,0.08468857124956353,0.09916789390253877,0.10654229955127836,0.3217134024318645,0.2959330469309364
2022-02-11,6023.8,6023.8,6076.95,5982.5,6022.45,127513191,0.0239768815604946,0.08184120256460914,0.07234255231295761,0.11111158771607343,0.30129782661276483,0.296157529475072
2022-02-14,5719.0,5719.0,5913.5,5702.45,5892.75,134544121,-0.025956330687740503,0.05440734526816504,0.05144115880187239,0.10630773026843665,0.3555331390620574,0.31068486915588794
2022-02-15,5845.5,5845.5,5858.65,5615.25,5764.2,152400562,-0.007285510495210867,0.07818725099601576,0.044912719305529425,0.08186774797300667,0.36478024173957474,0.31363212991683614
2022-02-16,5812.15,5812.15,5887.8,5788.15,5878.15,101508142,0.009904172784375831,0.03780979930004991,0.053566147349072724,0.048159269239676394,0.3556980190614376,0.3071051419003497
2022-02-17,5793.4,5793.4,5870.65,5776.45,5842.05,85521954,-0.0013273344710487134,0.03405561703494797,0.03400473346413002,0.0403978995388794,0.35480138027882524,0.3072063105149104
2022-02-18,5778.4,5778.4,5844.4,5761.25,5779.9,91410190,-0.009046243022388434,0.02745376955903267,0.018024727228780124,0.042277304736165755,0.3543522450895089,0.30719694548120496
2022-02-21,5658.95,5658.95,5767.45,5646.75,5753.5,100187542,-0.010595239135946066,0.06296313688659305,0.012705918593765353,0.05237953430687514,0.3554987767328898,0.28838051178254137
2022-02-22,5595.9,5595.9,5609.2,5476.7,5540.25,141292614,0.03236816131501996,0.05489471600656026,0.03568614254558522,0.052651833756275135,0.2986364366003897,0.28932113095978873
2022-02-23,5608.9,5608.9,5655.2,5599.3,5635.7,113875752,0.022560914469066384,0.07828210008266523,0.03498711251096187,0.07356857230624825,0.2961935978076771,0.28615822739585484
2022-02-24,5313.65,5313.65,5535.95,5293.4,5427.15,226937804,-0.02428432398685254,-0.0016064785239187085,0.026106828377589375,0.0519238719996008,0.3546261571193179,0.30420440416460015
2022-02-25,5618.7,5618.7,5647.4,5421.4,5426.9,169088592,0.027926930781825954,0.03952784895606887,0.053862502362094,0.08223931501335846,0.40841739617961037,0.32361009097887194
2022-02-28,5896.85,5896.85,5909.15,5554.45,5586.5,216793004,0.07735523298833469,0.09354832727542473,0.10884046677345505,0.11697135881195464,0.44109699408673236,0.3379487450854231
2022-03-02,6136.7,6136.7,6173.1,5897.2,5902.25,319277312,0.07296219883204547,0.1518046509881943,0.12819965106052378,0.1699158296456763,0.4363675706123563,0.34572740492202636
2022-03-03,6210.25,6210.25,6294.65,6169.55,6254.35,299599567,0.07449348582106352,0.13027691579684952,0.14659411679687906,0.16978674413215566,0.4366987933337185,0.34123466818131704
2022-03-04,6010.15,6010.15,6269.0,5993.55,6199.5,233610906,0.04313905859483458,0.0742193783624372,0.11801574951364047,0.1443062651596152,0.4550194578048048,0.34687665796915984
2022-03-07,6136.15,6136.15,6156.95,5988.45,6014.3,210984914,0.05260313920576376,0.08994102810046534,0.1469809653957881,0.18434722873741904,0.4586627569595788,0.34904691623582523
2022-03-08,6045.3,6045.3,6161.65,5959.75,6161.65,202463674,0.03710756562017492,0.06828182155542617,0.10682856769395765,0.15381804782716635,0.4628012730780355,0.35055383474667334
2022-03-09,6024.6,6024.6,6090.85,5981.75,6045.9,130428915,0.025359112260875394,0.0676614446728574,0.07872181170489356,0.1265562896126181,0.4625630685135227,0.35058381157496815
2022-03-10,6161.95,6161.95,6172.7,5957.1,6017.7,185033451,0.02956558061821224,0.08737735582692174,0.07931994975633794,0.12951324022109834,0.46480454775153046,0.3532818749656363
2022-03-11,6190.05,6190.05,6275.55,6151.9,6175.6,154132220,0.021553111255972146,0.10455737763423212,0.0769551743353708,0.138872308967964,0.4631977839140057,0.3523681595299288
2022-03-14,6161.05,6161.05,6205.3,6093.3,6187.25,121849140,0.022784621003353323,0.10074770195545968,0.051760532527260095,0.12261057624146965,0.4629771269939764,0.3525606295839149
2022-03-15,5910.1,5910.1,6116.3,5868.85,6113.4,153071343,0.033414932680538634,0.07911554192229042,0.044090163218808764,0.09808495256036665,0.44849107195006976,0.3604305585447095
2022-03-16,6065.7,6065.7,6082.05,5960.95,5973.85,119507456,0.03767000256607633,0.15107408531956867,0.059401782594426966,0.12933663135805462,0.4511790283901139,0.3541826628226619
2022-03-17,6183.8,6183.8,6230.3,6101.55,6117.25,217987984,0.06394363531567504,0.1399550197249566,0.06597273318345354,0.10917535239155929,0.4543336563893139,0.35161306264011005
2022-03-21,6276.35,6276.35,6358.4,6233.35,6236.8,182844277,0.08336210170193681,0.13679339262103563,0.0941684771293515,0.12723007238498507,0.45552585872738144,0.3511375762416366
2022-03-22,6323.7,6323.7,6382.6,6244.1,6326.9,144716745,0.09436868337255988,0.14561858004674,0.09209972433750169,0.131391081236798,0.4549974029450173,0.3512737530443305
2022-03-23,6399.95,6399.95,6444.15,6283.9,6387.85,226372162,0.13094301946474163,0.16517377610282735,0.12867645397322391,0.1509474795138397,0.4455247806072862,0.3515033820686353
2022-03-24,6498.2,6498.2,6536.4,6404.5,6407.85,176149726,0.16124305294948083,0.18376157902886447,0.1536050199743686,0.17577269908153847,0.4417320758159213,0.35239495379708374
2022-03-25,6500.2,6500.2,6565.45,6458.65,6518.45,130998499,0.15890816381108608,0.17359669236463438,0.15364832175286147,0.17825338799662482,0.4421011712484639,0.3521983896063539
2022-03-28,6559.4,6559.4,6580.3,6467.85,6497.95,128149528,0.2344433675533768,0.19685068104478565,0.17449427902351955,0.19636267209746316,0.37784278403196936,0.35134660223330977
2022-03-29,6571.85,6571.85,6617.85,6508.6,6582.1,111362554,0.16963888443946118,0.2132683485179956,0.12960500513612083,0.20621464468772954,0.3385558679379659,0.3500150702905402
2022-03-30,6428.95,6428.95,6561.3,6417.45,6561.3,129032385,0.09023461678692857,0.16429573957531574,0.0482938172709213,0.15598648540937776,0.31843172118793905,0.3521514028349685
2022-03-31,6423.7,6423.7,6471.2,6405.65,6445.05,140470173,0.04676780680170123,0.1413620937794282,-0.004948645533364049,0.15049360208173623,0.28963721541872317,0.35051634061514947
2022-04-01,6477.2,6477.2,6537.05,6432.45,6439.4,116563960,0.04298538706171251,0.15522976359274798,-0.028077458667458588,0.16280060821722675,0.2883231559276784,0.35050916684011146
2022-04-04,6606.1,6606.1,6634.7,6481.7,6491.65,144447742,0.09915725897024208,0.16219663450120092,-0.012139255092255885,0.15504747950336273,0.2632497451848751,0.3515512237976205
2022-04-05,6640.45,6640.45,6678.05,6602.45,6648.5,115564060,0.0821850834806841,0.17405410183875536,-0.04983472017935586,0.16213585619641346,0.2563952199717034,0.3512453586571899
2022-04-06,6730.0,6730.0,6770.05,6616.3,6628.95,186568574,0.11326154202438254,0.18384829854789486,0.0012182176046580118,0.1841317383603005,0.24833444745805466,0.3519011837385339
2022-04-07,6618.35,6618.35,6760.65,6597.6,6742.3,127757024,0.09855426086379171,0.15729698538154868,0.019375705323278813,0.17750161365609474,0.2588455855554303,0.3540999425081666
2022-04-08,6755.55,6755.55,6783.8,6649.45,6665.9,99720836,0.09633314129455783,0.20412273744062315,0.02465755477389653,0.21915398181568368,0.2570889861370646,0.353103823689124
2022-04-11,6774.9,6774.9,6825.65,6751.45,6768.6,88531646,0.09448227397193865,0.19171503957783642,0.03167579254374142,0.2212225112743147,0.25716317959674523,0.35247310819034494
2022-04-12,6589.25,6589.25,6760.15,6499.7,6753.1,130351385,0.0695011402277208,0.12009689345969154,0.030440725826693438,0.1599428753890766,0.280162299530941,0.3518737727671248
2022-04-13,6627.0,6627.0,6702.05,6603.0,6642.4,80176064,0.12130082401312992,0.12869162380352228,0.07253107123001756,0.17142334446002772,0.22425357574158536,0.35186790599582735
2022-04-18,6648.95,6648.95,6684.75,6576.7,6624.9,87626869,0.09615543135994198,0.12916072277698532,0.08447374080197645,0.19112505785024902,0.2111409537741748,0.35187334257114616
2022-04-19,6578.0,6578.0,6773.1,6508.3,6705.65,110284655,0.06374721045311937,0.14297629080041352,0.08274411135776594,0.20670936396222428,0.2103150535708855,0.3490671101843672
2022-04-20,6556.1,6556.1,6644.15,6517.6,6618.2,88322500,0.04457208409346203,0.1301477306028167,0.04346496789098819,0.17484790408060702,0.2066988067082478,0.3490428559876556
2022-04-21,6570.2,6570.2,6601.75,6477.35,6581.85,105079356,0.03898034378607451,0.12674172333073241,0.03452770832218377,0.14726322981409112,0.20573704807684953,0.3489821471609931
2022-04-22,6440.65,6440.65,6554.85,6432.4,6527.95,98492162,0.00635942468300521,0.1260763521605719,0.010633033981907958,0.151347247964011,0.2159296735036939,0.3491382955435223
2022-04-25,6256.8,6256.8,6346.3,6215.4,6322.25,125635521,-0.037148748884306415,0.15429530758516363,-0.021541439874421253,0.1656749365493756,0.23183498487847792,0.33570206684476805
2022-04-26,6336.85,6336.85,6347.6,6266.45,6309.6,79126864,-0.025129996000123,0.1552737846731631,-0.0279167260910691,0.1597389232450649,0.23750911946328798,0.33580867795394104
2022-04-27,6321.55,6321.55,6361.35,6222.0,6301.8,105667512,-0.03626093850047252,0.16079068657154938,-0.025600178462439782,0.16498410383334694,0.2343561767093563,0.33536940214371525
2022-04-28,6362.4,6362.4,6400.05,6293.65,6400.05,96005810,-0.0318707821998373,0.1639849617182425,-0.027238827983674496,0.1556174031043327,0.23586936129027092,0.33545896108102524
2022-04-29,6327.3,6327.3,6422.55,6310.85,6397.4,91895996,-0.015811291112856618,0.1559985018589738,0.006802354180244108,0.16968367407619422,0.22395848621620865,0.33585872630664754
2022-05-02,6363.1,6363.1,6379.05,6211.85,6272.6,83117337,-0.00943381540233812,0.11254677064027718,0.013220410431126428,0.14143419991709028,0.22512135508716777,0.3246094054259641
2022-05-04,6158.55,6158.55,6420.9,6140.8,6420.9,111286159,-0.04919564009139743,0.0655483848642664,0.006991364386196408,0.1275506565529616,0.24959776702410558,0.3316386455644474
2022-05-05,6196.6,6196.6,6325.9,6179.35,6242.05,79921165,-0.06198816245591199,0.07549986114968066,0.013939362018193235,0.1254736010368679,0.23795845813502206,0.33168363309550924
2022-05-06,6066.0,6066.0,6095.55,5974.05,6077.3,122648088,-0.08650769149681115,0.04056951711124457,-0.000406677040832526,0.10365651219372685,0.2440741988626366,0.3341112567937893
2022-05-09,5942.8,5942.8,6019.05,5891.2,5974.35,102289132,-0.11696879643387814,0.019523074283753772,-0.0324095902377175,0.07248991565860696,0.24071523215149912,0.3369192278520457
2022-05-10,5633.85,5633.85,5938.15,5614.1,5896.9,117927193,-0.1487530880053185,-0.04114473415480968,-0.0694142775153086,0.018316380143625133,0.2917112609405102,0.35400350106669914
2022-05-11,5634.15,5634.15,5734.45,5500.0,5649.2,128058896,-0.1659968470368809,-0.0586215538847118,-0.07506015069868766,0.01562924570452784,0.27361008416705296,0.3517538007726181
2022-05-12,5425.9,5425.9,5616.3,5351.95,5581.75,135613814,-0.19911733014509436,-0.1045556939986303,-0.09349047964362323,-0.0024390879123408205,0.28761514040934405,0.35850811803299576
2022-05-13,5313.05,5313.05,5564.95,5290.3,5514.55,126555927,-0.1936790985316993,-0.11799030512301201,-0.09395745584917436,-0.02632857707656533,0.2833808274878943,0.36057201177272835
2022-05-16,5359.95,5359.95,5484.15,5323.15,5401.5,100206558,-0.19119511090991403,-0.06278195488721805,-0.09773074481034227,-0.0033796625038579053,0.2859514852073313,0.3459035153231412
2022-05-17,5727.45,5727.45,5745.2,5438.05,5447.0,179763910,-0.1385933117259116,-0.020195021811650005,-0.08535183043684103,0.04280181513522374,0.3937666424776646,0.36967310624036265
2022-05-18,5708.95,5708.95,5775.1,5674.55,5770.25,121170536,-0.13211462450592892,-0.017755907882625155,-0.08975567674823381,0.044701485685012865,0.3938399176304089,0.36955360974648904
2022-05-19,5476.25,5476.25,5580.3,5429.55,5567.15,119918948,-0.16470920211711237,-0.05474332861532083,-0.08726360600117145,0.03166139917392863,0.4120259203918044,0.37910317071389144
2022-05-20,5706.35,5706.35,5716.1,5606.3,5649.95,131461729,-0.13148001582904623,-0.012468849508514346,-0.06671400936369765,0.046001444764280364,0.4477450152903079,0.38876805364006045
2022-05-23,5241.6,5241.6,5491.2,5199.25,5491.2,287338888,-0.18616909783950364,-0.07375043073361653,-0.13042417271520368,-0.016101197861833283,0.5253289314849375,0.4239049507583228
2022-05-24,5180.3,5180.3,5311.75,5160.1,5262.3,149490665,-0.17205280654647748,-0.07426866098393459,-0.12316751041686536,-0.01769028767173053,0.5207536700980948,0.42396247785842583
2022-05-25,5079.25,5079.25,5227.0,5053.2,5205.45,138413891,-0.19845822451217876,-0.09443028044714641,-0.13014739459760127,-0.03363001113663988,0.5151451529212412,0.42556107859200487
2022-05-26,5214.75,5214.75,5239.1,4954.3,5124.35,179104210,-0.1750836424611053,-0.018612441542066094,-0.12412522030325213,-0.013824157250676206,0.5313908103722779,0.4150281045162314
2022-05-27,5211.5,5211.5,5316.75,5160.4,5295.1,117824580,-0.1808908587954231,-0.07247228006478368,-0.12913104682038412,-0.05410615918053108,0.5291450650714189,0.39819981600045445
2022-05-30,5264.05,5264.05,5297.9,5192.3,5238.05,103387429,-0.16804166073996807,-0.10731153073250976,-0.1422472399972654,-0.09942176141638548,0.5337436662385148,0.38536604189114065
2022-05-31,5332.75,5332.75,5390.85,5219.6,5243.8,264581698,-0.16192579088808923,-0.13100689295549728,-0.13353830477494544,-0.12971829227280707,0.5370675738082744,0.37676202162134265
2022-06-01,5336.7,5336.7,5399.95,5285.95,5350.9,118827451,-0.1334486202109263,-0.1406626142264804,-0.12416373431595884,-0.14215971343398626,0.5304501042133262,0.37565066810019826
2022-06-02,5397.55,5397.55,5407.1,5308.85,5344.55,105736983,-0.1289497466352516,-0.10192757252314821,-0.12567386484516674,-0.12548202963401123,0.5324894036119089,0.3713409844266201
2022-06-03,5328.8,5328.8,5460.4,5314.8,5445.8,87693145,-0.12152983844378495,-0.13157272882833693,-0.1320744819809926,-0.17703345843543905,0.5302940650369397,0.36900326266161765
2022-06-06,5388.65,5388.65,5399.5,5249.4,5284.85,101061667,-0.09324729083933503,-0.10862157378459303,-0.10966881221817582,-0.14334866751860198,0.5310950193270954,0.3690817642646579
2022-06-07,5340.85,5340.85,5391.85,5314.75,5352.3,83902963,-0.05200706444083536,-0.11349301198419814,-0.06286293045157965,-0.11783675510972169,0.49977451698103914,0.36934852599262086
2022-06-08,5348.2,5348.2,5398.0,5324.85,5366.45,77400434,-0.050752997346538486,-0.13206046787137193,-0.0624527081911056,-0.1176795204111617,0.49989208879154023,0.36587029604907284
2022-06-09,5278.2,5278.2,5348.95,5234.65,5302.2,81558505,-0.027221290477155824,-0.14730898781108392,-0.0696111949163638,-0.13814810421912216,0.48443265327638496,0.3662434441341395
2022-06-10,5199.95,5199.95,5220.6,5153.1,5204.2,103590162,-0.021287207912592643,-0.15599613702209858,-0.0478773368668689,-0.11631330608670598,0.4816357529667579,0.3670873536525849
2022-06-13,5000.0,5000.0,5106.4,4977.7,5105.6,102450550,-0.06715547719661563,-0.15399062621613857,-0.0628695203027555,-0.10066291755773371,0.4984406403538701,0.3660478103996652
2022-06-14,5018.3,5018.3,5107.65,4968.45,5056.0,101906176,-0.12381600886956667,-0.17267586593468187,-0.09139147634692324,-0.09943731541237699,0.4265092625183807,0.3613810823435583
2022-06-15,4982.3,4982.3,5036.3,4964.55,4992.55,78796610,-0.1272826001278693,-0.19429800446327505,-0.09353018048939155,-0.1020381730549661,0.4263254614856219,0.3584199579421324
2022-06-16,4721.3,4721.3,5053.1,4706.15,5046.05,128077096,-0.13785893631590962,-0.24776342938172669,-0.10947071347627935,-0.14512053317578189,0.4414571696580968,0.3707300757275111
2022-06-17,4724.85,4724.85,4810.35,4677.15,4691.25,159145088,-0.17200136689827994,-0.2528345746951942,-0.11220538768579291,-0.1360605860722841,0.4042161558033632,0.3700330916493991
2022-06-20,4540.55,4540.55,4720.15,4437.3,4714.25,193128522,-0.1337473290598291,-0.29053351979312336,-0.08042843976347125,-0.18062174742932646,0.31403938402195497,0.3751442054898428
2022-06-21,4720.75,4720.75,4761.75,4576.5,4604.35,176631731,-0.08871107850896665,-0.27352959281031664,-0.058550083159722655,-0.1815611095360138,0.35330373093132544,0.38383458748276894
2022-06-22,4490.75,4490.75,4672.55,4480.75,4671.05,159715611,-0.11586356253383867,-0.30913664194947843,-0.07764394120668061,-0.207714138870571,0.3852684944601523,0.39435782753950915
2022-06-23,4523.0,4523.0,4590.25,4452.15,4500.5,140535695,-0.13265257203125747,-0.31045522456322217,-0.09471229410065207,-0.2137562575805837,0.3695168595268937,0.3940620284218868
2022-06-24,4596.6,4596.6,4613.65,4530.1,4558.5,115064690,-0.11798906264990883,-0.3005622465515798,-0.07804396650158096,-0.2067081310138129,0.3781154233531866,0.3963859453633682
2022-06-27,4666.3,4666.3,4728.95,4650.95,4683.1,115301791,-0.11355325272366334,-0.2741738542063633,-0.06377648927680701,-0.17895289237803758,0.38139066249091297,0.3972557464368945
2022-06-28,4744.0,4744.0,4755.1,4625.1,4657.55,131530664,-0.11040270029534482,-0.2614848140479785,-0.06612350361262642,-0.16903861214485938,0.3839334475888607,0.39967914658408593
2022-06-29,4755.4,4755.4,4768.2,4678.25,4695.35,99391079,-0.1089249910993686,-0.26582473908478976,-0.06512777873308573,-0.1599219639935191,0.38435624531127854,0.39902052700224516
2022-06-30,4660.9,4660.9,4808.0,4642.7,4764.7,112865748,-0.13647858750729502,-0.2944551248088888,-0.08549530629488222,-0.16854253541074804,0.3819814118796631,0.3967582872482901
2022-07-01,4696.5,4696.5,4709.0,4571.3,4629.95,100500242,-0.11865710854226097,-0.2927437146578922,-0.06847404761373321,-0.16993358969744166,0.3849637974905252,0.39707610205127525
2022-07-04,4649.95,4649.95,4684.95,4571.15,4653.25,92087696,-0.1370844274540005,-0.30907132243685,-0.09277416330937338,-0.1983155103007168,0.3795033472029006,0.39514075891643907
2022-07-05,4663.75,4663.75,4763.15,4653.4,4675.85,107404711,-0.12677757285825297,-0.2953304071256432,-0.08989361178238675,-0.19165990017493206,0.3812016125761362,0.39495234036271937
2022-07-06,4665.3,4665.3,4676.3,4551.55,4635.2,129462397,-0.12768782020118907,-0.3094122610298199,-0.10528352855044398,-0.20850613603205748,0.38092362075185165,0.3913498316160601
2022-07-07,4842.2,4842.2,4864.1,4675.7,4717.55,144725079,-0.08260391800234934,-0.2852735833739243,-0.06165494773677316,-0.1980287031176824,0.4106309545376839,0.40095218531462257
2022-07-08,4799.55,4799.55,4908.8,4758.35,4908.8,151808077,-0.07700074039173443,-0.2716090602117084,-0.0781610932484621,-0.19689835283606394,0.4091072393816238,0.39834605992884103
2022-07-11,4893.9,4893.9,4947.85,4751.05,4776.5,141574477,-0.021220000000000128,-0.26152105024898153,-0.04921470017494001,-0.18944073492631108,0.3949120780119679,0.4009563962887945
2022-07-12,4834.05,4834.05,4900.25,4795.85,4855.3,143742965,-0.03671562082777036,-0.2729603922423841,-0.05745030999272527,-0.208014934487732,0.3964389761274366,0.40084267509466615
2022-07-13,4872.55,4872.55,4901.25,4817.35,4843.1,99772720,-0.02202797904582221,-0.2592657342657343,-0.03952080145491643,-0.20077051341087238,0.39737881423225596,0.4015895657029488
2022-07-14,4870.35,4870.35,4905.35,4820.0,4905.2,110261294,0.03156969478745264,-0.2571269504736047,-0.006062350572104691,-0.18722371230646517,0.34525490502742073,0.40168414533632585
2022-07-15,4830.7,4830.7,4892.65,4790.85,4872.2,136458654,0.022402827602992614,-0.264756019603665,-0.027010334545142234,-0.18751630591886437,0.3469796054107579,0.4014616105964028
2022-07-18,4950.95,4950.95,4963.3,4872.55,4888.5,115259691,0.09038552598253502,-0.23129653062967248,0.029907316600170653,-0.17926695568925477,0.32058863933126,0.4048053797178412
2022-07-19,4991.0,4991.0,4999.05,4920.0,4926.2,120936915,0.057247259439707765,-0.2023078890167498,0.01237489015535509,-0.16612756276072216,0.2940379170372255,0.4023072644257571
2022-07-20,5046.7,5046.7,5097.15,5033.45,5069.8,189417939,0.1237989200022267,-0.20359484601971023,0.05194215871671193,-0.16406464155293965,0.2191446650565905,0.40203827528695535
2022-07-21,5090.1,5090.1,5107.6,5042.8,5059.3,100965515,0.1253813840371436,-0.19480190775996387,0.05797615328085404,-0.1693798974365458,0.21931394116419958,0.4028278670811321
2022-07-22,5094.1,5094.1,5130.35,5070.1,5119.9,85361030,0.10823217160509935,-0.19934301521438436,0.043248225317856326,-0.16886461482188042,0.2165652878255834,0.40239156975014934
2022-07-25,5168.55,5168.55,5180.05,5081.5,5086.3,97691127,0.1076334569144719,-0.18313498648712723,0.057169353708079074,-0.15556303027536877,0.2162455319342719,0.4040955121735725
2022-07-26,5153.4,5153.4,5201.55,5132.35,5189.2,105310690,0.08629848229342318,-0.1901117379893449,0.04632110621902541,-0.1558246336081297,0.2136480803218915,0.40366044804159024
2022-07-27,5193.65,5193.65,5201.7,5121.95,5150.15,66015481,0.09215838835849777,-0.15667649040764475,0.03881983156030211,-0.15452996878801817,0.2139206997554587,0.39967272221049366
2022-07-28,5282.1,5282.1,5324.1,5200.8,5237.3,233038488,0.13327898045441877,-0.14758093147855278,0.06044429092953796,-0.16238368841271322,0.19741691156646163,0.40130578756089896
2022-07-29,5485.8,5485.8,5517.45,5337.5,5346.75,302943407,0.16806132226125836,-0.09564787339268044,0.07879038846227804,-0.14116542994687342,0.2270975244809538,0.40782263125776524
2022-08-01,5578.15,5578.15,5586.5,5496.35,5551.0,206899996,0.19961504962418952,-0.06135996499966356,0.10459339181474192,-0.12504606177716926,0.2190673937131482,0.4076094332804989
2022-08-02,5563.45,5563.45,5573.5,5462.55,5557.65,151641752,0.19291342803537925,-0.012495895346876562,0.09585351997926428,-0.08056215298504221,0.22203128942168301,0.3927793298151976
2022-08-03,5553.15,5553.15,5609.8,5499.35,5561.7,138504750,0.19030930486785413,-0.014376614041159752,0.10285664110607495,-0.08990350573804362,0.22327135632840892,0.39279331100578496
2022-08-04,5620.35,5620.35,5685.25,5549.15,5597.3,191853225,0.16070174713973007,0.03583737260178044,0.08327613989424898,-0.06373246545489963,0.19697094793377642,0.38571066753262107
2022-08-05,5595.85,5595.85,5679.7,5587.2,5641.3,274325742,0.16591138752591394,0.05322743057189383,0.09335547597102978,-0.049125516865139884,0.19265028543776533,0.38322874203628987
2022-08-08,5668.0,5668.0,5677.05,5590.75,5617.05,111035793,0.15817650544555484,0.057472551049916554,0.07744761981562154,-0.0487493880267309,0.18865385069049492,0.3836724075368645
2022-08-10,5759.6,5759.6,5782.95,5632.05,5694.8,185252765,0.19146471385277364,0.00561331831792522,0.099521593269017,-0.07283103110878208,0.17589613881478333,0.360192459496534
2022-08-11,5758.85,5758.85,5809.65,5739.85,5806.65,154053514,0.1818965428779593,0.008740661592762322,0.0759037661858184,-0.07861611213520892,0.17870465461315174,0.3601261064531258
2022-08-12,5853.45,5853.45,5878.35,5758.55,5767.85,191126507,0.2018540761957559,0.06887925131248562,0.09146204444412631,-0.05059080785054437,0.1776404722056414,0.350881075133275
2022-08-16,5893.4,5893.4,5913.05,5784.9,5869.05,159658923,0.21998882149584942,0.03277927221428745,0.10932599823527145,-0.06307005734026938,0.16577875241315715,0.34105903299771895
2022-08-17,5922.8,5922.8,5955.65,5889.65,5914.45,156395017,0.19629566042880664,0.12996031746031744,0.09396743608381164,0.023294774227671455,0.157192787241047,0.290883684599918
2022-08-18,5977.15,5977.15,6000.95,5892.75,5913.9,119559576,0.1975856541775194,0.1538231376561201,0.09869362088443245,0.04025212808341383,0.15715706853054148,0.2897999302571956
2022-08-19,5883.25,5883.25,6022.7,5866.0,6006.25,125611519,0.16576178492876537,0.1582910862824236,0.09085040696472246,0.050174834040479066,0.1798610727938175,0.28864794374451846
2022-08-22,5708.1,5708.1,5876.2,5694.65,5856.95,136529347,0.12141215300288799,0.09460664461383583,0.06808870296449654,0.012940809960212851,0.22446584474410644,0.29191439637937155
2022-08-23,5789.2,5789.2,5808.5,5651.65,5670.25,135186982,0.13645197385210328,0.11085100259042502,0.08513145664943478,0.03593563577654746,0.22555284979386267,0.29301437317758094
2022-08-24,5830.05,5830.05,5840.45,5750.05,5799.35,112235391,0.12798560524711955,0.10752177505912752,0.06942332885063096,0.05089095135862309,0.22353801674535184,0.29271648334549066
2022-08-25,5800.1,5800.1,5883.2,5783.75,5863.8,92254221,0.12548996778825638,0.08763771037457224,0.06248286483675236,0.031085172420975082,0.2248495636156204,0.2920927778629091
2022-08-26,5902.7,5902.7,5954.5,5847.5,5849.85,160377714,0.1365224841874213,0.10605805085539743,0.08141428878057089,0.04334752200124181,0.22856051086160448,0.2939526308258736
2022-08-29,5812.25,5812.25,5837.75,5706.75,5724.35,127776014,0.10036727816588087,0.07683115487582315,0.07772641304833017,0.03564157160513526,0.23751747512769028,0.2953149184010325
2022-08-30,5934.6,5934.6,5949.85,5858.55,5866.25,131833426,0.08181122169966093,0.11368413151178514,0.046781380005432194,0.04283399345058703,0.2124751909884365,0.2965254191050362
2022-09-01,5878.95,5878.95,5906.95,5848.45,5855.75,131112031,0.053924688292713574,0.09098753862284625,0.042232104311400454,0.03225027936646829,0.21189167059590025,0.2967475644379604
2022-09-02,5887.7,5887.7,5934.95,5825.2,5908.1,119508379,0.05828218102076943,0.10239006899650804,0.04709769121290153,0.03397658877106102,0.21103639401359922,0.2959609312809921
2022-09-05,5985.75,5985.75,6005.1,5902.25,5908.15,115996625,0.0779017314497179,0.11920833177517665,0.06193393818892923,0.039144088366693586,0.21564999689593758,0.29752891806203163
2022-09-06,6064.7,6064.7,6072.05,5968.3,6010.95,124392187,0.07906091257661885,0.14900913190102694,0.0633205139242774,0.0775506489501121,0.21623017171992487,0.2967236438195332
2022-09-07,6066.4,6066.4,6075.8,5996.2,6017.25,98573716,0.08408910174504314,0.16662660217886716,0.0710469755415657,0.07882150625823292,0.21452246062128677,0.2945759863373448
2022-09-08,6011.5,6011.5,6111.95,5993.8,6105.3,123186811,0.06060338743824989,0.20229999999999992,0.044988617951940535,0.07396868094852538,0.2167177019967232,0.2825518448858073
2022-09-09,6025.3,6025.3,6101.45,6014.9,6058.8,124435819,0.046131675810820116,0.20066556403562963,0.02910265575778248,0.06710106519735426,0.21112656093204615,0.2825536159553055
2022-09-12,6080.95,6080.95,6091.3,6051.8,6065.85,88894207,0.05593130572944238,0.2205106075507295,0.04022545549018752,0.07749647864646159,0.2123202292591672,0.28201101470222456
2022-09-13,6158.9,6158.9,6180.3,6088.55,6111.25,110650395,0.05218290068250342,0.3044924067523773,0.031169383313931265,0.12810273181928777,0.2096638313912476,0.25623018453225177
2022-09-14,6256.3,6256.3,6308.25,6064.65,6076.75,222532270,0.061577357722197856,0.3241266918526513,0.05156347292394825,0.14691088121414464,0.21437956253486698,0.25714160821602283
2022-09-15,6263.9,6263.9,6286.35,6201.15,6268.3,207558071,0.05759100425474428,0.37954653070663236,0.061316409851244535,0.21490644994602293,0.21433268117554685,0.24001663628074113
2022-09-16,6137.65,6137.65,6277.35,6065.1,6216.45,234373013,0.02685226236584315,0.30014298575438225,0.050556792236642,0.17915865010732146,0.22791209529841208,0.23531774335827116
2022-09-19,6110.1,6110.1,6174.15,6073.4,6156.6,124400575,0.03855861981047903,0.36059678227467584,0.046228164435253793,0.21728222774685735,0.22000737617486638,0.20726719697174747
2022-09-20,6205.6,6205.6,6265.4,6160.7,6165.55,122218301,0.08715684728718842,0.3720097280565997,0.068544053300027,0.22675997617320487,0.1891998835861938,0.20831983687394848
2022-09-21,6076.1,6076.1,6246.7,6055.6,6194.55,100232157,0.0495577972776895,0.3218683374668232,0.041544734591016264,0.19325712295816833,0.20526830431071966,0.21391986728796145
2022-09-22,6100.75,6100.75,6131.75,6029.3,6059.15,123258680,0.046431848783458074,0.30740629620898785,0.04502022514335513,0.1938549242299641,0.2046513771359886,0.21282100071360513
2022-09-23,6027.35,6027.35,6174.45,6010.95,6140.5,164603966,0.039180358959328254,0.27052065767285005,0.05031462489095573,0.17732628814688356,0.20942806730320918,0.21398032074405157
2022-09-26,5778.25,5778.25,5973.0,5734.55,5971.25,179575162,-0.02108357192471244,0.21509231610379786,0.009818113107039506,0.13804987685284664,0.25315500212961584,0.2339883498908587
2022-09-27,5728.65,5728.65,5840.45,5647.7,5818.65,170835581,-0.014383414340401801,0.22908665708339604,0.0032623869469105005,0.15132170465076666,0.24914332524773905,0.2302611257516381
2022-09-28,5617.65,5617.65,5733.5,5603.0,5666.15,129096284,-0.053407137802042426,0.19613541999361228,-0.002689984972132242,0.1258874320550385,0.2439996328550241,0.23484805984669258
2022-09-29,5645.95,5645.95,5775.35,5635.55,5688.85,156205965,-0.03963292764864479,0.21419585156829646,0.0016775324604143549,0.15213533353475817,0.24414482097898493,0.23332285141760287
2022-09-30,5768.2,5768.2,5814.95,5600.25,5659.5,152578512,-0.020296550435654037,0.23681586705976954,0.005080506952167441,0.1556374337870281,0.25781638828936027,0.23627893830271207
2022-10-03,5593.95,5593.95,5772.0,5555.0,5772.0,97268456,-0.06545545670968556,0.19905472316892792,-0.02139002307809912,0.1429220751276199,0.269389339411354,0.24640602951285445
2022-10-04,5769.3,5769.3,5778.85,5662.0,5731.75,110429652,-0.04870809768001705,0.19146255834124992,-0.02711161630520531,0.12071270165160719,0.29036886983939575,0.24296119617440975
2022-10-06,5956.95,5956.95,5968.25,5820.75,5832.3,128405939,-0.018042001846234945,0.2411476075882113,-0.001440040764447259,0.17264205300730917,0.31517438142741694,0.2488652177888968
2022-10-07,5931.55,5931.55,5946.35,5864.6,5941.15,79575604,-0.013299509273891674,0.21202926091665142,0.013899008002602464,0.14427825014796625,0.31397746737915144,0.24715031114445524
2022-10-10,5916.4,5916.4,5927.35,5821.8,5844.8,86480814,-0.018073788856986517,0.22390128360277606,0.015142046774004658,0.15025088413973564,0.31384252187147843,0.24533829633990736
2022-10-11,5785.95,5785.95,5951.85,5771.35,5926.65,106486491,-0.04851215681760257,0.18745831238263322,0.004608954717098435,0.12376928771268214,0.3202339583108564,0.25069855232574256
2022-10-12,5798.15,5798.15,5813.75,5718.3,5810.9,91201803,-0.058573771290327814,0.19049965608221164,-0.006196985893738627,0.11615526746026283,0.3157225557272577,0.2506088685009632
2022-10-13,5804.25,5804.25,5869.95,5751.15,5838.6,106362600,-0.07225516679187383,0.20153393918065698,-0.017299927432018247,0.1413970225544694,0.3084087104684599,0.24957768327291707
2022-10-14,5767.2,5767.2,5914.85,5757.35,5902.35,82919626,-0.07929564648222354,0.16486734869065534,-0.040604273197451524,0.10913744613513732,0.307967594948974,0.24621872047824203
2022-10-17,5711.4,5711.4,5759.45,5656.1,5740.5,94455775,-0.06944840451964518,0.14433981166098975,-0.0569533553345869,0.08490172737548529,0.30280338840641025,0.24721234056004598
2022-10-18,5775.05,5775.05,5788.45,5752.3,5756.45,74326400,-0.05483543640856947,0.14432203221907391,-0.04715759837710354,0.0858444337772375,0.3072084341182373,0.24720996661147826
2022-10-19,5736.15,5736.15,5808.95,5726.55,5791.5,77046032,-0.07564941343302833,0.12692285023869854,-0.058586338992559606,0.07230157082405553,0.2996636232183494,0.24753193827245404
2022-10-20,5801.7,5801.7,5812.8,5668.85,5692.1,86850695,-0.04516054706143757,0.1389057929761881,-0.03644639512127579,0.08839575589596316,0.2971520701657551,0.24825990062716605
2022-10-21,5748.35,5748.35,5826.35,5701.0,5817.7,76669650,-0.05776338974716222,0.11217846397925912,-0.05472875534239352,0.055338780180930636,0.2971235738897993,0.24798780438269144
2022-10-24,5789.05,5789.05,5803.05,5777.15,5791.8,15351698,-0.03953644636531817,0.12334575231885747,-0.06281758281833583,0.047701990687118334,0.29709918968817256,0.24802301848837283
2022-10-25,5812.45,5812.45,5865.45,5765.75,5783.35,90160491,0.005918747025483562,0.11914549497944615,-0.031695117254011196,0.05818161003328859,0.2567350117439582,0.24776486090901956
2022-10-27,5970.25,5970.25,5981.15,5871.65,5877.95,169350869,0.04217398514484216,0.13027962363453915,-0.0007219784573995192,0.08259098196531034,0.27080478215704495,0.25113433313757927
2022-10-28,5883.35,5883.35,5974.4,5843.7,5968.1,119272269,0.04729735743593855,0.07246891975646208,-0.007760665969447356,0.035836350511346815,0.26612827987416676,0.24205451506177944
2022-10-31,5896.35,5896.35,5913.5,5855.3,5883.25,83940544,0.04435037504760064,0.057044002043688424,-0.026650489325290128,0.018281229893862827,0.2659349825848305,0.2398962057642324
2022-11-01,6036.95,6036.95,6048.15,5858.55,5860.7,128359076,0.04659165770951068,0.0851090600257034,-0.014893616972924573,0.0389902676100955,0.26809349405529587,0.24420587510488104
2022-11-02,6075.7,6075.7,6114.1,6034.15,6035.3,112532150,0.08611982588332046,0.09409974518966724,0.015327189522176043,0.05414729463319201,0.23830009834368107,0.24432743230347925
2022-11-03,6068.75,6068.75,6099.8,6008.1,6019.85,106462939,0.051904043818140844,0.07978150826905783,0.0068429760876949075,0.041195659761981585,0.2167876589678953,0.24339231092756367
2022-11-04,6324.15,6324.15,6332.7,6103.2,6107.9,210454108,0.06164228338327504,0.13015002189122282,0.016329645689873162,0.08878486076893521,0.23510107134356806,0.2564571381512445
2022-11-07,6423.85,6423.85,6449.35,6296.05,6367.3,210078558,0.0829968557965457,0.13335391672547647,0.03170212153463492,0.0946835988967285,0.2375551835409608,0.25702999257396386
2022-11-09,6364.05,6364.05,6451.9,6345.95,6438.3,132719900,0.07566256507335556,0.10494652406417115,0.022533396231640967,0.06945984760742108,0.2412340226154555,0.256411400971085
2022-11-10,6318.75,6318.75,6368.05,6293.25,6325.9,84498643,0.09208513727218515,0.0972242722071246,0.030575712596792703,0.07631713031064113,0.22507695473214423,0.25702303708130525
2022-11-11,6447.2,6447.2,6459.5,6377.45,6387.4,172848701,0.11194087769374717,0.10143590532079383,0.04033796490993491,0.06462139003279321,0.23162878934027667,0.25807965281599343
2022-11-14,6558.5,6558.5,6594.4,6472.9,6480.4,181310448,0.12994788301675486,0.11285505820069908,0.0526718888450155,0.0845861480521739,0.23471440249286094,0.2598255711333469
2022-11-15,6589.55,6589.55,6603.2,6521.8,6570.4,98494053,0.14259085864891108,0.11257344499223332,0.07173536674396375,0.08698583945703398,0.23012552996081528,0.25981279982979505
2022-11-16,6461.6,6461.6,6594.5,6395.3,6587.8,107423269,0.13135133242287367,0.08105033335285228,0.06793507531321152,0.05581432463038416,0.24183948115303835,0.2629946828694969
2022-11-17,6455.7,6455.7,6480.05,6367.6,6444.15,96075355,0.11786045142466284,0.09730166149662178,0.0688552669779583,0.06433418980675931,0.24235612149548397,0.26060973930092723
2022-11-18,6444.4,6444.4,6498.5,6400.05,6471.4,92954668,0.12347131786999999,0.12899213398503862,0.07805166073713576,0.08228438596092125,0.239613973748597,0.252180485318455
2022-11-21,6392.25,6392.25,6506.35,6375.75,6505.15,131144601,0.10178913077201512,0.10416810612865346,0.06785598779960478,0.07103203906849131,0.2435886090405547,0.25174535866249137
2022-11-22,6448.85,6448.85,6456.95,6370.0,6403.5,77338282,0.12186105578122408,0.10613974151165095,0.0838611122315267,0.06982892958842357,0.23811125973492528,0.25193467991065
2022-11-23,6422.85,6422.85,6490.95,6409.9,6483.95,82555871,0.10948255758716896,0.10736883846830225,0.07922439027896155,0.06486332043529686,0.24054882254535723,0.25181630782161446
2022-11-24,6440.7,6440.7,6452.0,6387.4,6441.35,67819511,0.10808695128560242,0.09114473037762383,0.0612057998407709,0.038453548232529,0.24067083801929826,0.24965958179685996
2022-11-25,6455.15,6455.15,6464.9,6400.55,6442.75,71507469,0.08121937942297208,0.1106112090842617,0.037480133643890134,0.04130741929149395,0.22674698498204504,0.24716592015791175
2022-11-28,6381.35,6381.35,6445.55,6371.0,6427.8,89272541,0.08464565256189083,0.0752788730495737,0.0410206506128068,0.03003783407813687,0.2235666990250806,0.2453786002490976
2022-11-29,6447.35,6447.35,6481.85,6386.25,6390.8,106838956,0.09344764133743766,0.0966839316544621,0.05981201721723961,0.03539098228977222,0.22451580767342932,0.2450559114354737
2022-11-30,6564.2,6564.2,6584.75,6459.45,6464.15,149315771,0.08733714872576392,0.11490055539514588,0.05355728134589133,0.04540576251864148,0.21900682528323967,0.24735623823953928
2022-12-01,6664.85,6664.85,6684.3,6602.65,6613.6,185675702,0.09696825057195069,0.11345278369460798,0.056617840852969614,0.04854209931923137,0.22239876713570644,0.24704046452268077
2022-12-02,6694.5,6694.5,6715.6,6642.15,6663.0,136567653,0.10311019567456237,0.10384685145184425,0.06747007433709795,0.04491370712252318,0.22135745899092615,0.24598172909793703
2022-12-05,6819.75,6819.75,6835.35,6717.7,6739.8,195626295,0.07836626265980406,0.12418403006725587,0.046137110832088934,0.06309540482258047,0.18338296254132713,0.24838223949405638
2022-12-06,6768.85,6768.85,6798.85,6734.5,6795.85,116999139,0.053706110821392095,0.12598353156450148,0.029536796217719985,0.07856447123723131,0.18190266980854705,0.24810000900962947
2022-12-07,6709.3,6709.3,6795.45,6694.35,6783.0,86186072,0.05425004517563492,0.11352131844057567,0.032027211006994794,0.07274656739533536,0.18146100115293093,0.24908607725234663
2022-12-08,6756.95,6756.95,6782.6,6707.6,6725.55,77683920,0.06934915924826912,0.1111668407074553,0.037113527526350776,0.07364527056320291,0.17828352126595737,0.24885509933450461
2022-12-09,6681.55,6681.55,6814.75,6645.15,6799.4,89981847,0.03634911279315056,0.0848609329588077,0.028343510691787754,0.061255640793962174,0.17383795870492727,0.24918359212795202
2022-12-12,6708.15,6708.15,6723.2,6592.4,6661.95,82299154,0.022817717465883902,0.07222319901539231,0.013651989845146595,0.04481777566609013,0.16447280111205934,0.24745591832658512
2022-12-13,6722.0,6722.0,6756.4,6691.85,6739.35,75893658,0.020100006828994266,0.07313335142642763,0.008982517395942136,0.03226613396688416,0.16397185315123958,0.2474627864360197
2022-12-14,6805.85,6805.85,6815.7,6746.7,6754.0,85073540,0.05327627832115889,0.10886902967748258,0.039661115332912056,0.04444253597970982,0.14933733467393923,0.24437253868491612
2022-12-15,6708.55,6708.55,6827.85,6691.3,6791.4,76107898,0.039166937744938624,0.09794438716223963,0.03529644136804566,0.05296429718366147,0.1607747690105247,0.2462840275066643
2022-12-16,6657.7,6657.7,6724.1,6615.75,6673.05,84689944,0.033098504127614614,0.07285355163078511,0.03520966475174325,0.047441357706698994,0.1638638396738507,0.24524528793744052
2022-12-19,6742.45,6742.45,6757.5,6660.1,6667.85,51109521,0.054785091321522206,0.10966738532940523,0.04044033755255039,0.07004182059827979,0.16405632790901628,0.24188889679048872
2022-12-20,6750.3,6750.3,6758.55,6637.5,6720.05,85790972,0.046744768447087415,0.10647051592017376,0.0390107177053598,0.06361694035376675,0.1624936808941466,0.2418432553537956
2022-12-21,6593.65,6593.65,6802.95,6565.55,6785.55,95746154,0.02659255626396373,0.093955054874862,0.03032329792595445,0.04364441766532945,0.18554538010759425,0.24570663391991748
2022-12-22,6519.25,6519.25,6652.85,6463.5,6630.65,92368034,0.012195879329886639,0.1282395188854757,0.03149625140854928,0.06294631312895493,0.19076734609507012,0.2298929402739289
2022-12-23,6228.0,6228.0,6474.6,6205.5,6449.2,109234105,-0.035188957653966124,0.0871671336178681,0.0029441786304864603,0.040164042477281114,0.251549040705478,0.24898672483971523
2022-12-27,6633.95,6633.95,6644.3,6411.65,6422.45,185015298,0.03958410054298844,0.18091194716651993,0.06277297173664242,0.10535993208890337,0.33802252874759814,0.2755332045080104
2022-12-28,6615.75,6615.75,6664.75,6585.45,6611.1,103608586,0.026119258299921677,0.17176914425384582,0.05273594267104087,0.09420982299153846,0.3369178528782532,0.27572202874192414
2022-12-29,6687.1,6687.1,6699.55,6556.3,6567.75,117640776,0.01872276895889824,0.1593044623972817,0.04896794623672507,0.09515166245550644,0.3331270972905246,0.2734727739553052
2022-12-30,6723.4,6723.4,6804.6,6704.45,6739.4,139721569,0.008784893883583056,0.2019056301897586,0.04637687893341691,0.1297835269558174,0.329345915570366,0.2646535256072751
2023-01-02,6886.65,6886.65,6907.35,6753.35,6768.5,307277045,0.028702666367913965,0.19367167593988865,0.05537402569116856,0.14023110840606345,0.3396480312854294,0.2619302714872848
2023-01-03,6850.05,6850.05,6907.35,6838.55,6897.25,157381661,0.004442978115033469,0.14992571701961577,0.029495046337302933,0.09795477577879241,0.33421277381778614,0.2553326070429037
2023-01-04,6705.85,6705.85,6848.5,6693.5,6844.6,132720493,-0.009307341719789974,0.13053923510718102,0.02286606516760592,0.08847665736554,0.3419246476908316,0.25955290700189465
2023-01-05,6761.2,6761.2,6777.2,6668.2,6733.75,128040131,0.007735531277480501,0.14278953417618823,0.0383569913337829,0.09922185303095299,0.3417478774155981,0.2596764273035157
2023-01-06,6697.3,6697.3,6804.75,6681.7,6773.25,116977746,-0.008827947520700818,0.1575108668412275,0.03146902181815325,0.10593752692063796,0.34250628378427006,0.25581032110093416
2023-01-09,6792.9,6792.9,6819.5,6747.65,6766.1,97645184,0.016665294729516278,0.17156334348024793,0.038042218000569394,0.11447256632613989,0.34376705649851985,0.25693643890530504
2023-01-10,6741.7,6741.7,6855.95,6657.5,6820.55,145077873,0.005001378919672339,0.16151096179523616,0.03651974730010599,0.108626143867538,0.3448046840888277,0.2577694270601247
2023-01-11,6792.15,6792.15,6820.95,6744.35,6779.0,137112878,0.010435882177923128,0.1777205576362879,0.04871515890030065,0.13640713820757044,0.34571098716254606,0.2572901751500867
2023-01-12,6783.65,6783.65,6817.05,6749.85,6815.8,97413105,-0.003261899689238068,0.18773855797177585,0.039722485820022135,0.15617636265747947,0.34287459590112684,0.2561226503665393
2023-01-13,6869.8,6869.8,6879.15,6790.9,6800.7,126420725,0.024036490746882633,0.1895654583077202,0.04892398791104435,0.1627082641367994,0.3414059844107807,0.25635247749047174
2023-01-16,6779.25,6779.25,6905.3,6751.55,6895.65,98026045,0.018257055739970385,0.18184670902957567,0.03873712529084894,0.15999916748722676,0.3439219135549493,0.2577427282988288
2023-01-17,6793.5,6793.5,6807.35,6709.1,6776.5,81729441,0.007571431749586521,0.17094989399658722,0.027502999820482543,0.14308875887228356,0.34117142817300267,0.25712432804654
2023-01-18,6905.8,6905.8,6919.6,6806.55,6814.25,169390400,0.023036013214227546,0.20135343185435817,0.03499943847944342,0.16783962053216106,0.3458886940745859,0.25743700193127145
2023-01-19,6867.3,6867.3,6893.0,6803.75,6814.65,173927365,0.04150205121594275,0.1862568124303643,0.04651603553157302,0.16498869859564214,0.33464740661590286,0.2579023077626348
2023-01-20,6805.25,6805.25,6893.7,6791.3,6858.2,122271104,0.0438700770794187,0.17080577037221834,0.049370010654839924,0.1497764642322419,0.33353824665143705,0.2590416241163778
2023-01-23,6777.85,6777.85,6843.05,6758.0,6816.0,99882744,0.08828676942838798,0.13527071730664542,0.07077941345637861,0.11375621908072708,0.28325666874453487,0.25442434969348127
2023-01-24,6717.6,6717.6,6808.85,6705.9,6800.25,71473635,0.0126093805349754,0.14179846516015537,0.013381483323744336,0.12316104946764628,0.18179707991889502,0.2530773000167496
2023-01-25,6703.8,6703.8,6746.85,6653.1,6708.4,101816246,0.013309148622605127,0.1369406497239818,0.02603094645678916,0.1436166807038537,0.181643518582222,0.2532283041448952
2023-01-27,6389.25,6389.25,6719.55,6323.85,6710.3,142269858,-0.044540981890505704,0.058357283065124,-0.012291496396305224,0.08817479987944232,0.24665583382789333,0.26937086962141277
2023-01-30,6371.65,6371.65,6531.1,6221.15,6426.45,119464790,-0.05231727994764557,0.04871043665750441,-0.027111868117503435,0.07270557016788026,0.24497584023618502,0.26923276715336886
2023-01-31,6468.4,6468.4,6530.8,6370.6,6426.5,119450056,-0.06073344804803493,0.0658537590113284,-0.031317301768948314,0.08748757805371099,0.23388710290243717,0.27078076325095574
2023-02-01,6177.05,6177.05,6551.2,6092.0,6513.55,158371376,-0.09824745804775148,-0.02326004285160843,-0.06444801838658576,0.004385011617563106,0.2793026670861529,0.2745661908602107
2023-02-02,5908.2,5908.2,6278.15,5867.05,6256.95,133137490,-0.11894838089131143,-0.08027117694217645,-0.0949750923296222,-0.04772671316739252,0.30777776304632504,0.2869502003146894
2023-02-03,5901.95,5901.95,5937.85,5580.25,5899.85,160645844,-0.12708542862213812,-0.07261099457106723,-0.11940988087621895,-0.05592601253934393,0.3036943716153226,0.2864707771942517
2023-02-06,5772.4,5772.4,5882.55,5751.15,5882.55,112140823,-0.13810042853090054,-0.0864648862512365,-0.1327895363408199,-0.0718433699158253,0.30849913005862467,0.2894372480242136
2023-02-07,5757.35,5757.35,5815.85,5657.55,5695.3,197090069,-0.1524459361980891,-0.10699993795756291,-0.13146946860821296,-0.07276508695204364,0.29850045957193216,0.2859085487713823
2023-02-08,5975.15,5975.15,5999.1,5791.9,5797.3,132938346,-0.1137027752643992,-0.08894564305862629,-0.11133307472324394,-0.06398806662295164,0.33927990436337424,0.29440689848198676
2023-02-09,5880.7,5880.7,5992.2,5776.4,5990.85,129012816,-0.13419167715671765,-0.10757183722712482,-0.13406594862426435,-0.0798622204687578,0.33709600109094945,0.29556750380668034
2023-02-10,5773.6,5773.6,5873.0,5753.5,5808.45,107900615,-0.14889476904026588,-0.1064751764268912,-0.14879961841901979,-0.07642841405563572,0.3385641479584111,0.29526374213555834
2023-02-13,5704.75,5704.75,5850.8,5682.55,5772.45,116576754,-0.16959008995895075,-0.1163235590253574,-0.1592485318249125,-0.08508701784282668,0.3297828891141502,0.2959821437452457
2023-02-14,5762.85,5762.85,5824.25,5658.75,5739.1,95001596,-0.14992808939041924,-0.10575848798957221,-0.15188395941805355,-0.08512226361402564,0.33643471866608304,0.29703546922126606
2023-02-15,5789.65,5789.65,5819.6,5747.3,5767.5,82521882,-0.14776624714800923,-0.09427040556924404,-0.14569176933761918,-0.08633538286410247,0.33757705781252295,0.29703801234862526
2023-02-16,5860.75,5860.75,5868.8,5820.65,5837.65,74159701,-0.15132931738538624,-0.09119455406777954,-0.14420036017923554,-0.07977450724210833,0.3338694916591191,0.2976288789414224
2023-02-17,5807.7,5807.7,5906.8,5787.7,5852.25,85937417,-0.15429644838582857,-0.09577523996356763,-0.14525890974069466,-0.07809054296484041,0.3337372938415089,0.29798620643440527
2023-02-20,5762.95,5762.95,5805.3,5716.25,5783.45,61999153,-0.1531611623379009,-0.10522924526837141,-0.14300727221447174,-0.07063194199071265,0.33373408951319816,0.29809380888606823
2023-02-21,5744.15,5744.15,5824.6,5731.95,5797.6,77259315,-0.15251148963166794,-0.11014461321580449,-0.13640360296768472,-0.07308632737226417,0.33387553672528636,0.29798441131859144
2023-02-22,5592.3,5592.3,5751.3,5564.95,5727.65,80597730,-0.16751518399428367,-0.12364938453462049,-0.13638643705441256,-0.06932288556490962,0.3402990590899642,0.30170349799639734
2023-02-23,5611.8,5611.8,5680.15,5583.85,5594.7,93332322,-0.1628926877293475,-0.12959588047802584,-0.14161500500761015,-0.07014815449133738,0.3423948273610254,0.30082103991649967
2023-02-24,5443.6,5443.6,5654.05,5429.4,5643.35,107901905,-0.14800641702860262,-0.17071387221595924,-0.14013626952532776,-0.10180861908649341,0.3206796431591975,0.3032287239445789
2023-02-27,5313.75,5313.75,5436.35,5231.9,5435.75,122136083,-0.16603234640948572,-0.20272024126574495,-0.15151306841599677,-0.1272491033919908,0.32499081969468885,0.30379102001588304
2023-02-28,5269.1,5269.1,5326.2,5209.35,5308.3,210888336,-0.18540906561127934,-0.21292105459705724,-0.1651283430518603,-0.13845897856452916,0.31228776712781625,0.3034498368839207
2023-03-01,5477.7,5477.7,5489.85,5306.2,5312.3,165078895,-0.11321747436073859,-0.19678873859012425,-0.1038284208540543,-0.12993953288247373,0.3281136046361906,0.31259410146071165
2023-03-02,5473.35,5473.35,5522.45,5428.2,5464.9,127466429,-0.07360109678074533,-0.19139144758710858,-0.05721873217797435,-0.12054086978206369,0.295129340882938,0.3125440843041805
2023-03-03,5667.9,5667.9,5694.4,5547.2,5548.25,193185798,-0.03965638475419142,-0.15521738482405023,-0.02511060043572555,-0.10316327040768214,0.32566394389577213,0.32209978992629323
2023-03-06,5679.55,5679.55,5799.6,5648.1,5726.8,189689574,-0.01608516388330672,-0.15945063971170415,-0.013093236578795464,-0.1112006788332941,0.3170027898597075,0.321605234601443
2023-03-08,5679.25,5679.25,5691.35,5587.3,5670.3,106741667,-0.013565268743432335,-0.15001010244628865,-0.015421792774975907,-0.10988385035540071,0.3169401915539387,0.321184397606784
2023-03-09,5682.75,5682.75,5776.15,5670.15,5719.1,116602066,-0.04893600997464498,-0.15285883589365168,-0.03315129885556811,-0.10379447938012198,0.2839426444565395,0.32095969511461103
2023-03-10,5635.7,5635.7,5658.35,5548.15,5586.8,110583306,-0.04166170693964999,-0.16160368937816127,-0.014805575276591543,-0.09737864588208434,0.2804310570362839,0.32099758643755466
2023-03-13,5585.25,5585.25,5733.55,5568.6,5660.35,99993179,-0.03262262713038666,-0.17934570994071286,0.006701944804202942,-0.09863961534693011,0.275145082899567,0.3196233507420641
2023-03-14,5517.35,5517.35,5612.85,5470.8,5603.5,111582831,-0.03284981813401111,-0.17756445133449106,0.008093498939492072,-0.10308131103614449,0.27526337324983824,0.3193323367187062
2023-03-15,5616.5,5616.5,5651.95,5581.6,5581.75,103399078,-0.025395420668592905,-0.15639034501404392,0.02801825761732235,-0.08540399604174109,0.28092107960192847,0.32209052702774166
2023-03-16,5471.75,5471.75,5581.55,5409.7,5578.75,167673584,-0.05490832779183541,-0.18846265081683955,0.002277429324158864,-0.11056826331653469,0.29325251904796285,0.32392180295855677
2023-03-17,5602.6,5602.6,5614.85,5496.2,5552.55,201748428,-0.044047263575480944,-0.17002207309304773,0.007838222741646805,-0.10011568345645583,0.30364065093417664,0.32853770431345936
2023-03-20,5470.85,5470.85,5568.2,5420.45,5565.7,110983404,-0.05800058542968811,-0.17028504697701563,-0.004735526539443535,-0.1037598207440471,0.3123938160077092,0.3286222723121961
2023-03-21,5494.5,5494.5,5524.1,5472.35,5514.1,72219318,-0.04658204565370161,-0.1571883268780918,-0.005275452874351716,-0.10092805544560612,0.3128924561321827,0.328513076083857
2023-03-22,5492.35,5492.35,5556.8,5475.7,5512.25,88019094,-0.04383590261396364,-0.11811978163134229,-0.005982634331114567,-0.08134167653148683,0.31295142548860283,0.31615922541815916
2023-03-23,5497.85,5497.85,5528.7,5451.55,5464.05,104958509,-0.016889294208107586,-0.1712554360524272,0.010306342722924078,-0.11304989427604362,0.29928588863811706,0.28555793290218223
2023-03-24,5372.9,5372.9,5522.2,5358.35,5520.8,119266490,-0.0425710110837878,-0.1878622983032915,-0.010237555805038379,-0.12289062117541183,0.30880149424173053,0.28844052504423523
2023-03-27,5372.85,5372.85,5418.15,5363.0,5390.75,75105705,-0.01299691380703949,-0.1965351198576364,0.014491179553981937,-0.13027703722061812,0.29020289675231,0.2870194519420473
2023-03-28,5330.3,5330.3,5412.75,5304.45,5398.65,70554286,0.003114561279699002,-0.2072017134188059,0.028470027642538476,-0.14348548045267484,0.2782669721387848,0.2865238568909543
2023-03-29,5460.2,5460.2,5484.0,5321.65,5344.95,116741749,0.03626805336774774,-0.20713264068886905,0.04916973246872969,-0.1457641496121449,0.2886903270684036,0.2865600930509715
2023-03-31,5497.45,5497.45,5546.9,5475.4,5519.55,140005330,0.0036055278675355407,-0.197458412712316,0.0088287764440943,-0.14958794238034412,0.25454843737745386,0.2873727990309338
2023-04-03,5477.85,5477.85,5524.3,5445.4,5523.35,75610803,0.0008221655841487152,-0.1831236905090331,-0.003574025879128362,-0.14738128334037415,0.2548801148996412,0.2850199704481766
2023-04-05,5496.3,5496.3,5502.8,5436.05,5472.8,79527761,-0.030275763510294706,-0.1870821747618765,-0.028155831318818603,-0.16289942840145744,0.21978866833749894,0.28434925912867964
2023-04-06,5528.1,5528.1,5556.7,5466.65,5495.25,80830389,-0.026665845005326094,-0.17457781494034907,-0.020325379765129048,-0.1600029629985702,0.22098623406422416,0.28468415956841087
2023-04-10,5570.25,5570.25,5603.1,5538.7,5548.9,62542127,-0.019192675089140243,-0.17998940069778735,-0.011850855230000956,-0.15362935506027242,0.22323864121113923,0.28328557109858743
2023-04-11,5668.25,5668.25,5673.85,5590.3,5601.45,107033339,-0.00255158154062729,-0.15922541792129574,-0.010095879013110598,-0.14851602868476232,0.23261437029259455,0.2862994303678131
2023-04-12,5695.55,5695.55,5709.7,5670.9,5699.2,76386895,0.01061979878275987,-0.1614510869165139,-0.012322961529306786,-0.15679640273196271,0.2311475567449233,0.28594161924015454
2023-04-13,5710.05,5710.05,5717.7,5655.9,5697.1,83345088,0.022344568282529842,-0.15826288207675798,-0.016928336357592055,-0.1565718258633021,0.2284570933527855,0.2861426808656531
2023-04-17,5734.5,5734.5,5741.1,5697.35,5704.3,66688334,0.03935766264601659,-0.1652595417624968,0.0004245453677604871,-0.1513510064365987,0.2231280052192756,0.2847203814614829
2023-04-18,5749.0,5749.0,5772.85,5712.95,5745.6,58845254,0.023591204486780093,-0.15197108824722494,-0.0169457919553464,-0.13885562631973025,0.21515310735685525,0.2841291932231697
2023-04-19,5779.65,5779.65,5839.9,5750.05,5758.05,125879466,0.05627084570749763,-0.1492382424376243,0.018995129501662822,-0.12516780864186539,0.18972841205883,0.2844399683538197
2023-04-20,5756.95,5756.95,5805.7,5751.9,5784.9,52543008,0.027549709063648953,-0.1663601610240668,-0.003116775159602403,-0.13658366884216877,0.17404787948072475,0.2816502525736577
2023-04-21,5677.9,5677.9,5764.5,5644.2,5764.35,92907670,0.03784603854976809,-0.17319761769545539,0.00042930854523026696,-0.1464799875758347,0.15777231790278293,0.282474259916151
2023-04-24,5703.3,5703.3,5711.7,5647.3,5666.6,53601587,0.03800163800163814,-0.16192645384078463,0.0008307836614365183,-0.14615900806494353,0.15780416678779766,0.2826278566974285
2023-04-25,5738.25,5738.25,5774.85,5697.7,5704.1,60707537,0.04477136380602098,-0.15338197215931315,0.008778290425508928,-0.13410334521683853,0.15825787345577394,0.28322463523119173
2023-04-26,5713.2,5713.2,5720.65,5668.5,5715.85,59542066,0.039169857307856715,-0.14951768488745987,-0.003970244343988627,-0.13270036986692968,0.15993515297815325,0.2829556479127294
2023-04-27,5753.75,5753.75,5762.85,5688.9,5707.55,53199168,0.07088350797520904,-0.1417181300158119,0.013639654739117102,-0.1430093008221649,0.13077363121421173,0.283661845283676
2023-04-28,5799.4,5799.4,5805.35,5765.9,5782.4,79603739,0.07938989549308073,-0.09231912978831636,0.01584816151143853,-0.11848598064315774,0.131033900159688,0.26806897114645056
2023-05-02,5882.0,5882.0,5911.25,5820.7,5828.4,116105540,0.10350261711348319,-0.07684822612667042,0.03295209846387315,-0.10510493227352635,0.1281476668015663,0.2699916275613835
2023-05-03,5824.25,5824.25,5869.05,5787.1,5856.3,101426854,0.06667338192740191,-0.09958413208830619,0.007592054067168563,-0.12379971225780917,0.11702021357439604,0.26835251348030653
2023-05-04,5895.05,5895.05,5902.9,5830.5,5841.0,89348093,0.0723244413318902,-0.045652860184068444,0.020707869592665906,-0.08195446560855424,0.12060730705192678,0.25336157030463713
2023-05-05,5807.05,5807.05,5902.45,5798.35,5902.45,91774006,0.060096570734868626,-0.017120273518161144,0.021531950641157538,-0.043161680823081805,0.1354700908364731,0.2384001244803504
2023-05-08,5845.65,5845.65,5861.6,5796.65,5835.3,70388080,0.06356094099667042,-0.009539220088275902,0.023272306066570936,-0.03252277795996872,0.1361056070328156,0.2388137204471003
2023-05-09,5836.85,5836.85,5914.2,5820.6,5856.25,82087214,0.05585101571968676,0.011165199916845836,0.01796288968377313,-0.0170566356662325,0.1366490153255092,0.23438304743980348
2023-05-10,5822.1,5822.1,5861.1,5804.4,5843.65,58150771,0.0452134105291504,0.011246493612512731,0.006002854641499633,-0.02224952023366278,0.1365816232133336,0.23437900959999192
2023-05-11,5797.3,5797.3,5848.9,5789.65,5848.9,76034817,0.022767167997177262,-0.02976494313950273,-0.009660857339015338,-0.05356238825338411,0.1257882637916805,0.2215090003884674
2023-05-12,5690.9,5690.9,5784.45,5683.5,5784.45,96407385,-0.0008164268595658442,-0.03227506929447177,-0.029021518795935286,-0.05582288041511796,0.14283969997863183,0.2223417768193121
2023-05-15,5701.75,5701.75,5723.25,5625.75,5698.55,74951854,-0.0014535774642954191,-0.012444575308299899,-0.03347341195919107,-0.0428172468494753,0.1427045670494023,0.2192576275961916
2023-05-16,5683.45,5683.45,5753.65,5672.85,5732.7,59849426,-0.008902258261400342,-0.0037337306630439437,-0.04163819962942894,-0.032747432728866266,0.14215447256346814,0.21797593337506477
2023-05-17,5632.85,5632.85,5680.5,5612.15,5677.75,88729435,-0.020203513654548533,-0.022558282794103657,-0.04973891385430529,-0.03660750217479991,0.14477846780224293,0.21767057926782035
2023-05-18,5601.65,5601.65,5703.7,5594.75,5666.55,75196175,-0.03079771266426168,-0.03247173836069539,-0.05981221248689372,-0.038805028871492286,0.14360473205885782,0.21766899728458283
2023-05-19,5618.05,5618.05,5629.75,5544.95,5620.55,88092363,-0.02412735910508157,-0.04141108219937717,-0.0569766790860472,-0.05070095680350484,0.1441653249313462,0.21617172645449925
2023-05-22,5797.5,5797.5,5806.6,5620.25,5641.95,90525838,0.021064125821166346,-0.0017562890645177465,-0.01810675594396427,-0.022386976862955432,0.17739118639950102,0.2252259130517408
2023-05-23,5947.7,5947.7,5993.45,5848.7,5855.8,103892224,0.042852383707677966,0.03205823406415109,0.008777764634411156,0.0038479967013285155,0.19748687157590658,0.23063999536251653
2023-05-24,5855.15,5855.15,5981.0,5842.5,5965.9,100114581,0.02037206465385788,0.019324007903693374,-0.008675328490197254,-0.006407125282900106,0.20655755398693723,0.2329045546923776
2023-05-25,5872.55,5872.55,5885.2,5786.85,5830.4,90648123,0.027891549394384985,0.050113548986999934,-0.000600770652085858,0.006429119801755201,0.2056618485846055,0.22599173257651686
2023-05-26,5935.4,5935.4,5948.4,5876.45,5888.65,133426293,0.031570714751249174,0.05766420756263568,-0.0010442543749633604,0.0012376469587382921,0.20735861510187426,0.22682816319952995
2023-05-29,5991.2,5991.2,6016.25,5956.3,5973.3,121497656,0.033072386798634446,0.10059519435667563,0.0035318171542946253,0.03573417689956915,0.20801256016978384,0.21780593646131194
2023-05-30,5936.55,5936.55,6013.3,5925.9,6001.85,99664098,0.009274056443386636,0.11720536344389565,-0.01751724757033668,0.045844939451339606,0.2058537811590879,0.21233964616946793
2023-05-31,5890.05,5890.05,5926.65,5848.4,5900.7,144614198,0.01129759196463076,0.1178474502286917,-0.013277005992204272,0.04673933748979597,0.20464013948485577,0.21222400883749362
2023-06-01,5884.2,5884.2,5944.65,5876.4,5907.3,81647379,-0.0018405272219913504,0.07420997864067025,-0.014546034996168467,0.014794728644055954,0.20008946197585384,0.1977963731506428
2023-06-02,5956.0,5956.0,5967.7,5906.85,5934.7,116875081,0.025649856639774038,0.08818182648652106,-9.033979472694575e-05,0.018201097385569298,0.1963755611236689,0.1990110302036538
2023-06-05,5975.9,5975.9,5998.9,5956.2,5991.15,92887901,0.022281525578849326,0.05434111399283692,0.0042437465275806385,-0.0024668966577769957,0.19553031834133403,0.1864170765166914
2023-06-06,5967.45,5967.45,6012.35,5943.55,6002.85,74796632,0.02237508245029418,0.05069063570177201,0.004141659305324286,0.0005789384437968614,0.19551439599867848,0.18645949691029723
2023-06-07,6057.75,6057.75,6062.15,5968.75,5995.0,105413069,0.04047508630906371,0.0666461240480698,0.018018163331726234,0.011899132957722713,0.20103073977197095,0.18870155827033966
2023-06-08,6067.7,6067.7,6149.25,6056.65,6072.45,117356847,0.04664240249771434,0.06774009062513753,0.028193980283690134,0.008332759299752635,0.19968282473739973,0.1887025970236885
2023-06-09,6039.35,6039.35,6099.75,6017.45,6093.45,83109212,0.06122933103727024,0.07162375570026813,0.04765563114589577,0.005552051722714779,0.1861429434427311,0.18807525290528132
2023-06-12,6076.3,6076.3,6101.3,6048.2,6068.35,63407870,0.06569035822335256,0.0879190725571819,0.05467606140983117,0.0035554347030632982,0.18641947728506542,0.18713898072452834
2023-06-13,6127.65,6127.65,6157.85,6088.25,6110.45,83443856,0.07815675338042904,0.11061469727314721,0.05466125721522519,0.012461784827022537,0.18569690774013012,0.18548964967711098
2023-06-14,6214.75,6214.75,6225.8,6158.5,6163.5,134309317,0.10330472141100855,0.10651651384314076,0.07172633150767149,0.0014178693611015536,0.1827865030406183,0.18427306109622138
2023-06-15,6203.05,6203.05,6236.25,6190.2,6230.8,89655511,0.10736122392509362,0.13365011193859377,0.07657512607724293,0.033418148442861506,0.18044769337386085,0.17512564772393646
2023-06-16,6231.5,6231.5,6265.3,6214.7,6244.25,93281885,0.10919269141428067,0.11225145468175479,0.07499031185800575,0.01131905156617563,0.18027870565136683,0.1693739174438542
2023-06-19,6203.5,6203.5,6285.2,6166.6,6260.85,96951070,0.07003018542475203,0.133918860871711,0.04594810691178197,0.029903839592830606,0.15408165534603244,0.16135893548998306
2023-06-20,6246.65,6246.65,6279.4,6184.9,6214.1,98214066,0.05026312692301227,0.1368914368914369,0.024718150971954955,0.03698208609500253,0.13093787137586582,0.16160173193207714
2023-06-21,6187.75,6187.75,6270.1,6158.25,6264.4,88655389,0.05680469330418525,0.12661247007200926,0.025553027683399288,0.02720953629086953,0.12101052230159022,0.1632723006315697
2023-06-22,6190.95,6190.95,6244.6,6158.45,6193.9,87920317,0.054218354888421416,0.1260674627354328,0.029651141597856645,0.02684866010628717,0.12126781726402557,0.16328779260324613
2023-06-23,6037.2,6037.2,6166.2,6023.15,6164.8,81427987,0.017151329312262042,0.1236390031454151,0.008169911363341331,0.02210792832245212,0.15247243869538085,0.16475116977227655
2023-06-26,6083.1,6083.1,6098.3,5988.6,6037.8,73518135,0.015339164107357472,0.1321924118484603,0.010363059595405844,0.03178441697961509,0.1512795901862034,0.1651000277424373
2023-06-27,6127.65,6127.65,6156.1,6112.45,6117.1,69426598,0.03219041362407449,0.1495882032906215,0.02234001850455747,0.03952837106970897,0.14820919312574557,0.1641016214887695
2023-06-28,6211.05,6211.05,6238.05,6151.85,6167.2,114242987,0.05449868846614203,0.13751327790190837,0.03088318380857591,0.02678008329423376,0.14955927526534768,0.15948465125938957
2023-06-30,6209.1,6209.1,6238.15,6186.45,6236.4,79944483,0.05521566228204344,0.12945092724808793,0.017282393969241694,0.02407494077074812,0.14935877700469927,0.15926460850864127
2023-07-03,6275.45,6275.45,6308.75,6243.45,6254.4,94813917,0.05363498992612481,0.14560457113648595,0.011094419383589127,0.03498873122446278,0.14819221972072738,0.15978990913306573
2023-07-04,6275.2,6275.2,6315.85,6243.1,6301.65,71375706,0.05008450609949966,0.14171351636555496,0.007320344436920312,0.03737086556531777,0.14845784163842593,0.15984227325687939
2023-07-05,6292.3,6292.3,6314.45,6270.05,6285.1,84087258,0.05443698732289337,0.13823917801776364,0.011450805270094788,0.03599846926550998,0.1477563574723613,0.15967427910890317
2023-07-06,6325.35,6325.35,6331.55,6262.55,6297.8,104224004,0.04417481738269169,0.13555944526726815,0.003008315837048414,0.02927003296071007,0.14081337875988376,0.1594042715144398
2023-07-07,6279.25,6279.25,6343.55,6253.35,6305.85,90348941,0.034864940587042925,0.10779341066466719,-0.0025521137967723373,0.0169756314233378,0.1447847683454836,0.15730071649009086
2023-07-10,6385.1,6385.1,6408.5,6284.7,6300.35,154992671,0.057249538443706616,0.1210682023685159,0.014558006540950741,0.03441508621622158,0.15199226844900562,0.160171036462564
2023-07-11,6369.1,6369.1,6413.45,6361.75,6405.65,97636608,0.048187219195892306,0.11541930455950467,0.003142443740955958,0.025033372843944912,0.15257186296547168,0.1604194855868819
2023-07-12,6363.25,6363.25,6411.9,6327.7,6391.5,125832466,0.03844867118715989,0.1096433865201849,0.0027495355914297637,0.014908794603457842,0.1512446984959481,0.16043335089033517
2023-07-13,6379.7,6379.7,6451.2,6355.3,6419.9,126935964,0.026541695160706258,0.10970603583231853,-0.008532579903359538,0.01040905530910008,0.144257011358897,0.16043458210279732
2023-07-14,6469.45,6469.45,6487.15,6403.85,6431.4,125767625,0.042946614971667074,0.11934978761689718,-0.00394956007790026,0.00891346267897597,0.15044571934791112,0.16222977945321132
2023-07-17,6500.55,6500.55,6554.85,6482.15,6500.4,145617014,0.04317580036909252,0.12916561721050224,-0.003857516254194504,0.010750569222522044,0.15049564544909197,0.16187960901353737
2023-07-18,6446.75,6446.75,6541.0,6427.45,6511.4,78764611,0.03921173531071176,0.13541097941140223,-0.013775573585973477,0.014825806052110035,0.15329654742865778,0.1599560178388501
2023-07-19,6474.55,6474.55,6497.7,6452.7,6470.65,61821658,0.03648355518557955,0.1352287272280961,-0.017535014174457464,0.017452542618963784,0.15243901787348693,0.15994629575412542
2023-07-20,6485.25,6485.25,6493.6,6455.95,6493.3,64513750,0.04807886550038387,0.13017906156058023,-0.011438010568460166,0.005812507506526288,0.14653531383225243,0.1597314435673246
2023-07-21,6442.3,6442.3,6538.0,6432.75,6471.9,91489887,0.04059958487792681,0.1276167471819647,-0.011274957307596312,0.019193944773823857,0.14988893795510083,0.16018784114467943
2023-07-24,6395.55,6395.55,6448.3,6384.6,6442.1,86567809,0.05935698668256806,0.11154464479687154,0.005415243392808966,0.013454003046405427,0.11673707366791414,0.16094679667312986
2023-07-25,6583.65,6583.65,6591.0,6411.35,6426.2,186973931,0.08228534793115339,0.13522950650067256,0.02935132379253691,0.04579692364016874,0.14855712752195846,0.1699319069315312
2023-07-26,6604.95,6604.95,6617.35,6580.35,6610.4,81682312,0.07789283004088032,0.12290887453247201,0.02682836998380833,0.033054245667272664,0.14804378266236703,0.16809439403350493
2023-07-27,6581.55,6581.55,6674.6,6556.2,6626.8,84859166,0.05965174970415621,0.13002532514916076,0.023398472765312484,0.043233515645320075,0.1454816879655518,0.16669318809868558
2023-07-28,6640.8,6640.8,6647.65,6551.1,6593.05,77108575,0.06952698458713824,0.1265044401659019,0.045711319851572174,0.05035056356203982,0.14648892322078488,0.1660112439573093
2023-07-31,6758.2,6758.2,6767.85,6643.65,6643.65,184140261,0.07692675425666695,0.16379228696153803,0.05460827235010246,0.07054967357673525,0.1529293055674926,0.1651588429575135
2023-08-01,6770.15,6770.15,6819.85,6751.1,6793.85,141457794,0.0788739801121876,0.15815178808173602,0.06110355454872374,0.07771386736143104,0.1524762694530081,0.16494406466976055
2023-08-02,6633.45,6633.45,6757.6,6580.3,6757.6,142543327,0.05421705894505968,0.13647772342958953,0.0476159928188129,0.06746397837844298,0.1750510909415804,0.17129956469500332
2023-08-03,6602.2,6602.2,6627.9,6532.75,6600.8,319394242,0.04376832902527128,0.13398945397708717,0.04969993935033834,0.0757560397998549,0.1766532393179016,0.17161298700604047
2023-08-04,6622.9,6622.9,6676.65,6608.05,6658.8,112540419,0.05472787355177755,0.14241112241905696,0.04514784420812612,0.07573352499871477,0.1730920619737412,0.17111015310091737
2023-08-07,6622.15,6622.15,6659.75,6580.65,6655.7,97997189,0.03712549529373055,0.16363844031699726,0.02465382589301779,0.09361310860206129,0.16509463282089878,0.1656503366931887
2023-08-08,6544.8,6544.8,6635.95,6537.6,6635.05,90022001,0.0275863151779685,0.14785811373701052,0.02082431552218722,0.08415847898360629,0.17144615719439762,0.16821263940902567
2023-08-09,6677.85,6677.85,6690.85,6545.9,6562.8,102737442,0.049440144580206624,0.17496415029603507,0.03663338911342562,0.10135516108268106,0.18357907447120944,0.1717098742781824
2023-08-10,6723.3,6723.3,6747.1,6663.65,6679.95,93821684,0.05385833189648426,0.19358761550547232,0.04719554859212516,0.1187131062104374,0.1842349034608142,0.17017813461862277
2023-08-11,6688.85,6688.85,6729.7,6652.9,6722.4,119685942,0.0339132383742049,0.19408567118616848,0.0408747870337669,0.12247203637481197,0.18108381996379364,0.1700912197731284
2023-08-14,6545.95,6545.95,6648.15,6513.1,6643.5,147698479,0.006984024428702051,0.1651640693835048,0.021031618516132555,0.09753107971092367,0.19843701047819592,0.17737770086949628
2023-08-16,6484.1,6484.1,6536.55,6455.1,6534.65,137642025,0.005793616938767565,0.11843035791289358,0.020186568569842134,0.05560549961373873,0.1991646448936482,0.16851371221040196
2023-08-17,6480.5,6480.5,6508.3,6433.55,6487.15,88471489,0.000918982786448419,0.08958084637759134,0.02451081673160793,0.0341388363492503,0.1986117882723658,0.16115737327205093
2023-08-18,6493.7,6493.7,6537.7,6444.75,6485.45,88594812,0.0013029567094560157,0.10905783797170021,0.03478786407137868,0.053015860322395136,0.19865756678865065,0.15716264946829306
2023-08-21,6578.4,6578.4,6587.85,6513.0,6534.35,80483093,0.021125995374322803,0.12019480464193566,0.03892292576809342,0.0616586758572073,0.20203439100925308,0.15882514580895796
2023-08-22,6634.4,6634.4,6647.75,6596.5,6606.35,88210763,0.03734627983519778,0.11776796846042381,0.05137106061143604,0.06927439283112857,0.20116080187322302,0.1583761492749911
2023-08-23,6625.55,6625.55,6708.2,6610.7,6676.1,123562838,0.006364250833504226,0.10588029109360408,0.018386222423348197,0.060428089368197435,0.17381004539292674,0.15772753711334248
2023-08-24,6602.85,6602.85,6706.35,6594.9,6677.8,91794048,-0.00031794336066126583,0.1122369052732648,0.019481612062787534,0.07183464674069473,0.1739379181951768,0.15647736350243208
2023-08-25,6519.35,6519.35,6597.4,6510.05,6589.6,65327694,-0.009450661318382458,0.10684119829203498,0.010595198606875855,0.06737942045135803,0.17937621501748974,0.15806584375427984
2023-08-28,6533.3,6533.3,6591.2,6525.1,6563.7,81272997,-0.016187808697747275,0.1103123619183577,0.0011184684663376743,0.06605057877817022,0.17622226250195597,0.15796884892048768
2023-08-29,6616.7,6616.7,6630.65,6536.25,6559.65,107277598,-0.02093752774407387,0.11093015446608456,-0.00012379193808875755,0.06730511746450207,0.17027907366224193,0.15812906307032942
2023-08-30,6677.8,6677.8,6711.55,6646.35,6653.75,140982641,-0.013640761282984748,0.11745511136397879,0.005924980674963165,0.07692560159559636,0.17391374924424421,0.15883324072801652
2023-08-31,6659.35,6659.35,6705.05,6631.25,6678.45,152911798,0.0039044539417649737,0.11594567193692451,0.017872614681238908,0.08073943605058664,0.1579364338286,0.15897604405917734
2023-09-01,6851.0,6851.0,6867.75,6663.45,6665.0,245820730,0.03768440822756047,0.13094795922578517,0.03491630594815143,0.09309229151401843,0.18554728783914123,0.1659127960316027
2023-09-04,7007.05,7007.05,7042.55,6851.0,6911.45,276257688,0.058003291609415975,0.15481154308881462,0.05739865046323578,0.10682272862810915,0.1995613797896129,0.17112927971770484
2023-09-05,7039.15,7039.15,7064.2,6954.1,7021.7,137532308,0.06297048541636774,0.16554761687929975,0.06411351990234304,0.11105867742234365,0.1993409911150595,0.17054338744454842
2023-09-06,6983.7,6983.7,7054.05,6934.9,7053.35,125795586,0.0670608727539419,0.1493342988331714,0.06500673751314268,0.09506175192835187,0.19599645872676572,0.17171148353631857
2023-09-07,6981.15,6981.15,6998.3,6935.95,6972.3,97281547,0.045418809946314864,0.13928667596876454,0.04060537530641817,0.08527447957546319,0.18582256901607974,0.1713225945590409
2023-09-08,6977.9,6977.9,7018.15,6951.0,6996.25,113980169,0.037868308717445176,0.12279657266985788,0.02370220329360584,0.06606515450467842,0.18524270558827488,0.16957902928973123
2023-09-11,7104.4,7104.4,7114.8,7001.75,7020.35,114799975,0.062125776478766825,0.1453075503179886,0.03288756184945574,0.07530310752575797,0.19171100276150155,0.17252587948673978
2023-09-12,6914.55,6914.55,7168.5,6901.65,7167.1,144620275,0.056309626562989434,0.10961245286046695,0.027564509488352984,0.047613131775265716,0.20178569505089258,0.18261882216634823
2023-09-13,6943.65,6943.65,6985.5,6851.5,6934.0,98917785,0.0708733671596673,0.11931167889094851,0.039791938955197725,0.049222673508137804,0.19656238748640154,0.18221984801939656
2023-09-14,7046.9,7046.9,7120.25,6986.45,6996.05,176135269,0.08740066352904874,0.12810866624510742,0.04929892926922763,0.05974383904187719,0.1999393707652615,0.18384612990152963
2023-09-15,7035.8,7035.8,7113.65,7011.05,7095.0,210004378,0.08348091226881449,0.1370530483616823,0.03779513557086056,0.06622997729386015,0.2008643068114449,0.18244639913128666
2023-09-18,6957.8,6957.8,7073.1,6949.35,7073.1,124723042,0.057673598443390484,0.12386628869559613,0.01953208852393118,0.05130581556514402,0.20480635240534503,0.18444509412134508
2023-09-20,6844.05,6844.05,6980.1,6830.55,6945.0,118784731,0.03160044615941171,0.13364639236732256,0.0055672703868647755,0.06743330455156626,0.21456815786358602,0.17980513452143665
2023-09-21,6806.6,6806.6,6878.75,6786.65,6847.15,91257675,0.027326033310442144,0.11893606878072038,0.011981988392986809,0.06269835078718766,0.21581256975488158,0.18009599231227177
2023-09-22,6761.8,6761.8,6824.6,6722.75,6809.05,84065981,0.024072938200928373,0.1034899186474425,0.009240563797972001,0.0579549567723745,0.21703444653202833,0.1805603860689005
2023-09-25,6754.25,6754.25,6783.5,6721.6,6783.2,72441275,0.036031199429390925,0.08745703222482515,0.01481484799707422,0.050431548154106665,0.21098963384040204,0.1789322841931044
2023-09-26,6775.3,6775.3,6841.6,6751.25,6776.95,97366241,0.03704100531125154,0.09118873910872738,0.01846400882638166,0.06640124738116548,0.2110404810112632,0.17893007124431817
2023-09-27,6777.3,6777.3,6786.9,6708.3,6759.15,114483789,0.024271918025601913,0.07997036069126517,0.004946808975077266,0.05958493425562983,0.2071257834255122,0.17791732650193945
2023-09-28,6712.0,6712.0,6839.65,6690.45,6791.35,107629779,0.005121447183203953,0.06960734319224882,-0.003980608623167514,0.06266780111942394,0.2082974985012155,0.17931517670129898
2023-09-29,6839.3,6839.3,6869.95,6764.2,6767.85,126624089,0.027022156817106735,0.08693164661570485,0.007052073799812764,0.07456982579192983,0.21797733225426308,0.18291457861497132
2023-10-03,6798.0,6798.0,6837.4,6771.45,6833.5,120625527,-0.007736096920157642,0.07472313785007945,-0.012544317785983194,0.07311013412700795,0.1943068597748745,0.18336355521037936
2023-10-04,6725.95,6725.95,6789.45,6686.05,6771.45,109488246,-0.040116739569433735,0.07113906915634827,-0.035369844308767995,0.06574387450763464,0.17737410861512617,0.18415228227707311
2023-10-05,6709.1,6709.1,6775.85,6699.6,6756.6,73726835,-0.046887763437346686,0.05074313636434824,-0.045398591587513915,0.04093477790291744,0.17564252308527775,0.18140332702350853
2023-10-06,6744.4,6744.4,6792.35,6719.7,6752.55,66849583,-0.034265503959219346,0.05892512285880258,-0.03643006001608218,0.047911428759562114,0.17637793319155629,0.18149092768286268
2023-10-09,6647.15,6647.15,6680.95,6586.7,6673.45,68504480,-0.04784312040279892,0.0446155659450751,-0.03695952841250161,0.03800976522159183,0.1819825059140059,0.18421213716278562
2023-10-10,6783.15,6783.15,6808.6,6666.9,6674.9,91311294,-0.02790954298571202,0.06323965076727744,-0.021345469186172528,0.049017792065326526,0.19904233099771904,0.18848244951341137
2023-10-11,6812.15,6812.15,6862.9,6804.65,6837.5,110879664,-0.041136478801869214,0.05297204553710122,-0.03188479018800017,0.04035482509318489,0.18692041133447096,0.1866756933278234
2023-10-12,6863.05,6863.05,6910.5,6826.2,6828.75,151893656,-0.007448062419101786,0.055764512233580144,0.002515286446205689,0.051576551199671083,0.16454937967292085,0.18699280970044552
2023-10-13,6820.8,6820.8,6840.55,6775.3,6811.65,112638464,-0.017692424013307062,0.05802148369333393,-0.0018005845140544041,0.05793030143324818,0.16484562829919283,0.18659411035014029
2023-10-16,6882.8,6882.8,6914.85,6808.6,6827.0,104405347,-0.023286835346038592,0.06305457522144398,-0.0048145789979765485,0.06816724711813527,0.15878805926647346,0.18721189346445913
2023-10-17,6902.0,6902.0,6941.65,6884.45,6927.6,79888323,-0.019017027203729553,0.06426120812613245,-0.0001559428454150913,0.07265247538961273,0.1593967107087273,0.18724268747814285
2023-10-18,6863.4,6863.4,6967.6,6850.85,6925.0,93373406,-0.013567506970594279,0.06536485416699,0.009389541995040052,0.06910759362634677,0.15587449629594444,0.187073016408666
2023-10-19,6803.3,6803.3,6823.3,6739.35,6808.85,82518546,-0.005954076898912142,0.06375526733431847,0.007949526186494138,0.06617746862553031,0.14771315155869674,0.18738626780137657
2023-10-20,6712.75,6712.75,6823.4,6694.1,6782.5,87367361,-0.013788088032204104,0.01960918335573747,-0.0036728169169986113,0.026618584567491554,0.1539379499713815,0.18037934395745658
2023-10-23,6494.0,6494.0,6729.2,6480.1,6725.0,104474714,-0.0396048389482091,-0.016798007554939876,-0.019654904389077243,0.008307828721993205,0.19162734570881618,0.19283830049037645
2023-10-25,6503.65,6503.65,6610.15,6460.8,6552.25,98517190,-0.03710256505163423,-0.011836117631864873,-0.009025665265366078,0.015516513323296621,0.19201224623986432,0.1927500067600751
2023-10-26,6398.05,6398.05,6472.8,6348.7,6466.3,93608580,-0.0556801912830428,-0.036554330803517665,-0.014619343630712156,0.003596271983421273,0.19765117517009614,0.1945905894046341
2023-10-27,6453.1,6453.1,6488.55,6430.15,6436.45,74175308,-0.0478361589423516,-0.04514515699446586,-0.01389499583912901,-0.009377317221542447,0.20154784618227126,0.19187011634350645
2023-10-30,6467.95,6467.95,6488.95,6417.6,6478.4,59990470,-0.03636025029797385,-0.044637120300141,-0.01676082420420766,-0.014604492254907897,0.20032987019996995,0.1919032456210063
2023-10-31,6452.45,6452.45,6521.55,6423.65,6521.55,63355617,-0.05656280613513087,-0.02728595225712116,-0.028113238216890712,-0.004396545065750934,0.18489977471801525,0.1875318989109419
2023-11-01,6359.9,6359.9,6455.85,6346.3,6447.2,78233957,-0.06444542512503681,-0.0366998879161492,-0.03681438835232986,-0.016448774513038056,0.18914292189706583,0.18952422074184044
2023-11-02,6448.95,6448.95,6481.4,6371.35,6371.35,124317321,-0.041183773295965675,-0.02626492926059576,-0.025601963392659743,-0.006602583613211421,0.1964776349280542,0.19170930414882098
2023-11-03,6479.15,6479.15,6517.4,6469.55,6487.35,76087931,-0.034274343801702245,-0.021594195238706426,-0.018150614058663472,-0.0028823748728197263,0.19792887317151014,0.1919951442990853
2023-11-06,6567.1,6567.1,6577.95,6505.75,6527.05,83579471,-0.026288476365577296,0.003407285172961849,-0.013987868331384878,0.011536702778766061,0.2038569963027777,0.19256709947646575
2023-11-07,6576.85,6576.85,6617.55,6545.95,6575.7,91544954,-0.010575961126196853,-0.015124628435798981,-0.005161421476177486,-0.0036206947383143895,0.19795099046178913,0.18800489381762917
2023-11-08,6626.3,6626.3,6635.05,6583.0,6609.95,77845122,-0.023123475081636036,-0.014427438906489343,-0.010611972238175782,-0.009331030897228532,0.18493307683083016,0.18812358160989698
2023-11-09,6599.65,6599.65,6653.75,6593.15,6636.65,85161198,-0.031194263191503424,-0.013335625705465204,-0.010193733882378542,-0.011637072632216139,0.18404125921140876,0.1880141866995342
2023-11-10,6646.05,6646.05,6664.65,6571.3,6594.75,100597089,-0.031618595230983315,0.015291898043828578,-0.012994244891233908,0.015765342065178323,0.18376256712267705,0.18320344140689154
2023-11-13,6714.1,6714.1,6739.75,6670.65,6692.8,125380274,-0.015643326296035598,0.03547138384664028,-7.453436665050273e-05,0.03657332161956606,0.1875074416527162,0.18317125290202596
2023-11-15,6792.4,6792.4,6851.45,6775.6,6782.45,133383318,-0.01313418957401069,0.04812900239179063,-0.010280880503603873,0.03211065929010082,0.18948614812894418,0.18453665445287182
2023-11-16,6792.4,6792.4,6828.1,6747.55,6792.35,83610443,-0.015879455230368045,0.045998429246808525,-0.013542389321678616,0.022433163367474807,0.18907163663935309,0.18452483677383302
2023-11-17,6803.9,6803.9,6837.1,6783.5,6792.65,78861575,-0.008669172713232531,0.034278852000486415,-0.011754977425749602,0.016840048545375907,0.18838395486501147,0.18277705013628404
2023-11-20,6771.55,6771.55,6853.55,6767.05,6820.15,96651664,-0.004666852850822356,0.02067255516700839,-0.008198156973118764,0.005332078263515783,0.18654644077290475,0.18234206224108762
2023-11-21,6854.2,6854.2,6889.05,6814.25,6817.45,91288006,0.021071840899780314,0.03451034253760055,0.008752631622235718,0.017055066327715807,0.18465243027560566,0.18389532741398004
2023-11-22,6792.65,6792.65,6874.65,6768.2,6865.25,73172643,0.04598860486603007,0.02874516307352115,0.018496307259485034,0.006815159114218261,0.13987784881346182,0.18476875983821858
2023-11-23,6828.35,6828.35,6836.4,6774.2,6808.75,88575912,0.04992581089080761,0.04739736323406474,0.014372821530975521,0.01956570314174999,0.14024122345333132,0.18294691577928077
2023-11-24,6874.25,6874.25,6891.2,6828.05,6849.7,87228242,0.07442892756386699,0.05218649074740167,0.024715993877884035,0.02687585404408499,0.12192164752031386,0.183330860564948
2023-11-28,7001.65,7001.65,7021.6,6922.7,6949.05,111704251,0.08500565619624667,0.05817854821890056,0.0407762152664537,0.029896548747403884,0.13178577436789468,0.18525614961438158
2023-11-29,7016.4,7016.4,7055.85,7002.6,7046.85,124631467,0.08479502779087644,0.05070532211207279,0.034865338003760016,0.011984435334968069,0.13182236421197757,0.18447593308992172
2023-11-30,7017.45,7017.45,7047.35,6957.55,7028.25,180116111,0.0875636386178893,0.05377401698363937,0.03234493367544777,0.008102535317985993,0.13046690395978078,0.18433021612602746
2023-12-01,7087.0,7087.0,7127.35,7025.4,7065.55,120258854,0.11432569694492067,0.03444752590862654,0.046984611446365454,-0.008392027682344372,0.11155723209190875,0.1762621477920677
2023-12-04,7202.6,7202.6,7275.55,7190.05,7270.45,156179134,0.11686398561006062,0.027907607338323537,0.03566759810401754,-0.03138942850997184,0.11411743825112323,0.17334263971390554
2023-12-05,7423.4,7423.4,7445.45,7197.25,7203.3,152140828,0.1457367092905706,0.054587556736253706,0.06126196419692054,-0.010812480720035156,0.14370958186146124,0.18359060767008512
2023-12-06,7425.35,7425.35,7512.65,7354.95,7507.65,211485081,0.1306893453731479,0.06324011627074477,0.052079780612114046,-0.0044078875153859,0.14321954469552836,0.18268026099731643
2023-12-07,7369.85,7369.85,7450.45,7360.15,7437.3,115123074,0.12057443913119492,0.05567850569032329,0.04356746566137781,-0.003838733981962106,0.15046441014932382,0.18349551959506533
2023-12-08,7362.9,7362.9,7487.8,7277.95,7399.4,160081717,0.11116309252524026,0.0551741928087246,0.03268440347105761,-0.0028204649569774087,0.15209682063246865,0.18351335493682497
2023-12-11,7439.7,7439.7,7449.6,7355.1,7388.85,99315613,0.12728705310130084,0.04719610382298289,0.044700098344017336,-0.002850530665284623,0.14897791242707212,0.18114164458741025
2023-12-12,7462.6,7462.6,7533.1,7429.75,7457.75,126059622,0.122862452133222,0.07926040017065472,0.046619253888016576,0.03358481009207526,0.14927614913286189,0.17162810669460202
2023-12-13,7528.2,7528.2,7539.3,7411.4,7479.25,135949364,0.12125228995695614,0.08418483074463712,0.04499055953501552,0.04151668877278869,0.1488021907736039,0.17221245830719267
2023-12-14,7574.25,7574.25,7634.75,7567.3,7604.25,348434393,0.11510658971791998,0.07483432431281845,0.038500969015565545,0.021131182491268996,0.14719571680378518,0.17023447009290257
2023-12-15,7735.35,7735.35,7751.15,7634.2,7654.6,327906933,0.13882427418879928,0.09942721509991759,0.05324703546962528,0.03681435400608013,0.1555844150929733,0.1749063010951132
2023-12-18,7768.55,7768.55,7790.3,7638.8,7712.1,256789778,0.1417789797028175,0.11652390123314849,0.05629009665176232,0.05268192999651755,0.15479219153968843,0.17295820500934042
2023-12-19,7716.65,7716.65,7799.05,7674.85,7788.85,161123317,0.13956922713411246,0.1274976074108165,0.05024762617062106,0.049528259109027584,0.15682311445050184,0.16966331098411336
2023-12-20,7421.55,7421.55,7766.75,7393.05,7752.45,192197359,0.0827740655364595,0.09034613463403174,0.013688368790025551,0.01903746018013175,0.2234559426156578,0.18879489656556053
2023-12-21,7524.0,7524.0,7551.3,7310.45,7353.0,239632458,0.10766784686388964,0.11272146469874889,0.034822494192119136,0.032372745878463505,0.22046806771628982,0.18968541548886625
2023-12-22,7652.65,7652.65,7662.45,7571.75,7580.95,253188939,0.12071730359457256,0.13301254765518,0.04257366201165169,0.047884829721658306,0.22444302979523978,0.19210645007082264
2023-12-26,7739.8,7739.8,7762.9,7674.65,7698.05,163059883,0.1259119176637451,0.14235532005962837,0.042725486163676996,0.052008126295739476,0.22531515019885556,0.19302957125264533
2023-12-27,7847.75,7847.75,7863.75,7769.45,7780.35,235370480,0.12084294416316155,0.15794637982677462,0.03210098975562148,0.05963756368321116,0.22256511708693147,0.19444671701801472
2023-12-28,7926.35,7926.35,7946.55,7871.95,7890.0,430674249,0.12968901430933255,0.1809222288438619,0.045988306623923725,0.06541309514335714,0.2226281287923273,0.1933795717635409
2023-12-29,7978.0,7978.0,8016.45,7874.1,7940.5,297780739,0.13688020577275228,0.16649364701065905,0.05749620629971286,0.05991112580936342,0.22151643509366825,0.19065254844856389
2024-01-02,8023.9,8023.9,8042.7,7866.35,8017.95,187245384,0.13219980245519958,0.18033245072080017,0.06322865282040047,0.07090144355188266,0.2211485207124108,0.18990466215812846
2024-01-03,7878.4,7878.4,8045.95,7860.55,8042.55,217737739,0.09382722905617413,0.17134382503586854,0.053678496687765254,0.06426215526524692,0.2340208281552529,0.19283536475222796
2024-01-04,7883.05,7883.05,7930.25,7874.4,7926.15,165567148,0.061919066734919426,0.17497876019138192,0.023391319802519073,0.06688111188548418,0.21358366140316754,0.1925867135336793
2024-01-05,7871.8,7871.8,7992.2,7823.0,7905.9,181054278,0.060125111947584964,0.16716090386098115,0.023201209544417623,0.06248230812739686,0.21395547544909552,0.19269359230060268
2024-01-08,7747.0,7747.0,7921.35,7737.4,7915.2,144529644,0.05117471861706813,0.16546188968204434,0.02190122897941449,0.06292936896174339,0.22141963013016838,0.19326803518547406
2024-01-09,7808.3,7808.3,7863.6,7775.8,7819.7,117438304,0.06049246899998639,0.15113184877232566,0.03305013836437731,0.0569208701817745,0.22181733874118553,0.1900647841148382
2024-01-10,7882.65,7882.65,7893.15,7729.75,7811.3,148786769,0.05953869107625298,0.15714568821884423,0.02993462094565924,0.0659176979500875,0.22143973662178906,0.19058892562490207
2024-01-11,7876.15,7876.15,7940.05,7857.95,7926.35,102709289,0.05541634282957664,0.14761658446317583,0.019982274109779485,0.05399229332697297,0.22182932314172327,0.19041355255854947
2024-01-12,7898.35,7898.35,7938.8,7870.3,7912.65,101990569,0.04916845992401919,0.1579800023457658,0.0029013760824472268,0.04945413079897909,0.22067789913104757,0.18959510995431444
2024-01-15,7864.1,7864.1,7945.1,7827.6,7941.4,124253461,0.03826781529524381,0.1425727901435463,-0.004916010833501128,0.022679763992799362,0.2214689668895169,0.18958952648074306
2024-01-16,7941.85,7941.85,7973.2,7808.1,7889.05,279973174,0.02669562463236952,0.15065922920892505,-0.0001329054571415078,0.038562680171749575,0.21197230954994875,0.19022902393083793
2024-01-17,7693.55,7693.55,7852.9,7683.7,7852.9,206597677,-0.009654311293613382,0.12095317189731047,-0.016811570286556332,0.024321583062841823,0.24180298894803343,0.2020792667342703
2024-01-18,7629.1,7629.1,7708.35,7484.95,7697.55,169310880,-0.01134559685874037,0.12138227036879168,-0.011772126861006482,0.027747674456394034,0.2424611810516714,0.20199423007749748
2024-01-19,7732.35,7732.35,7748.5,7668.35,7683.55,114737123,0.04187804434383646,0.15189005996052285,0.019549597913056882,0.04546897794609461,0.1999726529289095,0.20079242992138963
2024-01-23,7486.85,7486.85,7792.05,7470.15,7780.55,159847714,-0.004937533227006852,0.152887280566677,-0.00417300905968121,0.051389710001245925,0.22891705801498877,0.20014600044415157
2024-01-24,7708.65,7708.65,7717.45,7504.2,7523.05,181966591,0.00731772653917262,0.18528057321657831,0.002420688392335002,0.06333828218281412,0.24469656582175678,0.20754177211377162
2024-01-25,7719.65,7719.65,7746.5,7626.3,7744.35,260223980,-0.0026034264451278988,0.20656293714491114,0.0015357719550136428,0.07423454305908206,0.241315963447326,0.20367726318340715
2024-01-29,7843.75,7843.75,7853.95,7748.5,7766.65,190661451,-0.0005097002325507027,0.21550107700175092,-0.004335632620364072,0.07425498586654777,0.24303604775723137,0.20507573974794452
2024-01-30,7864.0,7864.0,7978.95,7852.6,7880.95,172375930,-0.007866167908305854,0.2158411861563556,0.003915968701307837,0.09143746584253565,0.24040850656025536,0.20507098217535916
2024-01-31,7973.1,7973.1,7986.55,7858.65,7872.6,140330304,-0.0006141890198043676,0.23567017179520966,-0.0003518418276068358,0.0969827955635405,0.24453143138765474,0.20584356250224128
2024-02-01,7891.05,7891.05,8003.8,7869.6,8000.15,135040105,-0.016556786600032347,0.24075064073334507,-0.018017542092965244,0.09812715456294252,0.24615787717684254,0.20448052724250596
2024-02-02,8078.25,8078.25,8115.2,7928.4,7953.2,332062053,0.025366825751421684,0.2526457795455075,0.00973055186161087,0.11045609503033105,0.25141959663936536,0.2074486065378666
2024-02-05,8109.55,8109.55,8226.45,8059.25,8120.55,341613132,0.02873253372742779,0.25163794633555336,0.023510607498825165,0.11949960114655567,0.25157412272720264,0.2074399563593844
2024-02-06,8238.25,8238.25,8255.95,8028.35,8137.2,276519014,0.04655224980309458,0.25447305507758355,0.03648354659967401,0.12477581548687167,0.2563394263952474,0.20794501173567023
2024-02-07,8276.65,8276.65,8348.25,8224.15,8324.1,245636258,0.06836840067122751,0.2584519944958452,0.04896153040673634,0.12840407893833494,0.24714777275056013,0.20789700122399704
2024-02-08,8221.85,8221.85,8344.25,8197.1,8314.3,136313526,0.05296287284043899,0.24079048639512246,0.04492848817248207,0.12381313053069487,0.2489528434042877,0.2088500821212738
2024-02-09,8095.6,8095.6,8239.2,7935.3,8235.45,174067830,0.02701502667250244,0.22667111134681406,0.019438216449437107,0.10358979151197167,0.2554552323791689,0.2119292121722102
2024-02-12,7901.65,7901.65,8182.95,7863.25,8135.75,186391542,0.0032376224424370825,0.18892424823767495,0.004676535494663292,0.076148868853114,0.2711302882950512,0.21921557519011378
2024-02-13,7737.85,7737.85,7806.8,7547.2,7806.5,230594527,-0.02032069989301566,0.15247762172145185,-0.013410268947815829,0.03420194025653811,0.2809874518185739,0.22401902164130555
2024-02-14,7874.8,7874.8,7885.9,7666.7,7694.6,245504052,0.0013606134204804388,0.1593545727577883,0.013008945992802556,0.04933921613572889,0.28820825725267296,0.22539350176749717
2024-02-15,7910.6,7910.6,7987.15,7890.2,7943.95,313331077,-0.003934851451487975,0.16462516930687254,0.0015820839996403269,0.05607322619189237,0.2864333474076828,0.22537336470522695
2024-02-16,7976.45,7976.45,8022.2,7928.85,7968.55,220922380,0.0367710614735719,0.17233498434721262,0.0150414534883756,0.05532090828305458,0.2621435396191822,0.2256727456303557
2024-02-20,7955.8,7955.8,8007.5,7904.5,8004.55,119522685,0.04282287556854669,0.17488610436310736,0.008590713574813558,0.047794136314463165,0.25993944811574954,0.2254114645188418
2024-02-21,7976.45,7976.45,8118.9,7937.25,8037.7,270352026,0.03156866929200053,0.163731726532637,0.011559309424046704,0.048905642756791545,0.25648819420135893,0.22455028700305318
2024-02-22,8069.4,8069.4,8078.3,7950.5,8026.6,188709208,0.0778097597788121,0.18796051614612863,0.03173143136565759,0.06653825336877217,0.22511468344771837,0.2239944775856413
2024-02-23,8047.75,8047.75,8112.8,8032.5,8103.9,111289869,0.04398954421331891,0.17857901249935915,0.00862309525496685,0.0568388236926729,0.20484623364397475,0.22422519871934743
2024-02-26,7971.75,7971.75,8081.4,7945.4,8058.5,110898681,0.03265692097439654,0.15965378041240852,-0.0033785588243802067,0.04207929560813928,0.20898158426120908,0.22545468030426616
2024-02-27,8000.55,8000.55,8016.45,7957.0,7987.5,106304765,0.019990438247011966,0.14266637149814687,-0.0012055543317310846,0.02659370668637151,0.20223120525079585,0.22302639459048085
2024-02-28,7850.35,7850.35,8049.1,7824.55,8030.9,121400157,-0.001735757884028466,0.11885724873154335,-0.021671116842366667,0.02657542905569832,0.21408180610840527,0.22720970886538006
2024-02-29,7921.9,7921.9,7965.95,7812.0,7859.75,326135801,-0.006421592605134863,0.1288858488482283,-0.01825557594032301,0.03701496154356243,0.21066446355644508,0.22765633238503966
2024-03-01,8208.5,8208.5,8225.65,7990.75,7992.8,348271299,0.04022912033252868,0.15824749541413863,0.01067261464448599,0.05607363579062863,0.24229736630669624,0.23731096226874906
2024-03-04,8318.95,8318.95,8375.25,8229.35,8337.0,282924178,0.02979605731439361,0.15499264154610848,0.004546498500879181,0.07190590202073555,0.23290846336325868,0.2366847269001854
2024-03-05,8300.55,8300.55,8347.75,8257.15,8324.8,155370959,0.02355247825095086,0.11816014225287597,-0.003298965755612171,0.04617769191731558,0.2330779479948891,0.22964424871112604
2024-03-06,8257.65,8257.65,8324.8,8097.2,8304.9,186571439,0.002354869055928077,0.1120889924380668,-0.022481669149550854,0.03871170554284875,0.22748390797999613,0.2300767905687557
2024-03-07,8371.3,8371.3,8436.55,8281.7,8290.55,259258059,0.011435786217853794,0.1358847194990398,-0.014238538637940668,0.05969750679235286,0.23207367011013233,0.23052293777047897
2024-03-11,8250.75,8250.75,8410.25,8235.05,8407.8,139004496,0.0035150239909509384,0.12058428065028726,-0.024788807355348608,0.055572884301086756,0.23694091558654518,0.23295618605424903
2024-03-12,8108.4,8108.4,8273.5,8065.3,8256.2,128589529,0.001581105785858794,0.08988265655873229,-0.023815392263033752,0.026131013032817396,0.23872302439039833,0.23557952684229244
2024-03-13,7647.4,7647.4,8121.2,7578.35,8110.85,240645324,-0.03217682382793463,0.024763487256452166,-0.049832613100554535,-0.02743578223684473,0.30647333880072763,0.26566258658995745
2024-03-14,7799.95,7799.95,7814.4,7591.85,7663.5,238802524,0.008025485115374265,0.03609760633351922,-0.010527417078409984,-0.022216471564868945,0.30650812026279756,0.26808360665528647
2024-03-15,7802.65,7802.65,7855.45,7684.85,7802.05,257069731,-0.009162137451109942,0.03015480080536026,-0.017554921422215264,-0.00953090600394435,0.299754486268196,0.26783795889945466
2024-03-18,7996.9,7996.9,8015.55,7742.6,7781.6,272579800,0.010909412686774589,0.0338123032571247,0.004293974203381623,0.005893275020231625,0.3123750185095065,0.26909501472818403
2024-03-19,7923.6,7923.6,8086.15,7877.95,7992.6,201878251,-0.006625754565000697,0.019958679547663394,0.0035032344377656788,0.001339447203334343,0.31279399704423627,0.2697162687928306
2024-03-20,7860.9,7860.9,7999.25,7770.9,7957.15,177447605,-0.011928404434500717,0.01869334491003216,0.004193162806492956,0.0007006069361070733,0.3138819618453696,0.2698664690851114
2024-03-21,8052.75,8052.75,8069.2,7953.05,7974.45,255904104,0.009565658908411656,0.08504961901489572,0.011519930649950494,0.0443029192416875,0.325852037453037,0.2614716407980969
2024-03-22,8130.8,8130.8,8169.45,7983.35,8029.85,179125574,0.0076089919944482,0.08064859117490708,0.013041623686845139,0.04104862844546031,0.3250465418805887,0.2607835019360831
2024-03-26,8161.2,8161.2,8201.25,8103.7,8109.1,154450944,0.014097107887297566,0.06645410413386221,0.023461120695989712,0.03576008855800761,0.3250421384941605,0.2587921345753458
2024-03-27,8154.95,8154.95,8219.85,8146.35,8191.3,127929100,0.022981152193684018,0.053638336907930295,0.02290884382630809,0.021816609559588862,0.32288337197577327,0.2579312385889267
2024-03-28,8257.2,8257.2,8320.9,8173.9,8191.25,156560712,0.03207904456568622,0.05217419005447432,0.026288038319180806,0.02113479266475604,0.3253023879633489,0.2576479300932793
2024-04-01,8562.7,8562.7,8571.95,8335.3,8343.5,247900604,0.09074117714496821,0.08028285402486657,0.06746906610366366,0.04890812524116939,0.3379667463265814,0.26712410043245316
2024-04-02,8690.85,8690.85,8702.35,8527.75,8573.0,289715871,0.09706636034284721,0.08935196791175737,0.0756632641367756,0.05613273778168115,0.33965909152774854,0.26836683907801795
2024-04-03,8691.2,8691.2,8781.6,8634.45,8678.3,282535417,0.05880489736249017,0.08316404740836769,0.054511891235244914,0.04767726263000971,0.3195975504499836,0.2682299347808461
2024-04-04,8684.45,8684.45,8813.05,8608.4,8797.3,206416040,0.043935833248186285,0.10231138302193354,0.03906871149508806,0.055962701639005186,0.3173647531053575,0.2651384195226668
2024-04-05,8699.05,8699.05,8746.75,8578.65,8676.95,163673239,0.04800886688231509,0.10351323409086577,0.04096841600271306,0.06403239854299092,0.31695528514411186,0.2651296831347086
2024-04-08,8794.65,8794.65,8808.15,8712.2,8789.3,148332999,0.0650306079816898,0.11723493991209111,0.05647629786326669,0.07322458720206138,0.31704064149382966,0.26572748924597317
2024-04-09,8894.4,8894.4,8985.85,8771.2,8832.9,316119422,0.06248730782554679,0.14810894539821873,0.05585433021338737,0.09559418688011334,0.3161007302251452,0.26378100979924995
2024-04-10,8999.6,8999.6,9054.95,8949.7,8970.15,335818048,0.09076144592915791,0.15256842078301291,0.07190338908151239,0.09645518751407711,0.31047396933472304,0.26425048122796985
2024-04-12,8951.3,8951.3,9028.45,8906.15,9017.85,273930890,0.10395392432539086,0.13556989083620352,0.09572936998859216,0.09390683041054126,0.30212560159371005,0.2642973016715893
2024-04-15,8899.7,8899.7,9060.8,8744.8,8902.3,340710514,0.1637550016999243,0.1299556255277008,0.15126275064597006,0.10106963547738568,0.19368531320795668,0.2647279215379453
2024-04-16,8851.95,8851.95,8968.25,8800.55,8864.6,172024431,0.13487265944012483,0.12073407737059005,0.134816217496176,0.10916272284013018,0.19328633739646525,0.26515733757667376
2024-04-18,8824.25,8824.25,9025.1,8786.1,8916.6,205784602,0.13092987638815012,0.12209280146488477,0.1321785511123753,0.12669059953511597,0.19510068912281844,0.2650470482027962
2024-04-19,8909.0,8909.0,8923.55,8670.5,8783.8,201958797,0.11405669697007603,0.12177893060181177,0.1099171419124707,0.1165729732263745,0.183191489828074,0.26501196861614323
2024-04-22,8931.2,8931.2,9041.35,8904.15,8995.7,184846181,0.12716442021303442,0.1608685197340629,0.10337835949292917,0.1254312412515719,0.1753575629015856,0.25554739955292805
2024-04-23,8900.45,8900.45,8972.85,8879.45,8972.7,132526457,0.1322431273772724,0.16664482048996598,0.10802507809478468,0.12444281464248963,0.17130023153814064,0.2548447477988655
2024-04-24,9140.1,9140.1,9158.4,8920.8,8932.1,338087729,0.13502840644500336,0.18205978777473852,0.11729026031379153,0.14598608707968563,0.17489025912188866,0.25862881101440444
2024-04-25,9242.0,9242.0,9253.85,9063.5,9135.85,204307625,0.13666551876814093,0.2344310357493471,0.11523252027854403,0.17173687321920483,0.17532665182566293,0.24859890206653348
2024-04-26,9222.65,9222.65,9377.1,9212.2,9283.65,263543342,0.13006053031416953,0.19640274237382682,0.11118956116926215,0.15137606732437958,0.17770930765470688,0.2429983921597614
2024-04-29,9268.8,9268.8,9323.05,9217.7,9320.3,134374392,0.13658575466434497,0.20067619645968393,0.11309279618674006,0.14022450416628907,0.17591921108423222,0.24301032208778064
2024-04-30,9175.8,9175.8,9327.55,9162.2,9326.6,151082003,0.11124836506321745,0.16982310756972097,0.09879929179791502,0.1299267981526513,0.1836525797076726,0.2429642467840976
2024-05-02,9279.55,9279.55,9341.4,9177.6,9186.55,196282173,0.0837177525780417,0.18000381485249228,0.07542823166494395,0.12768087100344183,0.14488507733568756,0.24360690675601565
2024-05-03,9276.3,9276.3,9401.55,9170.3,9352.9,248490790,0.06736395174234966,0.16344959927757063,0.06635969725234481,0.12892134851464032,0.1397659333449043,0.24259588512736274
2024-05-06,9189.75,9189.75,9338.25,9078.25,9326.25,170902833,0.057362619661266434,0.1645788583268386,0.05700385195217117,0.13023150290793595,0.14647591712990435,0.24238415961240506
2024-05-07,8969.9,8969.9,9223.8,8897.55,9223.25,155737819,0.0328690936098428,0.11037662860149156,0.0422918644254775,0.08984476674179298,0.17490949256012173,0.24449660331063477
2024-05-08,9102.35,9102.35,9130.6,8931.0,8940.35,117392142,0.04636138428908909,0.12242356234316332,0.05574230462110219,0.09804325211028675,0.1809343445612089,0.24589281793294643
2024-05-09,8841.25,8841.25,9140.3,8816.9,9117.35,104076437,0.005298675899552574,0.07319515673838506,0.03656980338041327,0.0719137897664448,0.2091196522347665,0.2522232724915959
2024-05-10,8977.45,8977.45,8990.7,8807.85,8886.25,133621144,0.0093373358517721,0.08467193852585297,0.03528607358239233,0.07898582928301767,0.21237924334140287,0.2537861264112643
2024-05-13,9094.8,9094.8,9106.7,8789.95,8970.6,138815408,0.010578247922129691,0.1061744011384298,0.03913391676385647,0.08839640752535582,0.2132886486925744,0.25433188472011387
2024-05-14,9347.15,9347.15,9373.95,9135.5,9148.75,203949255,0.04422262688101175,0.15459632392904776,0.05761333782443179,0.13461011438583648,0.23210836319411357,0.2571284814522595
2024-05-15,9376.9,9376.9,9492.5,9361.3,9389.4,131961098,0.053619784936570714,0.1867015117095796,0.056850190986632465,0.15966141979292847,0.23021192033777055,0.2510612969420327
2024-05-16,9405.4,9405.4,9465.85,9262.0,9423.45,136496654,0.06252294692129978,0.21550559910052525,0.050966582018270756,0.18512377442505135,0.22826724577864407,0.2461127013478689
2024-05-17,9557.95,9557.95,9582.5,9403.15,9422.2,148632232,0.08314587642009252,0.2137387616193427,0.06176684317740433,0.18507358888712222,0.2315549528031036,0.24576973927265655
2024-05-21,9981.15,9981.15,10002.3,9645.3,9671.45,298923496,0.12034459535301378,0.2617437362526229,0.10309391664935186,0.23352467568874458,0.2701269471883587,0.2591434148491545
2024-05-22,9919.45,9919.45,10051.7,9845.5,10051.7,263463369,0.1106514242207095,0.24359207416833306,0.09894853628650524,0.21831603564655722,0.27323248628888647,0.2597897694771349
2024-05-23,9959.45,9959.45,9977.6,9738.35,9872.8,172505799,0.11898274806330011,0.25184770858995953,0.09217434361833399,0.2171266681316617,0.2713591067485663,0.25946621390409524
2024-05-24,9928.4,9928.4,10060.25,9907.2,9966.1,138617989,0.08624632115622366,0.24471412721198016,0.061485616540742694,0.2038142518468382,0.2612368217730909,0.25983858762535494
2024-05-27,9866.4,9866.4,10022.55,9847.4,9997.75,125413262,0.06756113395368968,0.22269313703621085,0.05151797929982482,0.19051122483917116,0.26237188252683363,0.26008464277586996
2024-05-28,9815.05,9815.05,9996.85,9788.05,9910.65,211108131,0.06423316508812538,0.2196017520424962,0.043349925464931216,0.1891934182680559,0.26345046343024175,0.2603872145203999
2024-05-29,9841.2,9841.2,9927.85,9763.8,9830.8,159354274,0.06175556706369778,0.23450936118167287,0.059048428247640006,0.20817145773585688,0.2633599004413831,0.259023739140522
2024-05-30,9545.25,9545.25,9808.55,9517.4,9800.45,214717837,0.04026351925717653,0.19307422614695247,0.04540397454699219,0.1799966421662318,0.28587270842266355,0.2682553351628963
2024-05-31,9723.6,9723.6,9783.8,9574.05,9631.5,288082089,0.047852535952713326,0.2386199341430637,0.05304058639615539,0.21221818217053312,0.29013148400851585,0.2661747580041141
2024-06-03,10048.55,10048.55,10195.6,9933.3,10195.6,215898878,0.08324978709183628,0.2684520127747132,0.048187673981714196,0.2101746521179355,0.3093786376384559,0.27266719880570955
2024-06-04,8980.15,8980.15,9988.2,8534.95,9986.4,470717780,-0.02280801980467373,0.09400621307181578,0.0020641764186596356,0.11434083340643608,0.5157866206501621,0.3554939908053022
2024-06-05,9496.6,9496.6,9524.3,8736.5,9077.6,257210076,0.05871860332891132,0.14156233659295947,0.044466855346622314,0.1319776790187812,0.5458238234517778,0.3718798710238342
2024-06-06,9632.5,9632.5,9733.9,9556.5,9592.95,213426110,0.0582432009316276,0.16046527037365,0.03497673346721775,0.13966130938180843,0.5456972992524519,0.3725684499581792
2024-06-07,9833.6,9833.6,9857.4,9577.55,9641.35,193254897,0.11224091616004528,0.1908472749511061,0.05154865198493419,0.15453430149925884,0.5355690151183086,0.3740600684610598
2024-06-10,9795.85,9795.85,9865.1,9750.35,9853.45,154176232,0.09116174414783695,0.17017070228041065,0.036571441514051006,0.13613212629274463,0.5351517871095006,0.3736305608554517
2024-06-11,9789.55,9789.55,9890.25,9777.1,9813.3,137080327,0.07638980516339,0.1865042571887403,0.023874596995769437,0.14476271722618717,0.5344248584942652,0.3719934113278968
2024-06-12,9838.35,9838.35,9888.55,9802.0,9828.2,113818165,0.05255077750972226,0.21335281929850525,0.0028115080122506075,0.16915227780969255,0.5271215939115951,0.3696087055861708
2024-06-13,9840.25,9840.25,9937.85,9798.1,9907.0,107972099,0.0494139854322857,0.2867445144755081,-0.004564387500114453,0.22304689055851812,0.527181728146498,0.3465743594857304
2024-06-14,9912.1,9912.1,9925.05,9796.85,9872.2,134965354,0.053873306823739586,0.2707901973730602,0.006481897824292204,0.2112349510723226,0.5274630075662885,0.3451236066738945
2024-06-18,9890.2,9890.2,9988.05,9881.15,9957.3,100283143,0.03476163821740008,0.2675437191210679,-0.013836062328465681,0.1978653637179113,0.5252621234169882,0.34527886606190594
2024-06-19,9773.3,9773.3,9937.8,9747.05,9933.1,87078741,-0.02082425371825891,0.22213607773012045,-0.06463210112084006,0.15592639801121266,0.503349107498845,0.3440569795551463
2024-06-20,9951.05,9951.05,10016.35,9764.7,9803.25,160836809,0.003185660495289344,0.2558748548639507,-0.03970343425034506,0.17568441813102464,0.5073913728440645,0.3443399987559381
2024-06-21,9990.9,9990.9,10042.85,9910.0,9988.75,219627213,0.0031578048988647467,0.2709613403045452,-0.02006830703149376,0.1948593017714848,0.5073885767883328,0.34346934504058446
2024-06-24,9926.85,9926.85,9967.65,9807.4,9912.85,148189509,-0.00015611780347279947,0.23272795007916547,-0.025453302982860082,0.16340649310772992,0.5078080757384388,0.34152717169646335
2024-06-25,9857.45,9857.45,9994.5,9833.2,9961.9,115550700,-0.000907119111327237,0.2123591774487137,-0.035306042443729924,0.13883928057473893,0.507937849933444,0.34195059184933096
2024-06-26,9714.3,9714.3,9832.55,9701.3,9821.25,291002593,-0.010264848370614477,0.19030289663284794,-0.05311017985824207,0.10558910236695684,0.5103017585939886,0.3438954852951603
2024-06-27,9767.4,9767.4,9814.85,9646.1,9720.8,195799873,-0.0074990854773808735,0.19772653419089026,-0.06650893045887996,0.11090317658671434,0.5106281883524636,0.343848170067617
2024-06-28,9814.3,9814.3,9889.25,9784.65,9793.5,171059458,0.028186794478929134,0.18857481955142164,-0.03948953079243811,0.1131635806739919,0.4982018447080573,0.34330636110010654
2024-07-01,9882.8,9882.8,9913.65,9842.3,9849.65,126300215,0.016372536920481906,0.15416866175388577,-0.05514100042500458,0.07937793881069277,0.49460981792140374,0.33628787946037647
2024-07-02,9835.7,9835.7,9942.6,9798.35,9901.95,128477772,-0.021182160610237144,0.13173049816761306,-0.05814712367793273,0.057329462685114185,0.4800837095267762,0.33558574618021547
2024-07-03,9940.1,9940.1,9952.8,9835.55,9868.9,115881154,0.1068968781145081,0.14369707290132538,-0.002861169818960896,0.06115290229330683,0.24046653058895076,0.3360070740752385
2024-07-04,9936.8,9936.8,10027.95,9928.5,9989.5,115116546,0.046353431754522445,0.14420602340965738,-0.027995586288637186,0.06481327384494251,0.14776268173924478,0.3359912611927453
2024-07-05,9970.5,9970.5,10004.75,9898.4,9943.25,162604047,0.03508954061770053,0.1461596381214041,-0.030745561217995876,0.06575746284860573,0.14099945848401538,0.33599718856212074
2024-07-08,9877.35,9877.35,9993.7,9840.8,9992.85,133276546,0.004449031890660482,0.12310893554604219,-0.03979286321705722,0.05012613981042624,0.12713248053852486,0.336341187580659
2024-07-09,9881.9,9881.9,9957.7,9853.35,9923.55,110314698,0.00878433214065133,0.11102491455297714,-0.04169032044556498,0.031951073312403544,0.1262204843989482,0.3357878633300513
2024-07-10,9722.8,9722.8,9921.85,9600.1,9899.8,151866269,-0.006818495232160826,0.0803591270723143,-0.05236358265658225,0.011331167629412109,0.1394273650436072,0.3371231114284295
2024-07-11,9723.25,9723.25,9819.7,9694.85,9792.4,113550085,-0.011699116213592764,0.08623887033168365,-0.05427520685661047,0.006461043348647388,0.13802636493024573,0.3368478684106016
2024-07-12,9708.2,9708.2,9782.75,9653.15,9763.95,88455509,-0.013419374507761428,0.09084575884580381,-0.0605690260547217,-0.009262014894234394,0.13803406670955373,0.33657519793150387
2024-07-15,9729.6,9729.6,9752.65,9635.05,9721.55,116821805,-0.018411840074252672,0.09914764543405696,-0.06618814360101599,-0.01096657691260483,0.13530613611920295,0.3362766760423626
2024-07-16,9722.0,9722.0,9821.9,9708.3,9775.0,99863949,-0.01700673393864638,0.10173669150352715,-0.061794240120431665,-0.01724713667783706,0.13522152632722412,0.33617048539487654
2024-07-18,9636.95,9636.95,9724.1,9587.7,9719.95,127812504,-0.01395127541362673,0.08170950723986992,-0.06858852704549434,-0.038119345849713326,0.1322799051150518,0.3364212045503976
2024-07-19,9256.3,9256.3,9614.0,9241.15,9611.35,180759298,-0.06981675300596424,0.036400483697599295,-0.11071718117352913,-0.06184721788466074,0.17716504848825604,0.3470414977493003
2024-07-22,9350.6,9350.6,9366.1,9154.55,9211.25,120291735,-0.064088320371538,0.050576094467133625,-0.10698632971501698,-0.045152178065055226,0.18194121948472133,0.34748169684559455
2024-07-23,9263.1,9263.1,9391.8,8964.05,9383.6,160395993,-0.06686411097175837,0.013457183181803334,-0.10685082120632983,-0.07924049003244926,0.18291959661447166,0.343898894289281
2024-07-24,9267.15,9267.15,9328.95,9225.35,9272.4,123143828,-0.059883641306828994,0.002721272451850165,-0.08906413293050652,-0.07894119279677914,0.1829112835350337,0.3431536688700862
2024-07-25,9148.0,9148.0,9181.45,9093.75,9152.95,136549396,-0.05829550250661386,-0.008094202859264876,-0.08080601038881419,-0.0966827349405045,0.18159215799110712,0.34416093975985357
2024-07-26,9423.4,9423.4,9448.35,9215.75,9240.05,139289980,-0.03521919855847,0.016679613326428422,-0.06808948529244252,-0.08010131095812922,0.21398563590909944,0.34940400653435283
2024-07-29,9450.3,9450.3,9520.35,9416.85,9510.75,127840532,-0.03708873786209921,0.02991564768194599,-0.07146938696832494,-0.06879104749883624,0.21330389589771157,0.3487708965276885
2024-07-30,9468.35,9468.35,9512.45,9367.4,9441.55,100953547,-0.04193649572995495,0.020345814182799904,-0.07156755642096224,-0.0771940185060227,0.2112707221093299,0.34806568235135915
2024-07-31,9583.4,9583.4,9611.1,9499.75,9550.75,140814036,-0.025651453379017308,0.033105871953257315,-0.05994534903191062,-0.07702570590787583,0.21687941099162203,0.3488919753508923
2024-08-01,9573.2,9573.2,9759.6,9513.6,9690.85,238364255,-0.03691109747386845,0.04172583584972389,-0.06673838385210318,-0.07270786692562536,0.21232740127692729,0.348298277600494
2024-08-02,9314.55,9314.55,9448.3,9301.5,9440.35,161600204,-0.06262076322357302,0.038422947858950396,-0.07972002487102403,-0.06986980939920451,0.23064325185697693,0.34932706238873157
2024-08-05,8862.5,8862.5,9100.05,8797.6,9077.2,238900110,-0.1111278270899152,-0.026350338099501824,-0.100099556305976,-0.10495585808044572,0.28185147112442516,0.36295050084052133
2024-08-06,8888.95,8888.95,9086.65,8865.0,8955.55,133453734,-0.10006732575032773,0.005395164710872313,-0.08658078907810429,-0.08728618704820779,0.28323176330957084,0.3580526955809522
2024-08-07,9128.45,9128.45,9152.05,8993.45,9064.25,104481503,-0.07624545886924572,0.016819921024344264,-0.0706915722277508,-0.08484775193613081,0.3046203895093827,0.3608391987380954
2024-08-08,8969.25,8969.25,9115.8,8953.8,9115.0,125317082,-0.07750339408400864,-0.013804591634780206,-0.0689749699916723,-0.10487157472629138,0.3053855760062004,0.36168040379314736
2024-08-09,9038.3,9038.3,9099.05,8987.3,9086.75,145898869,-0.07044455300439678,-0.03304215723509307,-0.07256459285092876,-0.1297954627268153,0.30792443076807746,0.357488465210775
2024-08-12,9106.25,9106.25,9149.3,8902.6,8970.2,143004291,-0.062004285037391194,-0.028863483667310064,-0.055672171808490156,-0.12554798667355227,0.3104049515969889,0.3577901393869278
2024-08-13,8957.15,8957.15,9171.5,8941.15,9164.1,115937555,-0.0793917530011512,-0.04765879175792631,-0.06118275248559679,-0.12510755261279827,0.31317895007698066,0.35920724830823897
2024-08-14,8844.3,8844.3,8992.8,8727.8,8989.25,225381729,-0.09027977782349317,-0.07466559251722404,-0.07121464963920032,-0.14934034335492286,0.314334033321807,0.358262306763803
2024-08-16,8994.1,8994.1,9009.7,8871.75,8938.7,162387499,-0.0667067900113626,-0.0988914103084313,-0.05623540605313604,-0.188202745655484,0.3229547070047248,0.34813255817305544
2024-08-19,9161.95,9161.95,9173.35,9031.45,9033.45,178500023,-0.010193057701241126,-0.07636512105005822,-0.011894992784551639,-0.1637563512185083,0.30063995934704874,0.35044967000061267
2024-08-20,9204.65,9204.65,9225.25,9132.7,9224.9,147497409,-0.015608624045515884,-0.07578731757275758,-0.023344462937974764,-0.15116286488850073,0.2986870560155074,0.3504927758477156
2024-08-21,9264.05,9264.05,9313.55,9174.45,9185.2,125560931,0.00010255745916576409,-0.06691410499174089,-0.0117912222507488,-0.14589183476709044,0.2979169352522377,0.35082900173119613
2024-08-22,9326.25,9326.25,9333.0,9273.15,9309.7,104043607,0.006377365209368602,-0.05474641206519093,-0.009925090399208525,-0.13668492475199334,0.2988629777146754,0.35102769429678243
2024-08-23,9290.5,9290.5,9352.45,9273.3,9344.45,91657668,0.015577175338871818,-0.05344343635539295,-0.001510798074536801,-0.13798499899701977,0.2952321680699559,0.35096730832551387
2024-08-26,9490.75,9490.75,9512.2,9322.6,9349.8,157508211,0.007147101895282004,-0.03561049465512345,7.035278005251833e-05,-0.13717098521298743,0.2857448958359283,0.35385217515316153
2024-08-27,9432.75,9432.75,9518.45,9424.3,9499.9,117505583,-0.0018570839020982666,-0.011785966842146611,-0.009171050003137338,-0.12424712237815527,0.2864822871288584,0.3485302146971652
2024-08-28,9414.8,9414.8,9461.2,9375.5,9460.65,82551286,-0.00565568446455833,-0.03175778518244288,-0.013502426548160917,-0.14367843026062532,0.2864487505415714,0.3463537433944136
2024-08-29,9369.95,9369.95,9404.9,9266.65,9392.35,116801539,-0.022272888536427504,-0.06753213150155979,-0.03032056669881189,-0.1486900111529812,0.2830290705775199,0.33936558573551234
2024-08-30,9405.25,9405.25,9457.2,9369.9,9390.65,141815022,-0.01754376801905322,0.047337739347338426,-0.026539845588669064,-0.1058026289784173,0.28356068728390976,0.2478965487407421
2024-09-02,9307.15,9307.15,9449.25,9276.6,9437.6,85528728,-0.0007944559855279643,-0.019949244992944926,-0.02349074316967026,-0.13746951569084997,0.26855549568895504,0.220659813194332
2024-09-03,9254.75,9254.75,9344.05,9245.4,9331.4,85101987,0.04425952045133985,-0.03921619517259278,-0.00663299604710077,-0.14694180257045997,0.19615272572541323,0.2188139662809303
2024-09-04,9185.5,9185.5,9222.35,9111.1,9136.0,113272613,0.033361645638686044,-0.06590668727627724,-0.016910142821697116,-0.1478532954395826,0.1990877042162892,0.21466259240606045
2024-09-05,9212.95,9212.95,9249.2,9198.75,9213.8,76374904,0.0092567741511429,-0.05950479029384892,-0.025627457122650688,-0.140586704287892,0.17617211138446812,0.2147506714088135
2024-09-06,9161.15,9161.15,9263.45,9101.95,9224.85,99906744,0.021395322908827286,-0.06419089743655226,-0.009087340383663545,-0.13241832241033624,0.1646567586726737,0.21495689155592457
2024-09-09,9099.0,9099.0,9137.55,8993.35,9136.1,101128358,0.006715864709071484,-0.07514979645977227,-0.016630822091995512,-0.14432849066101427,0.16496623897799273,0.21488980896426166
2024-09-10,9156.2,9156.2,9231.75,9100.05,9140.65,96812615,0.005485243651338401,-0.06951551027666969,-0.023023386133645296,-0.13969826208700542,0.1643184517619816,0.2154301213208529
2024-09-11,9028.2,9028.2,9169.7,9010.25,9160.05,75605123,0.007932210580374521,-0.08917383803633938,-0.02435782706617262,-0.15108785828556215,0.1612232149272518,0.21628478802400136
2024-09-12,9290.85,9290.85,9305.6,9068.95,9144.35,154688891,0.05049014619585512,-0.06060039230753678,-0.0010822230767308927,-0.1383237874165787,0.18220998649551656,0.22497457849962285
2024-09-13,9370.65,9370.65,9442.65,9327.55,9342.9,139347485,0.04186633459712463,-0.04119898089693341,0.008642561611874822,-0.11946484243801192,0.17584829389044482,0.2246649140800248
2024-09-16,9427.7,9427.7,9500.85,9406.4,9432.8,124788003,0.029005833910903167,-0.05259243999376939,-0.004002392571839319,-0.12968116575436683,0.16568061450307456,0.2217258703848769
2024-09-17,9388.15,9388.15,9463.9,9369.6,9445.35,67283045,0.019935576040370995,-0.06032990020919038,-0.009203480363366268,-0.1419197493543809,0.16637755388751782,0.22158916601847561
2024-09-18,9310.55,9310.55,9384.2,9253.95,9381.75,67930943,0.0050194029609080815,-0.06208414552451191,-0.01950004305308517,-0.14024341675811935,0.168190923934458,0.221816435313151
2024-09-19,9251.2,9251.2,9387.1,9122.95,9370.9,122424122,-0.008047178662377585,-0.06150170683087408,-0.03240285168698309,-0.13293539487463346,0.16795834201815646,0.22174897908606644
2024-09-20,9404.3,9404.3,9451.7,9329.1,9337.85,151645257,0.01224907163231248,-0.03191171777688562,-0.0267386802402505,-0.11244146265665067,0.17757424211683678,0.22275826851234803
2024-09-23,9454.85,9454.85,9466.35,9403.4,9461.65,87643422,-0.0037826304559702706,-0.031999303806540036,-0.04090493805258544,-0.11079282337442464,0.16115487736020048,0.22274795072812587
2024-09-24,9735.4,9735.4,9745.3,9522.15,9531.35,335875600,0.032085022925445905,-0.008039289608020916,-0.004794808019583208,-0.08841215878437014,0.19016051273565215,0.23074074316858037
2024-09-25,9777.15,9777.15,9869.5,9734.65,9816.75,202845771,0.03848727535369845,-0.010690290201157526,0.0004947997539719307,-0.08782578390142215,0.18992470109178922,0.23045453685439388
2024-09-26,9985.7,9985.7,9999.2,9702.75,9793.4,277990303,0.06571539869476362,0.01525056681273318,0.023408476346703733,-0.07147693338947048,0.19984163222411805,0.2343211371776072
2024-09-27,10064.6,10064.6,10167.4,10043.65,10058.85,240754548,0.07010446293293637,0.012525024899145976,0.032735127441529066,-0.06539683369513472,0.20053061110788106,0.233880478231245
2024-09-30,10198.35,10198.35,10263.65,10119.65,10124.1,261831084,0.09575433940572586,0.026321350937927868,0.07470300341647973,-0.03575954291301331,0.19638033173671157,0.2353868727345271
2024-10-01,10222.95,10222.95,10236.2,10061.85,10214.25,201286952,0.10461654825900224,0.025319693094629336,0.08416346846464084,-0.03524024313693874,0.19287156345809556,0.23534305925352295
2024-10-03,10155.0,10155.0,10322.05,10123.75,10129.8,209377372,0.1055467856948451,0.02810976628346662,0.10350698236298284,-0.010110948226076388,0.19217068117633115,0.23492509906318707
2024-10-04,10113.2,10113.2,10250.65,9979.4,10150.85,149046670,0.0977157153788959,0.0234064299375627,0.10290559340790739,-0.0003890781913455932,0.19480669628080022,0.23511308548872542
2024-10-07,9886.3,9886.3,10177.6,9778.9,10157.75,150286175,0.07915490959104465,0.01681614349775784,0.08142434663124043,-0.002559455802007893,0.2151118708171674,0.23742469565531807
2024-10-08,9794.45,9794.45,9836.75,9574.7,9817.55,204741034,0.07643147598637223,0.007322654462242673,0.07335364603506722,-0.021349932636984814,0.2169450363842378,0.23824065648092776
2024-10-09,9800.75,9800.75,9914.65,9724.5,9779.1,133733442,0.07039492365828615,0.009533178138068754,0.07275705597466631,-0.01004872877523555,0.2169749819752252,0.2382173557770306
2024-10-10,9839.95,9839.95,9882.4,9779.75,9799.65,103537685,0.08991271792826927,0.011341679000164584,0.08670224526611814,-0.005405180606186999,0.20691506233706128,0.23831116388317564
2024-10-11,9932.7,9932.7,10011.8,9855.85,9858.15,144977252,0.06908409887147027,0.021672495371322764,0.08580992724889003,0.007401581626553799,0.18716423655069717,0.23904364990084914
2024-10-14,9905.0,9905.0,10062.65,9881.45,9968.05,118994019,0.057023792372994375,0.027814816928592556,0.06603729113070933,0.014625768386830051,0.1873061695366026,0.23837902901383717
2024-10-15,9762.05,9762.05,9956.35,9722.65,9938.6,94975383,0.035464641428980315,0.054638462452599956,0.04832327699799588,0.03317780628560518,0.1965502752918844,0.22503874594305331
2024-10-16,9741.7,9741.7,9828.7,9694.1,9743.5,93791418,0.03765917672810959,0.04182619297157397,0.055254593707189104,0.02297409503916059,0.19584314629495772,0.2242858715729162
2024-10-17,9603.3,9603.3,9816.3,9574.85,9786.9,136720195,0.031442825611806,0.03672636590342315,0.056177331210304216,0.025663893320441167,0.20106473954675816,0.22545070195315256
2024-10-18,9753.9,9753.9,9780.0,9484.2,9579.15,132863255,0.05433889657557933,0.052524238843657534,0.07644128889580948,0.034478863078199806,0.20463340145156328,0.2275245687331042
2024-10-21,9606.8,9606.8,9858.75,9594.1,9802.8,90889690,0.021532703125166197,0.05015303891560996,0.06068789670915575,0.03478802746347465,0.20717161760660766,0.2281546699514699
2024-10-22,9318.8,9318.8,9627.0,9301.45,9597.1,123054442,-0.014389440340143,-0.011100027590890793,0.04216433197196423,0.0035064631149382963,0.23449516355198705,0.22894433832895972
2024-10-23,9295.25,9295.25,9432.25,9247.35,9315.65,146004114,-0.04521129075333319,-0.016406886553865907,0.012802478038334342,-0.00027715540945605355,0.2060396858090603,0.2289050875616443
2024-10-24,9273.45,9273.45,9314.7,9151.15,9304.05,93795090,-0.051518080422208845,-0.020584367920493007,0.010193222423453219,-0.002163204872476232,0.20456490191511112,0.22889784054991652
2024-10-25,9048.95,9048.95,9300.3,8924.55,9295.25,152585120,-0.09380914708032484,-0.05576830769872898,-0.016175409757248183,-0.02489399539990822,0.19830423466526836,0.23266445998412622
2024-10-28,9278.4,9278.4,9314.7,9001.75,9056.6,102274255,-0.07811537467957008,-0.030794300756278092,-0.007837579617906876,-0.003936011390102467,0.22105898729196236,0.23868555869118432
2024-10-29,9338.75,9338.75,9358.25,9097.3,9297.7,96312891,-0.08428814465085044,0.0025980857905105736,-0.032217018735187675,0.012746668276080841,0.21530988113115163,0.23241177959881204
2024-10-30,9342.45,9342.45,9427.85,9267.75,9305.35,77872056,-0.08612973750238428,0.05415514809590971,-0.02968687967055139,0.04229720214436372,0.21458249144737404,0.20796018283600354
2024-10-31,9326.85,9326.85,9365.6,9279.45,9338.95,88685214,-0.08155096011816831,0.0492634113140471,-0.040174885719946984,0.0403940405637182,0.21464682543446728,0.2079779323803827
2024-11-01,9390.3,9390.3,9414.7,9371.75,9376.8,16513870,-0.07148083692599783,0.02868504510623371,-0.04308741823886397,0.028403139174553393,0.21819434171182703,0.20134466207965118
2024-11-04,9242.9,9242.9,9398.7,9118.7,9393.5,101337079,-0.06507995913536913,0.03050979736321313,-0.03280021802550148,0.03555397328165244,0.2115278084396873,0.200697197002139
2024-11-05,9505.4,9505.4,9525.3,9234.1,9245.5,141194820,-0.02951161116754908,0.05168007258002061,0.002465552719603137,0.058008141473013364,0.23748276312121172,0.20799366572037947
2024-11-06,9656.45,9656.45,9671.25,9399.85,9557.7,173663944,-0.014723363007932977,0.06042004118050803,0.005206964811575454,0.05479097882169581,0.24523163277483595,0.20980750178959987
2024-11-07,9392.85,9392.85,9657.75,9355.9,9646.25,207194045,-0.045437222750115636,0.048642704431655304,-0.013471255486208755,0.046142617047132406,0.26229588189914066,0.21496832647243466
2024-11-08,9308.9,9308.9,9473.8,9262.35,9432.4,194601720,-0.06280266191468598,0.05253100867225213,-0.030113885714720068,0.05234672832019416,0.25950896453931555,0.21410985171831692
2024-11-11,9216.25,9216.25,9294.35,9166.3,9281.6,116293233,-0.0695355880868248,0.024699525244326725,-0.030270607530282545,0.040992551569928315,0.26060269818119014,0.21262577796289606
2024-11-12,9078.5,9078.5,9304.45,9049.9,9266.15,125686813,-0.07002115334381609,-0.009108323009839658,-0.023172607550856594,0.01893916722499256,0.26089958241713307,0.21155258157436455
2024-11-13,8836.75,8836.75,9061.45,8802.2,9039.25,138289275,-0.0928944640052558,-0.039968928747969756,-0.036339540720666474,0.006178922109519758,0.2736117911964807,0.21831403615371553
2024-11-14,8828.7,8828.7,8948.6,8812.9,8866.8,120626592,-0.08065977320296136,-0.046993485570565596,-0.0314816808171412,0.002965741203164396,0.27161056162333574,0.21781034789843426
2024-11-18,8996.65,8996.65,9129.65,8894.8,8918.3,219983024,-0.07763561242169803,-0.03534110709020244,-0.021296707656268232,0.019379454695662934,0.27500917888659515,0.22099688352509225
2024-11-19,8920.35,8920.35,9067.8,8897.55,9017.35,116314235,-0.07145459466211423,-0.039841773855013196,-0.02050449037790636,0.012716034887817806,0.2724256962934352,0.2214970518995176
2024-11-21,8717.4,8717.4,8832.5,8652.15,8816.05,200854396,-0.06453620637850366,-0.08148460342965524,-0.018679935904674094,-0.015084787164254654,0.26390638431986835,0.2213236984711232
2024-11-22,8846.2,8846.2,8872.15,8658.35,8712.1,140152154,-0.04830962050509657,-0.06218229042431944,-0.026691482959312784,-0.017793806248084576,0.2715517572441552,0.22352489543406406
2024-11-25,8883.0,8883.0,8978.95,8865.95,8973.6,167172101,-0.04210407130032523,-0.056485533415473466,-0.03482930236509352,-0.023336977224191813,0.27257041156218803,0.2237727299696483
2024-11-26,8916.7,8916.7,8981.05,8867.3,8907.3,99798195,-0.01461495532630852,-0.04837272344035992,-0.015181488208073968,-0.010306122302494614,0.26000491256999636,0.22383864771032
2024-11-27,8987.35,8987.35,9004.05,8864.1,8930.2,94271316,-0.031368554923262515,-0.044432630711570664,-0.028728775022615394,-0.0063519605105974986,0.24409528752353923,0.2243598249285385
2024-11-28,8964.85,8964.85,9074.85,8947.0,9020.45,106861629,-0.04003747824923032,-0.03677817591851418,-0.01744776083263977,0.017202007805214414,0.24222870126747256,0.2234763959797602
2024-11-29,9034.0,9034.0,9074.2,8955.35,8994.55,99936588,-0.03301596476299051,-0.023852616224101175,-0.0243987634998426,0.02158871423278519,0.24457203001632932,0.22386645460421004
2024-12-02,9133.6,9133.6,9143.6,8996.3,9032.5,71226099,-0.020719749969175028,-0.005650209569430076,-0.023640640310193528,0.030964713664919707,0.248655919232455,0.22456167972717234
2024-12-03,9246.25,9246.25,9261.9,9169.65,9175.05,101442433,-0.015340297967051053,0.0036144774475059815,-0.021627270616220717,0.03097365396448859,0.25168486876800483,0.22590501032447788
2024-12-04,9230.1,9230.1,9283.65,9155.85,9264.7,97139367,-0.0013848467472329373,0.007526347674691625,-0.02105947608418368,0.02300594062050454,0.24540367839164662,0.2256263823363722
2024-12-05,9282.75,9282.75,9325.45,9154.65,9251.4,98350609,-0.023423527679003464,0.020194526871084806,-0.04387095092988014,0.0293377871824535,0.22333656202607147,0.22543974381896828
2024-12-06,9397.15,9397.15,9416.6,9270.1,9300.3,109617164,-0.02685251826499402,0.02631550206417499,-0.034765833007355806,0.04082360409612351,0.220121556632915,0.22644329441224814
2024-12-09,9455.25,9455.25,9462.4,9299.85,9397.6,118493160,0.00664335105958247,0.047301787731773626,-0.010698040233943162,0.05931895686301625,0.19814038591778824,0.22469595487384356
2024-12-10,9475.35,9475.35,9562.3,9427.85,9496.95,116614033,0.017880737788567913,0.019858247630733405,-0.001244976651513019,0.05053502359943962,0.19511835363306967,0.2170704005819516
2024-12-11,9483.65,9483.65,9605.35,9450.15,9483.4,102880164,0.029013969890139713,0.012058928676239145,0.008281864170769149,0.04024496455461357,0.19084057977253513,0.2163971318207832
2024-12-12,9507.75,9507.75,9537.7,9417.4,9522.55,160700653,0.04728203998457903,0.008490936283504835,0.019428023007929784,0.04138799764165724,0.18062347260662764,0.21610880244376585
2024-12-13,9439.3,9439.3,9465.1,9239.1,9460.7,146811459,0.06818683339463028,0.005448357770167611,0.016858364721248575,0.03103006797843244,0.14894841944820417,0.21645669999724437
2024-12-16,9347.75,9347.75,9469.9,9311.7,9446.45,77011638,0.058791215014667886,0.003995467507290185,0.010537048729092113,0.03194539803305474,0.15542077625309494,0.21671625140424416
2024-12-17,9194.95,9194.95,9357.3,9171.15,9332.8,91469920,0.02204153768347128,-0.006080292286406053,-0.015572801543596304,0.03640512025454368,0.15778915644237826,0.2189747439586215
2024-12-18,9069.9,9069.9,9220.6,9030.65,9207.5,102954431,0.01676503724629641,-0.035558202099039815,-0.012163236639155528,0.02617274063871511,0.16295424680909965,0.21796656972053005
2024-12-19,8977.2,8977.2,8989.1,8854.7,8901.35,84496658,0.029802464037442578,-0.05051904578073685,0.004029385006808939,0.02609715653367295,0.14331925223482506,0.21849363045584552
2024-12-20,8813.25,8813.25,9051.2,8788.95,8981.8,156800704,-0.003724763175148693,-0.09472132629373209,0.00964984076298725,-0.0040172371049101985,0.15085031187485987,0.21219068933583898
2024-12-23,8891.4,8891.4,8979.45,8828.45,8902.05,107773004,0.0009456264775413725,-0.09059388472100771,0.02028561071991375,-0.004042271302927336,0.15352390348906703,0.21293786900372672
2024-12-24,8817.6,8817.6,8897.0,8786.8,8875.3,98108981,-0.011113977144010745,-0.11697727750683484,0.008181714412954677,-0.02205831311404649,0.15562311285892658,0.20803085841658214
2024-12-26,8805.25,8805.25,8853.25,8757.75,8835.9,94353392,-0.02026181243636893,-0.12512668163662743,0.0013531546049639909,-0.03235175855986505,0.1523924738214287,0.2070032060084472
2024-12-27,8720.7,8720.7,8869.8,8707.65,8820.5,87231941,-0.02723414223327769,-0.14489108532262562,-0.023021155430305362,-0.06750311673655907,0.15539352710403317,0.20501587966775464
2024-12-30,8609.85,8609.85,8753.3,8584.0,8720.85,147909117,-0.046950409563869755,-0.15779202676331194,-0.026802168223010625,-0.0743711518747121,0.15654601057671377,0.20579231354118752
2024-12-31,8649.9,8649.9,8679.95,8573.35,8590.7,97002022,-0.05295830778663402,-0.14821270310192025,-0.02695531390232575,-0.08463676269141285,0.15089036038653153,0.20620358492527358
2025-01-02,8723.35,8723.35,8728.15,8616.5,8655.75,94526953,-0.05655265648235763,-0.13742930032037337,-0.04557427201353892,-0.10441061396728657,0.14642135626804545,0.20743357030334258
2025-01-03,8729.95,8729.95,8817.15,8710.9,8723.7,95275929,-0.05418684521294459,-0.11696489080849237,-0.03527603785361344,-0.08506426267665523,0.14695400799838626,0.20319021822702668
2025-01-06,8455.5,8455.5,8740.8,8430.5,8740.65,125151116,-0.08911691039831948,-0.13670497067216647,-0.04490726541500989,-0.0808503666915884,0.1760100866049916,0.2117436159705515
2025-01-07,8560.55,8560.55,8595.05,8459.75,8464.05,100898170,-0.08902699222636656,-0.12654133612223561,-0.04972444662181974,-0.07554256028737105,0.1761362135830052,0.21382227654317507
2025-01-08,8503.2,8503.2,8567.2,8436.85,8558.35,103756491,-0.10069009280558416,-0.13584926752676585,-0.06291232842644612,-0.08346601812832655,0.17151010265299257,0.21361263659416954
2025-01-09,8398.85,8398.85,8501.75,8386.35,8474.1,87581913,-0.11361057902874294,-0.1544242753732621,-0.06958178807331994,-0.09683191830265114,0.17088669971252912,0.21312044602255314
2025-01-10,8262.95,8262.95,8412.45,8204.45,8391.15,112931617,-0.1287162643075186,-0.16577990913679952,-0.07960050397839036,-0.09826746695611643,0.1725582813419161,0.21491336503640956
2025-01-13,7951.35,7951.35,8198.45,7935.35,8194.65,131282530,-0.16369803581288944,-0.1854835818296361,-0.10411239394381766,-0.10680804665302601,0.20170938049780834,0.2256963359467984
2025-01-14,8267.5,8267.5,8283.8,7977.9,7978.15,142609691,-0.12414056127043316,-0.15132882351129684,-0.05985476249632593,-0.07943629313306422,0.26400556753187704,0.2418537754629444
2025-01-15,8280.95,8280.95,8353.9,8236.35,8323.0,83678270,-0.11412371961167123,-0.13769745816542212,-0.05513896060971524,-0.07561019642937783,0.2653065543097939,0.24079910159490048
2025-01-16,8422.0,8422.0,8450.3,8367.8,8389.65,96972152,-0.08406244732162771,-0.13655050800192736,-0.041976680607705985,-0.07449824885214407,0.2742137724597313,0.24123919222393483
2025-01-17,8521.7,8521.7,8556.35,8412.2,8435.9,103435020,-0.060441680724153346,-0.11295124286963387,-0.019297146719558733,-0.04927770071462556,0.2776302836860533,0.24148185459296595
2025-01-20,8613.35,8613.35,8643.45,8473.5,8558.3,89799347,-0.040530454930267856,-0.07570180709962648,-0.015189905468338094,-0.029635076930584314,0.28042646198037097,0.2354289380677103
2025-01-21,8532.1,8532.1,8696.45,8520.1,8661.6,115926798,-0.0319008311349388,-0.08210107312874848,-0.008038632539284274,-0.02436337144983869,0.2752502745638129,0.23601231447844045
2025-01-22,8470.25,8470.25,8560.75,8332.1,8560.7,98678064,-0.047365994106664866,-0.08661285713515476,-0.02218650948247458,-0.035625916418037695,0.2730689048223499,0.2363102257572498
2025-01-23,8515.55,8515.55,8557.7,8409.35,8448.9,91609152,-0.03425535293050275,-0.05894606556561832,-0.01224302669290922,-0.018606161990904035,0.27345637997228306,0.23177651365244772
2025-01-24,8438.8,8438.8,8617.7,8417.5,8523.15,96930893,-0.041617217001220896,-0.09048973961027773,-0.01391218623749868,-0.03925741835574026,0.2746760637889266,0.22586430590273157
2025-01-27,8189.8,8189.8,8348.0,8170.25,8333.45,82416322,-0.06087814051624307,-0.12303038415205458,-0.019546370006581437,-0.056094949271935035,0.2910186336150481,0.23255125502469784
2025-01-28,8157.45,8157.45,8259.15,8055.15,8218.05,105174086,-0.052544469415843564,-0.126840389833502,-0.023462071974336585,-0.0699976899450766,0.28881361709586933,0.23251578945528573
2025-01-29,8308.65,8308.65,8321.55,8153.8,8183.05,64906236,-0.03945132313668365,-0.1091686903938629,-0.019078930223270674,-0.06611002704795832,0.29742027189017395,0.23632742548741714
2025-01-30,8299.75,8299.75,8437.55,8250.7,8320.35,80553821,-0.048559326405566705,-0.11613579970820942,-0.009733249900322982,-0.07273411950162989,0.29488466896589577,0.2356387285886372
2025-01-31,8399.7,8399.7,8409.2,8190.9,8278.8,115663370,-0.037829540833567155,-0.0912267794739745,-0.01715239946050562,-0.07093329650010072,0.2991770566670931,0.23558857486248222
2025-02-03,8155.15,8155.15,8196.05,7979.55,8187.95,123170736,-0.0355212583525516,-0.14205083426262965,-0.024723517343184453,-0.10685323738397712,0.2960937381977901,0.23422517926647737
2025-02-04,8301.45,8301.45,8358.65,8227.8,8229.15,81524799,-0.030266746879581197,-0.14032071827638526,-0.03158907441000203,-0.10990088342534943,0.300139353273777,0.2349334798412713
2025-02-05,8427.1,8427.1,8467.8,8312.75,8313.75,76925912,-0.008949571925863209,-0.10281756868256176,-0.00925990913973096,-0.08202986834163539,0.3050415471715048,0.23167895857896395
2025-02-06,8363.65,8363.65,8469.45,8325.8,8449.55,87167734,-0.004191049965173943,-0.10154260976055174,-0.007457562594549327,-0.07897986690592307,0.30303074564760385,0.2315094765034068
2025-02-07,8585.8,8585.8,8611.9,8370.8,8377.95,153565910,0.039072002129989736,-0.0684063474840636,0.03359009876272778,-0.04432514457922587,0.3105642788451934,0.23783029843772538
2025-02-10,8359.25,8359.25,8563.75,8319.35,8560.9,88155050,0.051299464870745215,-0.07922564300269863,0.03849295698910793,-0.0582132002529715,0.29266170034647315,0.24191176146854912
2025-02-11,8213.55,8213.55,8423.9,8182.25,8302.15,140101482,-0.006525551859691614,-0.07052366537471366,-0.0020273739352481,-0.04984159271719435,0.2668697127140393,0.23840040586061614
2025-02-12,8268.4,8268.4,8316.75,8060.45,8205.7,162156517,-0.0015155266002090384,-0.06346347706910427,0.005719547599057018,-0.0427497793237297,0.26795307165536264,0.23894587821516985
2025-02-13,8336.35,8336.35,8459.15,8256.05,8263.7,130750766,-0.010169793398242644,-0.07339398553906173,0.0018584661624915233,-0.05538409475143791,0.26236629751132867,0.23612893625889753
2025-02-14,8187.5,8187.5,8460.8,8097.8,8380.45,143656484,-0.03921752701925685,-0.08215484818420804,-0.027410999127679414,-0.05710010404661425,0.2651647173009461,0.23816795773001967
2025-02-17,8250.2,8250.2,8261.35,8028.8,8155.4,85236017,-0.04216129612752295,-0.05359396150228268,-0.025658656347700926,-0.03687438736732207,0.2634338201884423,0.23455804122284765
2025-02-18,8255.6,8255.6,8278.2,8119.8,8263.1,85330173,-0.032407027578204683,-0.06676312993149602,-0.028960738143672837,-0.026526414343128524,0.26214963974941713,0.23232868154636155
2025-02-19,8359.2,8359.2,8380.95,8167.2,8201.35,82207040,-0.01311059295770478,-0.05896656534954403,-0.003503775418662536,-0.005750261954171165,0.2658709259709328,0.2337609914031814
2025-02-20,8523.0,8523.0,8538.4,8336.4,8341.15,95481796,0.0008748700905989448,-0.04415310596969735,0.013466760480905782,0.008807261443351089,0.2746263636817053,0.23729556844245078
2025-02-21,8609.7,8609.7,8657.3,8498.7,8528.9,161689440,0.020251694553728106,-0.042020172798433286,0.03308281667069024,0.0189069567139577,0.2746361358838952,0.2376860444519699
2025-02-24,8422.8,8422.8,8557.05,8378.2,8506.15,97579375,0.02845002319958967,-0.06046392298811476,0.04053110271988847,-0.003560342512871517,0.26393308917099495,0.2416183620647559
2025-02-25,8293.45,8293.45,8437.0,8282.1,8413.65,105752432,0.01667187662811309,-0.08197365508080579,0.034518056756394966,-0.016350917047360025,0.2701300010539202,0.2427064674193033
2025-02-27,8334.8,8334.8,8364.65,8241.0,8308.95,101988676,0.003147322368856509,-0.08745730051677336,0.02982979744981895,-0.016152457089070316,0.26267751412205703,0.24170864327062944
2025-02-28,8219.25,8219.25,8272.25,8119.55,8272.25,164289860,-0.009699087321907274,-0.11107205623901584,0.03868048132473034,-0.015703170877412798,0.26741867266682445,0.24129473211155297
2025-03-03,8316.3,8316.3,8344.55,8085.55,8244.7,109783895,-0.009928926033072827,-0.09900217765788033,0.04916057330729762,-0.003031877831915719,0.26727648502310997,0.24292335466625964
2025-03-04,8347.75,8347.75,8393.0,8157.9,8197.2,107574275,0.02361697822848141,-0.10072446203980501,0.07834056076745977,0.005545064052069226,0.2444418430240892,0.2427050992744963
2025-03-05,8685.2,8685.2,8693.9,8322.15,8322.2,189397264,0.04622686398159348,-0.07576233219646367,0.1052830354592097,0.019079992723279315,0.27458027801950907,0.2556031275986609
2025-03-06,8888.65,8888.65,8947.25,8734.65,8762.5,190921759,0.05476973098693483,-0.059924380635096974,0.10336809969987837,0.024331713489359696,0.28103527570982906,0.2600590210339727
2025-03-07,8926.9,8926.9,8978.05,8853.25,8870.3,166447648,0.06734499889402357,-0.05788176690043123,0.11186620570433214,0.025724349947471192,0.2784536807808569,0.26020943146012476
2025-03-10,8850.3,8850.3,9042.8,8825.6,8924.65,144016744,0.030806680798527886,-0.06678335872791596,0.07748116329804255,0.02174507388809266,0.26760648001958215,0.2606451186491816
2025-03-11,8897.3,8897.3,8915.85,8715.15,8739.9,121780148,0.06436582229266974,-0.06420551655228635,0.10216046566667036,0.01933450362762712,0.24603079553673743,0.2608731267922665
2025-03-12,8854.3,8854.3,8972.6,8725.8,8941.35,102928370,0.07801133492825874,-0.06197493458201353,0.10407348703121311,0.030796903161069422,0.23575453850207848,0.2606801487047581
2025-03-13,8777.65,8777.65,8920.4,8763.1,8897.75,112647615,0.061589908567558416,-0.06098793827391624,0.08971070488133237,0.031075778497642315,0.2395169324327292,0.2605394569890135
2025-03-17,8845.25,8845.25,8910.0,8803.85,8810.2,95328292,0.06104590138369903,-0.038031745686491036,0.08373885021705552,0.037052491657361686,0.23937631799895742,0.25912713651544184
2025-03-18,9033.45,9033.45,9041.6,8892.45,8923.0,119037464,0.1033221374045803,-0.004018787417722214,0.10746310227477884,0.052370208346619984,0.23407652416675842,0.26142901467725194
2025-03-19,9148.55,9148.55,9185.2,9076.85,9142.3,201795766,0.10888826937528773,0.019087243238426144,0.1111487885775787,0.06267912370750173,0.23552701936494563,0.26182960002750805
2025-03-20,9254.1,9254.1,9274.0,9092.4,9219.5,156402511,0.12094820485488644,0.05002127478512475,0.1102554006195422,0.06684584751962397,0.2359071075244006,0.2598491650460061
2025-03-21,9203.55,9203.55,9291.65,9166.4,9282.85,190618416,0.10100846971001998,0.03510695728456703,0.08280318416442567,0.052074969989300834,0.23767974218861282,0.2596183570384957
2025-03-24,9262.85,9262.85,9305.55,9200.95,9261.25,137936756,0.08680628886542308,0.05049559970967166,0.054283514561331625,0.0534162758031369,0.23149368101627493,0.2592164317627824
2025-03-25,9132.9,9132.9,9299.15,9098.2,9291.35,112618009,0.06076866789783608,0.037210754947332614,0.022483275127874514,0.04064436101412383,0.23909322971812916,0.2609886767195263
2025-03-26,9097.7,9097.7,9212.7,9078.4,9150.65,104978229,0.08012774849218807,0.043230474617863335,0.03873700094611343,0.056943374745245356,0.22213236422915622,0.2602857406197899
2025-03-27,9159.8,9159.8,9178.7,9057.1,9066.85,106674268,0.1044619549162289,0.06387451581618708,0.058142137405561733,0.06611394888632993,0.21017389704741848,0.25904041026325486
2025-03-28,9092.5,9092.5,9235.2,9045.1,9172.9,114287248,0.09090800019196621,0.05116822159793766,0.047692358871020746,0.05647387729094233,0.21469136572077432,0.25949540062078125
2025-04-01,9016.85,9016.85,9127.05,8975.55,9015.85,103688407,0.09704048422909639,0.033645331208767226,0.0499889971237808,0.07593587472216112,0.20920203118959455,0.259672769337019
2025-04-02,9080.05,9080.05,9097.6,8932.25,9038.75,100976913,0.09183771629210113,0.0401033224703462,0.03699652397225739,0.06811446154178002,0.2077352802782441,0.2600072495591882
2025-04-03,9005.15,9005.15,9083.65,8963.05,9006.2,97060234,0.07875175945614088,0.06500502631423322,0.025884499498720626,0.08050089288670637,0.2125644711505774,0.2517270704000774
2025-04-04,8414.45,8414.45,8945.5,8375.35,8936.95,251623204,-0.03117372081241654,-0.01706666043653715,-0.056563916479032805,0.01682293580087213,0.29757745351951814,0.28746707585212183
2025-04-07,7846.35,7846.35,7930.8,7690.2,7691.0,290678853,-0.11726190141360038,-0.07724738921817675,-0.10026901072751027,-0.012772194676154203,0.3695911239815434,0.32074225336830764
2025-04-08,7965.6,7965.6,8161.4,7800.85,8080.9,184429012,-0.1076857587740424,-0.051584443108282696,-0.10694746410050293,-0.009476590659979744,0.37560407344008795,0.3216466629930139
2025-04-09,7847.5,7847.5,7924.85,7764.45,7924.85,185779410,-0.11330689355163093,-0.050278653507524584,-0.11058429463273989,-0.006220457942793356,0.3769234024805157,0.3213769911474863
2025-04-11,8168.3,8168.3,8229.0,8031.5,8136.8,176799491,-0.08193496903554998,0.027284674929414443,-0.09663191341186983,0.03843424625788927,0.4095534669849386,0.3224378964315592
2025-04-15,8429.85,8429.85,8446.3,8282.85,8332.4,125013033,-0.04793716047570096,0.019637133353492597,-0.08612281639123476,0.01305706492684866,0.4287707527185029,0.3189679377829751
2025-04-16,8454.8,8454.8,8478.45,8332.8,8427.4,123389766,-0.03678091516522075,0.02099396808337195,-0.083215292510463,0.011344285681169186,0.4285167613906274,0.3190027531793925
2025-04-17,8476.5,8476.5,8515.9,8348.5,8403.0,132096532,-0.041689042141262234,0.006471146995962851,-0.10135030234562714,-0.016686635383904136,0.42738964047880257,0.31717533020242267
2025-04-21,8653.5,8653.5,8674.0,8469.0,8502.75,106598046,-0.042060342394101946,0.015466397549784627,-0.09860904131727133,-0.02428465375156641,0.42711296394944476,0.3190909381473782
2025-04-22,8669.5,8669.5,8783.4,8658.5,8759.15,144813346,-0.05236348929611789,0.006518950234229326,-0.10735180811191747,-0.02871381087908298,0.42385230846567257,0.3183686346745959
2025-04-23,8737.3,8737.3,8747.65,8589.3,8738.65,130841964,-0.05584551712214059,0.02405035102729669,-0.10492990280996795,-0.032597580906387424,0.42242013349170243,0.3181146187548023
2025-04-24,8753.3,8753.3,8793.3,8705.4,8729.5,100776114,-0.04892134013505656,0.03341695935775202,-0.08730607072343899,-0.013714680966656623,0.4226189216515416,0.317723798480616
2025-04-25,8569.75,8569.75,8833.75,8487.4,8790.15,162665252,-0.07482578256152272,0.006364826699391202,-0.09093003354651208,-0.029575161882511525,0.4262317210645312,0.3206542965157801
2025-04-28,8689.9,8689.9,8717.05,8551.15,8554.2,84623553,-0.048505951012274284,0.02975541546191396,-0.07638458365439416,-0.02378217831764129,0.42891572800250866,0.3213077682922071
2025-04-29,8607.15,8607.15,8762.4,8596.05,8711.3,79225090,-0.053920221594469075,0.050959730396346714,-0.09007235027485516,-0.015043550599330713,0.429636167860146,0.3157271267019987
2025-04-30,8581.8,8581.8,8666.15,8524.55,8600.85,93091204,-0.06310181445009722,0.05201993269955674,-0.09456381842093009,-0.007958907046057284,0.4281458084670504,0.31566859787476587
2025-05-02,8518.4,8518.4,8714.55,8458.6,8590.15,135405628,-0.06313995050866106,0.025244775023619992,-0.09831735222750837,-0.025853723421551456,0.4281510222619005,0.31397403967563675
2025-05-05,8600.15,8600.15,8640.7,8505.9,8523.1,68434733,-0.04621347809933629,0.0361938612608812,-0.10213456900370577,-0.015921254790001615,0.4300392011649396,0.3145134113583308
2025-05-06,8524.7,8524.7,8655.6,8498.9,8622.1,99801615,-0.06116155748041019,0.014881483862518863,-0.10604559263044122,-0.022177576059628334,0.42913836804987654,0.3141858501712897
2025-05-07,8608.05,8608.05,8635.75,8428.2,8428.55,96581063,-0.04409698894521474,0.055535459188365666,-0.09417422735758385,0.010445466480484722,0.4310429810401735,0.3085384956237713
2025-05-08,8428.4,8428.4,8640.25,8378.7,8618.25,101360903,0.0016578623677125925,0.015292509139969379,-0.058127533448704805,-0.0072250843497154715,0.3633085827886479,0.3097372343281604
2025-05-09,8420.55,8420.55,8436.1,8256.2,8258.8,89509903,0.07318052342809067,-0.0007772543342313698,-0.010134779761662882,-0.013931173236064187,0.25276648208098906,0.30820985330622946
2025-05-12,8914.25,8914.25,8925.65,8620.65,8641.9,161696033,0.11909335141106747,0.06583250136005225,0.013091152657432215,0.009851056724322405,0.31438977867067525,0.32912826220470914
2025-05-13,8834.65,8834.65,8928.1,8814.8,8907.9,125054962,0.1257916533928003,0.028983903654872023,0.028502283896799874,-0.014242012545936822,0.3098943567451585,0.3255227858698939
2025-05-14,9052.1,9052.1,9085.05,8881.0,8881.0,191523769,0.10819876840958331,0.08288423004456136,0.02767023959535342,0.02791362056005675,0.2913689918779944,0.32410316302099446
2025-05-15,9210.05,9210.05,9223.4,9029.65,9067.1,157007034,0.09255206201771071,0.12132390988062403,0.01824188114190961,0.035058479323401226,0.27837504437369126,0.3232929527208894
2025-05-16,9201.85,9201.85,9242.9,9175.95,9222.0,78574081,0.08835809244452864,0.11289366745682372,0.02083289253779652,0.027212202458613666,0.27897861696718157,0.3231895545722308
2025-05-19,9210.75,9210.75,9251.55,9161.65,9222.1,87197709,0.0866218368430367,0.10489002980920903,0.04076342410381084,0.02178397478599292,0.2791628950945443,0.32291729828139853
2025-05-20,9156.05,9156.05,9343.35,9140.35,9285.65,148283405,0.05807476743514184,0.11829618320610669,0.03493127054930323,0.04177163963730268,0.2742283534132549,0.32071643695291235
2025-05-21,9208.15,9208.15,9232.3,9124.45,9185.85,105472654,0.06213161081953977,0.11611233667062604,0.03539297821756815,0.035363661013490644,0.27438423651080124,0.3205913437307724
2025-05-22,9179.65,9179.65,9234.45,9111.0,9208.55,198975000,0.05062776830370952,0.1119300838218904,0.0390880179644868,0.0393924233498133,0.2745928929133915,0.3207424761403746
2025-05-23,9249.6,9249.6,9277.65,9170.75,9205.1,119003276,0.05669861652176911,0.10651737008326156,0.03168691631450837,0.02278395794211785,0.2751758482171844,0.32020245032289546
2025-05-26,9336.45,9336.45,9379.5,9254.15,9282.9,113914716,0.08946585372968885,0.09544174586413234,0.04945641932823097,0.004315036336911993,0.26090500695631763,0.31848389807935207
2025-05-27,9294.95,9294.95,9365.45,9262.95,9338.85,85219733,0.06962680813358046,0.07959046192085673,0.04916935211491924,-0.009473746701496033,0.2600543295703618,0.3182032077284002
2025-05-28,9239.5,9239.5,9321.65,9228.2,9309.0,115499772,0.0734679888232459,0.09696300517642609,0.05635339032305264,-0.0005435580376198512,0.25799285846148134,0.3148915152012909
2025-05-29,9351.65,9351.65,9378.65,9279.15,9313.75,146004468,0.08970728751543966,0.1275946680814377,0.06918471407319537,0.026206767892029026,0.2584845725168241,0.3135897140308939
2025-05-30,9193.25,9193.25,9384.45,9178.75,9351.7,131731946,0.07922262396694224,0.1029958727264002,0.06262899883648232,0.0051629399510007,0.2664494889301384,0.315945928295755
2025-06-02,9128.55,9128.55,9161.2,9047.95,9130.75,112116516,0.06144078882345072,0.11063053198284512,0.05099773055878698,-0.006519100877629969,0.26822365718938185,0.31480593882681557
2025-06-03,9122.3,9122.3,9204.2,9113.35,9148.3,112093061,0.07010217368353122,0.09691810059762163,0.06342034160937526,-0.01263324746325778,0.26501656749688635,0.31415100227719284
2025-06-04,9177.4,9177.4,9204.0,9064.65,9129.45,86129978,0.06614157677987476,0.0993860621125453,0.05771217344281698,-0.015525363066847708,0.2641650962006819,0.3142529735979081
2025-06-05,9231.5,9231.5,9258.95,9162.0,9204.75,101325385,0.09528498884723091,0.06290010592732465,0.07563006897396862,-0.04515232319163953,0.24812991906257414,0.30425184847823206
2025-06-06,9406.45,9406.45,9418.65,9246.55,9261.7,147827682,0.11708261336848569,0.058254065578012604,0.07563597969429381,-0.05078937468467393,0.25218139318729343,0.30302037781935415
2025-06-09,9477.0,9477.0,9523.9,9418.1,9450.05,97819308,0.06312925933196856,0.061622735776137416,0.05596768845669309,-0.051477772759501716,0.16408778456284007,0.30324038589082764
2025-06-10,9509.7,9509.7,9581.8,9499.05,9522.4,121645731,0.0764093653964788,0.07450594895088325,0.055012469389091656,-0.04321060544883282,0.1578130195931326,0.30261385740214797
2025-06-11,9495.8,9495.8,9573.6,9479.7,9544.8,96812660,0.04901625037284152,0.06726759803535898,0.029779946156023973,-0.05023225546659549,0.1384502068238598,0.3025398614082959
2025-06-12,9348.5,9348.5,9511.1,9323.85,9503.75,95351812,0.015032491680284199,0.05581468890821428,0.021971271484668597,-0.05177967787267623,0.14075588816960174,0.304246225369658
2025-06-13,9258.8,9258.8,9311.0,9156.9,9165.05,95267348,0.006188972869585863,0.05481535490706513,0.018227484866880528,-0.048831550581082794,0.14545445694104,0.3043800028358646
2025-06-16,9358.25,9358.25,9381.65,9167.1,9272.5,78869084,0.01601389680536336,0.05799723015177638,0.015971773641302978,-0.05030509672110628,0.1500546218304748,0.30472905585318766
2025-06-17,9224.4,9224.4,9366.9,9211.2,9349.9,76915633,0.007465009474609818,0.021138103382428497,0.0005981854590513258,-0.06728587021403687,0.15788960455758877,0.30339428636400356
2025-06-18,9158.25,9158.25,9238.8,9120.55,9215.45,218453098,-0.005419112416717775,0.0010602773117052156,-0.0053627543712211345,-0.0820759396796027,0.15876464038818308,0.3026808834706983
2025-06-19,9040.45,9040.45,9158.25,8997.35,9156.15,98113183,-0.015163976840075533,-0.023087064112123246,-0.02262245000622265,-0.09219248299346972,0.16482248910220182,0.302870887396055
2025-06-20,9138.6,9138.6,9194.9,9025.1,9035.35,121495658,-0.012000518941359672,-0.007057059504212981,-0.022431792076768486,-0.0825161510197241,0.16735240319136285,0.3035390045781094
2025-06-23,9198.55,9198.55,9245.05,9064.1,9083.0,70975399,-0.014770067852342361,-0.0069417080056355385,-0.013600121688146283,-0.06246336538825714,0.16542446030687652,0.3035497888062518
2025-06-24,9291.1,9291.1,9395.7,9261.15,9290.7,97592911,-0.00041420341152997864,0.01732198972943988,-0.009201307257061142,-0.04080127442147696,0.16905034120714704,0.302820754000937
2025-06-25,9329.2,9329.2,9354.25,9311.15,9351.7,70705540,0.009708317549651069,0.025445991844092353,-0.010180654927346655,-0.04940016333899,0.16811752314864734,0.30279414453301234
2025-06-26,9544.55,9544.55,9554.9,9354.35,9360.45,161322138,0.020627375917618762,0.0420041922312715,-0.008180384611584879,-0.04094998688736662,0.1817298922862279,0.3059991831485969
2025-06-27,9578.2,9578.2,9678.45,9563.4,9592.8,167374796,0.041873113425611175,0.05341765191091574,0.006031638618791524,-0.036655041724735105,0.16875994916341833,0.30558772956557384
2025-06-30,9534.8,9534.8,9610.05,9510.8,9604.2,75682063,0.04450323435814019,0.057442454959325984,0.012118068739670917,-0.04405897352321464,0.1671840322696763,0.3051958692988161
2025-07-01,9564.55,9564.55,9573.95,9453.3,9551.95,124495699,0.04848009822084354,0.05335873701136018,0.007762943030866998,-0.04133601979046819,0.1668651009429049,0.3049709866353124
2025-07-02,9699.2,9699.2,9747.55,9538.75,9584.35,169143532,0.05685706191296025,0.0770725640328036,0.023014883607576753,-0.01769265496701422,0.17150339910664353,0.30553060815172767
2025-07-03,9623.45,9623.45,9786.15,9610.9,9720.7,166493613,0.04245788875047407,0.1436814052017661,0.016018430779366488,0.034495127085427235,0.1750769180169298,0.27029648648922755
2025-07-04,9580.4,9580.4,9657.0,9522.05,9644.25,61722427,0.018492630057035164,0.22100084752783133,0.00017689639890816622,0.07212168497725191,0.16482617538374558,0.2252126483596792
2025-07-07,9522.15,9522.15,9578.55,9496.85,9577.9,55150865,0.004764165875276838,0.1954090087375715,-0.009501010422751754,0.06559579012885308,0.16470618676060791,0.2246731878913288
2025-07-08,9517.4,9517.4,9560.2,9483.8,9524.25,54418175,0.0008096995699127252,0.2127938834023575,-0.015850826038301014,0.07335334414501782,0.16428211232324957,0.22168528500732226
2025-07-09,9384.5,9384.5,9554.45,9266.65,9554.4,140430478,-0.011720971376819156,0.1488926704455027,-0.025033643445587783,0.03291733528320506,0.17173017995824785,0.21073866806752828
2025-07-10,9423.55,9423.55,9463.2,9366.4,9403.7,70824673,0.008028025886505752,0.11787872856575143,-0.010737927292546967,0.03100238387746801,0.162874364743891,0.2018140899834606
2025-07-11,9382.85,9382.85,9476.65,9373.1,9411.15,97057119,0.013398064544001498,0.1097660500544071,-0.004048312144605104,0.03669202893780277,0.15958871168347138,0.2021964859867195
2025-07-14,9407.95,9407.95,9472.8,9352.55,9379.65,72221714,0.005310822001976856,0.10988615584262384,-0.00013285872477841743,0.058290129132928525,0.15539677374539662,0.20219849926795508
2025-07-15,9411.95,9411.95,9444.3,9344.35,9430.9,79148034,0.020331945709206156,0.08764661697579013,0.006555143129139074,0.04328493546625212,0.1454231331406612,0.198323202835876
2025-07-16,9360.7,9360.7,9412.45,9334.05,9407.15,72089027,0.022105751644692084,0.07972778130226654,0.005984552976895152,0.03649568905966549,0.14424953867844376,0.19881765378197122
2025-07-17,9423.35,9423.35,9473.3,9358.3,9383.05,75624307,0.042354086356320764,0.07851967999267528,0.02951997954297436,0.046356350908288046,0.1354661306242285,0.19867423203720375
2025-07-18,9458.2,9458.2,9509.05,9398.75,9439.85,125463275,0.03497253408618395,0.08052962882570025,0.04070675294858139,0.05076470431519575,0.131692065403102,0.19873367041367146
2025-07-21,9555.5,9555.5,9585.35,9492.75,9510.9,118853456,0.03880502905349226,0.1150266927273258,0.034047728797337085,0.07129216469479571,0.13411750781071116,0.19392627519678718
2025-07-22,9533.3,9533.3,9598.85,9522.3,9576.25,80608817,0.026067957507722284,0.09705520201613371,0.025407098611079038,0.06695057614010347,0.13134693791329405,0.19244645408433111
2025-07-23,9579.05,9579.05,9594.85,9519.4,9558.2,84358910,0.026781503237147675,0.11291774861597625,0.027765850849027385,0.0765948929126965,0.13156688074069386,0.19115050150680635
2025-07-24,9582.3,9582.3,9644.75,9554.3,9595.7,69622205,0.0039551367010493,0.11658393344053697,0.023012649348315373,0.08667128317900152,0.10419596752131663,0.1909214035109521
2025-07-25,9425.1,9425.1,9584.9,9406.4,9579.95,82522254,-0.015984214152972465,0.1064401765589782,0.015250944747070894,0.0863018910014679,0.11899440521620336,0.19370633630090844
2025-07-28,9316.45,9316.45,9432.5,9288.5,9418.1,103126614,-0.022900323027226444,0.08328924495502998,0.009867977580593212,0.07430561186783802,0.12444054756407033,0.1948830401469182
2025-07-29,9409.7,9409.7,9427.35,9279.65,9279.65,68058096,-0.016189993256347512,0.10381597006346266,0.012026543942707746,0.085706566829858,0.12981345633788618,0.19450583359060655
2025-07-30,9399.75,9399.75,9464.6,9379.2,9426.65,65586332,-0.030873680303530215,0.09197204941885806,-0.00736603102318556,0.07392325921411458,0.11746813307766703,0.19384622405024027
2025-07-31,9285.45,9285.45,9402.45,9255.85,9290.8,103991857,-0.03512253921410724,0.101685966494234,-0.010050953667476215,0.08131219674215595,0.12154465065058574,0.190260933981392
2025-08-01,9102.35,9102.35,9285.4,9086.35,9281.8,75668134,-0.04989875161788648,0.0809685828122868,-0.014721406241624768,0.05775342080899626,0.1373955274140368,0.19525820387021725
2025-08-04,9327.85,9327.85,9350.6,9102.15,9127.4,94340586,-0.02040505558093486,0.04639762178534368,0.008601741345712233,0.05449999513707826,0.166681935580012,0.16463103265390597
2025-08-05,9336.05,9336.05,9374.3,9290.15,9347.15,60185769,-0.01905457372811903,0.0567538046215752,0.0151485497413687,0.05385689848236708,0.16681192338511822,0.16337852861419316
2025-08-06,9298.75,9298.75,9368.65,9256.6,9368.65,53608614,-0.009137407427140531,0.027247820947625456,0.0262644164177116,0.031005940954881517,0.16001741379403103,0.15620884219735717
2025-08-07,9310.65,9310.65,9328.75,9144.1,9253.4,72609144,-0.011980623013620129,0.010922850581701615,0.01795793445968419,0.02951463762318729,0.15924229162113168,0.1522272374152606
2025-08-08,9147.1,9147.1,9327.3,9127.25,9309.65,55355525,-0.025125628140703515,-0.005949890511147249,0.006148866154157107,0.02028932720844323,0.1701238148589131,0.1565792459657108
2025-08-11,9194.8,9194.8,9227.2,9134.45,9153.35,53731711,-0.02265637041013202,-0.0017316722308173826,-0.00283163406171405,0.012715790083435485,0.17113559207573573,0.15694246355588692
2025-08-12,9229.7,9229.7,9280.7,9160.5,9163.15,68634317,-0.019363681277524858,0.008043861708924904,0.008752130431550542,0.016004516098643284,0.17195952602467385,0.15664081727253645
2025-08-13,9345.95,9345.95,9424.75,9275.3,9285.7,101499911,-0.0015757368572862918,0.014965003828130596,0.02193290894933675,0.022787358860833273,0.17749488698385674,0.15829351396163505
2025-08-14,9216.25,9216.25,9362.25,9181.7,9351.2,114743024,-0.021977322289843837,0.003987080117433761,-0.0028566242641206996,0.0031093139038775863,0.18215015771054352,0.16082450838320128
2025-08-18,9387.5,9387.5,9414.55,9290.75,9335.0,110641932,-0.007474995242223725,0.014908752810932402,-0.0038123188014318465,0.01395117488817621,0.19438041522088903,0.1644739305777677
2025-08-19,9457.5,9457.5,9463.6,9369.55,9412.6,80190742,-0.01025587358066038,0.01296531336857143,-0.005869832874279335,0.013785275637495098,0.19259614555898302,0.16406742560885115
2025-08-20,9497.75,9497.75,9538.95,9407.85,9433.7,109474168,-0.0037290340176013848,0.021818299183965495,-0.0033160556643228034,0.01278141196159277,0.1931888957476323,0.16397877884205816
2025-08-21,9493.65,9493.65,9538.35,9484.35,9506.65,61406626,-0.008915289094429957,0.027506899724011102,-0.003516759024279059,0.014122334086803745,0.1922927528041033,0.16345539293769734
2025-08-22,9375.45,9375.45,9499.75,9363.15,9494.35,62051947,-0.021586675432829106,0.002545005426849878,-0.01392570516327607,0.0010752225289158979,0.1969624072720348,0.16376298730120775
2025-08-25,9436.75,9436.75,9477.0,9396.7,9419.9,62350537,0.0012360611558497325,0.02648682457237639,-0.004028262232643298,0.01771734378592771,0.18985079688170764,0.16032790379183012
2025-08-26,9280.05,9280.05,9414.6,9256.8,9412.85,83279066,-0.003907067606223502,0.016596283089866493,-0.005169192979770698,0.016780322488363475,0.19485869421298802,0.16345924725786568
2025-08-28,9210.5,9210.5,9312.1,9191.7,9274.1,72228203,-0.021169644090672457,0.009668614274908727,-0.00826936071124229,0.011363617203501986,0.19264340959530937,0.16422951899401575
2025-08-29,9154.8,9154.8,9238.75,9132.2,9226.9,68106415,-0.026059203702226252,-0.002462571098568289,-0.008831269804862263,0.005390720731326848,0.1934577310372761,0.16425515512070768
2025-09-01,9305.3,9305.3,9316.7,9163.4,9169.35,56977224,0.0021377531514357173,0.007994367112603484,0.007923315386505259,0.013079014838092595,0.198560768947856,0.16722362497583385
2025-09-02,9384.35,9384.35,9432.1,9269.7,9318.9,122526738,0.03098101039841361,-0.002349451706010308,0.030400925025048542,0.014586528450161285,0.18574271294600447,0.16360946233403936
2025-09-03,9676.4,9676.4,9685.8,9406.35,9406.35,201827972,0.03736659573213541,0.02104041363300624,0.037678018156825255,0.03650252402450105,0.19682253668842634,0.1746729777986946
2025-09-04,9616.35,9616.35,9736.15,9605.95,9734.45,80293465,0.030023403902078583,0.011214864822234105,0.026585207370543262,0.025951382294375325,0.19888447347696978,0.17506427935998015
2025-09-05,9681.65,9681.65,9700.9,9572.1,9612.6,65907070,0.04117757763140206,0.01957181069525471,0.034389939109991774,0.035497748964560705,0.1986212657231535,0.17554513187395554
2025-09-08,9717.85,9717.85,9816.95,9708.4,9722.6,113923186,0.043734862764683635,0.03950901214098512,0.036538614685656334,0.04413163779235507,0.19869112617777274,0.17248627278114426
2025-09-09,9734.2,9734.2,9766.25,9683.65,9733.3,83711433,0.06418427698396223,0.05134574674903902,0.043444114037163306,0.0452774418138715,0.18438773955566154,0.17115769311651005
2025-09-10,9759.45,9759.45,9812.25,9730.8,9767.6,60805944,0.061409709835994475,0.04287126332380531,0.04562577546149438,0.0418049971391703,0.18422791429401184,0.1699679938393361
2025-09-11,9792.95,9792.95,9837.65,9746.8,9757.95,82021116,0.06102581882401381,0.061635445123802146,0.03986801517355554,0.0555155739196842,0.18421133150168298,0.1671036357508124
2025-09-12,9883.6,9883.6,9902.35,9800.25,9828.35,142300497,0.057527592165590447,0.0792018125733629,0.03743565641288327,0.06703235421572584,0.18230254070083363,0.16705116004345935
2025-09-15,9891.0,9891.0,9951.45,9864.9,9900.6,81385692,0.07321307473213068,0.09408270605998581,0.055434945944334846,0.08295269209449119,0.17150911725853735,0.1644100232891325
2025-09-16,9973.45,9973.45,9979.75,9891.85,9917.1,91305327,0.062418109187749815,0.09135425557525223,0.04786044026136693,0.08630897050575737,0.16344216849375615,0.16388557621910782
2025-09-17,9923.15,9923.15,10018.7,9833.8,10005.55,94335970,0.049236056040179665,0.07877328491990587,0.03524123989615324,0.06442317124135166,0.16498381147083516,0.16407255484516164
2025-09-18,9955.15,9955.15,9959.65,9868.35,9932.0,68298647,0.048158774446579455,0.07147162338151558,0.03326693309017226,0.056328487068723065,0.1648718100184129,0.163113592818336
2025-09-19,9989.9,9989.9,10016.1,9916.55,9997.2,131426289,0.05227178166458635,0.07082064914462105,0.042572243866210835,0.06756053441779675,0.1645806777186179,0.1630715279140066
2025-09-22,10029.1,10029.1,10079.95,9980.8,9984.5,118788787,0.06971932013930005,0.05076719174817046,0.05635990440641114,0.06433525275349361,0.15465353888728114,0.15681876328270197
2025-09-23,10129.05,10129.05,10168.2,9994.2,10044.9,127488990,0.07336212149309862,0.057510805788143715,0.06528169774646542,0.07577683356664522,0.15603574582715557,0.15783293247882418
2025-09-24,10060.1,10060.1,10153.65,10050.1,10118.15,99598782,0.08405665917748295,0.05509292276712685,0.07010194483881493,0.07312597817661481,0.14230614311661377,0.1582411605478153
2025-09-25,10082.55,10082.55,10187.35,10057.55,10082.2,145545764,0.09467998479995643,0.05415832422853151,0.07876427506958228,0.07964404379270795,0.13586525470740207,0.15819843973852452
2025-09-26,9888.25,9888.25,10124.65,9871.8,10087.15,104468519,0.08011644164809728,0.019491298251402167,0.07078860719467062,0.050870255860900104,0.15646560091979403,0.16118560896778208
2025-09-29,9923.1,9923.1,10002.7,9910.7,9910.7,102809252,0.06639227107132517,0.031137481880198825,0.06599228775910793,0.0614618774564788,0.1493918763642504,0.1604079039911966
2025-09-30,10038.15,10038.15,10082.75,9963.65,9978.45,169657336,0.06966918326788751,0.04777984217777953,0.06838763269340276,0.08116032175929633,0.15120661898057827,0.16163000524660254
2025-10-01,10092.95,10092.95,10102.45,9952.05,10060.3,101955702,0.043048034392956236,0.05994444531959697,0.0381421168986662,0.08449150225787627,0.11238198240376951,0.16126316588467376
2025-10-03,10277.1,10277.1,10346.95,10108.65,10108.9,188261747,0.06871110140541892,0.07982222035429842,0.062244404806045095,0.104437755666278,0.12124860475614098,0.16499246310788057
2025-10-06,10185.5,10185.5,10315.4,10147.0,10303.1,105174948,0.05204174908202641,0.08535350844477585,0.0384347651030037,0.10099362702098735,0.1279788300313168,0.1632866497933411
2025-10-07,10156.65,10156.65,10268.5,10150.2,10193.85,91134375,0.04515402069387764,0.07779446174743065,0.03162524517117182,0.08753403121529235,0.12928235611005684,0.1634052261047371
2025-10-08,10136.55,10136.55,10209.5,10089.05,10181.05,133552562,0.041333648373774734,0.08032740585216636,0.034194091501297486,0.08445065988193778,0.13013111109720674,0.16313363081738483
2025-10-09,10356.2,10356.2,10373.3,10148.6,10163.95,256790809,0.06114586375256792,0.10079241492567448,0.05278882457283185,0.09682547421844956,0.14728370534863103,0.1682662168266203
2025-10-10,10261.55,10261.55,10357.25,10206.4,10352.7,129504814,0.04785074977407211,0.09026822284436253,0.036659227533965,0.0867141056760905,0.1534336087375865,0.16969849450091784
2025-10-13,10217.45,10217.45,10241.5,10156.05,10218.0,90231243,0.03377817799182492,0.09152627474441011,0.029264774735672905,0.09091946856835809,0.1529013858335437,0.16951456011754343
2025-10-14,10116.8,10116.8,10340.8,10053.9,10291.85,115099983,0.022828834293802336,0.07358847968079285,0.019785227651874404,0.07223249337536797,0.15831992959382327,0.17073600140346354
2025-10-15,10218.0,10218.0,10245.7,10120.15,10139.9,91427528,0.024520100867803984,0.08033240997229907,0.02117405551824514,0.06610841544046075,0.15941750431553972,0.1716089608750502
2025-10-16,10287.25,10287.25,10294.5,10190.65,10243.8,65295296,0.036691977849775625,0.07657893359845125,0.026622958347402026,0.056866387599318946,0.1587702645240786,0.17098101540497535
2025-10-17,10199.3,10199.3,10315.05,10153.95,10286.8,83258075,0.02452499460078439,0.06986038412721718,0.013265770714390168,0.043965495729960447,0.16284998350703608,0.17201528542728514
2025-10-20,10191.85,10191.85,10253.2,10138.35,10249.95,69500668,0.020215417571747496,0.0639729409492591,-0.00016198893454322238,0.03926031360550941,0.1627569673356604,0.17188521871398899
2025-10-21,10232.75,10232.75,10249.95,10215.3,10236.85,15516001,0.02030590980247471,0.06788036275215781,-0.006130117406359936,0.03570029753135273,0.1627783438431051,0.17198612245468153
2025-10-23,10241.85,10241.85,10319.1,10225.45,10287.8,106871012,0.011136286226250292,0.08665690549702387,-0.017545268457990648,0.04420409756430255,0.15934120468497942,0.16801587514369903
2025-10-24,10347.45,10347.45,10457.4,10314.85,10320.75,154300149,0.02856333436049341,0.1106644698356134,-0.0008996075234204426,0.06551822385735706,0.16038009161948255,0.16676931564806424
2025-10-27,10467.15,10467.15,10477.6,10396.85,10416.45,97806143,0.038145112099617684,0.11237871558073032,-0.005051531998462089,0.06625057501106157,0.1643382338632164,0.16712318364698125
2025-10-28,10596.2,10596.2,10624.65,10455.3,10465.85,174829676,0.07159507496270834,0.1272853001409613,0.019617154298179784,0.08378716179414325,0.14742758561333513,0.16838126370977716
2025-10-29,10777.5,10777.5,10837.45,10620.15,10648.3,307229806,0.0861021253438945,0.16068688108815388,0.028500918215003113,0.10878391615409111,0.15503200928533725,0.16847395002440546
2025-10-30,10729.2,10729.2,10765.75,10656.05,10758.7,102625396,0.06884236637228991,0.17872857009453602,0.01737168769048636,0.1252996541266922,0.15532141144851797,0.16257709918258575
2025-10-31,10612.15,10612.15,10724.85,10601.25,10717.3,101881533,0.05144184802262952,0.13768446104943788,0.01577635838603575,0.09726219372986389,0.16308964913301766,0.1585170684659879
2025-11-03,10652.8,10652.8,10720.45,10628.95,10644.05,100449965,0.036557005380895236,0.14103930463097347,0.0016453446811353079,0.09585394454026441,0.15254464929974984,0.15853107067733274
2025-11-04,10499.05,10499.05,10670.55,10483.75,10651.6,99220707,0.030783957586765442,0.12908186584218306,0.010048362668575006,0.08743447937946924,0.15891897094862725,0.16172930763884577
2025-11-06,10281.9,10281.9,10437.9,10245.25,10416.65,115337892,0.0123318220082409,0.10431602519695193,-0.0036548606827577768,0.06717408169699657,0.17734671338956737,0.16841426278521496
2025-11-07,10426.8,10426.8,10470.85,10184.55,10237.1,114815792,0.028634002693224136,0.1399022641055634,0.010820870388788206,0.09356207358142554,0.18321668100265173,0.16534424794529823
2025-11-10,10484.5,10484.5,10534.95,10465.1,10474.8,197731102,0.012388714007068202,0.14026406229608046,-0.0031998783868993907,0.1000242093493664,0.16824059572120165,0.16537027236265678
2025-11-11,10559.1,10559.1,10589.15,10418.5,10538.75,147993358,0.028996594081790894,0.14403501738951419,0.0127975058467944,0.09472194989920957,0.16556644455788824,0.1656449761743284
2025-11-12,10542.55,10542.55,10624.3,10532.95,10593.65,135010471,0.031818115087423715,0.12803406823276386,0.006113822646254041,0.07699896000242523,0.16459063987500283,0.1644242847480285
2025-11-13,10588.6,10588.6,10721.3,10565.8,10679.05,216570524,0.04663529969950986,0.14890546588905473,0.017459089617188894,0.09824433270501687,0.1591070672184834,0.16107123612464097
2025-11-14,10494.75,10494.75,10578.65,10446.75,10578.4,103917347,0.027084556664709325,0.11794940079893479,0.003924297463055337,0.07642093388702986,0.1611100509734141,0.15912703575114548
2025-11-17,10495.85,10495.85,10531.5,10446.65,10526.25,81100970,0.020277528007971002,0.1097911710282844,0.003543371112158189,0.0684472183298952,0.15986830547457054,0.1587393341381123
2025-11-18,10383.7,10383.7,10483.0,10325.6,10481.5,108244744,0.018079672134362346,0.09327998736542864,0.010292727639673593,0.05896936451703505,0.1617561491730477,0.1606872030243008
2025-11-19,10384.15,10384.15,10417.7,10351.25,10386.35,65099035,0.018868017092088296,0.09379953969232058,0.01076142030209315,0.055172923232461146,0.1616762270209432,0.1606659277683013
2025-11-20,10386.05,10386.05,10454.25,10370.25,10446.7,83571225,0.014981310009528181,0.10779215930968622,0.0024738381658362396,0.05463391700205822,0.16128228243040768,0.15801737936652574
2025-11-21,10142.55,10142.55,10336.5,10121.5,10336.5,95730263,-0.009695513994053884,0.07479269875751715,-0.01652210495990991,0.030719829130698484,0.1831669618456525,0.16603524535854525
2025-11-24,10017.9,10017.9,10183.9,9997.9,10163.3,107909172,-0.03184842642390162,0.07950926988539941,-0.03821976393836457,0.029029881112999867,0.18316912075603273,0.164246555173285
2025-11-25,10073.4,10073.4,10129.2,10027.9,10039.65,107294330,-0.037617689628982154,0.09368655339015253,-0.034488603859086364,0.03720289897088325,0.178664303765317,0.16343605984123383
2025-11-26,10280.7,10280.7,10289.8,10096.05,10105.65,102603400,-0.029774824937241595,0.12298466378293371,-0.04015034527583694,0.050177437295878535,0.18921397019658712,0.1671516294433743
2025-11-27,10273.75,10273.75,10379.6,10211.55,10334.4,78068712,-0.04674089538390169,0.1040750969877382,-0.0529453556835644,0.03948639769412954,0.17628664032403074,0.1645172050837892
2025-11-28,10293.05,10293.05,10360.15,10247.1,10300.35,78014488,-0.04065074749282349,0.09683142679034762,-0.05321360005910569,0.03078683553688255,0.17673015043358875,0.1639055050033768
2025-12-01,10353.2,10353.2,10418.9,10314.6,10390.9,107599445,-0.0244012758960247,0.06994336736802964,-0.042037876232478344,0.010841760348142104,0.1755714188174279,0.1525818964728114
2025-12-02,10315.85,10315.85,10366.2,10292.65,10344.15,98259355,-0.03163018173625698,0.07274069683403783,-0.042065533251153475,0.020267071281465876,0.1747121388255301,0.15213772549238355
2025-12-03,10265.2,10265.2,10347.15,10168.35,10340.35,101991987,-0.022273443787771185,0.0602738169630177,-0.03744474285033017,0.009952487994908,0.16849640937745597,0.15218697382360352
2025-12-04,10271.45,10271.45,10376.0,10248.35,10324.25,133569150,-0.0010163491183534656,0.056967333309322576,-0.02155954630606538,0.006081612700608474,0.1514543715765497,0.15207990967038465
2025-12-05,10340.35,10340.35,10366.75,10189.7,10274.5,139237615,-0.00829113438447071,0.06227014032997058,-0.03552086321344161,0.009277626474136325,0.14452846042067197,0.15253155810302074
2025-12-08,10141.8,10141.8,10378.55,10109.35,10352.6,92395106,-0.03268634651151703,0.03917741266157404,-0.047787460626787626,-0.0003631805094999052,0.15742869202236034,0.15810567555762425
2025-12-09,10112.65,10112.65,10149.3,9968.4,10126.9,86972140,-0.042281065621123104,0.032645934064811755,-0.047912568164409364,-0.000712742651310716,0.15401843100398335,0.15815911492778756
2025-12-10,10159.0,10159.0,10244.85,10119.35,10133.25,103435098,-0.03638114118500735,0.027864340928406506,-0.03182859487945067,0.002221273316715733,0.15586300705419362,0.15735531524594393
2025-12-11,10266.85,10266.85,10273.05,10174.6,10209.4,103645626,-0.030386453355495502,0.0379991911839046,-0.031136106660652918,0.004916699985713313,0.1606229734849028,0.15871160890202685
2025-12-12,10536.45,10536.45,10553.15,10331.5,10335.05,211717426,0.003973415279068249,0.05644987441657601,-0.0013101883176900309,0.024442012730617746,0.18515026004117108,0.16628006719627733
2025-12-15,10553.15,10553.15,10564.95,10477.3,10513.65,118240223,0.0054593005807055395,0.06348790454643938,0.004926823615289733,0.03596939283613243,0.18521476844208792,0.1658177654109047
2025-12-16,10464.35,10464.35,10532.3,10380.7,10527.1,119402006,0.00776698094128303,0.051149405081792,0.009694849485297863,0.033980317827954076,0.18357802834846762,0.16687964600169497
2025-12-17,10490.15,10490.15,10551.6,10449.75,10520.8,104250856,0.010207864870981354,0.05007557633209547,0.019193499954743953,0.030669447910547598,0.1837187725060597,0.16682337573071704
2025-12-18,10516.15,10516.15,10585.45,10430.55,10490.25,113892481,0.012526417646747445,0.04856367969209585,0.026904756338243185,0.02423256845130517,0.18384518593626287,0.1667350564986575
2025-12-19,10521.1,10521.1,10560.25,10456.75,10557.95,112079611,0.037322961188261505,0.03870550545214013,0.04122619170041142,0.0070441537913998875,0.15984168236438404,0.16564697023057157
2025-12-22,10669.0,10669.0,10721.0,10575.5,10602.45,145638366,0.06499366134619033,0.06052623731374429,0.05679240975717659,0.016007562513194573,0.15609857372230926,0.16711911927657025
2025-12-23,10727.05,10727.05,10770.65,10674.9,10701.4,165081833,0.0648887168185519,0.06392232123817876,0.053594459163427643,0.012244664531534166,0.15607906719756331,0.16734951951951543
2025-12-24,10742.75,10742.75,10828.25,10723.95,10772.55,153296521,0.04494343770365816,0.08641569539605087,0.047355208223011314,0.026086409793011578,0.14221526774111085,0.16180844710841924
2025-12-26,10806.15,10806.15,10836.05,10741.8,10780.8,191534847,0.05182138946343828,0.08898932793179548,0.05843006236318571,0.03185898162194811,0.142363181430058,0.16201443368678534
2025-12-29,10789.1,10789.1,10984.55,10751.0,10921.6,428917234,0.048192712558474016,0.07480960137077064,0.05814768393201486,0.020728311988113868,0.14309886176864012,0.1607439275933944
2025-12-30,11007.65,11007.65,11029.65,10755.3,10797.0,346546417,0.0632123401460416,0.09062761630643168,0.0722627165679206,0.04623498159662165,0.15600834658181248,0.16511961419814883
2025-12-31,11167.65,11167.65,11216.05,11108.9,11154.45,274754054,0.08257196450122861,0.08665382257640775,0.07883042926609396,0.03702992913213854,0.15888501374837996,0.16371236692283395
2026-01-02,11421.85,11421.85,11433.8,11276.05,11280.1,153333375,0.11267681097299609,0.12138333906042909,0.0994946828559331,0.0715022548623403,0.1680967227124033,0.16786998257988484
2026-01-05,11490.8,11490.8,11532.1,11429.25,11469.85,172674028,0.11871254788759122,0.1313572880821925,0.11039446919166762,0.0858743217138429,0.16717215267412505,0.16778160718726803
2026-01-06,11524.05,11524.05,11652.7,11475.6,11533.0,192547618,0.11447388144501858,0.13688089142755677,0.11476983604104873,0.09166241232152528,0.16739082643118444,0.16757773721154365
2026-01-07,11524.0,11524.0,11612.25,11492.15,11567.15,172048203,0.13628744404346382,0.11276336880322901,0.12934617302543328,0.07468232658229224,0.14141582385923568,0.16272147468664547
2026-01-08,11132.0,11132.0,11517.75,11107.15,11517.45,232336744,0.10079949370343089,0.08482636638714425,0.09935987597688856,0.06143337364083501,0.20120435682781132,0.1776925335084797
2026-01-09,11094.8,11094.8,11208.1,11036.55,11110.65,194687437,0.09211536568559886,0.08586780458920762,0.09501540523641805,0.06779411952379122,0.20327736390282927,0.17757274032544004
2026-01-12,11315.75,11315.75,11335.45,11048.25,11162.15,185321485,0.1021637600627261,0.11851079392693342,0.10634549139451965,0.09287002321249149,0.2094607974975931,0.17990126138022067
2026-01-13,11355.2,11355.2,11440.95,11267.55,11366.8,132191772,0.07770643812669342,0.11129379526326089,0.08978648768863973,0.09515269390149439,0.19412526848341805,0.17914597388634626
2026-01-14,11661.4,11661.4,11717.55,11352.2,11399.4,279274690,0.10501603786547142,0.1335779727332378,0.11891302914070845,0.13043949768416407,0.21010158339177712,0.18600031394450897
2026-01-16,11600.05,11600.05,11729.65,11551.5,11696.25,158224381,0.1085303912808726,0.1373378565195651,0.11493987935337446,0.13794073830360898,0.20769546860008653,0.1853110515963363
2026-01-19,11593.05,11593.05,11649.3,11557.25,11603.5,133296223,0.10513672349775738,0.13748240015306346,0.11416320926857171,0.147452174995935,0.20850560257568018,0.18530281175809848
2026-01-20,11374.45,11374.45,11692.55,11347.95,11614.45,179383644,0.08161732192865268,0.11157313527644086,0.10420257630461094,0.13616277750602923,0.22526632890567896,0.19026608109580906
2026-01-21,11438.95,11438.95,11474.05,11246.95,11376.65,183622597,0.08723897691306037,0.11688318028481182,0.11839078765526279,0.14522851423943006,0.2249639928979499,0.19042318343006912
2026-01-22,11573.7,11573.7,11685.85,11468.6,11514.9,200709098,0.08479707563970384,0.11850745835930598,0.11851580173393372,0.1380944734512447,0.22380645375039582,0.19072055333151988
2026-01-23,11477.8,11477.8,11783.9,11460.75,11673.95,211560859,0.069986622603605,0.09655445847245914,0.11309673898984685,0.13188522164293914,0.2279818393123003,0.19076975109808
2026-01-27,11829.65,11829.65,11865.6,11579.6,11710.6,225058200,0.10117521118894124,0.11640493761914628,0.13815384845200662,0.1457384117225915,0.24680779165272576,0.198462741017127
2026-01-28,12106.45,12106.45,12158.9,11828.55,11911.05,314393778,0.12032962711048811,0.12330781721178385,0.14719172301845274,0.15060316953764497,0.25524214617343105,0.20085747667145953
2026-01-29,12478.05,12478.05,12509.75,12188.55,12193.85,450089649,0.15654225097552144,0.1629991052454982,0.17671021064833548,0.18073431994369837,0.2679050339877415,0.2085684718962449
2026-01-30,11827.55,11827.55,12265.2,11776.25,12265.2,411481884,0.07448456300845319,0.11452910107753844,0.0983175096525698,0.1301362725311348,0.33920743490066013,0.23667771044549324
2026-02-02,11561.55,11561.55,11596.35,11227.9,11343.1,273147270,0.03527152086607299,0.08530621057374588,0.07511902080160315,0.11150424883288568,0.348981343402898,0.2419168878374381
2026-02-03,11893.2,11893.2,12041.35,11746.25,11984.55,241228110,0.04126739538691204,0.13278820464708718,0.06409432593061692,0.12771350487415112,0.35410513345207706,0.24578005253330829
2026-02-04,12044.25,12044.25,12104.3,11937.5,11959.7,193893127,0.04816461865144306,0.1714031453330611,0.06623301280823624,0.1609639481098235,0.3558645160846576,0.24196586972228734
2026-02-05,11921.2,11921.2,11934.15,11726.1,11838.2,178649953,0.03446271059219641,0.14332297540952177,0.0549334923152307,0.1374192321071246,0.3586552779084917,0.24221067083611178
2026-02-06,11943.15,11943.15,11959.55,11756.0,11823.75,154233049,0.03637191947240548,0.13912442176546325,0.05347360099455001,0.13445765169318546,0.35859918254367856,0.24211480353435313
2026-02-09,12129.45,12129.45,12243.15,12019.75,12129.05,180233303,0.08960204814947903,0.14872006136886662,0.08997105860744226,0.14201245665508755,0.33443778820610903,0.24344937706458014
2026-02-10,12228.3,12228.3,12287.6,12098.0,12194.1,206006134,0.10216497818797987,0.15989964477284913,0.0923590108195309,0.15760601104623584,0.3334394647109788,0.2435992799971415
2026-02-11,12276.55,12276.55,12291.35,12175.8,12278.5,141016420,0.08490820316815051,0.15941200914190712,0.07856473579676027,0.15652554580665567,0.3287874908649453,0.24358689665703187
2026-02-12,12279.2,12279.2,12325.1,12206.45,12257.3,122137615,0.08137241087783575,0.17003263536530167,0.07846173304390591,0.174002197731981,0.3290698492501146,0.24248359359040597
2026-02-13,11872.8,11872.8,12086.5,11841.25,12073.9,145221042,0.018128183580016,0.13118994650266513,0.025706420712997446,0.152038762236954,0.3431693648876806,0.2535945597709931
2026-02-16,11955.0,11955.0,11970.4,11749.1,11776.55,85599728,0.030599006038767085,0.15132370927511385,0.03105045196175582,0.1600963968768876,0.34298566811116526,0.25236644995961904
2026-02-17,11828.4,11828.4,11921.65,11713.05,11903.25,103093111,0.020300956176329876,0.1390821588671196,0.014833000083034786,0.15164326090830615,0.3456474673381571,0.2537306412162998
2026-02-18,11985.75,11985.75,12002.4,11844.7,11856.1,123524671,0.053743257915767284,0.15402390706765323,0.030485570038030207,0.1682572088657155,0.33975388630506265,0.25469843912908463
2026-02-19,11842.4,11842.4,12098.25,11799.65,12079.45,104446882,0.03526984557149038,0.16759592015814562,0.02347019897007918,0.19114192446042033,0.3434375025071582,0.25067405216297806
2026-02-20,11989.95,11989.95,12029.6,11812.25,11856.35,108607615,0.03596516239404868,0.1968526337855241,0.024840183448726405,0.21180862292244895,0.34370438504919315,0.24949884010293044
2026-02-23,11962.75,11962.75,12112.9,11875.3,12109.8,101491710,0.04225112826499866,0.1875583219171284,0.01572875683920527,0.19419545166372654,0.3420162632069813,0.24967269424178123
2026-02-24,12073.85,12073.85,12102.15,11912.45,11934.45,140330609,0.02064304522957161,0.17441905706809835,0.010742507556581238,0.20420884643710868,0.3269179774286793,0.24737148487825958
2026-02-25,12399.4,12399.4,12430.15,12155.45,12180.95,220409958,0.02419784495041899,0.2069010828567952,0.018683447341635517,0.23486352344661088,0.33025236211331227,0.2520649461081033
2026-02-26,12448.0,12448.0,12457.0,12348.9,12453.45,117457188,-0.00240822884986025,0.20935971359315264,-0.005463057714669817,0.2363184513902905,0.31228524663735924,0.2520560878122548
2026-02-27,12240.65,12240.65,12437.6,12217.8,12416.55,122069231,0.034926929076604996,0.1823059537147933,0.040534999872945066,0.22039844807980669,0.24993605748789405,0.25528078112710845
2026-03-02,12269.8,12269.8,12344.8,11896.0,11909.9,140557257,0.06125908723311313,0.1894124090598448,0.07013574610364914,0.2342222996955854,0.23263259513345477,0.25493374549063796
2026-03-04,11779.75,11779.75,12105.2,11671.5,12073.0,222674623,-0.009539064339286418,0.1475421813505824,0.03893235028751274,0.2054772232962454,0.2604353775888345,0.26977221788711264
2026-03-05,12049.2,12049.2,12200.9,11849.6,11861.05,191304390,0.0004109844946760255,0.17307682946419445,0.03959858572741193,0.22177705933407488,0.2693676572445787,0.27293676793404265
2026-03-06,12000.45,12000.45,12166.3,11922.35,12013.65,125870520,0.006647820689192452,0.16054582291701935,0.05314631251430724,0.22683965242777981,0.26711286482920993,0.2731476587597257
2026-03-09,11688.8,11688.8,11803.85,11516.65,11751.7,144396542,-0.02129672657548476,0.15253702498570276,0.04353039011639637,0.22697689401173848,0.28321244977897486,0.2758708660859316
2026-03-10,11868.5,11868.5,11907.45,11688.45,11835.35,102660345,-0.021513753715131423,0.17362906854286475,0.04056080077564472,0.23469997149217636,0.28304155488924015,0.276899947117475
2026-03-11,11822.1,11822.1,12103.95,11793.65,11929.2,115784924,-0.03321802703564669,0.1637070577812778,0.04653091407701582,0.23712698132444887,0.2810678335553031,0.2771970305083515
2026-03-12,11863.9,11863.9,11917.5,11580.9,11833.75,110739534,-0.03361286354879833,0.15555404043109622,0.05557233454658894,0.24279445823319035,0.28096308679509346,0.2767007870684099
2026-03-13,11292.5,11292.5,11817.1,11249.5,11801.15,167971452,-0.08035539774578149,0.07175566723137283,0.02256548052779861,0.18293373975936056,0.32768544093656754,0.2919705097935086
2026-03-16,11318.0,11318.0,11415.8,11202.0,11262.25,146173017,-0.04672865709857821,0.07247599058101128,0.034237569713472804,0.17308188982532946,0.3091209413486746,0.2919779705263898
2026-03-17,11637.35,11637.35,11660.1,11273.6,11380.6,156346672,-0.0265704726056043,0.11209487450247746,0.0552587555485069,0.20022095495747372,0.3259312992884512,0.29630740375811215
2026-03-18,11625.45,11625.45,11676.15,11503.0,11635.75,112545631,-0.01715785736025155,0.10822533519539768,0.05854940393799268,0.18726733942291762,0.3240742727101299,0.29635874913391813
2026-03-19,11249.35,11249.35,11521.1,11198.8,11389.55,119715488,-0.06143962622280619,0.06972133337770958,0.04767230964590663,0.17870217265805488,0.33850328877100144,0.30471297777524897
2026-03-20,11412.75,11412.75,11583.2,11291.35,11295.55,219205097,-0.0362806525704249,0.08474874300215762,0.055642717905842076,0.19457915259773095,0.3423202588627578,0.30592412749707537
2026-03-23,10863.45,10863.45,11223.8,10819.85,11215.15,181855473,-0.09395368621220268,0.018225700627987784,0.02565718964936059,0.15805811742499387,0.3766578308738559,0.32186587599567973
2026-03-24,11059.15,11059.15,11150.8,10909.9,11114.2,137082223,-0.0755344715888906,0.030959117371504696,0.03338318132500506,0.15567666497627486,0.3852215664656036,0.3237135512991303
2026-03-25,11342.2,11342.2,11387.65,11172.3,11195.3,131959576,-0.06059790373410301,0.0558004235414582,0.022714989042430855,0.16427106794249502,0.3965253910451434,0.32766681811171167
2026-03-27,11161.65,11161.65,11292.85,11148.3,11224.5,160963765,-0.09982337855057499,0.03289793312141698,0.004675802872950996,0.15664664484028668,0.3827739859792157,0.3293216414619426
2026-03-30,11138.4,11138.4,11340.6,11087.95,11154.9,238086714,-0.10520565552699235,0.03237526763122034,0.018934680857356168,0.17155826642924976,0.38145812316079686,0.32933718186383737
2026-04-01,11412.05,11412.05,11573.0,11374.55,11447.55,188916591,-0.0676924836507865,0.03673808669425349,0.03156819796742161,0.1623970603124184,0.3930873573645536,0.3305162197926931
2026-04-02,11456.6,11456.6,11481.25,11052.55,11307.05,147690125,-0.06627654892500279,0.025873840960273675,0.020292487016356553,0.15662594015333586,0.3934253729954129,0.3293365535712782
2026-04-06,11583.5,11583.5,11608.7,11366.1,11431.4,171739550,-0.0166599460939324,0.014152698555838228,0.04511371048987922,0.1417822368911975,0.3705269946385005,0.3268785958534034
2026-04-07,11762.65,11762.65,11784.45,11529.45,11602.7,135875271,-0.02378166185306918,0.023658056880286882,0.042529272701996135,0.14276718315964354,0.36528522175592804,0.32814038508590965
2026-04-08,12078.95,12078.95,12140.25,11984.5,12065.1,170222428,0.0065414213633654406,0.048151474525015114,0.02507276225290367,0.13147683729982595,0.3780343476945076,0.33245948007512066
2026-04-09,12229.7,12229.7,12286.55,12042.45,12089.85,142846967,0.0462750667305456,0.06123741756334611,0.0568023947347126,0.15173407089674318,0.3666584488375585,0.3333051810873388
2026-04-10,12356.4,12356.4,12387.15,12225.6,12317.05,115907090,0.04110881745797701,0.10998922026590008,0.04980568837321819,0.18056388555816816,0.3647476583865508,0.32543315740920076
2026-04-13,12329.3,12329.3,12372.75,12104.3,12147.75,134160993,0.04290269918204026,0.11126834192594726,0.04391662515660599,0.1829355472552856,0.36442739465734925,0.32536482359598234
2026-04-15,12548.0,12548.0,12644.15,12504.2,12594.9,150523481,0.05766232014767492,0.10889689150078441,0.03261275699333077,0.16934412325503267,0.3685491693611152,0.3248902477582367
2026-04-16,12740.2,12740.2,12816.25,12603.3,12629.7,162481369,0.12820013283152543,0.1219705509370157,0.08303379480576845,0.1816446078471886,0.3146619835895771,0.32604696608769407
2026-04-17,12880.0,12880.0,12902.7,12618.0,12756.0,131733604,0.13801024916062898,0.10449860222614782,0.09765149653470528,0.15561951302091226,0.31478488931021137,0.32253824445791196
2026-04-20,12829.65,12829.65,12902.0,12698.5,12854.6,115485947,0.10245459662208312,0.1059995431054177,0.06922045809330424,0.1577424367848479,0.3062655304145496,0.3224255829676221
2026-04-21,12835.0,12835.0,12986.6,12816.8,12919.0,124293369,0.1040432843459822,0.10712884012404,0.07044897360741742,0.14656134645086571,0.3059400790233364,0.3224015041403798
2026-04-22,12892.2,12892.2,12925.85,12825.75,12862.45,114974593,0.14603954895171722,0.1334350232318926,0.0862212626009422,0.1672961305587528,0.27146287100378647,0.31953075607692766
2026-04-23,12786.25,12786.25,12888.9,12768.35,12884.8,113412809,0.12034785656393066,0.11778178941248973,0.07455189380246052,0.15691323008624503,0.27494594286469676,0.3201381216047881
2026-04-24,12746.65,12746.65,12839.1,12618.35,12778.95,136567366,0.1733519277945772,0.10134615550774595,0.11181768797437885,0.15638595995043159,0.1872622458350055,0.3196293587646783
2026-04-27,12980.85,12980.85,13033.25,12837.1,12851.1,182865626,0.17376561489807085,0.13095279583195407,0.12225207602817845,0.1691165753956141,0.18751245652238568,0.3207310086412128
2026-04-28,13046.45,13046.45,13164.3,12978.55,13002.7,167081442,0.1502574456454655,0.10286018605791392,0.12068408620616067,0.1497194674822644,0.1762234177427183,0.31540218235594314
2026-04-29,13111.35,13111.35,13159.55,12871.4,13103.2,174836329,0.17467847495665967,0.08300534012860905,0.1151660030247652,0.12897902528018101,0.15418453182145048,0.3122955668452574
2026-04-30,12833.05,12833.05,13056.1,12805.85,13056.0,194761316,0.15214483229189102,0.02844995812647011,0.07753462596893823,0.08436699574542317,0.18359524347059697,0.30981798315444703
2026-05-04,12972.7,12972.7,13025.75,12897.8,12911.15,191625398,0.13675457082645104,0.09682055878013629,0.07326522076320097,0.14426600709373094,0.17278255819717614,0.289296186662877
2026-05-05,12989.6,12989.6,13041.1,12880.95,12955.2,146675437,0.13380933261176953,0.12351717546522756,0.07570624696641426,0.16559238125512943,0.173526740605779,0.2848367728038839
2026-05-06,13129.55,13129.55,13195.95,13019.25,13131.6,166200562,0.13347002201407165,0.10395436047489315,0.07414032912279778,0.15823864017079914,0.17342160257562614,0.2801346445620088
2026-05-07,13165.4,13165.4,13256.2,13129.8,13182.65,161324761,0.11925458973955694,0.09308591236482133,0.06722993188156878,0.14931455953175954,0.17041440575518066,0.27921176416236126
2026-05-08,13050.95,13050.95,13167.15,13030.4,13156.0,95300158,0.08047057070357932,0.09476814414656243,0.07301971533161167,0.15196354971619952,0.158614137739479,0.2789529648369485
2026-05-11,12926.4,12926.4,13036.85,12914.6,12997.55,114379317,0.05696787329206754,0.08232752665754006,0.05525389519441393,0.15541352308753786,0.1620940165166418,0.27987689764820445
2026-05-12,12881.4,12881.4,13076.65,12865.3,12945.75,150948027,0.04248810333106734,0.06199374250275147,0.07038964587154617,0.15816728689526316,0.16097917678205664,0.27847393771813506
2026-05-13,13290.8,13290.8,13344.1,12949.2,12949.6,390024379,0.07798496264994759,0.08688861084533417,0.09602200023613383,0.1841523915929426,0.19037469147016128,0.2849751724862419
2026-05-14,13562.25,13562.25,13580.0,13375.3,13424.45,251509284,0.08082961428116042,0.10472811987081077,0.10318504524895078,0.19196951311607757,0.19312356886107498,0.28753881198544556
2026-05-15,13300.6,13300.6,13628.65,13257.45,13628.65,183268871,0.04398675060046142,0.08318131474363155,0.0668513915129807,0.16702223062178634,0.20504460931696483,0.29077658361210035
2026-05-18,13169.95,13169.95,13212.3,12985.0,13157.65,193776780,0.02251164596273303,0.10925392493767272,0.05140277435792817,0.18075262026508998,0.20653388935414901,0.282520949974532
2026-05-19,13163.75,13163.75,13239.5,13103.8,13209.2,152017057,0.026041240407961297,0.10110832287745719,0.05669398899244793,0.18150275104422287,0.20578165726344624,0.28234845117342605
2026-05-20,13186.5,13186.5,13201.25,13004.3,13069.75,153336869,0.02738605375925207,0.11481688140407842,0.0647223665103851,0.19514217699706948,0.205760861926739,0.2811915972954249
2026-05-21,13213.5,13213.5,13348.4,13181.5,13312.05,100528120,0.02492204588821134,0.10243414054189359,0.0545962371589207,0.18627244101709284,0.20545801368144248,0.28018679585467793
2026-05-22,13271.6,13271.6,13293.85,13196.85,13239.15,100596697,0.03795874474533201,0.12068499628453688,0.05672964809990377,0.18884815325971926,0.20259936074891005,0.27878547816017246
2026-05-25,13345.65,13345.65,13385.85,13271.65,13355.7,100104719,0.04699273926874903,0.11306969587029125,0.04139602472325743,0.1732760127789289,0.20211750207937693,0.27803954566417427
2026-05-26,13492.55,13492.55,13516.35,13319.15,13350.2,150083247,0.03941960657429977,0.1278802950826523,0.04684924317810102,0.19785660205772326,0.19609088935756733,0.2785350737268599
2026-05-27,13718.3,13718.3,13873.75,13555.75,13556.7,167305572,0.05149676731984543,0.13619930676627567,0.055186963105255504,0.1958854765536706,0.20269549004742501,0.2797552722287023
2026-05-29,13440.95,13440.95,13828.8,13388.75,13828.8,319207709,0.025138525018400193,0.08400003225962549,0.051191527706752726,0.15992468643405888,0.21807159283336808,0.2787809841194383
2026-06-01,13506.55,13506.55,13569.1,13395.95,13505.15,166836946,0.05248167816692062,0.08503775706940875,0.07810725877223301,0.16794901789099348,0.20109299552207824,0.2788255178255087
2026-06-02,13557.65,13557.65,13629.15,13450.0,13470.55,210112280,0.045090844619855464,0.10759232557094589,0.07144940309408054,0.1749152194940512,0.19879383260462113,0.27627925762906946
2026-06-03,13535.2,13535.2,13613.6,13384.3,13588.7,128148764,0.042002833035659215,0.10313126538329898,0.06810054747118732,0.16185069235497285,0.19924915538766183,0.2763609086236368
2026-06-04,13436.0,13436.0,13545.25,13412.45,13492.85,130034057,0.02334048006214995,0.14060145588828288,0.06092218019554807,0.18406254609273132,0.1991592081921906,0.2626110327448937
2026-06-05,13221.65,13221.65,13476.25,13125.85,13438.35,161265435,0.004272562930104584,0.09730521528400216,0.04373344868546303,0.15380229997730333,0.20817544108868638,0.2617302626357235
2026-06-08,12913.65,12913.65,13075.55,12849.9,13011.1,123504886,-0.010520306950835057,0.07609714635701148,0.033041235048564044,0.13038855044835373,0.2227835857778311,0.26652658024652015
2026-06-09,12987.1,12987.1,13011.2,12877.5,12968.45,135181913,0.0046958163139003695,0.1110721374307031,0.02878691570403702,0.14378187235802842,0.2211316593746207,0.26040304632873756
2026-06-10,12766.45,12766.45,12964.3,12741.75,12963.5,124503704,-0.008923719471485958,0.07565825504486678,-0.0018833120641713608,0.11879846045080222,0.22933332387173933,0.26168835068371477
2026-06-11,12733.6,12733.6,12839.75,12627.6,12664.55,121004190,-0.04192373672013716,0.07710136101031129,-0.031203013511788558,0.10665071551426619,0.19630379833200773,0.2615904401841892
2026-06-12,12854.5,12854.5,12933.95,12744.25,12928.3,103917553,-0.05218529373813341,0.083496995085933,-0.049369745149308586,0.08418441403845356,0.18332856561162233,0.26209284740021577
2026-06-15,13083.85,13083.85,13931.35,12974.9,13004.9,361082575,-0.016296257311700257,0.15863183528890867,-0.025195125526008555,0.12827471216697273,0.18560660372129484,0.24194221380257158
2026-06-16,12881.5,12881.5,12984.5,12783.7,12984.5,453062673,-0.021902133265502166,0.13814278141014324,-0.036244708327188735,0.11335084034497567,0.19035048161869295,0.24475150525234404
2026-06-17,13011.4,13011.4,13066.7,12757.7,12848.95,391881664,-0.011573449814832437,0.1180724133930835,-0.03137610959762516,0.09667613629179383,0.19442480576181342,0.23944011476161353
2026-06-18,13010.4,13010.4,13100.95,12948.55,13008.2,535892651,-0.013354567170970388,0.1191308723533282,-0.03486857875218685,0.10272064071164966,0.1942460646562602,0.23939929814947863
2026-06-19,13020.8,13020.8,13050.7,12846.25,12928.5,236644274,-0.014583569833882093,0.1574713205651881,-0.029734909840814616,0.11352111584163183,0.19406507729474712,0.22819916557586808
2026-06-22,13091.2,13091.2,13106.4,12986.5,13053.85,194032009,-0.013592935290394514,0.14706797222404777,-0.0297654022999716,0.10430691788045388,0.19444920144095476,0.22692066442484934
2026-06-23,12669.1,12669.1,12987.7,12617.75,12987.7,446323079,-0.0506944210285748,0.16621331160911135,-0.04205584713975774,0.1079594323014963,0.22355290277245632,0.21294482693889882
2026-06-24,12618.75,12618.75,12712.45,12497.2,12611.95,163893232,-0.06476166477055856,0.141023496380825,-0.06927586271574138,0.09261084728737301,0.21775859072512443,0.2109402325795264
2026-06-25,12445.65,12445.65,12575.25,12428.25,12561.5,168836492,-0.09277024121064559,0.09728712242774762,-0.09899639560139939,0.06512646276591516,0.2073267146554699,0.2078656293852054
2026-06-29,12545.0,12545.0,12576.75,12442.9,12447.15,282338839,-0.06665823472299215,0.12393776905744236,-0.08358129531264502,0.07456572003331585,0.203519186756583,0.20498818821865125
2026-06-30,12519.15,12519.15,12573.05,12442.1,12529.25,142676665,-0.07310527114622167,0.12396304675716441,-0.09376808874120313,0.05525487877235946,0.2012362888805863,0.20498630372619345
2026-07-01,12394.75,12394.75,12522.9,12375.05,12515.3,109334956,-0.08577445206211987,0.08611073382959256,-0.10801550210562605,0.027623772274016467,0.20029553935919672,0.20103645654554578
2026-07-02,12503.9,12503.9,12590.2,12446.85,12450.85,100291159,-0.07619392399077962,0.09141455580189572,-0.10909629018636902,0.0270200154472493,0.20559499391810057,0.2015444608320644
2026-07-03,12598.45,12598.45,12744.55,12577.85,12653.8,104125548,-0.06233626079190224,0.08762032200975534,-0.09881895357213222,0.030907267711974606,0.20909889693340886,0.20096460942446454
2026-07-06,12722.45,12722.45,12739.8,12595.35,12648.2,84342639,-0.037756255837962605,0.08159725912103144,-0.08327618061071351,0.025088048997366386,0.20815701994334826,0.19963628716270287
2026-07-07,12582.75,12582.75,12707.25,12553.9,12689.6,83145213,-0.02562404897143722,0.041708923374962126,-0.08079419206489402,0.024984176021270788,0.19522550505955216,0.19413166102912577
2026-07-08,12468.7,12468.7,12655.65,12394.55,12482.25,94197032,-0.03991653255923178,0.01954258894331007,-0.06745067029336604,0.01504413578718422,0.19527519388361259,0.19358806706184462
2026-07-09,12503.3,12503.3,12579.4,12422.0,12506.35,81216244,-0.020612621363025885,0.01188857596063575,-0.05282684485553235,0.015539163869087602,0.18748968955265616,0.1925412629729096
2026-07-10,12688.9,12688.9,12822.05,12610.0,12626.2,95452068,-0.003510397688006539,0.029166294923475,-0.04864116580761857,0.01388905040441668,0.1955083536500801,0.19475629392544724
2026-07-13,12601.45,12601.45,12615.15,12510.55,12584.7,110278528,-0.01968571317437473,0.004259642970991351,-0.044581030838601765,0.0050974346121940295,0.19344129316029546,0.19201924937186704
2026-07-14,12677.7,12677.7,12768.25,12565.8,12566.35,109312470,-0.031042086236084954,-0.004905731464184271,-0.03934892022885528,0.0010743782096355181,0.18263867297009292,0.18984057905088714
2026-07-15,12536.9,12536.9,12728.2,12528.85,12700.3,92774790,-0.026751542910375403,-0.026638198757763965,-0.030476127062797898,-0.015344125720095692,0.1787761519411886,0.1897717392281501
2026-07-16,12495.9,12495.9,12623.15,12483.4,12620.9,73872829,-0.03961910324792106,-0.02601395985081434,-0.039081472239894555,-0.014025393778869133,0.17370036740279082,0.1897262572194256
2026-07-17,12436.95,12436.95,12501.65,12325.7,12486.5,108343693,-0.04407627743958675,-0.031012855473315115,-0.050957309434373266,-0.021153931457131292,0.17379454880780915,0.18992004136339213
2026-07-20,12543.75,12543.75,12594.1,12454.9,12472.85,78465096,-0.03663753379208645,-0.02702797040070748,-0.046024093390456655,-0.021301535132499994,0.177734042490831,0.19056405625354073
2026-07-21,12623.3,12623.3,12639.45,12528.0,12560.55,77616720,-0.03574156685407004,-0.012744158764297686,-0.03925976701880962,-0.013350140923213405,0.17826739819029158,0.1903581734413708
2026-07-22,12562.85,12562.85,12684.2,12540.85,12655.6,68281432,-0.008386546794957761,-0.014419474920861486,-0.015612439628165165,-0.01853283127417038,0.13663685809675472,0.1905000014569375
2026-07-23,12469.7,12469.7,12626.4,12423.95,12537.4,73971531,-0.011811788013868174,-0.039377236467565635,-0.005482048850345089,-0.03011718605356417,0.13837393312268767,0.18711259731674343
2026-07-24,12401.55,12401.55,12431.75,12295.1,12392.2,67853748,-0.003543406732472776,-0.04943107128759172,0.008451554243998793,-0.039918950056231695,0.13076882158525577,0.1869834525019305
2026-07-27,12476.45,12476.45,12515.55,12452.35,12494.2,63897127,-0.005464328417696285,-0.048423693975067406,-0.007539777339761411,-0.04090844046865327,0.1293496736026366,0.18713649244098032
2026-07-28,12400.25,12400.25,12508.5,12383.15,12483.05,81475481,-0.009497449906742839,-0.03372541991186817,-0.014508799199138833,-0.033216985864318094,0.13089003588640466,0.18249924283152255
2026-07-29,12686.8,12686.8,12705.6,12426.45,12456.45,120858170,0.02356239536900695,-0.022038588728637953,0.013383642550378383,-0.027465712785308738,0.14977453746696254,0.18730525827001732
2026-07-30,12701.8,12701.8,12749.4,12625.8,12720.45,67910985,0.015827061956669386,-0.02215618648765172,0.009976096878261398,-0.033987916462164036,0.14706304450461755,0.18730083178326523
2026-07-31,12719.0,12719.0,12809.9,12691.3,12778.3,107903209,0.009568637411744962,-0.031269160024524734,0.004923146964783021,-0.033433086723464456,0.14492253164457344,0.1859107536531248
2026-08-03,12914.55,12914.55,12917.6,12806.9,12859.4,99075176,0.015099292982090562,-0.01905373175140901,0.0010204452629809513,-0.03745537700206447,0.15076146733928913,0.18860239620766836
2026-08-04,13032.3,13032.3,13041.15,12865.2,12914.2,120312188,0.03572748405555215,-0.001429014746053059,0.026866307894617636,-0.01957706532114123,0.1467530011159669,0.18874137969028587
2026-08-05,13256.35,13256.35,13257.65,13010.0,13110.8,138130275,0.06317017812602743,0.02552528159425682,0.03207571240459872,-0.008435328441322998,0.1503977159976646,0.19085731484102078
2026-08-06,13124.6,13124.6,13322.8,13112.35,13316.2,128235640,0.04969088160725588,0.018879935410747395,0.02159737013105345,-0.03486144014030268,0.1573833327671366,0.1918880285070012
2026-08-07,13189.85,13189.85,13191.85,13064.75,13099.05,72412570,0.03947938749615809,-0.007595479579859621,0.024452680477490274,-0.057058196261106975,0.15093516231179338,0.18101295203121717
2026-08-10,13226.7,13226.7,13296.45,13158.3,13220.45,144902138,0.04961730594495073,-0.024741469888845846,0.0342193140714222,-0.062488041659570226,0.14727328543263918,0.17610351568052243
2026-08-11,13100.8,13100.8,13289.7,13073.65,13261.3,92561995,0.0333735614504207,-0.01502187871223859,0.0159260497468805,-0.05005050047932047,0.15251361217476705,0.17265734542353883
2026-08-12,13171.45,13171.45,13263.35,13105.3,13171.65,177344367,0.05061458574288702,0.00011389564880648351,0.03576942434371344,-0.033120848017232696,0.14521611678261587,0.1718551994954012
2026-08-13,13033.75,13033.75,13155.4,12980.35,13141.4,88191555,0.04304211781464318,-0.009875605355616712,0.029620318918588406,-0.04281021494893544,0.1511599180816957,0.17319930416491278
2026-08-14,12941.7,12941.7,12991.35,12812.9,12953.8,110078194,0.040584709273575825,-0.01856444090547149,0.03928205344487723,-0.0484473607245679,0.15279770610945473,0.17372918949359487
2026-08-17,13104.6,13104.6,13154.6,12921.2,12947.2,125605330,0.044711509715994024,-0.00824157112044499,0.0426837278555241,-0.03499951743892071,0.1556709022978727,0.17564845661689282
2026-08-18,13025.3,13025.3,13132.15,13024.3,13101.05,79857506,0.031845872315480195,-0.018558425510111887,0.03320188504857946,-0.036923199977634935,0.15750889681242147,0.1758050459533891
2026-08-19,13023.25,13023.25,13023.25,12907.85,12980.2,75514591,0.03664773518747744,-0.024157684339091712,0.033228418367140966,-0.02609685485199653,0.15587309805555002,0.17537872991085363
2026-08-20,13060.25,13060.25,13154.35,12995.15,13119.15,94654880,0.047358797725687074,-0.032039903502303124,0.0321825900838244,-0.045344009559451726,0.1520123973734525,0.17391749438122017
2026-08-21,13172.6,13172.6,13210.35,13073.1,13122.75,144552602,0.06217367990291556,-0.039778981360664156,0.04178652027167762,-0.05420351978286897,0.1506310746559651,0.17129766290323611
2026-08-24,13381.45,13381.45,13381.45,13230.95,13250.0,181589918,0.07253665906567974,-0.004426770429173499,0.06323919137785539,-0.03293483515934936,0.15700810508607801,0.16951070522122735
2026-08-25,13372.3,13372.3,13372.3,13222.35,13345.7,186880401,0.07838954859781055,-0.009939621887158467,0.06383061251549016,-0.05065156956526551,0.15373638049425997,0.16920085272848728
2026-08-26,13541.7,13541.7,13590.1,13288.65,13393.55,220726702,0.06738499858120273,-0.0011764575719243053,0.06913546744816279,-0.03201503158042651,0.14061059910874626,0.1710317922856262
2026-08-27,13425.2,13425.2,13640.6,13402.6,13586.35,159695730,0.056952557905178836,-0.008126957858029416,0.06625877913648093,-0.037404139875854225,0.1467259682662124,0.1719138278921553
2026-08-28,13525.35,13525.35,13525.35,13393.0,13471.25,147225976,0.06339727966035058,0.006650044656147713,0.07192552085858805,-0.02576718094066499,0.14753219403912976,0.17193250467403223
2026-08-31,13193.9,13193.9,13435.2,13186.6,13425.8,146993062,0.02163064140833404,-0.0020988303275309983,0.0496395203168426,-0.032642347201420896,0.1704253514287088,0.176318567401984
2026-09-01,13189.85,13189.85,13370.0,13127.7,13239.15,133282689,0.012089193772396367,0.021388220990967044,0.034803062222091286,-0.018952599025899186,0.16781352562077806,0.16936376946222906
2026-09-02,13157.35,13157.35,13160.15,13030.0,13105.3,88027592,-0.007468119052378652,0.013109162168613464,0.021372947139788878,-0.015818930416610533,0.15635494958329285,0.16909315305839898
2026-09-03,13176.05,13176.05,13337.4,13078.35,13221.6,83435019,0.00392011947030757,0.03208409542198476,0.0348728220701614,0.003718752306431039,0.15224161411892842,0.16519079831807798
2026-09-04,13317.45,13317.45,13382.3,13144.65,13198.85,98643579,0.009674105467461835,0.04585113400766483,0.03706252055523529,0.014070098941457498,0.15592062149512964,0.1663557698404362
2026-09-07,13152.9,13152.9,13353.8,13125.55,13336.7,98019595,-0.0055796230352243015,0.02321366058578711,0.02715129590545895,0.01659931613966603,0.16216936741094531,0.16750715636576743
2026-09-08,13155.95,13155.95,13266.85,13134.35,13192.7,107376227,0.004209666585246907,0.0055106104090156816,0.03839607930210498,0.014683147296777332,0.15841539703430255,0.16357997449229678
2026-09-09,13391.4,13391.4,13437.8,13168.0,13191.8,131331481,0.016698996693606194,0.03958389939059881,0.05780438653372233,0.06282984105775058,0.169454868832692,0.16419379882322532
2026-09-10,13304.95,13304.95,13422.45,13241.7,13410.45,73755575,0.020807518941210468,0.022560984982400223,0.05843887193054054,0.047799963181827776,0.16645425309345657,0.16364780942574036
2026-09-11,12999.05,12999.05,13084.1,12886.1,13079.85,96375577,0.00443141163834726,-0.0008723790198610359,0.044154812714642055,0.03098381059553945,0.1857006147418829,0.170665645534974
2026-09-15,12669.15,12669.15,13049.5,12669.05,13039.3,85581433,-0.033228789890572874,-0.027006789137380194,0.014904757918615452,0.01024371223691034,0.20107125451684976,0.17858669118579326
2026-09-16,12739.1,12739.1,12803.55,12553.1,12700.75,80451117,-0.021972622511573503,-0.026895930090442444,0.016831130188387333,0.00983412176648446,0.20192348289963355,0.1786027790624808
2026-09-17,12858.45,12858.45,12895.75,12726.35,12731.0,67975937,-0.012654291363522918,0.014945813041179035,0.020890483212262945,0.03817859031609405,0.20529469706954973,0.16649236221828137
2026-09-18,13052.6,13052.6,13054.7,12908.0,12908.1,113326133,-0.0005857468272046917,0.034381376919266904,0.035954972640096394,0.06249143551305658,0.21242690998242247,0.16895426831894833
