Date,Adj Close,Close,High,Low,Open,Volume,Return_20D,Return_60D,Relative_Strength_20D,Relative_Strength_60D,Volatility_20D,Volatility_60D
2019-01-02,30195.2,30195.2,30455.1,29985.8,30347.6,23768072,,,,,,
2019-01-03,30189.2,30189.2,30479.3,30122.1,30187.8,20217241,,,,,,
2019-01-04,30190.2,30190.2,30350.3,30085.5,30256.1,20339807,,,,,,
2019-01-07,30282.6,30282.6,30491.2,30241.9,30440.9,20899470,,,,,,
2019-01-08,30272.0,30272.0,30385.1,30159.7,30341.85,18731288,,,,,,
2019-01-09,30577.35,30577.35,30640.7,30331.05,30404.7,24818176,,,,,,
2019-01-10,30571.65,30571.65,30774.3,30519.25,30614.55,19305431,,,,,,
2019-01-11,30759.05,30759.05,30849.25,30611.95,30704.45,25793965,,,,,,
2019-01-14,30716.4,30716.4,30753.0,30456.8,30735.1,16657850,,,,,,
2019-01-15,31011.05,31011.05,31045.9,30759.9,30797.2,20150165,,,,,,
2019-01-16,30783.85,30783.85,31040.85,30691.0,30995.25,17921690,,,,,,
2019-01-17,30737.25,30737.25,30912.8,30514.95,30822.3,21370739,,,,,,
2019-01-18,30540.35,30540.35,30855.95,30461.3,30727.8,21911405,,,,,,
2019-01-21,30485.0,30485.0,30727.4,30403.0,30626.7,19604898,,,,,,
2019-01-22,30507.6,30507.6,30592.4,30205.35,30486.3,22864495,,,,,,
2019-01-23,29991.4,29991.4,30854.55,29869.75,30620.0,51981317,,,,,,
2019-01-24,30036.75,30036.75,30264.55,29983.4,30118.75,42081326,,,,,,
2019-01-25,29938.05,29938.05,30331.1,29856.25,30125.8,22428348,,,,,,
2019-01-28,29565.55,29565.55,29991.3,29533.5,29951.8,19921938,,,,,,
2019-01-29,29758.9,29758.9,29842.1,29488.7,29561.55,17781812,,,,,,
2019-01-30,29463.85,29463.85,29857.55,29337.35,29853.9,30784000,-0.024220737070792753,,-0.011183887841003548,,0.11016246515571118,
2019-01-31,29800.55,29800.55,29872.75,29450.6,29571.8,47908371,-0.012873809176791706,,-0.02774416878348185,,0.11889077550952257,
2019-02-01,30199.9,30199.9,30536.6,29872.2,29936.1,43443621,0.00032129631469812736,,-0.015181207780504025,,0.12882758151914056,
2019-02-04,30008.9,30008.9,30299.35,29889.2,30233.0,19318602,-0.009038193550091389,,-0.022076886977292043,,0.13019978374640204,
2019-02-05,29759.85,29759.85,30053.65,29695.35,30023.95,37339130,-0.016918274312896497,,-0.029156505958396806,,0.1331657298933592,
2019-02-06,30029.0,30029.0,30074.65,29805.6,29883.35,28548850,-0.017933208731299444,,-0.037030116395198154,,0.13209157310561725,
2019-02-07,30266.3,30266.3,30319.5,30034.45,30091.65,22339374,-0.009988011769073712,,-0.03288673193936387,,0.13571959901271313,
2019-02-08,29769.05,29769.05,30315.45,29699.9,30163.2,16403218,-0.03218564942675406,,-0.04595592269091875,,0.14464169128098353,
2019-02-11,29728.5,29728.5,29842.95,29320.85,29744.5,24711817,-0.032161972106106274,,-0.04624334977085798,,0.14464227414573216,
2019-02-12,29524.0,29524.0,29817.9,29483.5,29767.6,20199811,-0.04795226217751414,,-0.042863584599494686,,0.13946983043480263,
2019-02-14,29451.45,29451.45,29597.3,29399.95,29423.8,21880290,-0.04328243543286492,,-0.030036702754512867,,0.13826777530656048,
2019-02-15,29309.1,29309.1,29568.3,29003.25,29542.75,51245356,-0.04646316765488134,,-0.02988393926389632,,0.13855000359534028,
2019-02-18,28965.15,28965.15,29348.65,28887.7,29238.35,56594379,-0.05157766692261212,,-0.02718954785754857,,0.1419084234015521,
2019-02-19,29009.7,29009.7,29267.7,28913.2,28913.2,55365248,-0.04839429227488923,,-0.015781182923867654,,0.14266600351954775,
2019-02-20,29053.4,29053.4,29175.7,28907.6,29124.35,19553998,-0.04766681089302327,,-0.030519132452383357,,0.1429204175368346,
2019-02-21,29166.35,29166.35,29229.3,29024.75,29092.55,21946832,-0.027509552738451792,,-0.023664250552697275,,0.13352637388337832,
2019-02-22,29241.2,29241.2,29282.0,29121.0,29214.6,22015109,-0.02648588812038588,,-0.021126396230279565,,0.13388177568791823,
2019-02-25,29327.05,29327.05,29362.7,29165.6,29294.45,42226812,-0.020408810861094806,,-0.029643015655011262,,0.13450095950931434,
2019-02-26,29253.65,29253.65,29391.3,29095.05,29171.0,28240715,-0.010549440142327726,,-0.02684632035045731,,0.12767939608533851,
2019-02-27,29171.95,29171.95,29547.85,29055.6,29340.85,30000909,-0.01972351128569938,,-0.034222881601745914,,0.12511453895274752,
2019-02-28,29262.85,29262.85,29375.15,29180.95,29375.15,60223280,-0.006821919063530357,,-0.020030972734496055,,0.12123237258004797,
2019-03-01,29464.9,29464.9,29494.75,29334.45,29335.2,23232320,-0.011263214940663735,,-0.014268473399112525,,0.11644231555419257,
2019-03-05,29649.2,29649.2,29726.1,29371.8,29559.35,29030097,-0.01823515971907197,,-0.026845662289286976,,0.1076322475481835,
2019-03-06,29710.3,29710.3,29997.7,29651.3,29822.65,37894667,-0.009950381386855334,,-0.02284872957352624,,0.10613811249814788,
2019-03-07,29904.05,29904.05,30012.9,29754.2,29812.0,26558673,0.004845454530180815,,-0.006481290119662031,,0.10466781336245573,
2019-03-08,29945.75,29945.75,30071.05,29777.5,29920.2,23274485,-0.00277232009057915,,-0.00032712899729292477,,0.09958091679831318,
2019-03-11,30256.4,30256.4,30290.8,29977.35,30069.2,32289014,-0.0003270964736356019,,-0.009238998706935342,,0.10252948157914694,
2019-03-12,30480.8,30480.8,30563.75,30387.35,30411.35,29800665,0.023909059912896158,,-0.008767627712915393,,0.08500972731530779,
2019-03-13,30451.6,30451.6,30628.95,30391.4,30578.85,24797164,0.024323460652236006,,-0.01726977264699614,,0.0848610943519897,
2019-03-14,30467.3,30467.3,30516.3,30166.35,30500.25,27751589,0.031950277740143695,,-0.015305810200066272,,0.07937276562610489,
2019-03-15,29953.4,29953.4,30553.35,29854.7,30538.2,42328262,0.017043303470627214,,-0.04631019079575238,,0.10258840065608837,
2019-03-18,30172.3,30172.3,30192.7,29971.75,30105.5,22699510,0.029451603768112955,,-0.03934476505568307,,0.10269812650469687,
2019-03-19,30433.15,30433.15,30468.85,30119.85,30244.6,30877740,0.05068159495117408,,-0.033093836655036846,,0.09284026141475384,
2019-03-20,30297.35,30297.35,30584.05,30250.4,30491.75,30051038,0.04438687749270054,,-0.04205880084499514,,0.09603823235214197,
2019-03-22,30198.85,30198.85,30424.7,30095.7,30363.6,21614196,0.03942567823387266,,-0.027776924562190164,,0.09794478053904952,
2019-03-25,29921.45,29921.45,30065.8,29792.25,30065.8,23753563,0.02588942394231708,,-0.026419033641244427,,0.10526785881739116,
2019-03-26,29957.8,29957.8,30013.9,29787.95,29959.6,22946782,0.024506518200347438,,-0.03958002874485489,,0.10515830049613262,
2019-03-27,29891.35,29891.35,30202.2,29821.4,30012.95,27271587,0.01924162164281773,,-0.0326834723908529,,0.10562916714877604,
2019-03-28,30243.25,30243.25,30316.1,29882.25,29952.6,41830420,0.03382825732857264,,-0.03397791403317019,,0.11134598389003579,
2019-04-01,30193.15,30193.15,30539.4,30162.15,30402.6,22973796,0.035006230299997165,,-0.044805734446103695,,0.11081307404356251,
2019-04-02,30073.15,30073.15,30295.0,30024.7,30237.15,26883591,0.02769039926049599,-0.004042033170835069,-0.05761886136609662,-0.08935129379742768,0.1124804102957741,0.11407027826453658
2019-04-03,29969.0,29969.0,30177.95,29929.6,30140.0,28648668,0.01710849179871632,-0.007293999178514143,-0.05473301373011874,-0.09834323390525879,0.11174709031058655,0.11428306332824366
2019-04-04,29998.7,29998.7,30078.35,29907.35,29980.6,20403646,0.01178783913225323,-0.006343117965432521,-0.04378008553037449,-0.08750486083098696,0.10992957575681339,0.11430545572855827
2019-04-05,29869.15,29869.15,30100.0,29801.1,30057.6,21563374,0.005346630629781579,-0.013653054889606442,-0.05010891947539342,-0.0966615035089261,0.11112580382523166,0.11443461389095595
2019-04-08,29804.45,29804.45,29986.15,29731.25,29934.65,15017780,-0.0033306525370309092,-0.01544496564482023,-0.052732887533560646,-0.08972180686259723,0.10891461920594446,0.11450348099307014
2019-04-09,30019.25,30019.25,30038.4,29787.3,29834.0,16200092,0.0024544384428508703,-0.018252072203771674,-0.055228090704734445,-0.09349744194023579,0.11191067304419204,0.11355249709630054
2019-04-10,29994.95,29994.95,30133.65,29948.85,30052.3,20128277,-0.008641146996999027,-0.01886388206066736,-0.045912649835864294,-0.08934331420041819,0.10523348748461,0.11355685627231804
2019-04-11,30151.15,30151.15,30203.5,29998.3,30034.0,26697765,-0.010815004855515564,-0.01976328917830683,-0.03696267013823196,-0.09403412744008444,0.10334047968179612,0.11335046772966002
2019-04-12,30533.7,30533.7,30582.25,30193.5,30205.4,36470890,0.0026960816508820873,-0.005947962651873251,-0.02390927687593858,-0.09031044764773788,0.11335336734022242,0.11638248562739793
2019-04-15,30547.4,30547.4,30751.7,30455.0,30670.35,23623321,0.0026290481926525278,-0.014951122261258387,-0.027970613224930663,-0.0887606731948134,0.11335063675895315,0.11464219866259383
2019-04-16,30742.6,30742.6,30828.1,30578.75,30643.2,20683496,0.02634759326153291,-0.0013399883380409428,-0.005183475542802851,-0.08369314683891793,0.09541738801528436,0.1144604904861102
2019-04-18,30558.95,30558.95,30811.35,30532.45,30785.65,22804409,0.012814734044139797,-0.005800779184865212,-0.01253813053886077,-0.08352513033793552,0.09601262052385043,0.1150758803993086
2019-04-22,30418.1,30418.1,30562.8,30365.1,30539.65,14106079,-0.0004945265278160083,-0.004002901080046528,-0.005875002628692894,-0.06703610355084055,0.09287646884573128,0.11471041451298984
2019-04-23,30495.05,30495.05,30565.15,30407.6,30459.8,19629974,0.006525323171828523,0.0003296703296702397,0.0017600985129904156,-0.05569195082195533,0.09174714028366884,0.11477293598356861
2019-04-24,30631.25,30631.25,30678.75,30247.75,30493.45,29832006,0.014318426032779552,0.0040530884107568,-0.009182694760792476,-0.06949985298449612,0.0918384657330253,0.11512665231315979
2019-04-25,30371.3,30371.3,30786.15,30312.2,30686.95,38457309,0.015034364978969927,0.012666964529831848,-0.01029093653257851,-0.06214260059849752,0.0908545633290926,0.1109523235694636
2019-04-26,30440.75,30440.75,30511.35,30298.35,30446.1,14392110,0.016121010221044285,0.013450190183691646,-0.007513447848317645,-0.069947715973671,0.09100691993778719,0.11100235111887556
2019-04-30,30336.9,30336.9,30628.75,30255.1,30442.45,24101454,0.014905649962280165,0.013322510985184444,-0.011577466416414772,-0.07643177831059678,0.09163071403453939,0.11101968620267375
2019-05-02,30091.25,30091.25,30442.6,30030.25,30349.5,31138750,-0.00502591487356685,0.017780829377434193,-0.018401022911596177,-0.08194202656655336,0.087088798252483,0.10921771673151937
2019-05-03,29750.55,29750.55,30063.4,29688.15,30026.0,25929607,-0.014658954100516208,-0.0002805883281976618,-0.018352420028389327,-0.09979522241796757,0.09560288511473887,0.11100871488267393
2019-05-06,29575.85,29575.85,29677.05,29371.1,29677.05,19977935,-0.016536345544114983,0.0038012683339074815,-0.006722614591364584,-0.08505227873482357,0.09669462164383213,0.10975428443506866
2019-05-07,29557.05,29557.05,29910.75,29521.0,29742.45,40204807,-0.01374587073309086,-0.00817099013273248,-0.00120289328663159,-0.06974916963550104,0.09619210493287882,0.10720307716697725
2019-05-08,29395.7,29395.7,29587.45,29310.4,29480.7,26240056,-0.02010087103774494,-0.026629227249096887,0.00046731353610396376,-0.06938806271607345,0.09742141768682587,0.10400262809872357
2019-05-09,29474.8,29474.8,29550.6,29217.05,29296.05,20225348,-0.013202585276112733,-0.01779805324420425,0.01801222230735522,-0.05349644768050299,0.09744013087438702,0.10346186381707398
2019-05-10,29359.05,29359.05,29533.3,29257.2,29505.3,18436110,-0.014944077142842849,-0.013467809817589771,0.013113970112532236,-0.04497867178551007,0.09800182515924526,0.10238999444526824
2019-05-13,29061.0,29061.0,29658.55,28988.55,29295.95,48698880,-0.031921183906993056,-0.03223550567784472,0.012951351636410813,-0.039986953005158865,0.0987608567358565,0.10256142063293755
2019-05-14,29235.1,29235.1,29406.65,28996.2,29105.3,36928697,-0.02533259765393847,-0.0340708973346594,0.0059381745211236625,-0.04786111258351633,0.10236958164871443,0.1019680426705427
2019-05-15,29185.1,29185.1,29368.75,29118.55,29361.0,36347341,-0.0320402372712153,-0.019616010588177968,0.00587573778263939,-0.03911602870307562,0.09946827451332643,0.09641317890124755
2019-05-16,29228.7,29228.7,29344.2,29032.1,29258.8,45065053,-0.042739661423279895,-0.016812149957111888,-0.009557865696353529,-0.05063587812676307,0.08516559736162431,0.09646013622813322
2019-05-17,29962.15,29962.15,30002.45,29250.9,29251.7,46727172,-0.01915875000818401,0.01484046877116918,0.005066292716191856,-0.038315169395280124,0.12811844277881695,0.10830321673501596
2019-05-20,30547.65,30547.65,30592.85,30055.5,30447.05,33027463,-0.006341363450065973,0.03722057827373537,-0.009828178160404155,-0.06348621305719981,0.14513790446628105,0.11499481865056617
2019-05-21,30537.9,30537.9,30824.95,30491.3,30557.65,32762161,-0.0006888325678728879,0.041925545308453716,0.003029446994335827,-0.04989303502082976,0.14358527240376667,0.11445073844313039
2019-05-22,30247.65,30247.65,30459.65,30064.25,30459.65,27293137,-0.00560357155772373,0.04427734708779352,-0.017975887010033387,-0.058810269636107915,0.14670610416625632,0.1134891270216308
2019-05-23,29723.8,29723.8,30664.0,29630.8,30609.65,45616577,-0.02529098984917222,0.02461590433544636,-0.03229686046943803,-0.07465470009481856,0.15834115051778486,0.11943555480039617
2019-05-24,29965.4,29965.4,30038.3,29606.85,29889.8,29148853,-0.021737604570495783,0.03139047409253304,-0.031796252534306735,-0.07187947676118878,0.1606006456342388,0.12045403548250475
2019-05-27,30105.4,30105.4,30129.3,29948.9,29994.05,21432272,-0.008754975914761598,0.032196349560366766,-0.03305965389063359,-0.07298587555970504,0.15933104642256082,0.12055781993933082
2019-05-28,30068.95,30068.95,30223.55,29997.1,30194.45,36831783,-0.012213890919244741,0.028307661792265737,-0.027025017034390975,-0.07706080069636623,0.1590213253614011,0.12053387019457545
2019-05-29,30014.2,30014.2,30207.75,29960.8,30073.6,18426320,-0.01063721078950064,0.023430587120081947,-0.020251423665098023,-0.06673402857467758,0.15874901490981974,0.12051214438693846
2019-05-30,30002.4,30002.4,30124.8,29974.9,30055.7,24842085,-0.00295268558135664,0.0255950966802434,-0.021814528317875448,-0.07690327493445248,0.15619415074434229,0.12037329892707513
2019-05-31,29850.4,29850.4,30316.75,29756.4,30060.95,48777826,0.003356240472865313,0.023256930030388867,-0.014620647374260498,-0.08002663830182843,0.15171496387382238,0.12072427954551687
2019-06-03,30278.75,30278.75,30313.35,29956.3,30019.95,38563328,0.023766011796787057,0.0347163724654298,-0.01850759022830295,-0.0853716335283159,0.15777019725850797,0.12391444677361335
2019-06-04,30197.95,30197.95,30339.95,30150.75,30254.1,36086791,0.021683490064130284,0.02487875404294604,-0.023868304803309037,-0.08173056989731253,0.1582449308888629,0.12338143344215963
2019-06-06,30057.4,30057.4,30375.0,30010.1,30313.1,28037466,0.02251009501389656,0.013767656462906341,-0.02012399346402538,-0.06416669495311345,0.15782667485072044,0.12320531072907435
2019-06-07,29971.45,29971.45,30110.9,29793.6,30098.1,20464421,0.01684998710763108,0.008789880950377471,-0.03348275597471995,-0.06518554568718704,0.15832149937112955,0.12330584023076267
2019-06-10,30360.9,30360.9,30437.25,30117.6,30161.4,22483520,0.03412406055373052,0.015277194895005897,-0.022955954553294022,-0.06290008393256108,0.1628173943664608,0.12539880565807
2019-06-11,30311.3,30311.3,30466.9,30267.3,30459.55,20035966,0.043023295826021046,0.01220707445964786,-0.030297903985782915,-0.07208521995861727,0.15727047273985922,0.12543472065626937
2019-06-12,30379.25,30379.25,30433.0,30156.9,30351.0,17450219,0.039136175350862556,0.004060297986541617,-0.02182865750340146,-0.06203453535805714,0.15660995833510194,0.123732277074744
2019-06-13,30354.55,30354.55,30389.7,30162.6,30351.5,14875584,0.0400701042655327,-0.004141951654812237,-0.027784140127001145,-0.058370670621245235,0.1563659673922158,0.12279753213022915
2019-06-14,29966.1,29966.1,30356.0,29897.5,30313.95,16180099,0.025228628026562783,-0.015943333026836037,-0.025068536870242797,-0.05840606798557213,0.16502386057431725,0.1255654406495636
2019-06-17,29703.9,29703.9,30020.55,29657.25,30019.4,19005568,-0.00861920790063464,-0.02505637191349408,-0.03185025079262549,-0.05405162377032513,0.14308222646913157,0.12675954756793625
2019-06-18,29580.75,29580.75,29733.55,29409.85,29706.3,29398576,-0.031652189284609555,-0.012440991673733248,-0.02009088478056209,-0.03560139018006103,0.12287233090458322,0.1222309104908515
2019-06-19,29585.4,29585.4,29789.8,29473.35,29657.5,19741541,-0.031190749855098066,-0.019451616217524004,-0.02968342523994416,-0.03945213933644087,0.12295022854224207,0.12123421130967652
2019-06-20,29651.45,29651.45,29702.85,29357.1,29467.15,22642382,-0.01971062214750574,-0.025685806431473557,-0.027706056275568103,-0.05164307458341444,0.11990052695167928,0.11992390227330696
2019-06-21,29423.85,29423.85,29665.7,29388.5,29642.8,37626684,-0.010091240016417813,-0.028830904353020936,-0.015843107410905444,-0.046455149376671945,0.10634893094893548,0.12057027210272009
2019-06-24,29464.2,29464.2,29625.5,29406.85,29440.7,41483451,-0.016725957270718905,-0.02432708530291705,-0.004530077168894753,-0.045515189565274006,0.10171213788331737,0.12048927915609474
2019-06-25,29552.6,29552.6,29618.6,29285.65,29424.85,33851661,-0.018362154297900113,-0.012327276920069075,-0.007603035265006386,-0.05127306332714121,0.10068331681500221,0.11926645658628714
2019-06-26,29524.1,29524.1,29634.5,29440.85,29508.05,31551759,-0.01812002081881814,-0.014477031023639952,-0.011312920719268704,-0.04620148226240084,0.10067786861761531,0.11923917926459957
2019-06-27,29486.8,29486.8,29668.8,29429.95,29591.25,39820803,-0.017571682736837957,-0.01353401569350332,-0.01592345404545692,-0.04817781425850454,0.10063056704303883,0.11918752954239048
2019-06-28,29546.05,29546.05,29575.25,29446.65,29544.2,22332813,-0.015210449830680317,-0.0230530779595447,-0.002063614840054462,-0.041968342382621704,0.10114606582271152,0.11667177369236874
2019-07-01,29600.4,29600.4,29728.8,29579.4,29630.1,14018949,-0.008375097151126942,-0.019631936382921267,-0.003577549909747346,-0.0364668568504668,0.10021003353079547,0.11672928657414373
2019-07-02,29710.95,29710.95,29750.9,29568.75,29663.35,20226219,-0.018752425380836324,-0.012043966129254846,-0.004007066931729253,-0.02887110184694519,0.08569223544182387,0.11676847517848855
2019-07-03,29812.65,29812.65,29850.35,29609.35,29776.35,28596202,-0.012759144246546561,-0.005217057626213717,-0.004033188390534792,-0.028645516191531217,0.0867849528742042,0.11679832454807366
2019-07-04,29889.45,29889.45,29924.75,29754.15,29830.45,21259166,-0.005587642311044916,-0.0036418244790608068,-0.014284212231889248,-0.033711664106582884,0.08613533579227052,0.11690564458266216
2019-07-05,29973.25,29973.25,30151.3,29570.25,29940.2,50510430,6.00571543918349e-05,0.00348520128627694,0.005072419412738727,-0.00896129410257207,0.08622828068375966,0.11670687304944781
2019-07-08,29594.65,29594.65,29999.95,29541.8,29931.8,23794696,-0.025238052890395157,-0.007039217298087985,0.005300380515877112,-0.003083821492581462,0.08327367249527813,0.11953196509176804
2019-07-09,29321.3,29321.3,29550.55,29259.4,29539.9,19743464,-0.03266108678941515,-0.023250081197898065,0.0015786698567125113,-0.013307457836284842,0.0879953280484651,0.11999819880784299
2019-07-10,29154.05,29154.05,29495.8,29056.55,29322.25,19801803,-0.04033015956615127,-0.028034719177728262,-0.006121108986953505,-0.020662722984402526,0.08785276334241737,0.12049219078003576
2019-07-11,29293.65,29293.65,29370.55,29166.2,29201.2,16523982,-0.034950279282677466,-0.02844004291710267,-0.0071554135996239054,-0.0272500660741144,0.09108505450358254,0.12041139318141615
2019-07-12,29252.0,29252.0,29406.7,29157.0,29269.05,21635959,-0.02383026152886092,-0.041976570150358494,-0.0009263506781745923,-0.03416529481642738,0.08109687798028709,0.11729004263456215
2019-07-15,29079.9,29079.9,29329.0,29023.85,29288.95,17628528,-0.021007342470180657,-0.04804009506537377,-0.013827792991679355,-0.039314949675521405,0.07810865334769694,0.11774199243669292
2019-07-16,29366.6,29366.6,29420.5,29078.1,29101.0,19143296,-0.007239505421600234,-0.0447587386883348,-0.00476759072930244,-0.034192081173804234,0.08609614200439202,0.1188455381670153
2019-07-17,29614.25,29614.25,29631.7,29285.7,29367.95,21582629,0.0009751431449296355,-0.03091402027883816,0.0013130135755871075,-0.0253579140086152,0.09155288921893427,0.11979651269289553
2019-07-18,29553.9,29553.9,29674.25,29506.75,29620.5,23177175,-0.003289889701852622,-0.028410715988178015,0.016559212026547643,-0.028622040826460693,0.09145816099565694,0.11953610931336256
2019-07-19,29027.55,29027.55,29685.95,28936.9,29665.25,31507031,-0.013468665725253515,-0.04812256415385452,0.012533297711770808,-0.0345858615360467,0.1083765608085236,0.12460701313899619
2019-07-22,28714.95,28714.95,29054.75,28580.6,29039.05,25801704,-0.02542916488484326,-0.06256029381758821,0.004781156236864925,-0.030158338985398103,0.1138306622528466,0.12577308468090925
2019-07-23,28990.9,28990.9,29043.0,28625.1,28783.0,27736970,-0.019006787896834743,-0.04545080388392986,0.020445791728342155,-0.018758195763759478,0.11936239116198734,0.12665856337644538
2019-07-24,28992.5,28992.5,29105.05,28719.65,28970.6,29095096,-0.018005629299453596,-0.04757602884291612,0.0306331195979771,-0.00645608312994117,0.11941668784948219,0.12651089609248675
2019-07-25,28983.55,28983.55,29225.25,28931.15,29012.4,32751167,-0.01706695877477382,-0.04461068863331463,0.03270688196262572,-0.002391276767783279,0.11942710143142256,0.12639785962720448
2019-07-26,29142.3,29142.3,29172.05,28875.45,28970.55,13381422,-0.013665109210875936,-0.0315357454409505,0.029133791564502576,0.006030104177378259,0.1211448875663037,0.12608205284691926
2019-07-29,28974.95,28974.95,29248.7,28881.4,29126.6,14447209,-0.02112978202997262,-0.02607010626694295,0.03587529452158045,0.018588247566650118,0.12204209867663962,0.12453098351478077
2019-07-30,28864.6,28864.6,29051.55,28817.85,28981.2,22821542,-0.028486130534365328,-0.0240483367341936,0.04077320194170275,0.020169507283222865,0.12104406180908293,0.12421552576542255
2019-07-31,29065.95,29065.95,29157.25,28514.3,28828.3,24885801,-0.02504641486080572,-0.01661532527772558,0.04198108844336701,0.016425523722389035,0.12355117468775707,0.12512538691881606
2019-08-01,28925.35,28925.35,29120.1,28767.75,29011.65,26008573,-0.032255528288409496,-0.01600063954932196,0.04866606126523476,0.01740328306914074,0.12329939462221358,0.12502109350881063
2019-08-02,28930.75,28930.75,29066.7,28623.85,28846.8,28722521,-0.034781013069987377,-0.018458140513252008,0.03412004688907866,0.00848006407131574,0.12239721495168748,0.12487350111722596
2019-08-05,28777.55,28777.55,28882.6,28489.15,28832.05,24451312,-0.027609720000067672,-0.01980649918849553,0.032605186954187015,0.017103196511630392,0.11628853443318161,0.12507552775682249
2019-08-06,28847.35,28847.35,29045.1,28671.75,28687.7,23774162,-0.01616401728436323,-0.007351777296032536,0.03641954350142984,0.010583870773561044,0.11314832852024581,0.12348629340907684
2019-08-07,28814.55,28814.55,29055.8,28771.4,28861.35,22345599,-0.0116450373104251,-0.014385105575147605,0.04430817288953115,0.018278250145693176,0.11167285603034202,0.12284519843548061
2019-08-08,29131.8,29131.8,29165.9,28834.9,28914.9,20797582,-0.005525088201709272,-0.0018262743660292236,0.04199756819254108,0.00933710330606008,0.11759702267039689,0.12492098111764811
2019-08-09,29302.2,29302.2,29365.1,29123.65,29219.85,22749012,0.0017161219745658318,0.002514651695080472,0.040049782167164816,0.015612982869764536,0.11946448189030043,0.12546237141006233
2019-08-13,28728.5,28728.5,29292.3,28643.8,29285.55,36596139,-0.012083948019078528,-0.04117361404305098,0.04508553877859589,0.0010192881953168254,0.13747498746214531,0.12108588204210105
2019-08-14,28839.6,28839.6,29021.75,28620.75,28771.65,25993375,-0.01794555719763269,-0.05591428473221349,0.03634758840954411,0.011623145519514377,0.13304484152267188,0.11408722240328661
2019-08-16,28889.95,28889.95,28965.95,28567.35,28822.5,20573084,-0.02445782013726494,-0.05396409052357887,0.03027588641353718,0.002513335303256148,0.1289061613594621,0.1142149573981552
2019-08-19,28837.5,28837.5,29204.1,28795.85,28950.1,24022924,-0.02424045557439125,-0.04662015065633207,0.022582400681144477,0.011652621921147577,0.1288902054045556,0.11281149068933807
2019-08-20,28669.85,28669.85,28872.85,28592.55,28861.05,24153166,-0.012322776121305501,-0.03545811773730145,0.022902829763494337,0.019448553797217105,0.11435837920706755,0.10787712376522324
2019-08-21,28399.1,28399.1,28720.7,28337.55,28704.3,30615494,-0.01099949677781098,-0.05227028506210507,0.026678315409622066,0.02586139607725446,0.11286229207533224,0.1078411995744495
2019-08-22,28396.15,28396.15,28746.4,28342.5,28422.8,23097045,-0.020515058173426803,-0.05677552864270197,0.03152779800293115,0.04246348187114524,0.10640029551951698,0.10723308533228998
2019-08-23,28257.1,28257.1,28422.0,28099.15,28349.5,29634215,-0.02536518065016824,-0.060256510453474466,0.013845043811140267,0.03190741205517067,0.107180989604414,0.10753531846908583
2019-08-26,28707.8,28707.8,28779.0,28115.05,28526.95,26789257,-0.009514017434027244,-0.04352606432955075,0.007753862438240278,0.024195312815373682,0.12322652037922927,0.11292983389164989
2019-08-27,28927.25,28927.25,29079.7,28735.2,28813.05,32250553,-0.007379307741667618,-0.03583546649601366,0.008479026263085054,0.03452765003471303,0.12482954549068814,0.11422063154507503
2019-08-28,28815.0,28815.0,28978.45,28598.75,28873.4,27695889,-0.005520285626032129,-0.03468630236110748,0.007268884595218239,0.03884510046994749,0.12393170768594959,0.11404744041378624
2019-08-29,28751.8,28751.8,28930.35,28626.8,28707.85,28222760,-0.0039079010275562265,-0.05042975684267026,0.008459770062921201,0.04389503963191199,0.1234506228762354,0.10981098618431481
2019-08-30,29257.35,29257.35,29318.2,28676.0,28869.95,28514514,0.00658502474544953,-0.031147809702314344,0.01510724097138949,0.05190238375561518,0.1364198082240862,0.11595241388649775
2019-09-03,28766.9,28766.9,29142.3,28712.7,29116.45,21178244,-0.005477893958067859,-0.042934518621038364,0.01110676991943671,0.045369406181072436,0.1486525498650127,0.12044446845753173
2019-09-04,28725.65,28725.65,28989.6,28503.0,28812.9,22008508,-0.007089342654442055,-0.04156622385636999,0.006795750042786319,0.044865434581679575,0.14869724566963863,0.12037200838094654
2019-09-05,28710.0,28710.0,28879.25,28612.75,28693.45,19087482,-0.0023473158764383273,-0.05437585842316928,-0.0009941205752588278,0.03577148966749777,0.14754937924839653,0.11698104181608826
2019-09-06,28649.75,28649.75,28851.7,28609.3,28751.3,16059055,-0.006849849292915988,-0.0548161906615684,-0.006662622595726919,0.03037798659168056,0.1473901163998034,0.116996893176667
2019-09-09,28845.65,28845.65,28971.0,28616.95,28679.75,19008171,0.001079315831758576,-0.050481825588189255,-0.012512854467859214,0.02537364263924513,0.14950967349865588,0.11790009012186499
2019-09-11,28759.35,28759.35,28909.65,28708.75,28830.9,25161449,-0.012784997837414824,-0.05255225328657487,-0.013079583350375623,0.021171595763428197,0.14412817783652104,0.11798098413996025
2019-09-12,28575.2,28575.2,28881.9,28534.1,28824.4,21882372,-0.024810423790705083,-0.04641578316831341,-0.013392369983670438,0.02467266201065199,0.14338864546163496,0.1159046204902168
2019-09-13,28592.05,28592.05,28678.0,28503.45,28614.65,26539799,-0.0047496388603651685,-0.03743111173953595,-0.018483196122698997,0.01365202033515911,0.1256302992564185,0.11472869258340365
2019-09-16,28751.75,28751.75,28796.45,28449.35,28496.45,19651323,-0.003046158753935546,-0.028024982463257353,-0.0006978542489132211,0.030821187831401198,0.12651369693840592,0.11518484075975811
2019-09-17,28675.3,28675.3,28903.0,28641.6,28768.5,26126766,-0.0074299194010374325,-0.030761794668992204,0.013406826320479737,0.04398090801881094,0.12660438776664767,0.11526379773145291
2019-09-18,28752.15,28752.15,28821.2,28514.45,28764.9,31276999,-0.0029596879063719106,-0.030329039557930537,0.01633214506336078,0.05343706514974167,0.1269288718874227,0.11531291922083771
2019-09-19,28575.6,28575.6,28814.7,28529.05,28794.8,21131302,-0.003287425640524755,-0.028828654305945722,0.02505061514303697,0.05811190732766858,0.12712928807159607,0.11494398166283075
2019-09-20,29835.35,29835.35,30003.6,28500.8,28660.35,94166643,0.0505737857889863,0.012596642705384742,0.018014965266318184,0.04896099387039188,0.195051510385054,0.14561269484126238
2019-09-23,31120.1,31120.1,31813.8,30449.3,30449.3,87252141,0.09592673654703177,0.05304101838755315,0.015969318050207182,0.06967737905120286,0.24014497918076155,0.16904915629364997
2019-09-24,31312.4,31312.4,31401.05,30939.65,31197.65,32512629,0.10812503760116932,0.06057085567383935,0.03805152318802674,0.08246142491815589,0.2375442911091087,0.16935077959889844
2019-09-25,30925.95,30925.95,31281.75,30810.95,31249.15,37931229,0.07726645719978542,0.048806584641263306,0.04268915696110809,0.08269991921273345,0.2418026200383245,0.17151121866075145
2019-09-26,31027.7,31027.7,31185.5,30760.85,30914.75,39950950,0.07261146496815285,0.05014714318834512,0.030663160563198844,0.06860945471782764,0.24136590852659487,0.17156977721684416
2019-09-27,31026.0,31026.0,31343.0,30952.85,30977.0,31745350,0.07673086933888595,0.04816151133092794,0.03451680304038507,0.07792816707337669,0.2401893777424957,0.17156545300869178
2019-09-30,31134.5,31134.5,31193.35,30745.85,31089.2,32873305,0.0828713332730473,0.04791331142221966,0.03481360741503514,0.08450765552122075,0.23918524978081804,0.1715487824412658
2019-10-01,30801.35,30801.35,31341.75,30717.35,31130.25,28815493,0.05277306386258496,0.03316377443803198,0.022233033415575143,0.07989208621557198,0.2390912515494801,0.17307103527434026
2019-10-03,30791.0,30791.0,30831.2,30567.95,30819.6,26332585,0.07036211757262678,0.030162816646007284,0.022565824709702254,0.08312701192924332,0.22817397608435036,0.17302804197713023
2019-10-04,30327.15,30327.15,30991.75,30300.0,30921.45,33150151,0.055751566979337364,0.011807194748650884,0.025312631883710468,0.06568851617608251,0.23707846074033173,0.17590446539885504
2019-10-07,30218.1,30218.1,30527.45,30151.8,30347.15,30123304,0.052528735632183965,0.021066307592757294,0.026855564790692288,0.05845831297024695,0.23788265918177004,0.17403017946602614
2019-10-09,30269.15,30269.15,30370.95,30022.8,30249.55,34618805,0.056524053438511634,0.032326329323733916,0.02298733724249291,0.05331998431701468,0.23727754831611464,0.1728866068446318
2019-10-10,30147.2,30147.2,30323.25,30071.45,30245.8,32905944,0.045121188116752364,0.03406559294506262,0.024081566910877594,0.05705479860450324,0.23793729419352858,0.17266092852402776
2019-10-11,30416.2,30416.2,30498.25,30102.25,30222.9,37651431,0.05761082917381666,0.03832059166406365,0.03320371366614738,0.06230858919207383,0.2382284080169484,0.17329339341988828
2019-10-14,30591.0,30591.0,30699.9,30493.1,30585.5,26432735,0.07054368823315316,0.045774647887323994,0.03791534279207953,0.06406935547226233,0.2358815790012331,0.17355192963488145
2019-10-15,30927.9,30927.9,31059.6,30687.85,30783.5,26669990,0.0816957860664067,0.06354904934336081,0.049879012564111314,0.07736031756381723,0.2371042894611365,0.17423068270197634
2019-10-16,30899.0,30899.0,30980.25,30754.4,30945.6,26229295,0.07468241063587433,0.05218173026499495,0.032832090283259285,0.06921049023505821,0.237629983744882,0.17330607729616004
2019-10-17,31331.9,31331.9,31358.55,30889.3,30928.5,28730635,0.09264419203983931,0.058000793536895356,0.02157944313438276,0.06665537241390074,0.2391144296189309,0.17469531356212833
2019-10-18,31501.45,31501.45,31544.2,31227.25,31313.05,26492156,0.09562067532341056,0.06589824016458068,0.01986883487478086,0.06029767306800493,0.23904479409487236,0.17481832565555405
2019-10-22,31659.4,31659.4,31842.8,31453.05,31462.4,35348738,0.10791724408236414,0.09066731432725117,0.025379520742540018,0.07585902049227955,0.23566206334325177,0.17041918492222194
2019-10-23,31899.55,31899.55,31939.45,31643.55,31739.7,26728900,0.06918638460752091,0.11090390197440692,0.03992493737868208,0.08817387697722356,0.18869719681319927,0.1689220241575338
2019-10-24,31752.8,31752.8,32089.75,31649.05,32026.2,28540362,0.020330911533060547,0.09526782542108037,0.021848177238924182,0.073067781380727,0.12252775889739649,0.1686200476523287
2019-10-25,31685.6,31685.6,32176.4,31589.6,32172.15,46467826,0.011918600937647517,0.09288954039837893,0.012289651196965568,0.06515533126949968,0.12142820556026285,0.16875931088606916
2019-10-29,31950.75,31950.75,31995.1,31526.7,31828.7,30676234,0.033137219713541555,0.10237531289300317,0.002836227760224519,0.05485557664814311,0.11405581161285679,0.16929648927796268
2019-10-30,32274.1,32274.1,32385.95,32039.8,32229.85,50326074,0.04017055727624008,0.10746577998304874,0.01658619182959864,0.057857047994648525,0.11784113561696731,0.1700043770116683
2019-10-31,32319.75,32319.75,32533.75,32208.1,32310.1,52892699,0.041698897698704274,0.11543764527635081,0.009989628362938818,0.053927440079706956,0.11762170592831636,0.16929401102182237
2019-11-01,32449.85,32449.85,32591.3,32338.25,32396.1,32862226,0.042247346191523816,0.12420923899863512,0.005979864353265141,0.051573232144885184,0.11772246336748701,0.16894083341756874
2019-11-04,32255.7,32255.7,32644.9,32228.3,32541.1,23829411,0.04721708626407617,0.10974181129465932,-0.0039628883897784295,0.03569074053665422,0.11191573960288594,0.169388278310091
2019-11-05,32361.45,32361.45,32390.05,32064.75,32257.0,30820818,0.05100353999545315,0.11879199387388573,-0.0023109549057753753,0.03343678482903134,0.1115178786670154,0.16885678359620798
2019-11-06,32393.0,32393.0,32543.05,32181.9,32360.6,29055223,0.06811883081661141,0.1196737035852855,-0.0026925792540837268,0.03158882589014489,0.09030012990827153,0.16883094008573402
2019-11-07,32535.9,32535.9,32608.05,32340.75,32587.8,30953761,0.07670237374288935,0.13060006845614036,-0.0028965426154272667,0.02478283900395062,0.08658479174389012,0.16823565238737873
2019-11-08,31947.5,31947.5,32551.45,31907.4,32489.55,29030887,0.055447543125591414,0.10746741035138418,0.0028677833554990872,0.01979126205142756,0.11647902028192783,0.17329633903831998
2019-11-11,31802.55,31802.55,32061.3,31751.65,31928.4,18384216,0.05490891359728267,0.10369761110272413,-0.005520778951833671,0.006240083092729165,0.11688389637958159,0.1736753999645817
2019-11-13,31582.45,31582.45,31999.95,31525.15,31913.9,24491690,0.038343054030417933,0.08412284857097752,-0.009016347288009152,0.010884357964121572,0.11920966918552196,0.17345204874607548
2019-11-14,31439.45,31439.45,31602.35,31347.65,31587.0,24733867,0.027735281618776808,0.07293820941772289,-0.019080887858078155,0.00430875737003289,0.12037886727967687,0.17360844210559268
2019-11-15,31289.7,31289.7,31624.2,31235.3,31447.15,27814384,0.01169817543383167,0.08915188749847713,-0.029178455264410097,0.0004081631563876975,0.11665735588486403,0.16852599042266925
2019-11-18,31165.25,31165.25,31422.35,31076.65,31342.95,18848184,0.00861678371468333,0.08064085493557482,-0.028063258155519133,0.003111743733678951,0.11768127060775034,0.16880822815785704
2019-11-19,30972.95,30972.95,31248.6,30924.75,31241.1,21805568,-0.011456375132053886,0.07210119782138769,-0.0419879931072068,-0.008665997499159639,0.10839931626085968,0.16949917110026785
2019-11-20,31089.35,31089.35,31210.9,30786.3,31009.3,20591887,-0.01308193749811526,0.07808755960121361,-0.04200102077362611,-0.0074206488454302555,0.1073488930232325,0.1694655226079871
2019-11-21,30893.55,30893.55,31128.75,30839.45,31128.75,22273320,-0.024190287876586503,0.07756231720779838,-0.056986224663179375,-0.008795165829780016,0.10695207282089106,0.16955544573661135
2019-11-22,30809.55,30809.55,31066.85,30745.15,30964.15,25036780,-0.03416976101543756,0.08487768978594401,-0.06091037784014197,-0.006314501363325231,0.10186135381126926,0.1682882823997484
2019-11-25,31085.6,31085.6,31127.85,30783.15,30798.9,19187289,-0.021012320173339094,0.0947117831114428,-0.06341647875510181,-0.029332255959968467,0.10794243837193891,0.16896827938105172
2019-11-26,31055.35,31055.35,31281.0,30912.1,31137.8,51029897,-0.019890739010780978,0.09902820883954822,-0.05906578276847463,-0.012552876777211841,0.1078702540750318,0.16852182515888778
2019-11-27,31221.95,31221.95,31256.1,31096.35,31120.4,19315572,-0.022810106179041112,0.08757724381526977,-0.04943728785512436,-0.006731380625901506,0.10492478682687323,0.16608838941353063
2019-11-28,31263.4,31263.4,31290.3,31101.1,31277.6,25965956,-0.031316132750409675,0.08075949148294437,-0.05724049942889997,-0.013411409752541958,0.09679628533565893,0.1655823913115339
2019-11-29,30975.5,30975.5,31260.6,30892.1,31243.25,25124223,-0.041592215286318734,0.07497830990803411,-0.05662907980169141,-0.016452170626048535,0.09976342511751449,0.16666071797780052
2019-12-02,30889.5,30889.5,31018.55,30823.05,30977.0,22581987,-0.04808496803529139,0.07435012764418225,-0.061339184905334077,-0.02611299542028478,0.09709563283005686,0.16671595889577473
2019-12-03,30677.5,30677.5,30983.85,30603.2,30898.2,20505384,-0.04892778640674367,0.04853993953656088,-0.05335782262476352,-0.03954208666374304,0.09757334305463534,0.16402837269627818
2019-12-04,30705.55,30705.55,30771.45,30543.1,30629.85,24122501,-0.051168906214029364,0.06739168975454413,-0.0617418594190583,-0.0479362684259832,0.09606707315119109,0.1598291187428971
2019-12-05,30795.1,30795.1,30833.8,30665.05,30739.6,22869220,-0.04932855863921226,0.07204188591032734,-0.05370348493418664,-0.03619120208434756,0.09726905286279901,0.1597844340317472
2019-12-06,30536.45,30536.45,30883.5,30482.5,30854.75,21202331,-0.061453655807892194,0.06361720654824099,-0.05391540828479546,-0.03535121782103401,0.09579845104046858,0.160957645943605
2019-12-09,30375.0,30375.0,30574.5,30298.7,30562.0,16200608,-0.04922137882463418,0.060218675555633094,-0.05168604448741465,-0.03034241294994766,0.07817025316339261,0.16135648965873267
2019-12-10,30059.0,30059.0,30431.75,30024.25,30424.0,26692148,-0.05482422007040311,0.04206353470973956,-0.05006905765344938,-0.035528588851883036,0.08287348333324611,0.16256461354990087
2019-12-11,30102.45,30102.45,30250.15,29985.4,30072.8,25519628,-0.046861468948735774,0.04670133365322937,-0.05274808594072267,-0.032536972918738805,0.08268430938496939,0.16238955053001955
2019-12-12,30227.95,30227.95,30351.8,30135.15,30155.6,23614875,-0.038534389119402546,0.057838615302780116,-0.046932246161788704,-0.03221128249995431,0.08542050839029117,0.1618372479660411
2019-12-13,30426.25,30426.25,30489.25,30245.85,30380.0,20934519,-0.027595342876409856,0.06415069923282868,-0.04367291849228383,-0.027110486678799228,0.08981173303799578,0.16224142532307648
2019-12-16,30043.1,30043.1,30523.35,30008.25,30459.8,22268600,-0.03600644949101972,0.04491378785639122,-0.050264533155667035,-0.050551309186595006,0.09804613976889995,0.16435787579890163
2019-12-17,30182.05,30182.05,30334.8,30084.35,30115.65,28731629,-0.025535184733775806,0.052545221845978984,-0.04437090620869666,-0.07201109741890521,0.09917361144740781,0.16439248675241389
2019-12-18,30291.05,30291.05,30331.9,29964.8,30186.85,34723017,-0.025677603423680417,0.05352295393561857,-0.0442248935116899,-0.07386792670695708,0.09907631685154111,0.16444746535236518
2019-12-19,30386.1,30386.1,30515.8,30303.7,30341.05,25215426,-0.016425758774889943,0.06335824969554449,-0.04076483460624991,-0.08189438641112323,0.09840594065206792,0.1638527650361903
2019-12-20,30356.35,30356.35,30443.95,30152.8,30372.15,29111225,-0.01470972474443799,0.017462506724405857,-0.04470698875645873,-0.07102267112348915,0.09815502797126736,0.13838331902214215
2019-12-23,30217.95,30217.95,30548.5,30173.75,30392.15,32436149,-0.02791163754278503,-0.028989302733603006,-0.043565431931438026,-0.0861046794971203,0.09203399486502878,0.10773569519906064
2019-12-24,30197.55,30197.55,30302.2,30132.65,30241.95,17316630,-0.027621649731849773,-0.035604105721695034,-0.04231296173543875,-0.08965474333739343,0.0920590732542748,0.10684046591610384
2019-12-26,30063.55,30063.55,30264.1,30040.65,30218.85,26824232,-0.03710210284751603,-0.02788596631631368,-0.03923831058407434,-0.08788051166144017,0.08904994276894809,0.10429419917700226
2019-12-27,30145.45,30145.45,30172.4,30063.6,30147.4,21592041,-0.03575906651227956,-0.028434270023237285,-0.04354840423091444,-0.08673415231619785,0.08985163220266014,0.10421379136204559
2019-12-30,30225.35,30225.35,30367.75,30163.5,30206.4,22976493,-0.024217526755016094,-0.025805775800941233,-0.040790103007132816,-0.09038389969553917,0.0866707197444291,0.10440787258050002
2019-12-31,30121.5,30121.5,30309.35,30098.1,30254.75,18170821,-0.024862817462244502,-0.032536253994764675,-0.03484356131200106,-0.09301845472657067,0.08685968654135097,0.10426082765788702
2020-01-02,30266.2,30266.2,30357.3,30220.05,30271.3,17998667,-0.013407220275446163,-0.017374238466820402,-0.03741882549382114,-0.09856331345630254,0.08671626851015096,0.1026163192172886
2020-01-03,30109.25,30109.25,30306.05,30050.75,30302.15,20089305,-0.019419941997456447,-0.02214121009385861,-0.03465262038338113,-0.10280679172944274,0.08793707610445334,0.10310801528927677
2020-01-06,29799.3,29799.3,30049.3,29765.15,30024.75,17667570,-0.03233631324463959,-0.01740519633397808,-0.030226998767375668,-0.09063276784005203,0.09262325482000874,0.10058937826890858
2020-01-07,29861.8,29861.8,30049.35,29841.15,29903.05,18622056,-0.02209326886393148,-0.011790946485715437,-0.033119582273527515,-0.09506583972685767,0.08988473096091541,0.10046631262701129
2020-01-08,29893.2,29893.2,29932.8,29660.1,29685.15,18127207,-0.015861728395061725,-0.012420236445357724,-0.02322085797621365,-0.07535941572817595,0.08878430581903292,0.10042371970308912
2020-01-09,30123.6,30123.6,30170.65,30035.3,30071.4,25835515,0.0021491067567116495,-0.0007828256023777458,-0.02813736108054843,-0.08813395252764555,0.08590962069293107,0.10138134254330729
2020-01-10,30370.45,30370.45,30393.2,30183.8,30244.55,27618464,0.008902929827970807,-0.0015041326661450194,-0.020202446904749705,-0.08569217397891904,0.09048280467648526,0.10112115291914982
2020-01-13,30713.45,30713.45,30735.45,30443.5,30455.75,31666435,0.016061294265737436,0.004002811284364638,-0.013821430624126219,-0.08314878974541684,0.0975403762140183,0.1030677459588809
2020-01-14,31145.4,31145.4,31179.3,30690.7,30798.55,67441140,0.02363584076249947,0.007032485231780905,0.0008339506749233117,-0.07469445717980205,0.10649153147403931,0.10460060734892572
2020-01-15,31237.1,31237.1,31273.05,31006.3,31133.4,38166019,0.039742902696459526,0.010942101686138628,0.01573835608007146,-0.06575885824822114,0.09316472268368818,0.1047355525983248
2020-01-16,31338.2,31338.2,31507.7,31210.95,31255.9,33199268,0.038305880481942056,0.00020107302780858483,0.022646201073803995,-0.06618311323933534,0.09276837058061338,0.10097420124060384
2020-01-17,31371.45,31371.45,31490.75,31305.65,31372.25,21148293,0.035667301067477064,-0.004126794163443304,0.024973228289036475,-0.0633369557697896,0.09258018738396426,0.10037418195970016
2020-01-20,31426.75,31426.75,31546.8,31368.1,31369.65,24432676,0.03424756714418775,-0.007348528399148457,0.03711471642720532,-0.062248511292123276,0.09243679448290312,0.0998935671691237
2020-01-21,31145.95,31145.95,31362.85,31105.5,31358.35,22451037,0.026011032288137503,-0.023624157707553772,0.03431871306317413,-0.07237847894269112,0.09957386337285973,0.10021010592779463
2020-01-22,31153.15,31153.15,31275.6,31024.4,31270.7,19256107,0.03094849253506604,-0.018884948728930873,0.0436576816953278,-0.06415119283061155,0.09726214362953013,0.09983133466476625
2020-01-23,31226.9,31226.9,31257.15,30995.3,31147.0,25011188,0.03408720243860852,-0.014476607670361186,0.03688715789004682,-0.06596610590816676,0.09694852157916926,0.0999086743234941
2020-01-24,31474.9,31474.9,31526.95,31173.8,31223.05,21949485,0.0469455536688117,-0.014893234118134924,0.036909706929827646,-0.05403858728001909,0.09651931673536747,0.09975728582554082
2020-01-27,31149.7,31149.7,31450.35,31110.55,31373.25,17500325,0.033313485119644826,-0.03483908149258996,0.043668039882083676,-0.058048983443043656,0.1064519101328884,0.09952725206738053
2020-01-28,31027.05,31027.05,31234.1,31007.2,31210.55,49576185,0.026524093186679476,-0.039997215324994784,0.042846895037517596,-0.055013031551728986,0.10818143581484195,0.09967207511550771
2020-01-29,31426.25,31426.25,31506.55,31132.2,31150.45,46825220,0.04331623591122624,-0.03154405952569883,0.04651715260047762,-0.051635593886728115,0.11391130900427206,0.10300060384593433
2020-01-30,30936.45,30936.45,31438.35,30849.85,31419.2,37175318,0.022145165233825148,-0.040899747951524845,0.04220674920955603,-0.04881345931843184,0.129685016858177,0.10704315515431068
2020-01-31,30775.3,30775.3,31108.6,30729.6,31099.25,49149652,0.022121108961531633,-0.049013563978128394,0.04375833361407011,-0.05278117829412854,0.12970019337587008,0.10711363740341105
2020-02-03,30435.3,30435.3,30702.95,29833.05,30049.3,102457740,0.021342783219740147,-0.060435896644336795,0.045119005173812954,-0.03886241013240754,0.13061642553918593,0.10908509020351326
2020-02-04,30744.0,30744.0,30857.05,30467.0,30614.05,58565411,0.02954276031585512,-0.055074548421897074,0.03562424273299869,-0.05237730568736754,0.13448719340623008,0.11090531230208324
2020-02-05,30934.4,30934.4,30984.5,30736.05,30885.2,64580430,0.03483066382990119,-0.03171140151811558,0.029525139805862688,-0.046911075192248686,0.1355082616576585,0.10580511697145485
2020-02-06,30736.6,30736.6,31158.65,30590.25,31055.4,49485384,0.020349493420441123,-0.03351775250726752,0.02673053720926588,-0.052361999666527326,0.13650870856040254,0.10617596265177433
2020-02-07,30809.5,30809.5,30930.0,30724.05,30806.5,47794999,0.014456486486041475,-0.024474035421571227,0.02738402041311938,-0.04625525233548544,0.13400814288397786,0.10550038695365456
2020-02-10,30528.45,30528.45,30872.15,30496.55,30863.7,24442191,-0.006023419707001376,-0.028976333873525162,0.018150196475982594,-0.042402803989992854,0.13233141441085067,0.10669217161017372
2020-02-11,30414.55,30414.55,30871.15,30375.35,30856.25,46118449,-0.023465744540124733,-0.027969267842133383,-0.0028870967090764976,-0.04582905388001002,0.12149187678084293,0.10653541366778994
2020-02-12,30986.25,30986.25,31084.45,30488.45,30494.95,35306974,-0.008030514996590576,-0.005743576579684051,0.003481771962609459,-0.03239174817398749,0.13991443812486623,0.11321709217124053
2020-02-13,31039.3,31039.3,31066.6,30817.55,30968.35,27421091,-0.009537880286678901,0.002142191815761807,0.00509929420039168,-0.017501763337329113,0.1394940059548653,0.11255673123147189
2020-02-14,30646.75,30646.75,31205.9,30556.3,31036.9,29591320,-0.02310062174365546,-0.014236386415283686,-0.0037602191791762385,-0.023766316965085688,0.14591377468823974,0.11526707564660159
2020-02-17,30481.05,30481.05,30788.6,30451.1,30660.35,35459574,-0.030092198525141778,-0.01335230169404289,-0.01546998315885828,-0.019819282371187352,0.1462281089690551,0.11507963650857903
2020-02-18,30360.6,30360.6,30471.35,30076.65,30463.0,40610242,-0.02521515638469851,-0.014571780503123244,-0.0106422885952413,-0.02112684049896274,0.14390538865025745,0.11522215387098811
2020-02-19,30835.0,30835.0,30888.9,30440.35,30529.4,28679644,-0.01021245042636143,-0.008061610520626816,-0.011781803389297574,-0.012380930584815708,0.1557533342667816,0.11821062553228666
2020-02-20,30636.25,30636.25,30904.45,30585.2,30807.75,34634952,-0.018914781806711578,-0.013495259270946858,-0.010745886562242069,-0.017079782341167804,0.15674054645524027,0.11891099904562356
2020-02-24,30147.6,30147.6,30590.0,30108.4,30545.5,32962208,-0.042170110151263485,-0.03441008649363675,-0.007973420062883485,-0.01198991242861902,0.16179386295673368,0.12266872681415837
2020-02-25,30173.2,30173.2,30580.25,30145.1,30295.8,31166143,-0.03134861651958121,-0.034871447123473454,-0.004853063307682537,-0.005800125590613159,0.15910523920514844,0.12264084521225026
2020-02-26,29965.55,29965.55,30231.75,29851.2,30155.1,35992533,-0.03421208268269138,-0.03260480056819104,-0.0029159587589348,-0.001288589138747076,0.16003022121763666,0.12202604236982179
2020-02-27,29981.2,29981.2,30012.6,29622.25,29993.4,33412776,-0.04598226005329942,-0.02940481393353722,-0.005073715157590586,0.0050318972680596374,0.15092974085834895,0.12195619291241058
2020-02-28,29310.25,29310.25,29578.5,29151.8,29468.4,60349528,-0.05256582445626434,-0.044568494825197646,0.016731589776453948,0.02150095394239926,0.16073931252052123,0.1295150510189507
2020-03-02,29138.9,29138.9,29913.1,28911.5,29610.15,40844563,-0.05317251172206272,-0.05102172082897061,0.016158929785498155,0.02457697225485511,0.1608886647882482,0.129885152098286
2020-03-03,29406.2,29406.2,29539.5,29119.5,29350.45,40485393,-0.03381271089820037,-0.04510133105591463,0.0007452006348940277,0.014399148433462128,0.1629396191742815,0.13127717376133052
2020-03-04,29223.75,29223.75,29604.7,28873.35,29563.15,45837467,-0.04944867291178767,-0.04298797011440425,0.011375338379495559,0.013254952336629544,0.15745296886023583,0.13080314775232385
2020-03-05,29530.5,29530.5,29844.1,29332.05,29333.25,38389692,-0.0453831333402297,-0.02780246913580242,0.02245872188733178,0.02819753086419763,0.16126680592499237,0.13242347324496628
2020-03-06,28937.0,28937.0,29201.75,28689.45,28988.2,47823517,-0.05854909131133568,-0.037326591037626033,0.03607149795780917,0.03582549246403688,0.17304569761685634,0.13705107215710355
2020-03-09,28056.5,28056.5,28530.45,27841.3,28466.25,43871379,-0.0893555559161947,-0.06796622866245106,0.04677040070075733,0.05450915136807377,0.19783445789289736,0.15034223715056147
2020-03-11,28078.75,28078.75,28256.9,27639.3,27697.95,48363955,-0.08024318299815425,-0.07109976032115972,0.05050523651520655,0.05531393175126664,0.19799830479557395,0.1499899539074541
2020-03-12,26083.0,26083.0,27319.6,25716.2,27305.85,85959069,-0.14241703395249972,-0.14274680580091204,0.06552570746197894,0.06380665911052175,0.31639071941351443,0.21031184715821127
2020-03-13,26208.0,26208.0,26935.0,23420.4,24896.85,93535575,-0.15420549437250397,-0.1276532714666595,0.029874757082010817,0.046459775791172664,0.3047278929334436,0.20977084533178678
2020-03-16,24707.65,24707.65,25624.35,24492.7,25586.4,57561430,-0.2039881698363042,-0.18137932976719595,0.040556840038690645,0.06256638411484272,0.3507115963997489,0.23923415849488064
2020-03-17,24929.85,24929.85,25677.55,24598.2,24850.5,74735778,-0.18654180296442535,-0.1769895728276174,0.07320255887251448,0.0893083887336169,0.3579968889575912,0.24014617733534277
2020-03-18,24186.5,24186.5,25392.65,24047.0,25269.25,74132447,-0.20650699368952186,-0.2040274994158513,0.09044298539016093,0.10518890312508944,0.3642958065248202,0.2460413584565853
2020-03-19,23970.75,23970.75,24382.0,22699.05,23695.9,118829938,-0.2104652081974664,-0.21035467043962797,0.10048328500140791,0.1162762780088561,0.3633422186926993,0.24619374068566868
2020-03-20,25931.6,25931.6,26113.7,24198.2,24198.2,87762108,-0.1590205934814335,-0.14184780900094152,0.11975872074797056,0.14498017042353506,0.477460651273714,0.29871875849017737
2020-03-23,23184.05,23184.05,24373.55,23082.2,23950.55,69667235,-0.2432477865273981,-0.23225394113098585,0.12680893579995534,0.14469812655148717,0.6017925009119683,0.373496787053447
2020-03-24,23935.3,23935.3,24584.85,23390.45,24123.3,83206249,-0.2060628375061364,-0.20384319217125058,0.13447433706866585,0.15285348327785242,0.6232335685495652,0.3808310925226189
2020-03-25,24471.7,24471.7,24695.25,23646.7,23804.85,92962761,-0.18895907626635555,-0.18821248314422245,0.10601296672659621,0.13254649201140134,0.6333618838748685,0.3843212299330054
2020-03-26,25680.1,25680.1,26091.05,24295.6,24727.15,87681348,-0.14301255942240343,-0.1503787383768923,0.11704222541190745,0.14453344880413332,0.6667985289548823,0.3984972639911658
2020-03-27,25740.45,25740.45,26557.7,25301.8,26382.25,55047455,-0.141446973436687,-0.1454459439270952,0.11411678358860211,0.14285701487236802,0.6671290230676997,0.39862882308939807
2020-03-30,25831.55,25831.55,26164.1,25159.85,25218.5,48612218,-0.11868544280584437,-0.1465215322703214,0.14204617418480436,0.1792426241765438,0.6657860726249899,0.39853714728285955
2020-03-31,27319.2,27319.2,27406.2,26038.8,26472.75,64851135,-0.06244916589164318,-0.0926642144855816,0.1652573756187653,0.20413828453798777,0.7015881664276619,0.4161986410980642
2020-04-01,26358.8,26358.8,27683.9,26197.05,27346.95,41906619,-0.10363120702436901,-0.11545573218162841,0.16615726649160079,0.19632901489234011,0.7091734408767134,0.4217060907654786
2020-04-03,26537.75,26537.75,27180.75,26114.2,26716.5,90161887,-0.09191154454852646,-0.11131445525721828,0.18959233913403506,0.2179949939902065,0.7104881194728283,0.42201047715402334
2020-04-07,28745.3,28745.3,28823.5,27272.9,27491.6,70920964,-0.026589458356614415,-0.03840003746671483,0.19319932544740548,0.23046111992881957,0.7705290051867824,0.45413851259314825
2020-04-08,28839.9,28839.9,29817.6,28397.35,28600.25,75200365,-0.0033555655389293504,-0.04261442855435593,0.20054000298262054,0.24120831719149494,0.7673755664217107,0.45388352000163557
2020-04-09,28953.2,28953.2,29501.2,28764.25,29500.75,76633055,0.03196050826011798,-0.04666542642601612,0.1601293058580141,0.20991863011211565,0.7587858073601539,0.45361201478638913
2020-04-13,28509.85,28509.85,28963.05,28357.75,28913.3,41204171,0.015353247562658545,-0.07174706846674672,0.15538907776120747,0.19879810537604192,0.7611886637202105,0.4538834609570078
2020-04-15,29686.95,29686.95,29865.35,28880.6,28979.6,106868399,0.13817237280987626,-0.04682713980234643,0.20749877113074466,0.23119556263177254,0.7197672848866823,0.4608679074274717
2020-04-16,29512.3,29512.3,30023.0,29233.1,29563.45,61078096,0.126079822954823,-0.055216393327165436,0.22275295576416176,0.2162264179968868,0.7210973654298332,0.46091765775381643
2020-04-17,29202.35,29202.35,30202.75,29092.35,30202.75,57684415,0.18191531772548175,-0.06815483978020442,0.17437518611985015,0.18183504326783084,0.68278223247383,0.46124999164021385
2020-04-20,28598.1,28598.1,29490.25,28542.3,29490.25,56367919,0.14714288292950028,-0.08840362813959834,0.11426698605052965,0.16179168673834354,0.6906194054278892,0.4629890823922536
2020-04-21,28480.6,28480.6,28791.2,28063.3,28134.3,46484214,0.1775411903334505,-0.09374656940345416,0.11700718286509026,0.1715474218837697,0.678093516998946,0.4629666498527092
2020-04-22,29185.15,29185.15,29264.25,28197.1,28453.35,50159275,0.2175317835278412,-0.06295521568614859,0.10573228240674037,0.18212174914256252,0.6772646693747626,0.4657611266969424
2020-04-23,28786.25,28786.25,29698.35,28689.6,29278.45,63716288,0.11008383593762061,-0.07597626564247917,0.04508430102320471,0.15471861990913272,0.630602818532122,0.4664747216673833
2020-04-24,28636.7,28636.7,29008.9,28591.2,28736.45,42113333,0.2351897101671192,-0.0829477149508917,0.03228568065100612,0.16548105070793473,0.4574920154150603,0.46647763590771246
2020-04-27,29052.55,29052.55,29101.65,28771.6,28805.2,42007893,0.21379510597318596,-0.07696132473812478,0.023916815603863384,0.16519165183505913,0.45084383074288975,0.46722488812792545
2020-04-28,28778.15,28778.15,29233.4,28636.0,29208.9,39175236,0.1759767404798196,-0.07613395955659286,0.04817318172686469,0.14980049125411765,0.4532211022111663,0.4671543589608952
2020-04-29,28665.0,28665.0,28932.35,28608.25,28887.5,43005148,0.11623397105151456,-0.07612873283151311,0.01070776960940556,0.13144357558882946,0.4291966000052736,0.4671542233034015
2020-04-30,28669.3,28669.3,29078.45,28460.05,29078.45,65338853,0.11378394705609263,-0.08772761624438175,-0.02473981272278203,0.09938641231203027,0.42948131641623954,0.4662416914218264
2020-05-04,27599.0,27599.0,28235.45,27544.75,28197.45,74361350,0.06842214268985014,-0.10788083312726571,-0.05383220013665868,0.11996441597861218,0.4563823235084792,0.4713627066022089
2020-05-05,27138.6,27138.6,28011.75,27065.85,27815.7,65780211,-0.00661073530703693,-0.1181694410777474,-0.07730941919235568,0.11226669388301325,0.4163300917425542,0.4723101941072583
2020-05-06,26630.2,26630.2,27062.1,26373.95,27061.5,101493046,0.010296371610240218,-0.12502258890170292,-0.11293179117605212,0.08312745668216681,0.4013064560150948,0.4732158896099259
2020-05-07,26254.55,26254.55,26445.1,25984.0,26402.25,236904193,-0.010671590470179293,-0.14602686703096546,-0.14863270120343963,0.08608346134001388,0.40386855771223745,0.473134516050213
2020-05-08,26759.8,26759.8,26809.4,26598.05,26809.4,65277326,-0.06907216136203131,-0.13495008792800256,-0.12131162298534282,0.09977694407464055,0.28270666399081573,0.47489279237835696
2020-05-11,26667.8,26667.8,27149.05,26608.2,26895.65,50403534,-0.07531579513105113,-0.13237638515645844,-0.1313752545181065,0.1064407094399138,0.28154632894924886,0.47482497575768745
2020-05-12,26857.15,26857.15,26913.65,26321.9,26571.05,53361288,-0.07239441581586836,-0.12828348399032763,-0.08168440038918445,0.11156739636767576,0.2829299743547579,0.4751233176920418
2020-05-13,26746.5,26746.5,27765.9,26680.75,27761.9,56803279,-0.061850553405226605,-0.12388280440048549,-0.1051801855692206,0.0962019892921131,0.27956940153387105,0.4749240946193939
2020-05-14,26933.65,26933.65,27090.8,26587.0,26618.1,65530916,-0.09274445505516726,-0.1144485123074317,-0.11710780419424016,0.13044534170220978,0.23133334558070293,0.47528349009293014
2020-05-15,26958.65,26958.65,27028.95,26795.85,26969.4,54811702,-0.08652832886626927,-0.1299802331679374,-0.10254667774716109,0.12117133691405935,0.23219673040205568,0.47337971591425404
2020-05-18,26694.65,26694.65,27092.5,26653.95,27057.5,59539266,-0.08587322595613012,-0.1399725509273726,-0.038013944115139475,0.13530437966980668,0.23196351727264744,0.4735514836073111
2020-05-19,26895.75,26895.75,26987.65,26731.45,26895.2,49736991,-0.059526681842499984,-0.12239470743227254,-0.01820124295688319,0.14461019486955762,0.22716512300658726,0.4735028246989631
2020-05-20,27290.35,27290.35,27428.25,26935.65,26995.1,50600732,-0.0417916055139288,-0.10467815249146606,-0.051266646573491115,0.14264872063493728,0.2355461701282014,0.47468782016261296
2020-05-21,27887.1,27887.1,27967.0,27207.45,27366.5,91935088,-0.04447638610731841,-0.0814707219224916,-0.035654446428573294,0.1592005309438832,0.23152439531881663,0.4770915052995235
2020-05-22,27786.1,27786.1,28051.25,27658.1,27843.25,68203306,-0.034744018411568045,-0.09887789849197348,-0.005255793381649054,0.15567230324079084,0.22761707895997588,0.4758026990552645
2020-05-26,28122.3,28122.3,28403.75,27957.6,28071.7,88109568,-0.017962963609633897,-0.0820580195030397,-0.004270031184931189,0.17055664778983326,0.23233499337590524,0.47652618941350433
2020-05-27,28222.4,28222.4,28296.1,27742.25,28226.25,51946214,-0.028574083858387556,-0.06385914633337308,-0.03209157319960798,0.14870024909509216,0.22594410236123336,0.47564567967727306
2020-05-28,28451.6,28451.6,28524.25,28096.75,28223.1,63838520,-0.011347150529134153,-0.05705725610806944,-0.02298774089923661,0.138553886963104,0.2262630749974677,0.47600362637210303
2020-05-29,29296.95,29296.95,29384.9,28297.9,28374.75,158631717,0.02204604918890629,-0.022312288611422093,0.01922502866579534,0.15735121229301774,0.2492591765866946,0.4798403275375627
2020-06-01,29571.3,29571.3,30023.35,29483.5,29579.45,69900757,0.031462226144342464,-0.013671901057996427,0.03488518161680243,0.1416709031680522,0.25092052060989983,0.48024931786126024
2020-06-02,29359.85,29359.85,29752.05,29326.2,29751.55,44818763,0.06380122468205363,0.0016922407690143082,-0.009970724462509795,0.11084039981782368,0.2062620341638022,0.4782098694199415
2020-06-03,29527.0,29527.0,29887.8,29431.5,29704.1,52614359,0.08800748749014331,0.013318965369317315,-0.004973983748383981,0.10953959327459684,0.19244922983454024,0.4781874543235143
2020-06-04,29621.55,29621.55,29725.15,29311.3,29573.25,44781238,0.11232923522917582,0.00732328556562889,0.030546540258500343,0.12005144613198726,0.17213807458620806,0.47786966919392965
2020-06-05,29542.0,29542.0,29802.75,29428.25,29789.35,39218958,0.12521448663184098,0.010890115060524508,0.022692964739772226,0.10944576428059383,0.15917408578867231,0.4777240828942464
2020-06-08,29502.15,29502.15,29891.3,29447.55,29891.3,47190168,0.10248021285659847,-0.0009600243815715004,0.0034746250802919487,0.09679042416643635,0.15316334217447386,0.4772532520276025
2020-06-09,29524.9,29524.9,30117.65,29455.05,29507.25,67577739,0.10713669669039083,0.020316549746000057,0.019742747187904808,0.10610790308318951,0.15083904965164022,0.4753776534500724
2020-06-10,29503.2,29503.2,29770.75,29379.9,29645.2,48134327,0.09852311209491704,0.05156380874307209,-0.0014709732379083462,0.08364546233387071,0.1520181555206273,0.47091050596703865
2020-06-11,29092.45,29092.45,29698.95,29045.65,29552.1,40953084,0.0877105415661863,0.03610203445666205,0.03245957512984776,0.08930332431392951,0.16327395611121281,0.4718940410847106
2020-06-12,29145.6,29145.6,29227.25,28319.1,28356.65,50796438,0.08212589084658029,0.1174174749837058,-0.008672872176033186,0.07750673485869553,0.16313843064712213,0.4457489606636937
2020-06-15,28701.8,28701.8,29215.85,28591.15,29187.5,46194485,0.0646601369133839,0.0951541514041514,-0.00941907144340104,0.10936782839947956,0.1767858480586403,0.44708991769996714
2020-06-16,28575.35,28575.35,29103.3,28349.0,29081.2,51030891,0.07045231909764671,0.15653856194336568,-0.05316992894020789,0.07862528439317473,0.17250195370584795,0.4291986358012024
2020-06-17,28431.75,28431.75,28673.85,28384.7,28517.9,41710967,0.05710939460695452,0.1404701592669031,-0.05574560481122792,0.03853021180952898,0.1742835696008946,0.429247332505758
2020-06-18,28648.7,28648.7,28730.2,28393.8,28402.3,45432001,0.04977400436418011,0.18449134847952364,-0.06329001756481345,-0.007135638031510405,0.16973020732102556,0.4239992214585784
2020-06-19,28709.45,28709.45,28816.85,28592.45,28784.1,59057453,0.029488544882759538,0.19768676407705232,-0.0954970848358403,-0.04203758210902486,0.15383958373516,0.4232916161082348
2020-06-22,28865.45,28865.45,29058.2,28718.95,28961.05,51163839,0.038844962049370046,0.11313802464946243,-0.10186916747603303,-0.06589792719201415,0.15322688971889037,0.39292990916072656
2020-06-23,29355.2,29355.2,29452.05,28923.05,28993.35,56744985,0.04384065314714669,0.26618084415794496,-0.1158605586640784,-0.10972664902559037,0.15829241564064644,0.3144520924364397
2020-06-24,29487.4,29487.4,29942.7,29433.6,29568.2,79281997,0.04482255229888321,0.23196283313766708,-0.061495741262511006,-0.08905165371963308,0.15843843723963733,0.30901430196305124
2020-06-25,30113.25,30113.25,30174.6,29338.35,29378.25,101089409,0.05840269088557415,0.2305336368131352,-0.02576932143565447,-0.0064327515943252145,0.17094948113784927,0.3087235181703661
2020-06-26,29757.05,29757.05,30505.15,29655.5,30369.75,94831983,0.015704706462618123,0.1587591169816318,-0.06808183588752326,-0.04277532056360722,0.14733368132527155,0.29582134714116937
2020-06-29,29971.65,29971.65,30168.35,29820.2,30035.3,113894850,0.013538464659991423,0.16437941061636452,-0.03594683534762133,-0.026394572885843903,0.14587971850572426,0.295979919069979
2020-06-30,30063.25,30063.25,30219.8,30019.75,30170.45,70668065,0.023957888068229183,0.16381905073447012,-0.008409761583905162,-0.08023066431931736,0.14307195113414198,0.2959746412082262
2020-07-01,30232.5,30232.5,30286.1,29983.65,30093.9,61624757,0.02389338571476962,0.10663928665553901,-0.012731190732521158,-0.10647458670522392,0.1430458838162405,0.27432080840254425
2020-07-02,30316.2,30316.2,30399.7,30136.5,30352.5,60014284,0.023450832248818942,0.15013581801902975,-0.02865759286334013,-0.1282693341534249,0.14297326971658234,0.2629681750552882
2020-07-03,30529.1,30529.1,30632.3,30428.35,30501.95,57187574,0.03341344526436929,0.15040272818908917,-0.01245446250990434,-0.16177098536875834,0.143648620407478,0.2629853183827255
2020-07-06,30647.65,30647.65,30736.5,30566.6,30724.8,56527182,0.0388276786607078,0.06617951456412019,-0.019810444355362167,-0.15804765855729763,0.1434018195074472,0.20750707719298306
2020-07-07,30518.2,30518.2,30797.25,30420.75,30772.85,59860232,0.03364278964535017,0.058193683057153445,-0.04130756402701996,-0.17622842188640986,0.1450173153631794,0.2077358252519181
2020-07-08,30773.9,30773.9,30919.1,30402.75,30574.25,51567719,0.04306990428156943,0.06288424077476762,-0.015213097315698532,-0.11203531947578904,0.14660521740113522,0.20820386511269245
2020-07-09,30671.75,30671.75,30891.4,30581.45,30785.7,39786405,0.054285562061634485,0.0758299324619387,-0.03776151886267365,-0.12648616853676886,0.13549416064894906,0.20558081033579906
2020-07-10,30821.15,30821.15,30860.55,30575.75,30618.2,36864480,0.05748895202020221,0.038205339383129644,-0.022242057306831597,-0.16825831341564834,0.13567910117612597,0.18882080726436928
2020-07-13,31214.9,31214.9,31283.15,30977.15,31011.9,42666375,0.08755896842706745,0.05769119994036398,-0.013218514104179402,-0.14356985667535094,0.12175136657961237,0.1899184393746554
2020-07-14,30932.85,30932.85,31305.65,30848.3,31192.35,37205261,0.082501176713496,0.059258929503961166,0.012564762614746705,-0.08540879212174368,0.1271301768007305,0.18955953596398742
2020-07-15,31140.45,31140.45,31236.45,30978.3,31038.1,44227840,0.09527025244664866,0.0888992625384204,0.020678754943807665,-0.057545631639582595,0.12286034669119075,0.18432636769846053
2020-07-16,31182.35,31182.35,31246.2,30633.7,31195.15,39586709,0.08843856789313298,0.09486281890128723,0.024197360598658957,-0.1009296157010644,0.122806657556831,0.1839651659670458
2020-07-17,31439.3,31439.3,31528.4,31191.5,31217.3,39264408,0.09508541612604904,0.07723619717561836,0.030923554072217474,-0.10936927201243263,0.12331385181130876,0.1782439835876113
2020-07-20,31536.35,31536.35,31598.6,31284.05,31571.4,37452764,0.09252930406420123,0.09553519475444006,0.023575158423306597,-0.0878788136675317,0.12337230190453452,0.175510459961176
2020-07-21,31280.25,31280.25,31708.0,31240.9,31626.8,48250528,0.06557781926200468,0.09231336012878577,-0.0004378430434102132,-0.1270182753359721,0.12192754705354847,0.17609559958064278
2020-07-22,31051.6,31051.6,31422.3,30946.35,31420.85,58426954,0.053046385913983585,0.06880807364585895,-0.02723267635174409,-0.1305282808805388,0.12734294434217888,0.1749044244053537
2020-07-23,31101.9,31101.9,31326.45,31052.4,31177.9,54206420,0.032831062738163386,0.08074702508674125,-0.0572222733337604,-0.11481520543442447,0.10714633309798177,0.17350524661005232
2020-07-24,31018.85,31018.85,31138.55,30653.4,31009.95,80399286,0.04240339684209293,0.08211582068724921,-0.035719533970292705,-0.08963553860979045,0.09615362077957539,0.1733615016636249
2020-07-27,30819.75,30819.75,31183.15,30708.2,31129.45,42846932,0.028296740419696542,0.07500880733048954,-0.05116093994804949,-0.05398837962606917,0.09868125440895524,0.17407517550680981
2020-07-28,30910.9,30910.9,31047.1,30764.3,30891.0,47078774,0.02819555437286403,0.12000072466393719,-0.06872160166044616,-0.09596202399776188,0.09865996280793148,0.15367034604179583
2020-07-29,30948.5,30948.5,31139.75,30816.4,30818.1,43005172,0.023683122467543116,0.1403867553963727,-0.05041046473087918,-0.07657358230569256,0.09738967621559756,0.14865380145065252
2020-07-30,30696.4,30696.4,31134.55,30582.75,31104.45,39765129,0.012541149616376757,0.15269130536008002,-0.039625817329578705,-0.04483535578836806,0.10262057894848677,0.14369152525670403
2020-07-31,30872.45,30872.45,31032.55,30677.65,30734.8,39156532,0.011246646642056435,0.1758895124845028,-0.03269463964547681,-0.027870705192530876,0.1016625382361814,0.13961921021956178
2020-08-03,30759.8,30759.8,30985.0,30674.45,30892.8,31101220,0.0036593344024744567,0.14947794826568206,-0.008227824145655482,-0.027801369615202187,0.1019185238657829,0.13596326591301824
2020-08-04,30901.65,30901.65,31059.45,30782.85,30903.5,40672518,0.012564633562923033,0.1587626275883276,-0.014806586678762335,-0.04212595209946457,0.10166601038493185,0.1355049817465874
2020-08-05,30863.6,30863.6,31090.1,30728.5,31050.3,85517874,0.0029148076779348386,0.14917629011268874,-0.03406535631104313,-0.05797754761963847,0.09762448512343387,0.1353648389736775
2020-08-06,31287.6,31287.6,31326.85,30926.25,31010.25,46808207,0.020078736948494935,0.16978296225674372,-0.015682300308617503,-0.023811213055250358,0.10768765992491283,0.13664435376804865
2020-08-07,31490.6,31490.6,31597.0,31209.0,31329.65,69952396,0.02172047441448477,0.1691916988599762,-0.01969835332959291,-0.057359372173082734,0.10860061577601009,0.13657937810657778
2020-08-10,31621.75,31621.75,31791.7,31584.65,31597.05,48164023,0.013033839608648456,0.17297231129897073,-0.03023776719900284,-0.060510877377035754,0.10040345529711317,0.13657027324195084
2020-08-11,31767.75,31767.75,32155.5,31725.6,31730.1,82198272,0.026990723454191956,0.1900418248600375,-0.04042954805198473,-0.09321547828789556,0.09439479703531758,0.13410965812045914
2020-08-12,31636.7,31636.7,31723.45,31537.9,31690.3,41031436,0.01593586476752895,0.17627134398557387,-0.049065753455604044,-0.09732630533970488,0.0940650350638401,0.13452312841718125
2020-08-13,31668.15,31668.15,31867.8,31441.1,31680.8,48597230,0.01557932612519597,0.1604156780693542,-0.03660899782481941,-0.08597357018360863,0.0940458612473819,0.13226940489718225
2020-08-14,31237.95,31237.95,31828.8,31115.5,31763.35,51162508,-0.006404404678221121,0.12015770732704367,-0.0317857846790649,-0.1073948407168821,0.10278030647723392,0.13021103736073547
2020-08-17,31545.15,31545.15,31600.0,31179.05,31428.95,29580884,0.00027904307251791494,0.1352852685335475,-0.020125178414780454,-0.10896614716742326,0.10832966553359724,0.13068363005840344
2020-08-18,31726.15,31726.15,31762.65,31559.7,31626.75,30234921,0.014255001158878233,0.12814919121124535,-0.005731973633390286,-0.13281955474297558,0.10561650464683409,0.12927214383013255
2020-08-19,31586.05,31586.05,31911.25,31548.6,31738.45,32271639,0.017211673472542488,0.11918369805544526,-0.007562484489425536,-0.10555719174190137,0.1031526538523169,0.1298979010214599
2020-08-20,31439.9,31439.9,31556.35,31307.1,31445.6,32399851,0.010867503271504209,0.10503100001405907,0.002241010503479801,-0.08696915392926718,0.10491257835771524,0.12991685286673066
2020-08-21,31604.4,31604.4,31724.15,31563.4,31690.25,30990640,0.018877231103022973,0.07876075837245855,0.0030252715922223228,-0.10821666834763666,0.10544464939324377,0.11676514228603994
2020-08-24,31642.0,31642.0,31799.4,31606.8,31692.25,32498639,0.02667932089001379,0.07002397594965393,-0.0033832383094503093,-0.09690811235346097,0.1017819191758402,0.11555140328313909
2020-08-25,31460.3,31460.3,31724.4,31394.0,31700.65,31125667,0.01777366560016036,0.07154157803939731,0.0025796973171943183,-0.0780861889008424,0.10458330666294616,0.11515217951900637
2020-08-26,31408.45,31408.45,31536.2,31313.65,31528.0,41957471,0.014861786516309428,0.06371964642530559,-0.01609015982686257,-0.08417504510563956,0.10495550047103423,0.11490102968990244
2020-08-27,31314.45,31314.45,31636.6,31277.1,31602.05,61728229,0.020134282847499962,0.05715095935222836,-0.02103788590288813,-0.09542010387608446,0.10063960535293984,0.11510303252966657
2020-08-28,31253.45,31253.45,31451.3,31203.7,31410.8,52707865,0.012341100236618718,0.05793277367815319,-0.03950808894432356,-0.09050214009926205,0.09954266232285637,0.11501378769673425
2020-08-31,30595.15,30595.15,31457.85,30475.85,31457.85,126435123,-0.005352765622663291,0.03704814733841433,-0.05088330368964766,-0.08294750361151415,0.12578913490925334,0.12364310101182004
2020-09-01,30988.15,30988.15,31130.85,30525.3,30727.5,61292900,0.002799203278789353,0.04955986303086557,-0.03099904371879969,-0.09213906686356244,0.13310402911873084,0.12612898038884085
2020-09-02,31084.35,31084.35,31248.35,30942.25,31099.4,42533239,0.007152438471208722,0.05359249166192126,-0.03188226304857156,-0.08666339171145165,0.13339967156437949,0.12617365037137054
2020-09-03,31316.85,31316.85,31346.95,31100.7,31155.6,45238628,0.0009348751582096693,0.07645970002526425,-0.028287929292832636,-0.08769402602124154,0.1268695896581325,0.12298374939451058
2020-09-04,30828.65,30828.65,31156.25,30769.1,30969.8,60593264,-0.021020558515874477,0.05774628074220467,-0.03170356838064459,-0.07871845523664422,0.13607571597512552,0.12777805485508206
2020-09-07,31003.85,31003.85,31053.25,30407.85,30897.7,50948337,-0.019540348019954634,0.08020577106662308,-0.02707346968380786,-0.07685523331490707,0.1369470641614807,0.12352900493214747
2020-09-08,30818.45,30818.45,31052.65,30748.4,31001.65,41681915,-0.029882506630151573,0.07849772618708095,-0.029427625585770945,-0.0630545846233892,0.13637475139308428,0.12388301975240053
2020-09-09,30633.6,30633.6,30678.1,30461.0,30534.6,45838428,-0.03170684679501978,0.07744335118309631,-0.029018545216115466,-0.06392172820080799,0.13701597745628377,0.12411139554726752
2020-09-10,30778.75,30778.75,30824.0,30578.95,30757.15,33547489,-0.028085000228936674,0.07435066861672612,-0.04125259993653263,-0.06017634696797858,0.13858916203848867,0.12362123828821278
2020-09-11,30972.25,30972.25,31023.0,30730.55,30736.5,40985552,-0.008505679790127063,0.07881725355240166,-0.03409519123108429,-0.04027705730682718,0.1331779958967207,0.12404522209715596
2020-09-14,30760.5,30760.5,31153.8,30669.25,31151.85,47903562,-0.02487387126071683,0.06565115042377645,-0.042029422648531156,-0.04382685291168187,0.12929821398923555,0.12483869983362454
2020-09-15,30712.2,30712.2,30866.6,30617.9,30846.25,44767543,-0.0319594403985356,0.046226903580966816,-0.04394415760038106,-0.05412643465678513,0.1266400747952878,0.12053506043786268
2020-09-16,30837.55,30837.55,30865.9,30670.05,30748.3,67774629,-0.023697170111489085,0.045787353242401796,-0.040890589639759445,-0.08028855183791617,0.12773488481095754,0.1204824323017613
2020-09-17,30651.75,30651.75,30894.4,30613.45,30822.7,53980789,-0.025068463958218712,0.017882493586710124,-0.04309319924773314,-0.10139159520398278,0.12833277873507692,0.11361486087464963
2020-09-18,30460.85,30460.85,30758.65,30321.9,30730.1,57959542,-0.0361832529647772,0.023651538038884867,-0.047909886905314725,-0.08440491918084936,0.1270924934144577,0.1115963705298674
2020-09-21,29541.75,29541.75,30526.65,29381.35,30491.75,42355098,-0.06637538714366975,-0.014343554659152935,-0.04754650924794046,-0.10531649776902008,0.16234547936609342,0.1275401102854287
2020-09-22,29312.4,29312.4,29583.85,29065.45,29564.6,36295074,-0.06827334767945625,-0.0249756762825043,-0.0405020204005877,-0.10763365994974439,0.16289177179126701,0.12827890101641504
2020-09-23,29322.35,29322.35,29652.25,29149.15,29426.0,79424899,-0.0664184319824761,-0.030105019432729696,-0.030248346946722515,-0.09739135246367026,0.1633495824801999,0.12767293566042676
2020-09-24,29044.95,29044.95,29275.95,28969.35,29200.4,58951516,-0.07247452853235492,-0.04193302590694081,-0.007271319387081698,-0.06599072321412658,0.1647451599871999,0.12880033613923872
2020-09-25,29633.5,29633.5,29763.75,29221.1,29371.9,52444101,-0.051832677672384975,-0.029335945049149825,-0.0005474661774601541,-0.07109005016826042,0.18521123719153704,0.13478412205651558
2020-09-28,29886.2,29886.2,30001.6,29630.55,29754.95,41743164,-0.023171973335643137,-0.024845298089739343,-0.009125853000846229,-0.06794400505504083,0.1753935158579463,0.13575205007101582
2020-09-29,29434.8,29434.8,30056.45,29396.8,30026.1,46576009,-0.0501272260525395,-0.035500127792595926,-0.02851918704946632,-0.07464491347630497,0.17402569411528118,0.13890089200769373
2020-09-30,29841.75,29841.75,30015.95,29437.75,29507.9,42766330,-0.03997510001013371,-0.030290278450245234,-0.015055273801854563,-0.08089857816651924,0.1825055086433316,0.14080848769930826
2020-10-01,30009.55,30009.55,30155.95,29894.05,30149.15,37474463,-0.041744300592173156,-0.021589899500354615,-0.03215848602539817,-0.07740002384546052,0.18134693273873156,0.14123575948334224
2020-10-05,30112.15,30112.15,30217.25,29965.0,30083.8,41338529,-0.02324136801319554,-0.023003684158443116,-0.03819656910037028,-0.09128901140195311,0.17494598101308778,0.14103831503769584
2020-10-06,30054.7,30054.7,30397.0,29965.05,30228.35,46729790,-0.030613939881659835,-0.03716814726300588,-0.05768124396434393,-0.11675012026689813,0.17307267906837678,0.13840346547971843
2020-10-07,30168.8,30168.8,30310.45,30072.6,30138.4,35727139,-0.021079905056873405,-0.024700278183225954,-0.05832360738545039,-0.13137159964131717,0.17322683241155712,0.137559245344605
2020-10-08,30136.05,30136.05,30325.0,30006.55,30262.95,43944115,-0.016241969602005635,-0.0322538691637404,-0.06559465707983858,-0.14681183489125527,0.17223917788640447,0.1367643877164911
2020-10-09,29923.9,29923.9,30258.7,29862.3,30130.05,42672098,-0.02777403240872356,-0.04035776649290379,-0.06838369638780517,-0.14969253794393955,0.17228931523021393,0.13735232146029377
2020-10-12,30024.25,30024.25,30297.5,29890.05,30107.35,84141925,-0.03060804429771813,-0.045008953761693116,-0.07129904927855346,-0.13942083278608197,0.1708701928788776,0.13636608526576702
2020-10-13,29926.7,29926.7,30257.6,29866.0,30055.2,51737992,-0.02710619138180459,-0.05104110019073227,-0.07032717413573464,-0.13381040110358278,0.16986151723618267,0.1362202789393008
2020-10-14,29959.6,29959.6,29987.8,29754.1,29918.15,62245907,-0.024504919868977182,-0.04221993110668876,-0.06349622397211119,-0.11467842331816047,0.17008465085891503,0.13542549166364815
2020-10-15,29644.8,29644.8,30107.0,29554.35,30006.0,47274444,-0.038678494238355565,-0.045305233868786154,-0.045210398186657175,-0.09450757826449474,0.17194461342472317,0.13625777826647703
2020-10-16,29671.05,29671.05,29834.0,29546.05,29802.2,35888610,-0.03199491056791215,-0.04600522797642592,-0.053386752796938386,-0.09477723360029466,0.17152723835553413,0.13621108109584096
2020-10-19,30068.85,30068.85,30151.0,29745.45,29815.85,34720147,-0.012868977720582375,-0.030626538379082358,-0.044863867148697834,-0.0912742329670585,0.178455435156177,0.1391744096304969
2020-10-20,29964.6,29964.6,30117.25,29744.65,29997.1,40737308,0.014313640864200616,-0.027746818192879608,-0.043127996319676676,-0.09646885896097401,0.13976370565949386,0.13876757416686317
2020-10-21,29684.1,29684.1,30139.25,29483.2,30105.05,45715155,0.012680640275105404,-0.039688265304472004,-0.05761024858572683,-0.09606610505110347,0.1411739777390875,0.1397734679205682
2020-10-22,29715.35,29715.35,29776.05,29526.35,29671.85,48619786,0.013402745687163486,-0.039845226747661444,-0.05528310731731567,-0.10175809803686153,0.14117718732186282,0.13976442535051373
2020-10-23,29782.2,29782.2,29861.9,29641.95,29830.65,38403274,0.02538307003454987,-0.02978199397975012,-0.07871156883329888,-0.10438008440458857,0.1360164979022594,0.13900556169720388
2020-10-26,29774.65,29774.65,29940.4,29635.35,29927.7,37188949,0.0047631903082661076,-0.035559212177847854,-0.0601674673691619,-0.09825871345716952,0.1164707949267211,0.13840117267351715
2020-10-27,30163.7,30163.7,30208.1,29752.45,29784.15,75885228,0.009285221941899513,-0.019379189721649648,-0.049663577880941334,-0.1109911491248522,0.12166625520972607,0.1410095180949417
2020-10-28,29948.1,29948.1,30240.3,29882.55,30240.3,42631939,0.017438542133800805,-0.03085757556635338,-0.0277567103162637,-0.08803065498096774,0.11077696389242166,0.14131658196352515
2020-10-29,29663.45,29663.45,29847.5,29595.75,29720.4,41448233,-0.005974850670620868,-0.03888561282546421,-0.043605268614945625,-0.09015271222386789,0.10561752447187209,0.1425181020866033
2020-10-30,29428.45,29428.45,29829.15,29329.8,29682.8,35499512,-0.019363835845589095,-0.05942130428668224,-0.03911080780006648,-0.09890738122098686,0.10652401850044657,0.1401116958796327
2020-11-02,29441.45,29441.45,29568.9,29307.25,29538.6,34837464,-0.02227340126825883,-0.06507179920357176,-0.03668666235135021,-0.10565487078465818,0.10541599388973129,0.13927792069851985
2020-11-03,29526.35,29526.35,29655.8,29434.05,29622.75,55465649,-0.0175796131719832,-0.06626451730217342,-0.03053574607035836,-0.11447590672843888,0.10631089788879673,0.1390957709888848
2020-11-04,29612.4,29612.4,29858.4,29537.95,29565.25,39692851,-0.018442894646124364,-0.06784710909648928,-0.03289494031246565,-0.11960246347935521,0.10584281481330382,0.13883951030855216
2020-11-05,30180.05,30180.05,30216.75,29805.55,29898.45,57253653,0.001460045360954787,-0.04604304494463718,-0.022681049795840957,-0.1178391775555403,0.1272688250284124,0.1446948080327554
2020-11-06,30150.65,30150.65,30393.1,30083.4,30293.4,59225358,0.00757755506468083,-0.04791880801372983,-0.0217445650649144,-0.13314546648566394,0.12454565545443895,0.14464765249692707
2020-11-09,30453.7,30453.7,30546.85,30247.35,30388.8,63131745,0.014303438054239503,-0.02510568075049735,-0.030127189908927043,-0.139849237005489,0.1288160675638875,0.14379402890933976
2020-11-10,30494.75,30494.75,30646.8,30086.05,30636.6,85223560,0.01898137783317244,-0.03329830417671187,-0.039387184685156784,-0.15635225124466245,0.1279705647638176,0.14226667668272175
2020-11-11,30845.6,30845.6,30886.75,30289.2,30589.05,86215493,0.02957315852014042,-0.027754707079176155,-0.03542536697532772,-0.14754029364798993,0.13329409410418405,0.1438199527122243
2020-11-12,31240.2,31240.2,31318.6,30776.55,30840.05,69003051,0.05381719559585507,-0.01094945395198188,-0.03269136186217536,-0.12335779957038495,0.13104063048956602,0.14607686133769293
2020-11-13,31222.1,31222.1,31393.45,31151.0,31270.2,47935400,0.052274860512182775,-0.00692750295007305,-0.029128247182298894,-0.13137278995828372,0.13140059671762383,0.14578478635227454
2020-11-17,31291.45,31291.45,31572.85,31240.65,31572.85,39661717,0.04066001859066781,-0.009902102238928734,-0.04366123054868498,-0.14203835725609637,0.12508942322804398,0.14544518267321904
2020-11-18,30952.85,30952.85,31252.25,30886.2,31229.5,46300667,0.03298058375549817,-0.021779596738512152,-0.054559781082965,-0.1501366540332949,0.13195639715077997,0.14705909381526733
2020-11-19,31085.2,31085.2,31353.8,30783.35,30833.7,74802192,0.04720035305095993,-0.011922963226669747,-0.022666813216742465,-0.12519195538710037,0.1255722196803635,0.146924320787677
2020-11-20,31454.35,31454.35,31531.7,31116.05,31234.8,71482173,0.058521942363122026,0.0014613901672957397,-0.02239291825255041,-0.11191485139951984,0.12987575353677835,0.1489311795097454
2020-11-23,31568.1,31568.1,31610.2,31358.8,31593.6,46439514,0.059965348429598775,0.008100094365380839,-0.023527643691499955,-0.11017749244280317,0.12988281518496037,0.1489741599983173
2020-11-24,31832.2,31832.2,31878.1,31576.95,31600.4,62432879,0.06910408686584057,0.018517955617699755,-0.040296638899492754,-0.10232675303086003,0.13068023638353402,0.14984721866156916
2020-11-25,31441.7,31441.7,32006.0,31350.35,31926.35,60610895,0.042368807540189124,0.027669418192099116,-0.0391323588907162,-0.1014985634215122,0.13668204610127282,0.14539674109406114
2020-11-26,31701.3,31701.3,31765.5,31305.65,31548.45,44878291,0.058541276408186294,0.023013635857577652,-0.048657641926588724,-0.10921975051150756,0.1337599262373408,0.1440464528589333
2020-11-27,31718.8,31718.8,31898.2,31431.5,31786.4,96292294,0.06928897346734786,0.020410592468557365,-0.04194165445445108,-0.10390238501843863,0.12592107718721565,0.14393553014224753
2020-12-01,31705.25,31705.25,32090.8,31655.65,32090.8,37881675,0.07736730952530624,0.012402269066013938,-0.04860752082355502,-0.12480063205934844,0.11963758039572073,0.14317571658634562
2020-12-02,31820.25,31820.25,31918.8,31591.85,31811.15,48275066,0.0807976509309154,0.03216488558532404,-0.042998817622235785,-0.12487799498658014,0.11901061195649154,0.13942865854124786
2020-12-03,31908.65,31908.65,32027.65,31754.05,32022.25,50316214,0.08068386373527381,0.029183472375205133,-0.031086601463439445,-0.1274737520786382,0.11902299545270395,0.13909888855838404
2020-12-04,32356.75,32356.75,32404.85,32016.5,32044.05,43208630,0.09267570342153952,0.04991490487029693,-0.020692882436251114,-0.12160937089339074,0.12416552505752317,0.14112231272217857
2020-12-07,32866.9,32866.9,32907.45,32351.95,32358.6,56337105,0.08902735416276664,0.07290360910895233,-0.012904958999544025,-0.11132675088395416,0.11944291251112116,0.14360552525086687
2020-12-08,32849.85,32849.85,33086.0,32572.25,32969.4,54244842,0.08952377477765805,0.06728993217723267,-0.0025703096116196367,-0.1024766634785963,0.11918847981452563,0.14345331805566447
2020-12-09,33125.5,33125.5,33182.35,32954.4,33019.65,58020263,0.08773318184654078,0.06952191074268099,0.0020221204650405777,-0.11056953532654945,0.1182821873965769,0.14383899297752292
2020-12-10,34054.8,34054.8,34122.5,33002.0,33161.4,97339081,0.11674304593413631,0.10709513824547723,0.04967048522978601,-0.07107279238405884,0.1439595819599521,0.1527840075518315
2020-12-11,34364.85,34364.85,34427.7,33987.25,34245.25,86225915,0.11409244754519277,0.11893156465508814,0.05411204137535752,-0.05396241358232756,0.14290704144794772,0.15336609047655084
2020-12-14,34411.65,34411.65,34596.05,34334.6,34505.35,45607508,0.10151823611884692,0.11590090652467544,0.033173403698030235,-0.05244690694658649,0.1408719943470485,0.15330060914816568
2020-12-15,33967.9,33967.9,34360.8,33906.1,34329.5,39709982,0.08794411650721767,0.10818795011704063,0.02128509653912336,-0.06997567034432772,0.1535022918184643,0.155465341080124
2020-12-16,34195.85,34195.85,34352.75,34037.3,34058.25,39360753,0.09281768662046663,0.12261640761830339,0.03001766893126101,-0.06667167820820352,0.1535514444111006,0.15489585013228704
2020-12-17,34013.55,34013.55,34234.8,33955.35,34221.4,46191076,0.09888265539360686,0.15137221051562633,0.036861114975660136,-0.06996367385044144,0.14736074632125215,0.14015524318199393
2020-12-18,34102.7,34102.7,34173.5,33878.2,34090.05,47311363,0.09707191846923924,0.1634223059183142,0.019646861957348216,-0.07030381268530306,0.14754339757669765,0.1385519793243804
2020-12-21,33151.1,33151.1,34121.75,32570.75,34121.75,68881620,0.053943254271666685,0.13057445941406476,0.01744362225636742,-0.06674681767183066,0.18548532268760626,0.1522362742253428
2020-12-22,33329.05,33329.05,33544.55,32633.75,33195.7,62763038,0.05578257798220365,0.147498962814534,0.014019402383479429,-0.09874024278754967,0.18571099950723102,0.1504561016065672
2020-12-23,33966.0,33966.0,34040.95,33284.75,33392.5,45899903,0.06703275299853595,0.14620277726222008,0.025214068233169407,-0.08463811858855252,0.19360650168957355,0.14990283862592954
2020-12-24,34115.65,34115.65,34288.45,33769.35,34191.2,42387914,0.08504470178139223,0.14151849348528756,0.015763175128628015,-0.08308083933260746,0.1846422137316908,0.14941153560908768
2020-12-28,34181.1,34181.1,34369.4,34079.45,34262.05,31789743,0.07822392141647194,0.16124791063638955,0.009986438139926168,-0.07495822284838005,0.1841222695602926,0.14493575209426116
2020-12-29,34181.95,34181.95,34377.4,33982.35,34313.7,44944354,0.07765583817798904,0.14544053214037378,0.003351488207487874,-0.09328255433740162,0.18425373376003998,0.14310644796018682
2020-12-30,34313.7,34313.7,34362.7,34039.2,34323.95,39454569,0.08227186349263915,0.14342600938701167,0.01568424626405318,-0.08123994396479683,0.1835952359246393,0.1429761677246345
2020-12-31,34177.1,34177.1,34324.95,34109.5,34255.1,35649116,0.07406761417650709,0.13499368195230144,0.007877546499450494,-0.08045664119576257,0.1857523070337192,0.14351910083702168
2021-01-04,34619.7,34619.7,34713.6,34385.5,34535.25,44370717,0.08496285489984667,0.15188972107523946,0.008900149207858421,-0.059944885631108,0.18860981990585637,0.14493914321384319
2021-01-05,34720.25,34720.25,34788.35,34420.15,34473.5,36402461,0.07304503697064746,0.1508661265943625,0.002075722138053182,-0.058749847074799355,0.18498524951170076,0.14491306328816606
2021-01-06,34327.35,34327.35,34768.2,34091.45,34748.1,72848563,0.044435282913812824,0.13907927548567245,-0.014752707277677635,-0.05625055965245784,0.18637133897648436,0.1474664825727007
2021-01-07,34032.35,34032.35,34543.0,33988.2,34521.65,56148076,0.035997120230381485,0.13729660906499475,-0.01958431651109449,-0.04930000485938524,0.19011267208552055,0.14791965493947126
2021-01-08,34276.75,34276.75,34346.2,33994.2,34282.45,83837475,0.03475419238954891,0.1416355112950365,-0.02571918826750985,-0.06088815740964293,0.18960801572367325,0.14825746405524654
2021-01-11,34681.25,34681.25,34919.6,34446.35,34597.35,73357641,0.018395351022469475,0.15887318013680085,-0.056276544535342365,-0.05481402921424028,0.16786149016168678,0.1490781833341475
2021-01-12,34488.65,34488.65,34771.65,34401.65,34754.7,58474639,0.003602518270849453,0.15117191150749676,-0.0740659933876906,-0.065383898794946,0.16646653944629405,0.14996138336353299
2021-01-13,34617.6,34617.6,34945.3,34377.25,34617.6,83407138,0.0059848917445108896,0.16774611398963724,-0.06826559152539735,-0.07920711056836849,0.16690185127268478,0.14754749589596022
2021-01-14,34885.7,34885.7,34942.2,34616.0,34669.1,73574701,0.027019627354060605,0.1757487517293792,-0.048729295989683896,-0.06511513011656045,0.16113207238073415,0.1478750122962075
2021-01-15,34630.05,34630.05,35000.35,34350.15,34898.8,77773991,0.012697447204851109,0.15169186716485683,-0.04218937990382754,-0.06397726862989495,0.16264550809055986,0.1476029417229675
2021-01-18,34502.85,34502.85,34810.4,34248.2,34735.7,85435939,0.014385443448272639,0.1514537153841533,-0.02495750135736552,-0.04897833686072639,0.1619397825173212,0.14763841627835683
2021-01-19,34659.85,34659.85,34808.1,34454.85,34648.25,50207770,0.01633741609901862,0.16762340781765328,-0.03893658070584771,-0.0487927139033264,0.16238265422267356,0.1456485071227094
2021-01-20,34605.35,34605.35,34796.85,34555.55,34667.0,62546728,0.043867322652943574,0.16456141354552445,-0.054891700643908026,-0.0664528768419459,0.12136710049646005,0.1458656271251793
2021-01-21,34494.4,34494.4,34974.05,34376.4,34822.75,51184263,0.03496499300160072,0.1582220252365507,-0.048506325845483644,-0.06473875018865072,0.12217069190042792,0.14634046222761765
2021-01-25,34178.6,34178.6,34647.5,33958.4,34613.4,42318632,0.006259200376847351,0.14790937928741377,-0.04063412439598024,-0.06208406811119693,0.10978142181402573,0.14818197562580523
2021-01-27,34281.4,34281.4,34394.65,34096.2,34316.45,71172534,0.004858474043437644,0.13651176745558402,-0.011015119061640766,-0.03827413772880339,0.10920391482969734,0.14651105396524422
2021-01-28,33625.85,33625.85,34146.65,33543.2,34033.35,52360433,-0.016244357261761655,0.1228041177904442,-0.012232997961706071,-0.05520282744609095,0.12906923707314394,0.15181752882406843
2021-01-29,33121.05,33121.05,33864.45,32972.25,33832.2,60721600,-0.03103684839513232,0.11656095295725888,-0.009648162266559401,-0.05170513313383762,0.13860775891798616,0.1540323945039636
2021-02-01,33689.65,33689.65,33867.15,32996.3,33304.15,84228247,-0.01818661351005557,0.14479865572260864,-0.03958920726985349,-0.08185561797960683,0.15262523742299433,0.15574609404982395
2021-02-02,33730.85,33730.85,34148.6,33634.85,34047.45,72637229,-0.013056988451331408,0.14569255250675495,-0.06069763496374936,-0.10957018034336663,0.15235514364391275,0.15571551577520565
2021-02-03,33682.35,33682.35,34009.75,33630.6,33954.95,82803006,-0.027075624572136636,0.1407556301405355,-0.07356642168575322,-0.1111976601893836,0.14373095464069613,0.15589433582533155
2021-02-04,34507.65,34507.65,34569.95,33740.2,33784.95,127649599,-0.006123227799338937,0.16531081573935236,-0.05514962947721502,-0.08553105272644945,0.16968689510033202,0.16229024800889041
2021-02-05,34644.5,34644.5,34818.2,34368.55,34676.5,147000631,0.009238988736386622,0.1479271903128061,-0.045757918571203815,-0.08341611311175745,0.1650833177176847,0.1586706900168604
2021-02-08,34452.25,34452.25,34978.15,34410.6,34938.05,62514842,0.012338260508016674,0.14267022435668886,-0.05687203861789958,-0.08990925266470207,0.1631918222159246,0.1593525839539191
2021-02-09,34231.3,34231.3,34786.25,34160.65,34598.4,91510208,-0.0013259716863470716,0.12404404062560559,-0.054440666466705756,-0.08847818194057044,0.16309511552816006,0.15948568167313767
2021-02-10,34188.0,34188.0,34449.1,33881.2,34268.85,62243166,-0.014222382411245293,0.12111101091171439,-0.057146837441535814,-0.07486562352062909,0.1570377241589073,0.15961762676283428
2021-02-11,34463.75,34463.75,34512.5,34162.95,34299.25,65200654,-0.000721976650289391,0.11729873952849035,-0.042597329069957834,-0.07284329659064448,0.15887473058253168,0.15889964144256513
2021-02-12,33928.3,33928.3,34524.1,33785.6,34524.1,126913216,-0.019911836753558787,0.08604618408332865,-0.0610004996208563,-0.10877999220595069,0.16745312250012906,0.16123552289632234
2021-02-16,33724.5,33724.5,34162.75,33619.05,34089.3,50509298,-0.0332858449163983,0.08014835645264107,-0.08246851675924682,-0.12374395131407834,0.1650481467073621,0.16190238919201422
2021-02-18,33373.9,33373.9,33670.85,33323.05,33593.3,45325474,-0.03627340994309858,0.06655012791033976,-0.08374910853233097,-0.10781021804865154,0.16681285322028255,0.1636626380089641
2021-02-19,33336.8,33336.8,33584.55,33115.1,33396.8,60617293,-0.03379575890107611,0.07701875594654473,-0.0828424286644679,-0.08092377878574131,0.16668768835309986,0.16182945265838833
2021-02-22,32891.7,32891.7,33357.0,32803.5,33330.05,76985593,-0.05101435811176336,0.05811447248208146,-0.06165744082422375,-0.09096513092881064,0.16992165526893596,0.16446109653407615
2021-02-23,33025.95,33025.95,33175.4,32845.25,33056.75,48761622,-0.04564034173906639,0.04996447232258805,-0.04994904103187936,-0.09380587059389067,0.17155640921459628,0.1630367329021753
2021-02-24,33091.7,33091.7,33261.7,32841.95,33228.7,32439553,-0.04066457164061421,0.048263911987100894,-0.06750768377367411,-0.11075498133853157,0.1721962601547303,0.16295176961132543
2021-02-25,33001.8,33001.8,33262.3,32969.45,33159.0,52215795,-0.03443090120718795,0.03674266937252213,-0.09471991195939533,-0.11968595516607516,0.17016634212719525,0.16233883636783378
2021-02-26,32443.15,32443.15,33017.05,32312.45,32832.85,73964263,-0.05362237248187063,0.031851013144963636,-0.09383360503064464,-0.0980835004216023,0.17748991121385058,0.16422794967910456
2021-03-01,32797.65,32797.65,32886.15,32429.6,32610.4,29379443,-0.024629860657797376,0.03458375524032142,-0.09294877488959219,-0.10205671636108771,0.1724140838953679,0.16484590658131032
2021-03-02,33250.9,33250.9,33301.35,32847.4,32932.85,41838211,0.003920467497256164,0.048302583956517875,-0.09028838621318158,-0.10206806167734084,0.17202542346717295,0.16703693467865668
2021-03-03,33454.4,33454.4,33538.35,33306.2,33538.35,40107686,-0.006982856752741573,0.05516909660072078,-0.07451215407181733,-0.10781371577089116,0.16192986928837022,0.16736990188697132
2021-03-04,33443.8,33443.8,33562.1,33201.85,33289.15,43301960,-0.00851001383006933,0.05102254067771317,-0.038063866591360185,-0.09897269333239067,0.16182375599154622,0.16729053748171677
2021-03-05,33360.3,33360.3,33474.55,33238.6,33291.45,34090124,-0.009561387492262097,0.0454939334631832,-0.019578284919641864,-0.09187571036614273,0.16195548740588425,0.16737780393569374
2021-03-08,33190.35,33190.35,33578.1,33142.25,33493.1,35185572,-0.03817414399415786,0.02576278519937869,-0.04223907591049825,-0.10227915118379971,0.13364191633442576,0.16550207452166824
2021-03-09,33215.85,33215.85,33404.4,32827.4,33281.25,38188394,-0.04123742585403167,0.010617064584734104,-0.052906380114714824,-0.11986234620275438,0.1322451946277188,0.16243874206490316
2021-03-10,33402.75,33402.75,33424.5,33220.0,33393.05,33548427,-0.030462451654100997,0.016831127082772124,-0.03436565232904676,-0.11621271937300293,0.1343020664948138,0.16281209081864378
2021-03-12,33068.5,33068.5,33577.1,33022.1,33557.5,43598695,-0.033968911493282516,-0.0017207287437170926,-0.02878338930576907,-0.1127296376364264,0.1366460648861324,0.16328246907453922
2021-03-15,33058.85,33058.85,33179.8,32720.0,33172.6,55187777,-0.03302767052767053,-0.029245510177713707,-0.02131085988324599,-0.13691489105970012,0.13673345615839963,0.15273979373601804
2021-03-16,33351.75,33351.75,33409.25,33107.0,33166.1,63050080,-0.032265786514816264,-0.029480704848122374,-0.014942619322548811,-0.13282657788260044,0.13750189134963164,0.15267582392399745
2021-03-17,33194.6,33194.6,33595.6,33136.1,33594.15,95906817,-0.02162501510538417,-0.03536738284854124,0.007524312923028353,-0.12115706510983104,0.12785546736662884,0.15286830635472148
2021-03-18,33222.6,33222.6,33480.55,33017.95,33391.45,106916217,-0.014882355557532367,-0.021941303407040258,0.0344599269653697,-0.09490791407141097,0.12666045723559086,0.15069669025433768
2021-03-19,34028.35,34028.35,34173.1,32831.8,33120.75,159227424,0.019609635074114617,-0.00489825519763365,0.044409650317815186,-0.08246334027134494,0.14869373939550815,0.15812811613795374
2021-03-22,34608.0,34608.0,34647.2,33934.5,34049.45,63563692,0.03813203426843592,0.017476858487279312,0.05450859971472888,-0.05498671186644777,0.1587412232028174,0.16149732442928308
2021-03-23,34473.75,34473.75,34814.4,34415.5,34651.25,59393228,0.04809876047756734,0.010880370175968546,0.0386239277379401,-0.06572995501273793,0.14989335507054335,0.16164676307285974
2021-03-24,33987.1,33987.1,34542.85,33943.55,34357.25,42516125,0.02910287213539653,0.02521786607382559,0.039872628058509996,-0.06639102653258444,0.16076869878603392,0.15341534459048245
2021-03-25,33213.15,33213.15,34044.4,33071.7,34024.25,59071629,0.0036701045881597505,-0.0034774468519205293,0.04752937633926102,-0.0672366530474211,0.1826708677861904,0.16038552868349862
2021-03-26,33818.45,33818.45,33887.35,33444.15,33495.75,41638163,0.0247456199358822,-0.004344049932285321,0.06382862589085436,-0.07097103020143014,0.19289737275013344,0.1599549140892655
2021-03-30,34578.85,34578.85,34628.15,33981.25,34023.35,62241247,0.06582899625961103,0.013577346467090523,0.04408311227771855,-0.06612515435113586,0.19391238251396162,0.16614216488021843
2021-03-31,34931.7,34931.7,34980.15,34448.3,34538.55,51953080,0.06506716182409389,0.021959503936385794,0.06986676690028326,-0.03696705868009098,0.19355306095307026,0.16735331599945663
2021-04-01,34874.55,34874.55,35102.7,34754.85,35081.1,40133110,0.04883025722612033,0.02026215590392022,0.05229896521487054,-0.04682869764870912,0.19007317957459882,0.16740228488381156
2021-04-05,34304.55,34304.55,34892.6,34024.15,34800.55,47978583,0.02541220287914303,-0.000266657340945331,0.06527943147366444,-0.0471735337218151,0.2008123916622541,0.17073041533147737
2021-04-06,34619.85,34619.85,34697.1,34221.1,34439.55,46243473,0.03516496331158536,0.012954580698772089,0.0615064914186092,-0.037235846107600556,0.20263274821330515,0.17154200805459607
2021-04-07,34835.3,34835.3,35050.45,34613.2,34682.15,32763925,0.044214230687373846,0.006227668061826286,0.05218377218198178,-0.042322126750118594,0.20257944594978622,0.16997930934448577
2021-04-08,34983.05,34983.05,35105.65,34869.15,34899.5,28578740,0.05401268742269982,0.007569069923171634,0.05952213431087572,-0.03991850391305496,0.20083886913991214,0.17009481840248775
2021-04-09,35253.1,35253.1,35442.85,34999.4,35064.7,30466835,0.06133367052175398,0.02696829204701201,0.07878921378669779,-0.02170889161473588,0.2014894848276271,0.16907172999240047
2021-04-12,34561.35,34561.35,34979.9,34472.9,34865.1,52686100,0.03468576689045055,0.01554403383839209,0.09162226761009173,0.0032751008272513538,0.21672123604887225,0.1731415208680807
2021-04-13,34720.35,34720.35,35045.45,34591.1,34698.95,36246183,0.049952371592300704,0.01294171705310454,0.08495683796256936,0.0019605321788254138,0.21237078224513128,0.1727843515113455
2021-04-15,34658.6,34658.6,35046.75,34349.65,34972.5,36226912,0.04839097548765303,-0.0006530906469635056,0.0717038663873818,-0.007329090944690364,0.21268989663642876,0.17114855973093945
2021-04-16,34853.15,34853.15,34957.15,34699.0,34816.9,29154086,0.045017128036759724,0.010568694338572326,0.064640987954114,0.006833355985850886,0.2116972321284782,0.17112966282235548
2021-04-19,34519.0,34519.0,34623.95,34218.1,34463.45,28156292,0.039898055707856095,-0.00284826215566647,0.06447805979552379,0.011254143263630834,0.21452636990977364,0.17213238736902206
2021-04-20,34296.5,34296.5,34772.05,34087.1,34772.05,41427833,0.03232438159566087,-0.016889441805668093,0.050283711150874266,0.003609833781325955,0.21658859249044626,0.171854237398669
2021-04-22,34043.05,34043.05,34222.8,33894.05,34212.2,37705000,0.0004319927354692332,-0.016950596375113536,0.023346372101652135,-0.015041882440730459,0.20172981839469584,0.17186521704829671
2021-04-23,33726.1,33726.1,34002.85,33631.7,33938.1,32389044,-0.025482547387887244,-0.022512633014374228,0.00132527343525779,-0.026717418678756766,0.19398361381521168,0.17273511605584382
2021-04-26,33865.7,33865.7,33952.6,33726.05,33874.75,33345995,-0.01763805794263762,-0.022912678502647887,0.004620164437085239,-0.020423179416656834,0.19464696945239862,0.17268735241460825
2021-04-27,34009.35,34009.35,34037.2,33888.35,33949.9,24362807,0.0006546601504688887,-0.017222770467572257,-0.006469304499599149,-0.01779291593068466,0.18882255732240552,0.17292666309016594
2021-04-28,34129.15,34129.15,34398.5,33999.85,34060.45,28700432,0.027579437662492046,-0.010588675263231151,-0.010092685657518974,-0.029381932632219332,0.1681954677466293,0.1729907955018381
2021-04-29,34009.0,34009.0,34455.0,33944.9,34400.7,28002196,0.00563449832857521,-0.004962169310621212,-0.02108312598165374,-0.05103314263043712,0.15683852709807544,0.1721160761717784
2021-04-30,33623.45,33623.45,34098.9,33544.85,33970.25,35650551,-0.02762960595855568,-0.019192623405111964,-0.013214074528584363,-0.06670288718710593,0.13879882940927568,0.17353867851367705
2021-05-03,33994.2,33994.2,34072.7,33505.2,33515.65,53604116,-0.02683808689528422,0.010954369926708063,-0.022988726147622707,-0.04814442815835296,0.13972410372392988,0.1704562556310252
2021-05-04,33822.75,33822.75,34166.9,33691.7,34074.25,41272606,-0.030159528940158498,0.021185922547745317,-0.005215633819729559,-0.042028283612908446,0.1403397234443618,0.16782268297916286
2021-05-06,34048.5,34048.5,34233.55,33897.7,34003.85,32950357,-0.0074640244515670195,0.010651639301684668,-0.013407540633017967,-0.020410148454823585,0.13139640023195623,0.16473993671839748
2021-05-07,34123.5,34123.5,34221.6,34049.85,34153.5,51167740,-0.01433715050758444,0.01164067908161237,-0.023847852358301225,-0.00032700122129036835,0.12695636797119675,0.1647786444707964
2021-05-10,34204.25,34204.25,34332.1,34067.45,34273.95,34144556,-0.018115245167976246,0.01549476209349998,-0.02643560351163332,0.005190507376617859,0.12489267850811772,0.1648020794834358
2021-05-12,34057.4,34057.4,34258.65,33988.45,34197.25,60478779,-0.02645995703633619,-0.013047831422887346,-0.014539680643236963,0.00032186948996038023,0.12389861810547408,0.15729114330062124
2021-05-14,34781.5,34781.5,34835.0,34094.4,34158.2,84249755,-0.0133775469391344,0.003954451644561097,-0.0027910018225427713,0.02046785736427903,0.1441998043389259,0.16301912391428813
2021-05-17,34807.4,34807.4,35097.55,34755.2,35050.6,53305009,0.007119224220118792,0.010308470419203353,-0.035670179188132645,0.023053374198807375,0.12521573408551614,0.16260062401444872
2021-05-18,34741.45,34741.45,35125.6,34655.95,35083.9,47819412,0.0006077127678723038,0.014903027346317321,-0.04098540211900348,0.014982461557565663,0.12442020583076543,0.16207846795975772
2021-05-19,34729.7,34729.7,34844.55,34635.15,34704.2,41697743,0.00205143889251147,0.015844740844740857,-0.028720548070537255,0.02089883076464294,0.12424708522740167,0.16205264960292584
2021-05-21,34690.55,34690.55,34727.05,34522.7,34556.6,35783908,-0.004665288503334697,0.006580827681259338,-0.04280018592046142,0.0064490171966749,0.12258431699761134,0.1612618544542263
2021-05-24,34572.5,34572.5,34748.7,34487.55,34722.5,50724956,0.0015498710854890962,0.018987099265215024,-0.05682631940916072,0.01671843801943762,0.11816525538120415,0.1580684573538557
2021-05-26,34815.7,34815.7,34982.45,34782.8,34929.1,30474660,0.015138570991208855,0.032356298833192465,-0.055162328341924693,0.03313992367586005,0.1179491958978856,0.15809324282355044
2021-05-27,34812.3,34812.3,34957.75,34741.8,34878.6,83176800,0.022596388983948223,0.04309954785026626,-0.04207732283266008,0.02862106811227716,0.11402205132935635,0.15643684506528704
2021-05-28,34890.5,34890.5,35084.2,34870.55,34947.85,39434545,0.03452518968988416,0.04660615296009207,-0.0417787015795017,0.016309265705599207,0.10711876716884024,0.15642168214466864
2021-06-01,35241.2,35241.2,35378.8,35172.85,35357.45,51385825,0.04061631680431832,0.0714313945463445,-0.03462355957642038,0.010163488954372024,0.11084962204143908,0.15470007448704343
2021-06-02,35058.6,35058.6,35220.45,34953.15,34996.25,114180563,0.030851809869932856,0.0615470561785505,-0.032148753352727155,0.002503528107939079,0.11334384974785609,0.15511750868275306
2021-06-03,35266.5,35266.5,35300.15,35090.35,35216.05,60185571,0.03332488503229647,0.06572040723202499,-0.022230097495804513,0.018440363888345912,0.11421958405303759,0.1554329394378284
2021-06-04,35138.0,35138.0,35330.65,35092.1,35330.65,54504461,0.03319709488664757,0.06472980261682681,-0.01885760766530864,0.026782718827414786,0.11429458989942963,0.15554121285237996
2021-06-07,35375.35,35375.35,35428.8,35199.5,35336.1,47675425,0.05210351703944727,0.09037963329701326,-0.02448339789974141,0.006238443541773053,0.10457876840845076,0.15129034088357285
2021-06-08,35672.45,35672.45,35716.4,35398.95,35463.65,40784202,0.04936871583976088,0.0876526214530613,-0.026204459864275886,0.021362169729844283,0.10217774102462503,0.15070993261386062
2021-06-09,35588.95,35588.95,35785.15,35454.15,35721.35,39176035,0.05221929027060179,0.07031538995936937,-0.026341024934792623,0.022306460549854856,0.09997891411334414,0.1486815216986357
2021-06-10,35731.3,35731.3,35901.75,35448.6,35564.45,51892121,0.04942361631202563,0.0680598067817686,-0.01936850369968668,0.03577833519423179,0.0989702419980194,0.1484430565673679
2021-06-11,35646.95,35646.95,35869.65,35589.05,35858.2,34468583,0.04464518586897581,0.0658761863185402,-0.021211207207046945,0.018226062195071613,0.1004150188331675,0.14858552398003783
2021-06-14,35659.95,35659.95,35707.65,35258.0,35620.35,30547814,0.042559038715948905,0.0689337326103181,-0.01563127423553401,0.010442356675748554,0.10061805963888261,0.1484079919872465
2021-06-15,35921.5,35921.5,35953.65,35673.9,35691.4,32080055,0.05473406660520186,0.0822874721116229,-0.025063844462059004,0.02123922504592346,0.09927522307335411,0.148367149094572
2021-06-16,36131.25,36131.25,36244.15,35937.95,35953.95,38146488,0.03880654945876394,0.08777135012351045,-0.03543822935692598,0.04345212446050617,0.07318912434217913,0.14864842248230675
2021-06-17,36183.55,36183.55,36287.5,35935.45,35983.8,45041885,0.03953613312111792,0.083250630561855,-0.011944283539604639,0.049207309227367046,0.07308398708007421,0.1483895705687646
2021-06-18,36287.15,36287.15,36360.6,35796.6,36251.3,48042897,0.04449152237456988,0.09733280916884657,0.006415919560630146,0.05392907184118556,0.07171065160957474,0.1465040785431499
2021-06-21,36377.6,36377.6,36456.15,36034.4,36056.9,35547487,0.04744930131846803,0.10038915449266983,-0.0002115397747668446,0.045665285642406905,0.07109526288576423,0.14646576798861766
2021-06-22,36299.65,36299.65,36565.25,36244.45,36534.0,34463710,0.046384389985168806,0.0883881655385399,0.007014479472563728,0.03055625614665658,0.07183696149409198,0.1458778075588259
2021-06-23,36188.75,36188.75,36437.35,36111.15,36418.65,28081893,0.04674958420710107,0.090199912033885,0.014557213406754421,0.0246044548774782,0.07148109470739239,0.14561865420217807
2021-06-24,36242.55,36242.55,36302.55,36130.55,36278.35,33514175,0.040982947348466414,0.09090047136587764,0.009025192118847558,0.0062313327903749105,0.06929371289458872,0.14561337162709528
2021-06-25,36006.55,36006.55,36329.25,35975.65,36298.1,24100094,0.03430540354989464,0.05813387954455629,0.0002393503998734392,-0.017581639268181126,0.07538514105366385,0.13872399611255862
2021-06-28,36054.45,36054.45,36159.75,35955.9,36104.2,24514224,0.033360083690402664,0.0417952496532592,0.00880330797347395,-0.03137728747280133,0.07536535460106161,0.13468954810821585
2021-06-29,36234.55,36234.55,36336.15,36035.35,36059.45,35681094,0.0281871786431791,0.05107654374705395,0.0170409659803612,-0.011948495171085094,0.06988781969134188,0.1346309497205744
2021-06-30,36093.2,36093.2,36425.45,36033.6,36355.45,31660637,0.029510590839337603,0.061967628894492366,0.020182269241928674,-0.018592365188167648,0.06841401034820493,0.13132687483133665
2021-07-01,36234.9,36234.9,36283.0,36097.2,36197.35,26254330,0.02745948704861556,0.09098053030200393,0.02811910328615408,-0.0036169588548387033,0.0670427879830994,0.12150520957997384
2021-07-02,36216.7,36216.7,36328.25,36053.35,36298.55,26828540,0.030698958392623377,0.07091543225665276,0.027383746745553328,-0.012828641897825621,0.06482035643474972,0.1165203610370145
2021-07-06,36238.5,36238.5,36413.6,36198.8,36364.45,24437066,0.02439975858896104,0.04799610166329993,0.020171655011024914,-0.017557543393445618,0.06185718442588844,0.10790951387668381
2021-07-07,36447.05,36447.05,36503.95,36105.4,36163.1,31216909,0.02171423605611622,0.04338036797522049,0.012848295896062734,-0.037551798599921415,0.058435469336874914,0.1066439905163962
2021-07-08,36179.1,36179.1,36440.35,36120.6,36337.65,33637907,0.016582394254396338,0.037406934283022775,0.010663065070064759,-0.020474988444304287,0.06473542544297506,0.10782585672024482
2021-07-09,36184.4,36184.4,36316.55,36083.2,36135.6,23013703,0.012680758886466359,0.05479885321334921,0.01572758548572606,-0.017069871187644026,0.06366856313197257,0.10178399163957992
2021-07-12,36176.65,36176.65,36339.7,36086.9,36301.1,21565622,0.014859616320610947,0.044968421295875194,0.021616223563269643,-0.02375494911138465,0.06277916055284541,0.10033704843041288
2021-07-13,36110.3,36110.3,36329.05,36066.1,36320.65,20211766,0.012629013781567444,0.03660080435650048,0.012597391927555934,-0.030427771549446092,0.06343494202846858,0.0998161665958865
2021-07-14,36073.2,36073.2,36153.2,35912.25,36124.75,29413273,0.004223097587795488,0.0311622342820308,0.005187214019731434,-0.034735545941964485,0.05850105689064387,0.09958022351753161
2021-07-15,36182.95,36182.95,36223.2,35948.4,36181.15,40662424,0.0014308943089429427,0.026376403777256474,-0.008504091948619452,-0.047055455299297666,0.055727961741803556,0.09859944956570738
2021-07-16,36253.55,36253.55,36418.7,36139.6,36300.35,48983883,0.0019345807694379769,0.048962207784128964,-0.012850587808543867,-0.06372196137106334,0.055920761067435855,0.08914169330690849
2021-07-19,36180.4,36180.4,36295.35,36054.75,36073.35,26550275,-0.0029418127353622037,0.04205170742806463,-0.007344620998255502,-0.04396124019871439,0.05540344006425434,0.08896940228827635
2021-07-20,36230.25,36230.25,36403.15,36110.65,36189.8,34245583,-0.004050569581280694,0.0453466094995183,0.0032145617574295127,-0.02670722602366249,0.05483899541706925,0.08883070475583929
2021-07-22,36263.6,36263.6,36734.0,36205.55,36429.2,37005261,-0.0009931225232200358,0.04046836512625096,-0.004245555021516134,-0.04204720505302606,0.05447736599084028,0.08825335960749905
2021-07-23,36558.65,36558.65,36683.6,36210.5,36327.8,59866851,0.010221408586922776,0.0590877487760364,-0.0005582271784492221,-0.04513627018142685,0.06038702615499614,0.08689159584566715
2021-07-26,36486.75,36486.75,36746.5,36459.05,36639.15,62670265,0.006737936486257201,0.06386220168238732,0.004584736319102278,-0.04302133283931875,0.06088844496849098,0.08573151059731754
2021-07-27,36360.8,36360.8,36620.3,36307.35,36551.45,36914143,0.00983848771959539,0.06808291266499333,0.01701988137533006,-0.02495372573909549,0.057151238329149284,0.08443907427012781
2021-07-28,36360.35,36360.35,36489.05,36194.65,36418.15,28292515,0.008484389582978036,0.0781071632948962,0.015142739307414277,-0.01728488965078334,0.05708813004883762,0.08162376234698605
2021-07-29,35990.05,35990.05,36469.2,35955.85,36372.6,30330234,-0.006747703503976132,0.06272866056216198,-0.008652652856321219,-0.026567176187061392,0.065851737094119,0.08471276041379104
2021-07-30,36051.9,36051.9,36246.1,35859.9,36055.7,34849876,-0.0011442598605830856,0.06005848391692292,-0.0037871250253256328,-0.015693664256688722,0.06482639590952181,0.08446099952241358
2021-08-02,36199.95,36199.95,36385.45,36123.7,36250.15,32168125,-0.0009645397117145071,0.060675405042317054,-0.014048110542390524,-0.007984635076466517,0.06497570260032619,0.08454423197429227
2021-08-03,36826.05,36826.05,36885.55,36196.3,36264.1,51044924,0.01682511106754636,0.08283248551853939,-0.009160425283104345,-0.00013883869070840937,0.08907556721305991,0.0902591288376635
2021-08-04,36482.45,36482.45,36935.65,36429.4,36909.05,32637675,0.006731790775004409,0.08502994190066748,-0.021118938900370532,-0.02621939948646501,0.09617649502888848,0.08912660939770892
2021-08-05,36701.45,36701.45,36781.55,36320.9,36626.9,60491817,0.006979988778241131,0.07963858540574575,-0.01915088995917591,-0.03382541314750975,0.09636396421390726,0.08740144687243788
2021-08-06,36669.8,36669.8,36813.35,36596.95,36724.15,41184389,0.013563079236354803,0.08417559187233459,-0.01888243427870262,-0.035970663797137314,0.092116524707468,0.0865216401592241
2021-08-09,36691.9,36691.9,37016.95,36521.3,36816.65,31046092,0.014025381103458967,0.07763631290658912,-0.022205176481008726,-0.02650433522801854,0.09209613522831146,0.08582270825703002
2021-08-10,36537.25,36537.25,36790.4,36286.15,36784.35,29453650,0.009967755444464821,0.07073570999457846,-0.02747027360261667,-0.027553059960252257,0.09370757517903226,0.08652458690599646
2021-08-11,36425.85,36425.85,36641.7,36088.25,36597.25,27229790,0.008738503972550715,0.06495099293216477,-0.020978799415833693,-0.024720338930150243,0.09420787067866183,0.08690853149016357
2021-08-12,36521.85,36521.85,36696.05,36457.0,36537.0,38916024,0.012437211004291404,0.07236166002102329,-0.01975982437326529,-0.04112797292729775,0.09434973041626708,0.08624419033286727
2021-08-13,36842.05,36842.05,36907.85,36575.8,36674.85,40552087,0.01821576184363094,0.05924270086109007,-0.019770410563354934,-0.06688654393868365,0.09836319065795185,0.0773608105306565
2021-08-16,36954.25,36954.25,37063.3,36703.35,36844.15,20324539,0.01932776238464906,0.061677976522233724,-0.020842702147637615,-0.0482117148431509,0.0985932798802198,0.07747663611613166
2021-08-17,37478.55,37478.55,37514.0,36979.6,37014.45,30968270,0.03587992393671713,0.07878485210030117,-0.018854541755453536,-0.020929873043897373,0.108249175220545,0.0817349021232659
2021-08-18,37738.3,37738.3,37878.85,37538.9,37571.65,46270895,0.04162405724498175,0.08662902357348345,-0.018300714436885412,-0.015745149589132312,0.10975703700434537,0.08247359139283307
2021-08-20,38596.05,38596.05,38741.45,37401.3,37469.25,53950165,0.06431931744228381,0.11258109196885036,0.024730830105310853,0.028549790332318414,0.13137985834866706,0.09292472931269297
2021-08-23,38489.5,38489.5,38913.75,38311.7,38780.3,33225733,0.05281513403804561,0.11329814158652107,0.01242680138578689,0.02784119699972898,0.1315724187159115,0.09278039725606448
2021-08-24,38232.8,38232.8,38675.05,38124.6,38578.85,26341462,0.047854358088895266,0.09814824920940857,-0.002709762887612266,0.011676091526743981,0.1347643137084724,0.09373144462188913
2021-08-25,38448.1,38448.1,38663.3,38264.3,38271.7,27017406,0.05740522760775324,0.1044400973219235,0.0009988512946395023,0.01989103638593992,0.1334314010777888,0.09403058726892997
2021-08-26,38670.7,38670.7,38864.2,38398.75,38403.5,37058451,0.06354036746070912,0.10834467835084038,0.0044992852464249555,0.030521588970065627,0.13339962088039548,0.09440229059659212
2021-08-27,38819.5,38819.5,38884.55,38549.15,38743.25,24877159,0.0786175623540395,0.10153740508268738,0.01988245136621769,0.028962090538744212,0.12377299227117507,0.09292517968293805
2021-08-30,39150.2,39150.2,39172.95,38915.4,38945.15,27020573,0.0859399920669921,0.11670745551733375,0.011842593972419824,0.02972535661331288,0.1246016430929929,0.09287374067857547
2021-08-31,39529.7,39529.7,39615.0,39105.7,39168.55,48174510,0.09198217124609287,0.12088525938213301,0.013478109436204422,0.028991219716280492,0.12613457936872818,0.09388299069810312
2021-09-01,39644.7,39644.7,39821.15,39464.9,39701.45,32891602,0.07653956913652138,0.128257157493312,0.017924811608198254,0.03853299865730109,0.1168315915129205,0.09318573173844376
2021-09-02,40296.4,40296.4,40323.65,39648.8,39713.55,40576646,0.10454204692941405,0.13910957771442556,0.04455295808804083,0.044992455810656695,0.11428450502020751,0.09723427776378614
2021-09-03,40226.25,40226.25,40441.85,40103.1,40371.15,27369583,0.09603980224214581,0.12765593616362225,0.03289004559467523,0.02705301500695767,0.11664298781455378,0.09668941427506679
2021-09-06,40169.05,40169.05,40514.0,40130.85,40388.1,20698693,0.09542593632907725,0.12869444026867916,0.02524570870345233,0.017251382364158685,0.11700641966158334,0.09653097255481283
2021-09-07,40289.85,40289.85,40642.65,40237.85,40296.35,52501922,0.09805842706428392,0.1275786215446959,0.030163689969270546,0.02436503577957705,0.11623811302712081,0.09646583602810371
2021-09-08,40263.45,40263.45,40434.7,39910.7,40377.55,28542948,0.10198359208752694,0.1295061709346803,0.036050310573274125,0.031138172944256803,0.11326619494308306,0.09619889712059294
2021-09-09,40577.95,40577.95,40610.4,40120.3,40122.0,33397273,0.11398773124031414,0.137913822088926,0.04722791610419974,0.03941804650922398,0.10970501583370564,0.09684904721697847
2021-09-13,40592.35,40592.35,40754.8,40474.65,40569.9,29886955,0.11145382832468775,0.1300293695975947,0.05090163166781081,0.03638595347837037,0.11075906442154523,0.09631526535182054
2021-09-14,40469.55,40469.55,40750.6,40444.05,40718.8,34796506,0.09846086197700732,0.12007057602490923,0.0469819302303327,0.01780673571453084,0.11373221605450326,0.09653775914704188
2021-09-15,40504.5,40504.5,40645.4,40404.3,40626.85,30954575,0.09607149380653102,0.1194175253671903,0.038328602709277515,0.0029174818645600897,0.11441303813524746,0.09655659789414504
2021-09-16,41007.6,41007.6,41402.3,40453.7,40494.25,161019398,0.09416186058425402,0.13008599462895254,0.03307700663132884,0.005995769065042733,0.11264615974085794,0.09889575809589357
2021-09-17,40798.9,40798.9,41406.1,40704.1,41187.35,99303376,0.08110063251391808,0.12153907899366656,0.019762591237053817,0.004773423729004467,0.1172153180211149,0.09996586197108702
2021-09-20,41169.7,41169.7,41535.0,40631.95,40716.35,85627197,0.06668169411118474,0.1341624506021406,0.009151504109361053,0.031190528101308512,0.09692785474319741,0.10065508068438177
2021-09-21,41619.95,41619.95,41676.8,41108.2,41239.4,70822591,0.08133257122072246,0.15007978998998306,0.016739835710168682,0.030550513658896605,0.09783386173062461,0.10165211645811144
2021-09-22,41507.25,41507.25,41821.9,41429.85,41801.8,67770460,0.0856450482308384,0.14526295749057394,0.030182011350838422,0.03404382354632207,0.09301494933395073,0.10216374931668461
2021-09-23,41548.8,41548.8,41775.75,41502.05,41743.45,47700422,0.08064637784441886,0.15392338338441203,0.00921122289852927,0.030180864605701574,0.09346484686125434,0.10054798430169978
2021-09-24,41090.9,41090.9,41649.05,41034.6,41614.4,43178302,0.06258485106294964,0.1396901076011423,-0.010523648691631582,0.01079110867849975,0.10708847669848488,0.10425406264970587
2021-09-27,40720.6,40720.6,41273.0,40657.85,41268.2,34138606,0.04897281005680121,0.12380587036405855,-0.019862070363801276,-0.00996281086716122,0.11526946579885533,0.10658398391505224
2021-09-28,40682.95,40682.95,41085.9,40537.8,40872.15,33448464,0.03915050242399776,0.12716384249664747,-0.009136449088213094,-0.0017742110844356507,0.11349840554267657,0.10605816399906871
2021-09-29,40472.15,40472.15,40830.7,40413.65,40570.05,29177307,0.023841567226667637,0.11693836605040997,-0.009960372332044276,-0.012608877651758332,0.11231854706098474,0.10699267724781597
2021-09-30,40426.55,40426.55,40646.55,40338.4,40558.65,35674402,0.019721425562559514,0.11624057409979383,-0.012012730977957187,-0.00435006663494053,0.11240824734369477,0.10705883878389724
2021-10-01,40399.0,40399.0,40465.85,40036.45,40400.85,29228330,0.0025461331533338516,0.11480883590656354,-0.014739336908889289,0.006465575353088893,0.09676996465545848,0.10715414272676924
2021-10-04,40445.45,40445.45,40686.0,40319.4,40465.45,24305179,0.005449178086448514,0.10970435192971695,-0.015773339110614737,-0.004378739625279016,0.09657317611625194,0.1068480941812108
2021-10-05,40427.5,40427.5,40606.45,40373.6,40440.55,25597315,0.006434058062114945,0.11742691222280266,-0.019144552580009577,-0.01573774031234554,0.09640769482900548,0.1052549103074437
2021-10-06,40167.45,40167.45,40754.45,40079.9,40496.85,42975168,-0.003037985993991077,0.11007644178154119,-0.019389717467280354,-0.014603300449973045,0.09873365194674631,0.10657205167633607
2021-10-07,40226.4,40226.4,40480.55,40210.55,40399.25,24320218,-0.0009201894025473445,0.11194375377487975,-0.026093762997211223,-0.021733906537486414,0.09887738890086373,0.10649602027602764
2021-10-08,39993.35,39993.35,40399.5,39915.0,40363.3,23007518,-0.01440683918236374,0.10753303074192111,-0.04468731869356879,-0.024189936484916297,0.09634554320677659,0.10737840673933126
2021-10-11,40318.05,40318.05,40434.05,40061.9,40070.25,32752617,-0.0067574308952301765,0.11767323109677008,-0.040790170802458614,-0.014281202824438788,0.10127765875209961,0.10801127856404286
2021-10-12,40808.75,40808.75,40892.6,40239.25,40262.6,52095317,0.0083816103712544,0.12784474455510142,-0.02682835618513235,-0.0020047297089917926,0.10982112951963521,0.11001249021656662
2021-10-13,41149.4,41149.4,41244.25,40697.3,41004.15,70324330,0.01592168771371094,0.1350447059667259,-0.020740468340977314,-0.005525119225438635,0.11334923903079124,0.11076908078479872
2021-10-14,41377.2,41377.2,41789.3,41277.35,41446.2,98491769,0.00901296345067748,0.1436357806989419,-0.031206599285077852,-0.020539222887441033,0.10650487564184043,0.1106458503809962
2021-10-18,41564.15,41564.15,42021.45,41488.0,42021.45,73519124,0.01875663314452103,0.14722227972481572,-0.03196231840339925,-0.03477190166901356,0.10531820441409494,0.11072794747571484
2021-10-19,40237.3,40237.3,41704.5,40171.3,41653.35,77243923,-0.022647723932892272,0.10957819962717452,-0.08138517637733245,-0.05439374354402826,0.15442755128611096,0.13162830027699218
2021-10-20,39696.35,39696.35,40593.1,39589.4,40343.35,65847245,-0.04621821986811614,0.08582647335172378,-0.08633891280599337,-0.0662006604161629,0.15353038698517116,0.13459210948431372
2021-10-21,39354.45,39354.45,40035.65,39163.8,40008.35,38821450,-0.05186563793072296,0.07859565458693907,-0.08785251888478673,-0.07013933367569858,0.1551463207763355,0.13598981047055086
2021-10-22,38874.8,38874.8,39684.05,38563.65,39502.9,47746836,-0.06435805606900802,0.06914039295065022,-0.0807386880447678,-0.08127129768026764,0.1581076076399263,0.13846939237563707
2021-10-25,38491.0,38491.0,38849.45,38028.5,38774.5,35425714,-0.06327191665307896,0.05859817080968699,-0.07851854940162994,-0.09519509563744055,0.15740485374226568,0.14029100285061907
2021-10-26,38826.85,38826.85,38955.2,38426.15,38569.25,30930212,-0.04650594539373187,0.07882178546570495,-0.06965343772320576,-0.0789852338860575,0.16130595529512867,0.13920294303595582
2021-10-27,38946.1,38946.1,39177.5,38845.55,39090.55,47961792,-0.04269233179993093,0.08027870930519598,-0.06874225233173348,-0.07501480587069098,0.16240241670909897,0.1392491519018027
2021-10-28,38208.55,38208.55,38966.55,38098.3,38899.3,74002069,-0.055929818405990206,0.05548626448379079,-0.06417027575876166,-0.06866110339626919,0.1730045683110519,0.14524736070666272
2021-10-29,38222.1,38222.1,38451.8,37878.85,38253.8,50344997,-0.0545297582900347,0.03790930604830001,-0.05756639941375152,-0.057616344688646404,0.17328317364240378,0.14124605747864846
2021-11-01,38663.65,38663.65,38733.95,38082.45,38383.6,41083425,-0.04295527117007847,0.059787651322759316,-0.06563371388826988,-0.04297827273122801,0.1804921412753154,0.1414111976681376
2021-11-02,38616.2,38616.2,38875.45,38499.65,38758.65,31321063,-0.04522758431418117,0.052170963272568205,-0.05640255605162192,-0.04567431354280682,0.18010476908171008,0.14109041269730543
2021-11-03,38370.1,38370.1,38780.8,38146.95,38762.65,37748838,-0.050891101354276214,0.04636785583777381,-0.05127816908389604,-0.05161092286313029,0.18052303854816945,0.14183010147401362
2021-11-04,38710.1,38710.1,38769.1,38627.7,38695.6,8783186,-0.03628186504246589,0.055003965452865566,-0.05162816342453547,-0.047008906858114985,0.18431480266397354,0.14278934164537882
2021-11-08,39094.75,39094.75,39141.05,38434.65,39045.6,35097237,-0.02813202275122806,0.06999705779717957,-0.0437697801862138,-0.03985799314152039,0.1886950964522566,0.1435563380961375
2021-11-09,38964.25,38964.25,39126.35,38860.95,39064.2,25793337,-0.025731777908077236,0.06968677463943873,-0.034060871059151454,-0.03852922744872478,0.18813739872571628,0.1435936436498639
2021-11-10,38917.35,38917.35,39018.3,38709.9,38808.95,26432041,-0.03474126352837015,0.06559087231342331,-0.03871151882841062,-0.035408784788090175,0.18484927866516837,0.14363665574989207
2021-11-11,38542.55,38542.55,38922.85,38419.3,38922.85,19959476,-0.055532208166140795,0.046156497806175256,-0.04895428778986144,-0.035184895964446294,0.17926178527074177,0.14438975089686076
2021-11-12,38912.75,38912.75,38997.75,38587.45,38743.9,24773671,-0.05435437697755008,0.052997963698356854,-0.051105791351165,-0.039961916645244955,0.1803430689003071,0.14544516099110627
2021-11-15,39278.3,39278.3,39353.7,38937.85,39014.75,49118314,-0.05072600369285485,0.04802080123163788,-0.038233110157655625,-0.04195125012802969,0.18317502774863453,0.14392090041670277
2021-11-16,39014.65,39014.65,39407.15,38951.9,39396.4,26357175,-0.06133891827452265,0.03382107832096293,-0.03547702244724538,-0.052506557157463885,0.18172801581962408,0.1441564006066664
2021-11-17,39013.45,39013.45,39346.65,38953.4,38992.5,56742598,-0.030415808217748364,0.010814578175745826,-0.002178299734545086,-0.0772162045132303,0.14522063704372024,0.1367267810855359
2021-11-18,38866.5,38866.5,39204.6,38646.25,39042.75,31837172,-0.020904944661158997,0.009794879122877687,0.006565894950799289,-0.0670914583962523,0.138509207907122,0.13683519822437884
2021-11-22,38351.65,38351.65,39026.25,38147.05,38998.7,38160412,-0.02548123528597135,0.003108587390931339,0.016412518433600365,-0.044528720603445926,0.14284635233829282,0.13891803036646527
2021-11-23,38560.1,38560.1,38619.95,38059.9,38190.05,24607327,-0.008095218496301015,0.002913017808422236,0.025664325749743866,-0.04930925307498524,0.13855796276933544,0.13888524671871816
2021-11-24,38178.2,38178.2,38683.95,38066.65,38677.9,25004109,-0.00812657504351677,-0.012735740496034431,0.031064261796833192,-0.059508298626122835,0.1385867994899871,0.1398528541000045
2021-11-25,38259.75,38259.75,38307.85,37837.95,38206.05,33538454,-0.014605871967465767,-0.014419299578819933,0.025471549972592267,-0.06416733133633556,0.13478224200414898,0.13968517444240347
2021-11-26,37547.15,37547.15,38097.2,37457.85,38050.55,42502285,-0.035920156318604346,-0.04094615097751719,0.029123130869327496,-0.04658067648526931,0.14827633312872682,0.1435442459223619
2021-11-29,37324.85,37324.85,37463.7,36808.7,37359.05,34208951,-0.02312833122429414,-0.0557770486494964,0.0218562426182628,-0.05120962569340792,0.13464594181771172,0.1422955597515668
2021-11-30,37386.95,37386.95,37769.45,37275.05,37276.15,50356115,-0.021849924520107478,-0.056949604865215275,0.017108019795055718,-0.051500470468026194,0.13492208978957917,0.1421742674246857
2021-12-01,37457.85,37457.85,37727.45,37341.85,37612.35,28041640,-0.031186915875764498,-0.07044177643660487,0.011354348643192513,-0.06653964035935545,0.127120990969887,0.1376890829650901
2021-12-02,37892.6,37892.6,37930.3,37434.8,37547.45,27892223,-0.01873824975010485,-0.05801311332774006,0.008501965545170576,-0.06251857310572773,0.13540422088026627,0.14014151059856297
2021-12-03,37498.1,37498.1,37896.9,37473.75,37843.25,24251002,-0.022726028861014158,-0.06649273507837516,0.012749484774776887,-0.056071303461124655,0.13831737973679875,0.14147808352206756
2021-12-06,36821.85,36821.85,37629.15,36745.3,37527.55,21948907,-0.04877925915975423,-0.08607626982974625,0.007288271730094498,-0.06016640757252856,0.14554769358747013,0.14543882105813402
2021-12-07,37175.85,37175.85,37347.05,36907.1,37078.3,18407191,-0.049083316813638644,-0.07668493385440145,0.0002760132896636458,-0.06649674235124647,0.145190777290781,0.14719100872493582
2021-12-08,37659.95,37659.95,37695.8,37200.8,37200.8,18132319,-0.033474274495210454,-0.07191097628145338,-0.0016358772218407758,-0.07769706376364183,0.1551231640339541,0.14892363656797994
2021-12-09,38201.65,38201.65,38264.3,37511.55,37632.75,47684149,-0.018390255246053422,-0.05889533372667499,0.009380410066582967,-0.06820366149126966,0.16519504712796154,0.1522597569150438
2021-12-10,38189.55,38189.55,38337.4,37986.85,38287.15,44601215,-0.009158709011209742,-0.056338654618101724,0.011111344925489597,-0.06389336009853896,0.16192888301669164,0.15220767595917697
2021-12-13,37823.55,37823.55,38450.95,37772.95,38408.8,33521810,-0.0279908256291318,-0.06618894196941072,0.012583120318307106,-0.05755857825979249,0.1605012047393546,0.15318492258322514
2021-12-14,37642.6,37642.6,37937.55,37499.45,37817.6,47647778,-0.04164385933199766,-0.08205795998790466,0.0016787629437091667,-0.06478012400985655,0.15569439885712186,0.15074802449782873
2021-12-15,37424.65,37424.65,37766.65,37318.4,37692.7,42647735,-0.04075392192420024,-0.08270443565880448,0.002459046534682985,-0.062019369456929874,0.15536454526968047,0.1508282804072392
2021-12-16,37244.35,37244.35,37566.6,37110.1,37538.3,30857524,-0.045345899939636114,-0.09534560611323373,-0.009016345151494631,-0.08680960276403793,0.15545860968456163,0.14938173654180856
2021-12-17,36438.0,36438.0,37199.5,36378.25,37164.85,41499297,-0.06248311527922501,-0.12450639657183626,-0.018598493543256156,-0.09166271241000956,0.17029440938332027,0.1526826635061268
2021-12-20,36084.65,36084.65,36244.15,35653.55,36231.15,49193781,-0.05911088571156653,-0.1306422371995254,-0.01304254688963502,-0.0775009737038328,0.16792794950658274,0.15345849494672273
2021-12-21,36336.8,36336.8,36674.0,36174.4,36295.7,32346953,-0.05765804549262055,-0.1254428527418361,-0.015808912821028143,-0.06641224021738501,0.16904534995186818,0.1544948688834473
2021-12-22,36505.55,36505.55,36669.45,36309.3,36558.65,25963802,-0.043811651675563446,-0.11159040079433646,-0.017420596704030844,-0.061305295643145685,0.1689819821691823,0.1540069201675809
2021-12-23,36995.1,36995.1,37041.85,36623.05,36756.7,32562358,-0.03305431948718962,-0.09148931990196607,-0.006614779070909016,-0.047664305361630466,0.17728470896704945,0.15642032878096895
2021-12-24,36913.75,36913.75,37152.3,36836.95,37136.25,26017914,-0.016869456137150296,-0.09264814867161786,-0.015536282175958038,-0.050681479426256004,0.1654183710151727,0.1564187050760046
2021-12-27,36883.4,36883.4,36965.05,36558.0,36871.3,13683824,-0.011827241100767938,-0.08867208685478778,-0.01372127636706788,-0.0533810154100689,0.16432470853412515,0.15624849978504432
2021-12-28,37162.7,37162.7,37191.1,36887.3,37004.5,17673863,-0.005998082218528156,-0.08073530885024827,-0.020721502584105433,-0.058888498481901475,0.1667053009499608,0.15735477567243797
2021-12-29,37028.7,37028.7,37236.35,36991.1,37180.3,18877615,-0.01145687753034419,-0.08342533231020577,-0.01417718333321949,-0.06526138926393221,0.16688937508199844,0.15741200346655498
2021-12-30,37075.65,37075.65,37159.35,36999.4,37063.15,18419557,-0.021559618500709865,-0.08331715928491323,-0.0101985597828822,-0.055772424952969524,0.16087339965035488,0.15742051766258436
2021-12-31,37579.95,37579.95,37630.4,37149.3,37206.8,15841295,0.0021827772607145857,-0.07043596561746346,-0.006967325354817255,-0.04416270237568132,0.16480386443999023,0.160371293302634
2022-01-03,37606.05,37606.05,37725.5,37559.75,37673.25,13925408,0.021297137433344826,-0.06376805099651572,-0.020888214530468296,-0.0626176043655512,0.14994206968334267,0.16004320475922654
2022-01-04,37800.35,37800.35,37842.65,37477.75,37687.6,21234860,0.016798539912335597,-0.060309895988703954,-0.019794682874256342,-0.06114745067156113,0.1474148736991163,0.16047334450202003
2022-01-05,37910.95,37910.95,37941.4,37690.7,37798.7,20565249,0.0066649052906337936,-0.05206865641412883,-0.019408736289812323,-0.05374792138808426,0.14063800042493996,0.16036166635074303
2022-01-06,37622.5,37622.5,37786.25,37427.95,37704.25,19829751,-0.015160339932961064,-0.06685715206960663,-0.02823636595121337,-0.0557098549449726,0.1331242882891892,0.1598388112408141
2022-01-07,37864.45,37864.45,37909.1,37644.7,37649.2,17494097,-0.008512799967530515,-0.0721487426103471,-0.02572445324589334,-0.062185953263809934,0.13554358039762432,0.15824213556708527
2022-01-10,37984.05,37984.05,38174.6,37904.85,38012.2,22839398,0.004243388047922458,-0.07692335732720279,-0.03232050188053903,-0.06819902080952145,0.13156963368043384,0.15726093511562544
2022-01-11,37849.9,37849.9,38111.35,37781.65,38039.9,16746639,0.005507058492240313,-0.0852474309523118,-0.03667786568605291,-0.06982632245669684,0.13100939908672804,0.15666913107388303
2022-01-12,37992.95,37992.95,38026.55,37821.2,37976.85,24492687,0.015185178752506578,-0.08592019805529538,-0.04235655399121696,-0.07159425529479746,0.12951583792923185,0.15655613806122737
2022-01-13,38087.25,38087.25,38141.05,37922.35,38092.3,23495230,0.02263162063507629,-0.05343425130413826,-0.03588977078471234,-0.04469591570861742,0.12792585652586339,0.14282903863810753
2022-01-14,37816.0,37816.0,38124.4,37784.0,38080.0,27720033,0.03781766287941157,-0.047368334872097795,-0.03698574477490868,-0.04677437597405354,0.10053212023980172,0.14100664622140655
2022-01-17,37988.9,37988.9,38092.15,37633.15,37850.15,22262508,0.052771746435118505,-0.03469874436054865,-0.04918323606643615,-0.041850206988300664,0.09101204970725181,0.14046712768041997
2022-01-18,37503.15,37503.15,38218.15,37439.55,38085.35,26936850,0.032098313555403823,-0.035283782810458186,-0.047933479892001696,-0.03518167850211995,0.10453954675761629,0.1406876560913495
2022-01-19,37106.4,37106.4,37508.9,37036.65,37491.7,22746815,0.01645914114429181,-0.035972045413213416,-0.0415134409556277,-0.025655031942067086,0.11237988193243921,0.14089710805983327
2022-01-20,36681.4,36681.4,37317.25,36530.0,37216.8,32189045,-0.00847950133936648,-0.05525686477270231,-0.04856715092315789,-0.027263149959694366,0.11029208475171172,0.1412868116532282
2022-01-21,36812.9,36812.9,36993.95,36502.95,36633.65,34024511,-0.0027320442924384514,-0.05477313517913207,-0.038806462619278226,-0.0221664423048461,0.11096414717757898,0.1413528065908082
2022-01-24,35941.35,35941.35,36880.7,35783.25,36838.65,32207153,-0.025541300422412316,-0.05933750430204765,-0.029219673931813128,-0.019681320364151267,0.1395677705034623,0.14432874464258957
2022-01-25,36382.85,36382.85,36443.25,35366.55,35849.25,31706902,-0.02098475083887874,-0.048120066663003835,-0.023578528492542494,-0.025841379433888978,0.1443849427580369,0.1468337702759002
2022-01-27,35966.8,35966.8,36228.45,35689.2,36093.7,39885444,-0.028677755362731983,-0.06975156251414438,-0.022668017649670524,-0.024045149832026658,0.14887979820405506,0.14615961853892123
2022-01-28,36188.3,36188.3,36552.3,36033.05,36033.75,28525709,-0.0239334981315229,-0.062872576794195,-0.01800462687626292,-0.018878936341847008,0.15105011432667317,0.1469325388407823
2022-01-31,36467.25,36467.25,36669.8,36351.75,36361.45,27963355,-0.029608873880885844,-0.049592000020849514,-0.02879055359048177,-0.022145472368593655,0.14480116539080046,0.14758871649416092
2022-02-01,37183.8,37183.8,37231.35,36533.7,36720.05,54855716,-0.011228246518844687,-0.03942898623356683,-0.00845674742716418,-0.020455109366511404,0.16278028232620578,0.15210591504687396
2022-02-02,37581.5,37581.5,37609.5,37274.85,37482.15,50070121,-0.005789628932007185,-0.03870724329993158,-0.004371507872207414,-0.022737463280305792,0.1664588080887827,0.15233620752706606
2022-02-03,37467.2,37467.2,37699.7,37338.7,37570.2,45565301,-0.01170506146641015,-0.03842111679295768,0.008660109521442139,-0.01159535339187423,0.16627930083460368,0.15231501713125645
2022-02-04,37508.4,37508.4,37712.25,37210.7,37662.5,68988475,-0.003032759651804051,-0.03620364695951794,0.009905417860805898,-0.008402520301678207,0.1642465808381485,0.15235254680172056
2022-02-07,36764.95,36764.95,37591.05,36595.2,37468.4,39339541,-0.02903779138479501,-0.04612045648251106,0.004595494734154104,-0.00919448664855449,0.1765730408444204,0.15640099356401116
2022-02-08,36765.95,36765.95,36890.8,36555.35,36848.95,27892153,-0.03206872358266177,-0.05516957809458345,0.00884326195818419,-0.008988749214993375,0.17583362563556576,0.15492075006570685
2022-02-09,36852.85,36852.85,36936.45,36709.25,36907.95,21721913,-0.026342209622746804,-0.0617503812537713,0.006442317120811336,-0.026097809510644332,0.17623080324044083,0.15359321948731283
2022-02-10,36982.55,36982.55,37043.1,36515.2,36836.15,29595815,-0.02659440764668164,-0.052085562730922796,0.006707171392180911,-0.03023183442920796,0.17613360593900532,0.15341244221015402
2022-02-11,36671.65,36671.65,36877.15,36407.65,36874.05,29800752,-0.03716729351685932,-0.06002545276052218,0.011198377235603685,-0.030755067609057885,0.1772492267990133,0.154177458740304
2022-02-14,35661.25,35661.25,36027.3,35556.1,35988.05,33926904,-0.056979849799026816,-0.08246819240219727,0.020417639690586076,-0.030567807401925662,0.19940378670020378,0.16367475089967812
2022-02-15,36438.7,36438.7,36528.95,35683.6,35845.0,26527956,-0.04080665668129391,-0.04987920989057848,0.011391573119446385,-0.04619871291358757,0.21630143405064156,0.16839682438455528
2022-02-16,36460.75,36460.75,36698.75,36274.6,36510.45,19860430,-0.027794998553454908,-0.054443582874525664,0.015866976011241984,-0.04409411293489918,0.2126470265608397,0.16791910889532755
2022-02-17,36571.7,36571.7,36653.65,36320.15,36526.15,23703698,-0.014409913114718842,-0.04207898748500449,0.020922154820459893,-0.035736704981073064,0.21030499835166266,0.16704683160533296
2022-02-18,36498.7,36498.7,36662.95,36370.1,36439.2,17365378,-0.004980725926491458,-0.04602879004698157,0.0220902443246771,-0.031205254869848487,0.2065048926586578,0.1669603091272188
2022-02-21,36200.3,36200.3,36400.15,36055.35,36291.1,24348855,-0.01664090576944488,-0.03587089832384083,0.006660251960266539,-0.04645450090355874,0.20784138185355147,0.16345304516447948
2022-02-22,35879.85,35879.85,35946.2,35561.8,35713.4,36809677,-0.0017111210346856254,-0.038714154243084664,0.0016068601958796336,-0.04095703649336979,0.19187850140895324,0.16397556583511833
2022-02-23,35933.1,35933.1,36108.15,35865.0,36005.7,20134872,-0.012361593443064534,-0.038886563359674886,6.460459883095293e-05,-0.04360009113609187,0.18646406477838232,0.16396513608405047
2022-02-24,34735.15,34735.15,35452.75,34608.65,34984.95,63388931,-0.034244080652157005,-0.0726870335590536,0.01614707171228491,-0.019156683035534083,0.2180827509789641,0.177443697822408
2022-02-25,35292.55,35292.55,35465.8,34934.05,35057.65,37767315,-0.024752475247524774,-0.0686162997524582,0.001183096332743272,-0.025904833695168605,0.2254109292744233,0.17901309646029978
2022-02-28,35515.4,35515.4,35593.85,34623.55,35150.55,44447818,-0.026101502032645718,-0.0528746789837351,0.005383731752474641,-0.029451647447205187,0.2247359866172698,0.1785965396384732
2022-03-02,35364.45,35364.45,35427.35,35035.55,35187.6,34925415,-0.04892856566569326,-0.03957976038683553,0.006308886562785054,-0.02146858172935351,0.21099744348448915,0.1750816445671929
2022-03-03,35019.6,35019.6,35555.85,34955.55,35494.1,46051013,-0.06816917898434072,-0.058001363788588556,0.003931451991474821,-0.018491535453282415,0.20653202830494877,0.174741681947868
2022-03-04,34627.85,34627.85,34854.15,34136.5,34788.8,87801121,-0.07578228423794675,-0.08051258697900554,-0.0009055933191408627,-0.010425700181827535,0.2083220736576183,0.17353051397837838
2022-03-07,33657.45,33657.45,34072.6,33407.55,33960.1,65122029,-0.10266900214351993,-0.11895297716198139,-0.0082911759534956,-0.02454677652502768,0.22457452860108984,0.1790314341051726
2022-03-08,34006.9,34006.9,34044.5,33462.4,33495.8,54594885,-0.07501846187741301,-0.10952341674620414,-0.005297459803630278,-0.02398719047446396,0.2242378943120671,0.18080762236020298
2022-03-09,34486.95,34486.95,34615.55,33963.2,34192.15,60299920,-0.06198670236999182,-0.08821488199812033,-0.00862400292597365,-0.029320037058359616,0.23282164378927273,0.18298984844980085
2022-03-10,35530.3,35530.3,35587.1,34966.75,35050.95,54428251,-0.03588731943391066,-0.056114614824693154,0.01386704970421504,-0.013978730430516562,0.2602764394202847,0.1937807870016975
2022-03-11,35613.65,35613.65,35655.45,35255.6,35519.95,55382861,-0.037014754255723314,-0.048390566110838695,0.01838730882367534,-0.014075634777106827,0.25999098899246287,0.19363032983237205
2022-03-14,35589.4,35589.4,35654.3,35237.85,35654.3,47011786,-0.0295118981556598,-0.04443492771386792,-0.0005359866317530271,-0.022572053427857952,0.2588522620551605,0.19345061571501093
2022-03-15,35649.95,35649.95,35985.45,35438.3,35534.3,54822681,-0.00031687055277096476,-0.021627147483396558,0.010358359985499166,-0.0026577368453203354,0.23934193505577891,0.18842039529773288
2022-03-16,36273.6,36273.6,36338.2,35769.55,35978.95,36015729,-0.004530897095670228,0.0052362985369123205,0.017200882932680406,-0.016501155424601732,0.23471467799518028,0.19082284697767699
2022-03-17,36782.7,36782.7,36822.4,36513.85,36605.85,54578694,0.008830043265703358,0.012271306223993195,0.010859141133481853,-0.018508361109404126,0.24005195345465097,0.19242476211804993
2022-03-21,36149.35,36149.35,36869.25,36085.15,36843.85,40122513,-0.011548547100626916,-0.009757420447027987,-0.0007421716732122219,-0.01932074068307854,0.24792211532138825,0.19551939239619218
2022-03-22,35887.05,35887.05,36148.8,35382.8,36118.65,55153814,-0.016758131111518915,-0.02995126381601876,-0.019027090146577108,-0.044178762625960766,0.2490299093854599,0.19400369241977947
2022-03-23,35789.85,35789.85,36136.75,35751.3,36126.35,57483113,-0.011338303826211482,-0.030446649283803473,-0.013604869317729196,-0.04467294587279114,0.24763442804413197,0.19402557251450336
2022-03-24,35797.15,35797.15,36029.35,35634.25,35714.2,54013708,-0.002304914875619568,-0.02945091829928914,-0.009942947850731798,-0.03743979824661514,0.24567759397598307,0.19403003493425813
2022-03-25,35522.75,35522.75,35924.55,35314.85,35907.95,42125957,-0.011419832967375476,-0.04412892497046761,-0.016679675025600083,-0.03947222933847716,0.24704189806235038,0.19384553673730778
2022-03-28,35659.45,35659.45,35723.5,35264.9,35632.55,39068877,0.026609932589898078,-0.03697807376440432,-0.033339155939959175,-0.0374660827117268,0.21355855265661353,0.1939775886840182
2022-03-29,35640.15,35640.15,35853.05,35555.05,35736.25,28826904,0.009849104131041786,-0.03871813440897187,-0.03018477517229856,-0.045771838239237916,0.20650284108132846,0.19393752675527676
2022-03-30,35858.25,35858.25,36029.35,35754.75,35831.75,40999538,0.009653558737899637,-0.04581432386152717,-0.03228724077810763,-0.05412357802746515,0.20643177646796446,0.19221230656790053
2022-03-31,36287.75,36287.75,36397.4,35939.4,35963.15,43123645,0.02610813967133674,-0.03505552962887626,-0.02560831266372854,-0.025924021326568236,0.20946223529015143,0.19394570006465456
2022-04-01,36712.15,36712.15,36829.9,36229.9,36321.45,27206261,0.04833150578533174,-0.02878809323194087,-0.022731339943839357,-0.021217248607462103,0.20822375041985278,0.19521494128102365
2022-04-04,37191.75,37191.75,37259.85,36613.85,36767.7,28562603,0.07404155903413012,-0.018970772296658223,-0.03725495502836784,-0.026119927294496414,0.20495574810735429,0.19704457331526123
2022-04-05,37656.8,37656.8,37866.65,37220.9,37358.75,39778927,0.11882510410028102,0.0009116884842848005,-0.013194699559758938,-0.011006557158057095,0.16841246026799556,0.19814897752280186
2022-04-06,37588.9,37588.9,37761.2,37307.35,37477.15,33266746,0.10533156506473684,-0.007277274593979199,-0.00671175935498769,-0.00699383478157356,0.16941140820846637,0.19773131713580125
2022-04-07,37561.7,37561.7,37846.2,37507.9,37518.85,30923341,0.08915691297722761,-0.011119140797255844,0.009978357436714713,0.00908548747729021,0.1670777836738749,0.1976166240438128
2022-04-08,38322.65,38322.65,38378.8,37607.8,37710.4,55054146,0.07859066768363898,0.01249012546928796,0.0069150811629776765,0.027521369844348498,0.15003091692869355,0.20177929985088885
2022-04-11,38236.25,38236.25,38533.35,38024.35,38398.7,55908512,0.07364030364761831,0.006403819656015219,0.010833822219421085,0.03591129135249349,0.1514978255928977,0.20170258624399745
2022-04-12,37931.4,37931.4,38181.7,37797.15,38088.55,33803782,0.06580611080827437,-0.004091920524584958,0.026745696407247,0.035754061404800086,0.15636465925419613,0.20231922910614722
2022-04-13,38191.4,38191.4,38309.75,37894.7,38034.6,31373468,0.07128902004070148,0.009927015020097407,0.022519267257589126,0.05265873567660284,0.15677787108488997,0.20225835739824063
2022-04-18,38422.1,38422.1,38527.1,37952.4,38028.6,35882872,0.05923040448149619,0.011403330972994619,0.04754871392353066,0.07336766604625833,0.14839216134451585,0.20241608736691394
2022-04-19,37337.4,37337.4,38808.7,37102.55,38609.45,36248555,0.015080459020137216,-0.004419628751184845,0.03407735992478378,0.059313444410625915,0.17991148586917208,0.20922581982634475
2022-04-20,37722.8,37722.8,37867.65,37270.7,37517.4,35131470,0.04352637046032659,0.01661168962766535,0.042419254257852756,0.061311863105455666,0.1694417285017684,0.20910478971831659
2022-04-21,38005.9,38005.9,38087.35,37773.7,37859.95,33649367,0.059042189313415205,0.036108218334087505,0.054589553849524464,0.056629724817446214,0.16664347407225868,0.2081502713514536
2022-04-22,37775.45,37775.45,38093.6,37661.05,37838.3,30169367,0.05547941665025147,0.026147084310119473,0.059753025949154215,0.05141798011355858,0.1685584646289123,0.2084993462369039
2022-04-25,37167.4,37167.4,37674.3,36926.05,37317.9,39284008,0.03827818695063723,0.03411251942400617,0.05388549596052239,0.045492148388218134,0.1813881030856137,0.20521219098916663
2022-04-26,37866.7,37866.7,37985.6,37505.25,37528.65,33386679,0.06598447473801983,0.04078432558197065,0.06319774464707373,0.04524946415387243,0.1869562670058404,0.20718530461745646
2022-04-27,37634.5,37634.5,37800.2,37374.15,37615.45,30416509,0.05538644034049889,0.04636776137993914,0.06604720037853162,0.050561178641736704,0.18984039557191507,0.2061307191265169
2022-04-28,38460.25,38460.25,38608.25,37854.7,38106.15,46961830,0.07912705193440539,0.06278134093063215,0.0837590061505682,0.05441378231672234,0.20090954541121053,0.21029313276871567
2022-04-29,38204.15,38204.15,38781.05,38086.55,38592.45,39098424,0.06542148598997444,0.04762903701266219,0.08803513128307516,0.06131420922988262,0.2040727107654584,0.21040869526118708
2022-05-02,38285.3,38285.3,38341.6,37886.45,38008.7,28290590,0.055047502256271086,0.02962311544274665,0.07770172808973563,0.05851054471955974,0.20145477519875685,0.20680249990533447
2022-05-04,37621.8,37621.8,38737.35,37495.15,38432.45,41232123,0.02477790050432893,0.0010723361228264228,0.08096490498192277,0.06307460781152163,0.2105978091644016,0.208925459456796
2022-05-05,37408.05,37408.05,37990.55,37322.8,37869.75,35799863,0.005815805924701101,-0.0015787141820043926,0.08174333039880632,0.04839502570518284,0.2071779128514203,0.20916209905234312
2022-05-06,37279.3,37279.3,37419.3,36762.65,36915.95,48390643,-0.010024749845977343,-0.006107965149139916,0.07607626461000128,0.05697902993334236,0.20245302449450683,0.2092651443274588
2022-05-09,36732.0,36732.0,37123.6,36553.6,37078.25,31680204,-0.022796623471290745,-0.0008962340490058507,0.0617625827248699,0.05207060732584734,0.20871005576995935,0.20740519109630584
2022-05-10,36911.9,36911.9,37311.3,36712.45,36789.4,30435080,-0.01729953649595184,0.003969705665160417,0.062039273994058064,0.06343081996359523,0.2098099880729208,0.2076482669619845
2022-05-11,36658.4,36658.4,37056.8,36151.1,36897.3,28192985,-0.04342732039668451,-0.005276389750046406,0.047509375941508725,0.06897440983919323,0.1954730664895815,0.20807682938852837
2022-05-12,36221.75,36221.75,36612.85,35826.7,36582.8,32506237,-0.05268560593677463,-0.020571864298162268,0.05294124456469651,0.0815447417881272,0.19852239658331652,0.20935084261907422
2022-05-13,36887.15,36887.15,37371.55,36520.65,36610.2,30391845,-0.027529961984002704,0.005876474061025316,0.07219168069852222,0.097538202107472,0.2106706861181372,0.21205425740129258
2022-05-16,36759.5,36759.5,37095.25,36653.9,37067.35,17397871,-0.03749273396628561,0.030796733148725774,0.05597163213328615,0.09019902553208592,0.20849703610213138,0.20401268332481426
2022-05-17,37518.75,37518.75,37606.55,36865.65,36959.6,31031749,-0.02351120839308618,0.029640190237302688,0.0297302728959844,0.09263702718417643,0.22164490561352918,0.20353008318781707
2022-05-18,37989.05,37989.05,38033.15,37531.3,37579.3,34748848,0.01745300958288465,0.04191630726191864,0.05981195734057976,0.10437370082955666,0.20120747364694605,0.20500353245486777
2022-05-19,37740.45,37740.45,38136.5,37355.9,37355.9,90203506,0.00046788679525366916,0.03195777062592109,0.0779134829111946,0.11836249841517055,0.19963935719797446,0.2054767858500673
2022-05-20,38546.35,38546.35,38699.15,37989.2,38055.05,48933534,0.01422016055401909,0.056101998153359034,0.07898616701936767,0.11457229242615374,0.21190440536927652,0.20968738580849886
2022-05-23,38510.8,38510.8,38784.3,38308.0,38551.6,33727041,0.019466346529293688,0.06382543791073547,0.07521127165359365,0.12147467078251872,0.21049912866228038,0.20886404175354292
2022-05-24,38010.85,38010.85,38625.95,37922.5,38625.5,27935708,0.022693274213423598,0.05939266747213279,0.07157857034303572,0.11597104078433684,0.2073512743296955,0.20988413051199925
2022-05-25,37930.95,37930.95,38334.3,37798.85,38257.25,24337073,0.001696741464136009,0.05559915509655444,0.0700075713787135,0.11639942440706097,0.19691872734824667,0.2099748018464892
2022-05-26,37849.2,37849.2,37924.2,37346.3,37796.25,32101017,0.005704871859596894,0.08965126104248844,0.05666329401745007,0.09443954533387833,0.1957482476183706,0.19718651191212533
2022-05-27,38242.7,38242.7,38343.25,37825.4,38126.6,22351838,-0.0056564894923980535,0.08359129618007177,0.04610332248264093,0.10195741706432437,0.1829986163361164,0.19576236256853422
2022-05-30,38610.4,38610.4,38731.7,38314.2,38444.3,23466919,0.010633661526300076,0.08714529471722132,0.03642808226900274,0.0950350640333456,0.1845482427173722,0.19623092844083176
2022-05-31,38713.45,38713.45,38957.95,38185.4,38627.4,61559431,0.011183143399685846,0.09469962066425475,0.039570629512829636,0.09598822134694496,0.1846205431086487,0.19589191934074693
2022-06-01,38434.55,38434.55,39280.75,38356.85,38793.1,25705456,0.021603166249355432,0.09751539138082688,0.030888052144322886,0.09601829217332103,0.17465261634955792,0.1953285229126603
2022-06-02,38497.3,38497.3,38567.95,37952.2,38332.05,24903874,0.029118064159986856,0.11174387090160098,0.03239394595007172,0.08818941379073797,0.17281455465981826,0.19349834159565404
2022-06-03,38273.9,38273.9,38677.3,38212.0,38638.3,23111966,0.026679685509116258,0.13715982642773006,0.016135041971908626,0.09169909682062793,0.17390523062786958,0.1837341829091248
2022-06-06,38238.45,38238.45,38399.3,37741.35,38190.15,21912814,0.04101192420777511,0.1244321005443012,0.02459040282893432,0.08970500681029225,0.16352869883446902,0.18303875989136864
2022-06-07,37648.85,37648.85,38013.15,37494.8,37940.6,19679769,0.01996510610399338,0.09168395581517075,0.009109240093249094,0.0873402126896472,0.17447007656428742,0.18473387274415584
2022-06-08,37254.35,37254.35,37689.2,37121.65,37632.4,25152159,0.016256846998232266,0.048523373008389825,0.004557136153665153,0.06290432046860006,0.17711094125084173,0.17661898702325662
2022-06-09,37440.65,37440.65,37545.0,36862.55,37229.4,20303029,0.03365105219930009,0.05130055470304229,-0.00873885223990789,0.060461438295004055,0.1709967679368814,0.1768014548641436
2022-06-10,37428.7,37428.7,37496.2,37059.9,37083.45,22052621,0.014681264342731648,0.05168111853529411,-0.011908864611544612,0.09136394947068671,0.15947366750313408,0.17678976440699293
2022-06-13,37078.1,37078.1,37318.7,36929.0,36999.25,23576357,0.008667147268053066,0.04006036474104446,0.012953104161913198,0.09338807339944932,0.16290701402465257,0.17802110163396154
2022-06-14,36999.15,36999.15,37297.2,36820.2,36979.05,16567314,-0.013849075462268878,0.020002150324202717,0.018575457060374556,0.0932407008465076,0.1448305095341849,0.17466602324478878
2022-06-15,36830.9,36830.9,37096.35,36756.2,37072.4,14199010,-0.030486416480538514,0.0013103986384905841,0.0032660031579392346,0.09357023004679954,0.13669858290928114,0.17261245644499837
2022-06-16,36621.15,36621.15,37178.35,36440.15,37098.2,25585054,-0.029657833968593228,0.013051410329646407,-0.0012696111289629552,0.11569430653559121,0.13631580514883995,0.16921595853316518
2022-06-17,36264.55,36264.55,36590.15,36024.05,36519.95,38327621,-0.05919626631315278,0.010519114833902554,0.0005997128993342482,0.12729310345681266,0.10983013686203091,0.16976651020523942
2022-06-20,36915.75,36915.75,37046.6,36179.0,36300.1,30576231,-0.041418251503474446,0.031458639809890165,0.011900637792883417,0.14137041217368707,0.13242061617006853,0.17344067695790621
2022-06-21,37317.75,37317.75,37463.3,36879.5,36990.95,23852074,-0.018234267321041164,0.042478241982951026,0.011926728028202827,0.13444672525725387,0.13337327357117626,0.17472156486203178
2022-06-22,36963.3,36963.3,37386.9,36883.15,37092.75,23511855,-0.02551082954684747,0.04055288512291422,0.012708791780310591,0.14197538820182165,0.13681895729151344,0.17514120614085926
2022-06-23,37316.5,37316.5,37355.55,36943.55,36998.95,18274166,-0.014074273696669914,0.04646874811585722,0.02386600423393548,0.14316771509849568,0.1420100221361813,0.17596406087042474
2022-06-24,37778.85,37778.85,37872.15,37449.25,37449.25,17940919,-0.012129112222724836,0.06000816494880068,0.027815983925603027,0.15386228048656758,0.14419987248845653,0.17752421038710658
2022-06-27,38103.2,38103.2,38219.7,37875.15,38027.1,15747894,-0.013136357043698199,0.06260623426965894,0.03664040640315813,0.15782719609798468,0.1432873497732075,0.17789683078031418
2022-06-28,38173.1,38173.1,38252.1,37712.2,38035.1,20061619,-0.013957681374302644,0.05195554973785921,0.03032151530841576,0.14440175164097835,0.14306127583692052,0.1764539317677025
2022-06-29,37688.35,37688.35,37913.85,37605.1,37862.45,28038648,-0.01941482338156697,0.026590651868659165,0.024382388984715897,0.13249342695992983,0.14770087740787766,0.17717150143892202
2022-06-30,37664.55,37664.55,37794.55,37415.8,37637.35,33170450,-0.021631387136240687,0.012712496723063627,0.029351894076172114,0.1386250861212044,0.14738827557913226,0.17524151869204355
2022-07-01,38725.85,38725.85,38814.65,37428.4,37562.45,45052224,0.011808308011464597,0.028389294894945794,0.06199136893999235,0.1511994198553963,0.1781608236312695,0.18249302021141095
2022-07-04,39755.65,39755.65,39792.85,38761.3,38761.3,52302091,0.03967734047797444,0.05764334683909356,0.08398760462260157,0.16839915897522673,0.19988159530575353,0.18990498185083915
2022-07-05,39690.6,39690.6,39904.2,39619.95,39895.9,31797348,0.05423140414647465,0.056677413429104595,0.09111536522234087,0.1603479203798157,0.1895786089845846,0.18994827995320765
2022-07-06,40740.15,40740.15,40799.35,39589.4,39589.4,39964054,0.09356759680413163,0.06308279829291563,0.11597188845487671,0.16398892329067805,0.2001180128430763,0.19292935409409562
2022-07-07,40708.7,40708.7,41170.65,40650.25,40906.45,31305134,0.08728614487195063,0.06466246036156775,0.10823511513752682,0.15190734061780964,0.20096389182842628,0.19284562438234057
2022-07-08,40925.25,40925.25,40961.1,40675.75,40844.2,18879003,0.09341895390435684,0.07892801214824652,0.09225860104762917,0.15363871952389097,0.2002827630826911,0.1921057730919708
2022-07-11,41043.15,41043.15,41208.1,40778.5,40859.5,20748253,0.10693778807436205,0.07466995187398218,0.07894308789942217,0.14675026719665263,0.19362984117289697,0.1917871758735316
2022-07-12,40574.8,40574.8,40975.35,40513.4,40815.2,20699351,0.09664140932967391,0.05602765075308236,0.075906720164719,0.12097310850773446,0.20094919922227483,0.19325528794153385
2022-07-13,40954.4,40954.4,41103.45,40681.15,40681.15,19717071,0.1119576225397696,0.09687337629293946,0.09446480013067537,0.15536859714780138,0.19857125851205845,0.1838970940987268
2022-07-14,40897.3,40897.3,41329.3,40651.85,41014.45,24688484,0.11676722331221168,0.084153350228509,0.07913517795265435,0.1540565883956485,0.19596914325301013,0.1830844103534638
2022-07-15,41498.8,41498.8,41534.55,40994.75,41138.2,23121065,0.14433517029716336,0.09190415172381128,0.09492200814902851,0.16914386540861193,0.18972353488719587,0.18467831107450441
2022-07-18,41460.3,41460.3,41902.25,41335.0,41710.3,21003927,0.12310599134515754,0.09754615762353613,0.06262778196279317,0.14957573256395384,0.18687231092979972,0.18407976188655154
2022-07-19,41479.85,41479.85,41508.7,41211.5,41427.9,17210794,0.11153137581981754,0.11602775550616928,0.06665900653546486,0.1522080817621969,0.18679495280368194,0.1803342664837334
2022-07-20,41950.15,41950.15,42004.7,41465.65,41636.4,29392354,0.1349135493854714,0.10783749310079838,0.06305678809995663,0.14736769756756896,0.1793411988315524,0.1780184775585382
2022-07-21,42283.0,42283.0,42360.95,42003.75,42059.55,30680076,0.1330912598984364,0.12351698574446313,0.06568602914214683,0.1489389960678812,0.17905349703541493,0.17769857653936422
2022-07-22,42502.75,42502.75,42555.1,42205.6,42404.65,20861672,0.1250408628108055,0.1051085211354581,0.06005691652356249,0.13558692152796203,0.17763264530492423,0.17301457331601042
2022-07-25,42386.95,42386.95,42566.5,42291.75,42450.6,19340286,0.11242494068739628,0.10948548783312795,0.06196083748100345,0.1370574440448864,0.17989068220535376,0.17238858216637204
2022-07-26,41799.05,41799.05,42400.15,41718.95,42397.15,19805982,0.09498704585165996,0.09177804535944611,0.05500966977726218,0.1260651497406613,0.19227716101308498,0.17536063791620848
2022-07-27,42036.3,42036.3,42085.3,41635.65,41715.45,23920126,0.1153658889285416,0.1173388833070188,0.06202733213034595,0.11948540492664539,0.18106439312124253,0.17104189862863825
2022-07-28,42271.65,42271.65,42348.6,41916.2,42301.05,23898373,0.12231926307363294,0.13001479628047963,0.04948457354875213,0.11521203934631918,0.1796298051812424,0.17047742808211422
2022-07-29,42487.4,42487.4,42584.75,42156.9,42472.95,27882886,0.09713279372822048,0.13970487643276552,0.007861859929240156,0.09418731987857254,0.1596915565703617,0.17020193632073927
2022-08-01,42526.75,42526.75,42610.5,42343.35,42582.95,28526152,0.0697033000340832,0.1577575411085701,-0.025318357775364397,0.0940714443310644,0.13807675135375075,0.16651696418801026
2022-08-02,42798.5,42798.5,43221.85,42587.45,42739.75,50815966,0.07830317505908213,0.15947702502445016,-0.018756732997032843,0.09141076738628451,0.13714820990873663,0.1666377426587607
2022-08-03,42624.15,42624.15,42896.95,42257.05,42743.3,31580618,0.046244306906086496,0.16273896296619594,-0.041208356855692685,0.08721207126931207,0.11139837647585747,0.1660623956476651
2022-08-04,42830.25,42830.25,42874.3,42435.7,42607.75,43926316,0.05211539548057309,0.18244563004272285,-0.025310211764907997,0.08287579198604278,0.11114854723090103,0.1633460114225474
2022-08-05,42930.9,42930.9,43117.15,42845.95,42891.8,24582720,0.04900764198141738,0.16384431976989267,-0.023548269573466785,0.06149137233285895,0.11066738842751207,0.16015788171252454
2022-08-08,42978.5,42978.5,43040.1,42830.6,42961.75,17558594,0.047154031793368745,0.1691807559950489,-0.033574853836564555,0.06295881691840144,0.11074273186662584,0.1597001956460404
2022-08-10,42821.6,42821.6,43245.6,42709.2,43067.15,19115613,0.05537427171544884,0.14133866400133255,-0.0365688488683078,0.06289431457462524,0.10087609366196877,0.15579178217797554
2022-08-11,42478.5,42478.5,43143.9,42382.7,43047.05,23230498,0.03721456058445494,0.11817747482498242,-0.06877821610768597,0.030820701097011183,0.10452331126236238,0.15569408046577282
2022-08-12,42457.3,42457.3,42547.25,42126.85,42536.2,17340234,0.03814432737613482,0.12498128665662445,-0.07224770437549477,0.0055112274935944505,0.10420487069078704,0.1547853546941785
2022-08-16,42964.1,42964.1,43132.35,42566.25,42603.6,27657135,0.035309454731220935,0.11460877618762866,-0.07535336852935703,0.01875944663307183,0.10014785257488258,0.1510043178883823
2022-08-17,43275.85,43275.85,43326.65,43041.2,43081.95,20845336,0.04379008352568592,0.1237328230003012,-0.05853814081930908,0.017067279767655208,0.10144873253715374,0.15129856166595745
2022-08-18,43522.3,43522.3,43653.25,43264.05,43307.3,23373157,0.04923957053846628,0.14499675750476526,-0.04965246275462065,0.03142574793205899,0.10199323823822577,0.14820031963058689
2022-08-19,42945.35,42945.35,43671.4,42865.5,43626.35,23151530,0.023723395506332956,0.13219811262306913,-0.051187982457709946,0.024081860381124587,0.11066322821321467,0.1513696902587929
2022-08-22,42890.65,42890.65,43222.1,42751.75,42947.9,24078060,0.014371023815717976,0.13319832387474517,-0.038952426222673475,0.05153248922112219,0.10802329680727549,0.1512751586847476
2022-08-23,42937.65,42937.65,43017.25,42584.35,42625.6,22236133,0.010232279087823759,0.12276722093366854,-0.041088238114844744,0.04785185411979098,0.10674663375174495,0.15030281275196508
2022-08-24,42999.7,42999.7,43205.95,42768.05,42847.55,29234556,0.014456100285583195,0.11368180593829624,-0.04410617611090539,0.057050982237791814,0.10609382531329353,0.14945902382782547
2022-08-25,42830.05,42830.05,43364.35,42738.65,43189.4,29429061,0.024665632352888434,0.10633513675479733,-0.03834147059861559,0.04978259880120017,0.0928371820759985,0.14990912350839683
2022-08-26,42768.95,42768.95,43159.75,42698.95,43103.95,18316110,0.017428983997164194,0.11277353318823802,-0.03767921140968622,0.050063004334082395,0.09174219181602115,0.14890360388827747
2022-08-29,42933.9,42933.9,43045.0,42226.55,42286.55,27340772,0.01566652827604309,0.11524444571437464,-0.006974336841507611,0.07405486244368675,0.09076049660463366,0.1489634559350483
2022-08-30,43821.15,43821.15,43870.05,43100.45,43106.55,34274315,0.03139165964497703,0.14493558273392582,-0.0036381820492517036,0.07408544467272771,0.11388473446306459,0.15288996313030717
2022-09-01,43497.35,43497.35,43638.1,43281.45,43549.6,31235255,0.022823281816738872,0.1375291100972975,0.011130697835425751,0.07879185084091955,0.11825291958800649,0.15404114188665038
2022-09-02,43666.55,43666.55,43832.45,43449.9,43647.65,37310811,0.020282252882694474,0.15983755147899625,0.00909776307482657,0.09142407125354923,0.11711478147884867,0.14959462690724545
2022-09-05,43755.85,43755.85,43836.6,43563.3,43736.0,26970380,0.02655067608386319,0.17451653296863312,0.010582882823074513,0.09445228956015006,0.11559508537897385,0.14712473552316505
2022-09-06,43528.9,43528.9,43958.15,43426.15,43832.3,23585299,0.016312069156729114,0.1626106918549759,0.0005716705043876669,0.09115220890406106,0.11702153938370866,0.14792178637837372
2022-09-07,43614.95,43614.95,43780.05,43403.6,43443.4,18714260,0.015933744692051555,0.1652809207907302,0.0028916184885741103,0.07747582487009597,0.11696407837364936,0.1478089722430287
2022-09-08,43786.45,43786.45,43963.6,43600.6,43883.9,18751985,0.0187989343508963,0.18092485860925978,0.003184164864586947,0.05259353955778523,0.11749156853529154,0.14571164471561887
2022-09-09,43837.7,43837.7,44305.2,43772.4,44072.8,17281795,0.023728678984437757,0.18482992176847302,0.006699658931400121,0.051265422930197646,0.11623388717022473,0.14539388730765015
2022-09-12,43921.85,43921.85,44069.3,43863.75,43968.1,19743538,0.03397836552608968,0.1925271986294117,0.018272515286834823,0.0495130697251438,0.11101837239312043,0.14459259741843367
2022-09-13,44251.55,44251.55,44330.6,43995.1,44095.65,22663361,0.042260106035946654,0.20836046929165253,0.0212465886673745,0.03197079435856298,0.11255130520472485,0.1437482228107242
2022-09-14,44182.65,44182.65,44529.95,43786.75,43800.55,26308149,0.028362051107785335,0.21834270658259913,0.01834816630953573,0.04112689594409247,0.10700455591768411,0.14155721541719338
2022-09-15,44041.6,44041.6,44499.25,43954.4,44343.1,18932764,0.017694626448700568,0.1930300752388885,0.02142003204520082,0.028389994478279057,0.10586305586750244,0.1388817718959501
2022-09-16,43192.65,43192.65,43991.45,43101.6,43929.35,35707473,-0.00757427801379984,0.15742910545249922,0.01613025185699901,0.036444769805438426,0.12637179365980822,0.1452625800975983
2022-09-19,43655.65,43655.65,43722.9,42877.1,43131.8,23561153,0.016539625361069454,0.1810539102298767,0.024209169985844214,0.03773935570205822,0.12237441264162466,0.14404208516427264
2022-09-20,43981.25,43981.25,44259.35,43866.35,43980.0,22005264,0.025427453302759417,0.17860061902911584,0.006814659315597993,0.033350867145721,0.12428444485356424,0.14368932343893578
2022-09-21,44500.15,44500.15,44674.95,43945.1,43989.8,37587088,0.03638997476573591,0.1779117151527907,0.028376912079062677,0.049300500644135825,0.12971596843025773,0.14352781725903568
2022-09-22,45080.45,45080.45,45228.15,44460.75,44484.75,41961733,0.0483898724874825,0.18311454156081375,0.046978248847379556,0.06956316958178999,0.13561452506323227,0.14457151038436697
2022-09-23,44854.65,44854.65,45237.95,44780.15,45227.15,34129569,0.047270549532395956,0.17503294204557673,0.05840481546402343,0.08183857251961024,0.13632552070677384,0.14544763998417357
2022-09-26,43937.4,43937.4,44825.05,43845.3,44638.3,32699775,0.027320053449991333,0.16580853234487591,0.05822173848174328,0.08876609309392469,0.1585952989971124,0.14985762151852838
2022-09-27,44218.15,44218.15,44599.9,44049.8,44136.55,26550504,0.029912260474822983,0.17399915835978397,0.047558061762135284,0.09623420592715459,0.15937290792165204,0.14990822087572506
2022-09-28,43964.65,43964.65,44310.3,43704.7,44000.3,28541007,0.0032746744437333053,0.13527914816588926,0.05399182727364349,0.06503116022731548,0.14442238374561633,0.14142651171410314
2022-09-29,44356.25,44356.25,44531.2,44130.8,44290.35,32679470,0.019746030505306766,0.11572191625592843,0.06105649061436591,0.05366139822239013,0.1446540080903612,0.1329955659253521
2022-09-30,44405.65,44405.65,44590.65,44037.9,44393.65,25674674,0.016925999420609017,0.11879513033312672,0.042303056808430495,0.037616697060385285,0.14424991255608707,0.13280902309560108
2022-10-03,43477.3,43477.3,44654.45,43365.05,44519.65,20586630,-0.006366005916923045,0.0671855650997848,0.03769942771466339,0.011052917058476774,0.1638074728891224,0.13126806412829944
2022-10-04,44287.05,44287.05,44319.05,43871.3,44034.05,23378919,0.01741716422882278,0.08790135769503826,0.03901364560363452,0.01715150100539553,0.17555623707344933,0.13593714987598132
2022-10-06,44097.2,44097.2,44518.5,44023.0,44478.6,40102801,0.011056988486745967,0.07750594070897554,0.027658949568533653,0.009000386128073412,0.17643860770340042,0.1361841434158091
2022-10-07,43813.3,43813.3,44105.65,43534.3,44056.1,26151265,0.0006132033996819608,0.06749360124649306,0.0278117206761761,-0.0002574095221921091,0.1776500826717125,0.1370473271485044
2022-10-10,43329.2,43329.2,43413.5,42996.6,43278.6,21662920,-0.011599604906279315,0.06788449973875399,0.02161623072471186,-0.005765899724286427,0.18190291148373686,0.13690593397335193
2022-10-11,42564.65,42564.65,43473.75,42461.8,43466.9,28034841,-0.03090033775899692,0.03931811966479781,0.022220773775704084,-0.024370905005153265,0.19152124685417915,0.14116572859677873
2022-10-12,43196.85,43196.85,43267.15,42559.2,42739.15,24850175,-0.023834193378537094,0.05622742821653248,0.028542592018052093,-0.018116960405416327,0.19770955200784937,0.14401640642600924
2022-10-13,43036.65,43036.65,43319.85,42995.65,43180.85,17284721,-0.025937783270129744,0.037057698053919674,0.029017456089725835,-0.023079218572267912,0.1979086986500425,0.14144947362840402
2022-10-14,43153.05,43153.05,43646.35,43105.2,43474.2,15392992,-0.020175243406234,0.04082821397819125,0.018516129878538012,-0.014901688577326766,0.19827136452748928,0.14147683727409566
2022-10-17,43182.9,43182.9,43406.95,42924.5,43073.85,14352468,-0.0002257328503807443,0.04105728444051748,0.012269316334677538,-0.018380799844986973,0.1859259429541654,0.1414762571166114
2022-10-18,43715.75,43715.75,43859.05,43389.25,43465.4,29824228,0.0013766832013726304,0.04208804974475644,0.009054521232838564,-0.01638954869707998,0.1872276911266699,0.14180721036779867
2022-10-19,43890.55,43890.55,44055.9,43665.9,43923.1,26965166,-0.0020622424328547995,0.03801882553272007,0.015000832007613929,-0.01660245388192294,0.18582659125535705,0.14118216308535667
2022-10-20,44281.15,44281.15,44365.1,43821.55,43824.4,30219040,-0.004921331725848077,0.041841998458923335,0.003792820214313708,-0.00866803862130161,0.18367013190039339,0.14188880011123403
2022-10-21,44269.2,44269.2,44670.8,44080.7,44467.75,39087788,-0.01799560563392777,0.04440635620161393,-0.01496097122915907,-0.01243332759671456,0.17693719766852062,0.14172569978729796
2022-10-24,44210.1,44210.1,44471.25,44090.5,44372.9,5375328,-0.014369747618140027,0.057681932962591054,-0.037650884071157686,-0.017961828669148083,0.1762832264137762,0.13845975557563486
2022-10-25,43752.85,43752.85,44342.3,43659.45,44332.6,31822770,-0.00420029405472333,0.040834945035600034,-0.04181415833421809,-0.02012893991055753,0.16423946043247029,0.14002066110543543
2022-10-27,43954.6,43954.6,44073.7,43617.2,43858.0,36276810,-0.005960222216442879,0.03981273501270932,-0.04885618581868456,-0.007875906656519494,0.16341749938273437,0.13988772961809867
2022-10-28,43944.1,43944.1,44202.8,43834.25,44118.1,23312955,-0.0004674209848140043,0.03428545874776989,-0.05552544439019991,-0.0023471104973453727,0.16214550061257038,0.1395912797680914
2022-10-31,44296.3,44296.3,44410.4,44031.0,44166.35,24382932,-0.0013515569959137164,0.04161028058810046,-0.07235242136880449,0.0028475084382748594,0.16153117061326974,0.14041662987118383
2022-11-01,44564.9,44564.9,44604.85,44400.8,44460.15,34057130,0.003586255352640899,0.04127247450261118,-0.057899019329794355,-0.004846317912996723,0.16295191916516696,0.14036204946794353
2022-11-02,44533.35,44533.35,44807.8,44346.7,44583.75,27742733,0.024289686802078325,0.044791509038889954,-0.04650294955906609,0.0048390584824147265,0.14235900530635992,0.14004370134564406
2022-11-03,44661.85,44661.85,44782.75,44404.95,44439.0,23615617,0.008462970552339799,0.04276416784865833,-0.03659809717810614,0.004178319341582082,0.12725804089747023,0.13985766520611012
2022-11-04,44509.55,44509.55,44790.95,44409.65,44684.7,17336425,0.009350933846139942,0.03677188225730199,-0.03596170384726194,-0.004593278864985617,0.126863055611738,0.1400659380484579
2022-11-07,44709.45,44709.45,44998.9,44416.15,44700.55,26539612,0.02045383479445717,0.04027478855706912,-0.03084089946745361,0.0016044707283211501,0.12487132176780903,0.14028840878433121
2022-11-09,44826.55,44826.55,45050.35,44671.95,44696.55,33965879,0.034557527025654844,0.046820996880079235,-0.018571641816059747,0.011334320423329158,0.11641623009641353,0.14005307224530458
2022-11-10,44586.9,44586.9,44927.25,44386.15,44719.65,29568378,0.04751008172274407,0.04963452099297294,-0.013999342952648375,0.02872737909648948,0.09522072499181125,0.13943882405736518
2022-11-11,44520.5,44520.5,45035.5,44431.05,44988.15,20840526,0.030642280629258778,0.04859470573964897,-0.04096063215455348,0.011780190451648354,0.08389311247654867,0.13949327505018388
2022-11-14,43919.15,43919.15,44692.55,43878.3,44570.4,30158292,0.020505778214614745,0.022229023766353828,-0.056770215957124615,-0.0060398863821713444,0.09817708390218785,0.14061569216549855
2022-11-15,43911.05,43911.05,44077.4,43468.05,44054.65,27713133,0.017565386455882015,0.014677932380299907,-0.05329010544906532,-0.010909673154899435,0.09805401968347424,0.13988907815736248
2022-11-16,43910.3,43910.3,44012.65,43594.8,43960.1,19812631,0.016844630629253787,0.008914970026859814,-0.04657162648040836,-0.016321038695608303,0.09810343628409984,0.13943000458246152
2022-11-17,43845.1,43845.1,44084.8,43775.45,43923.4,23898468,0.002958887815032396,0.020951045922317446,-0.046046296631672146,-0.012016425767545025,0.08853256105247043,0.13661808185324972
2022-11-18,43747.0,43747.0,43958.8,43447.9,43915.65,17516170,-0.00327063570631958,0.01996589000166704,-0.0486902928391838,-0.026741858022450327,0.08770415194885457,0.13668129150179267
2022-11-21,43611.0,43611.0,43688.6,43456.2,43647.25,18153486,-0.015133979131074948,0.01568204128544526,-0.049067122103485294,-0.017454025774716886,0.08143915269544892,0.13685264021404964
2022-11-22,43854.15,43854.15,43881.85,43526.05,43619.0,16105760,-0.009375592963053236,0.019871068867922448,-0.047375536512750616,-0.016439743055304934,0.0844792748053835,0.13726415825380767
2022-11-23,43854.2,43854.2,44009.2,43736.35,44000.8,16166129,-0.008050196674515564,0.023911949670850197,-0.03830836398272297,-0.0185935683621552,0.08443101881728377,0.1369763119313121
2022-11-24,44241.75,44241.75,44388.45,43932.6,43991.45,22817137,0.011174129228153085,0.03443619728798586,-0.03570702221667843,-0.01825498485710897,0.08175073419970541,0.1379949246135131
2022-11-25,44102.6,44102.6,44331.55,43878.75,44331.55,16175181,0.0033671106095836123,0.0272209140096753,-0.040372135169498335,-0.042082875783092444,0.08129256674117986,0.13802879513752822
2022-11-28,44251.05,44251.05,44313.45,43974.0,44042.3,21807504,0.006985010501978639,0.009810331312619658,-0.03663999144710539,-0.03543070765881717,0.08205397325769057,0.13174851787911004
2022-11-29,45078.55,45078.55,45151.7,44254.65,44261.05,36916817,0.017659488490009423,0.036351639812540304,-0.015976135630188626,-0.02494130955214957,0.10133785353971723,0.13603275142069543
2022-11-30,45536.55,45536.55,45788.05,45079.0,45085.85,83279850,0.021803033328920307,0.04282454189763096,-0.01197683405095229,-0.026670250978873433,0.10504603386408769,0.13726827784545886
2022-12-01,45370.65,45370.65,45690.7,45188.1,45680.6,31195575,0.018801639670045,0.036904779589472136,-0.021548770048936072,-0.02800590478590448,0.10622202008108292,0.1375257523784627
2022-12-02,45154.2,45154.2,45351.4,45025.9,45348.55,30281130,0.011023949970724534,0.037338411951599815,-0.02461617136673988,-0.02159473237772125,0.10782717485128544,0.13745303207439796
2022-12-05,45151.15,45151.15,45232.75,44781.4,45123.05,22674109,0.014414883996805239,0.03522186773113356,-0.01781426783090989,-0.025866757513541838,0.10684510708995225,0.13743019976006446
2022-12-06,45287.85,45287.85,45341.2,44961.05,44977.1,17491047,0.012936862341182964,0.034289146528206915,-0.011232452262489145,-0.013129913799063253,0.10628745759845198,0.13734881323354647
2022-12-07,45724.6,45724.6,45878.45,45313.95,45423.9,28142578,0.020033886167907022,0.043042860369043145,-0.002188948000733104,0.002268109323802836,0.11080007781062923,0.1385885365593468
2022-12-08,45767.05,45767.05,45986.05,45612.65,45720.45,17297237,0.0264685367226698,0.042010980867153824,-0.005767094999248545,0.004489410722901432,0.10823722263900884,0.13856630545805299
2022-12-09,46159.5,46159.5,46235.15,45821.9,45964.95,22467021,0.036814501184847526,0.04311600384619285,0.028808899083484718,0.019510711681347326,0.11062817333004164,0.13880504512386754
2022-12-12,46215.2,46215.2,46244.2,45973.05,46093.25,26863621,0.05227901723963235,0.04600335199450445,0.043113289618895045,0.018597928645202266,0.09460283476915202,0.13872824250671617
2022-12-13,46145.55,46145.55,46331.2,46037.15,46312.55,19669562,0.05088696353195843,0.047771879314103094,0.0397694740989063,0.006904661854559624,0.09522458897664975,0.1385660520085489
2022-12-14,45949.35,45949.35,46285.65,45840.35,46243.95,16577594,0.04643671302632857,0.06382335883535739,0.03282155003808174,-0.0006031348624153665,0.09785670153808308,0.13244791342770929
2022-12-15,45544.55,45544.55,45977.3,45427.35,45864.4,16940508,0.03876031757254528,0.04326816803781419,0.034889821195652315,-0.0017119219407639719,0.10484494849641766,0.13242384178572927
2022-12-16,45320.75,45320.75,45541.6,45096.25,45472.8,23972035,0.03597389535282414,0.030456160295580403,0.038085055976952775,0.005043966371494291,0.10666979456857195,0.13216478641839452
2022-12-19,45981.45,45981.45,46013.55,45383.0,45449.4,17837780,0.05435440599848662,0.033287528244286824,0.0400096522295148,-0.006338036486838616,0.11401146825222208,0.1332754989250729
2022-12-20,45694.7,45694.7,45888.7,45402.05,45866.3,20108088,0.04196980217379642,0.01362564038291536,0.034235751432068806,-0.02922793518349165,0.11766279427874836,0.1314375738278963
2022-12-21,45284.7,45284.7,45864.45,45189.15,45835.0,15720740,0.03261945264079613,0.009587634726834215,0.036350194302786853,-0.040723002482698334,0.12393395607091927,0.13236944517869967
2022-12-22,45085.55,45085.55,45569.5,44923.5,45383.15,14674655,0.019072482440229077,0.026131496174102375,0.03837285451889172,-0.03916170958241838,0.1226258570802163,0.125460813604571
2022-12-23,44314.9,44314.9,44976.65,44245.65,44823.6,19011847,0.004813775151578437,0.002188015554698719,0.04294691143603102,-0.044815075585888264,0.1380917159980718,0.1299375168293184
2022-12-27,44559.4,44559.4,44981.25,44480.5,44880.05,12394332,0.006968196234891533,0.013527913903556676,0.030157067428545514,-0.062024101174059876,0.13894026365148698,0.1298436050582285
2022-12-28,44589.15,44589.15,44634.7,44408.4,44566.9,13654471,-0.010856604748821774,0.005250669296886112,0.015760079622297418,-0.07230865196542124,0.12128675878464745,0.12859352380764394
2022-12-29,44508.0,44508.0,44630.75,44099.0,44537.55,18144996,-0.02258735016157354,0.002304886878133683,0.007657827116253291,-0.06184791306364157,0.11459512616081081,0.128634172708625
2022-12-30,44171.45,44171.45,44740.35,44086.0,44640.65,13102601,-0.02643118403637601,0.01596580284424265,0.011160801013457844,-0.056156300389698544,0.11657522800062986,0.12193753030338472
2023-01-02,44192.85,44192.85,44318.65,44000.8,44284.2,12327497,-0.021290378303679414,-0.0021270326201452416,0.005380981019575182,-0.05556760015397044,0.1160099010484972,0.11590017662366682
2023-01-03,44013.65,44013.65,44231.75,43900.9,44121.6,12841329,-0.02519315676344902,-0.0018946781201526486,-0.00014108854117955705,-0.053865619360976,0.11641551318841804,0.11586459775766272
2023-01-04,43723.55,43723.55,44160.65,43655.0,44104.85,14787998,-0.03454127321124756,-0.0020484647355939467,-0.002367866323851664,-0.04411104247723496,0.11672059751979588,0.11590153114119232
2023-01-05,44401.5,44401.5,44533.65,43812.95,43832.1,26308885,-0.028936283750978675,0.02474774516953926,0.0016851763053237212,-0.01881993597569598,0.12565651193570873,0.11779143935836202
2023-01-06,44412.85,44412.85,44717.35,44287.6,44453.75,19486009,-0.029588972852740203,0.0434210078081223,0.010707996486113869,-0.008152332112467242,0.12550904194032148,0.11151388485755291
2023-01-09,44796.65,44796.65,44894.55,44505.6,44617.5,19967234,-0.029524799878681507,0.03703510788402409,-0.00814787660762839,-0.020055669270083953,0.12557940259139022,0.10889267261902139
2023-01-10,44626.05,44626.05,44809.45,44503.8,44800.05,14886937,-0.034385873046097304,0.03693131319468401,-0.002867504665663656,-0.015953504733014157,0.12541000240279734,0.10890983117116855
2023-01-11,44123.0,44123.0,44752.8,44077.1,44728.45,15394460,-0.04382979507233098,0.02247697439694285,-0.005550518349953459,-0.018836445031774618,0.12993024987733634,0.11152384281084238
2023-01-12,43966.35,43966.35,44258.75,43802.6,44179.4,17879673,-0.043156214396939285,0.01814259811175245,-0.0001718288876790819,-0.013419597202543931,0.12980904110392769,0.11181105950341001
2023-01-13,43955.6,43955.6,44200.55,43741.45,44013.6,27143102,-0.03488781863033019,0.005486580923351303,-0.010000321466168471,-0.021370613247569503,0.12754220995688897,0.10899749400407835
2023-01-16,44006.75,44006.75,44099.85,43866.15,44065.55,17479347,-0.02899334190188818,0.0026474947340600075,-0.008513272351009626,-0.019200046808288906,0.1273786328473688,0.1087191179926868
2023-01-17,44536.1,44536.1,44582.8,44011.25,44044.8,25800200,-0.03143332800509768,0.005757528880799168,-0.01150175993420166,-0.022103606243504492,0.12345427791804472,0.1099698403991073
2023-01-18,44711.45,44711.45,44808.95,44505.3,44621.8,19431994,-0.021517812787916313,0.009990015631635485,-0.009554387522700436,-0.023523795690561622,0.1236501670301063,0.11024662757009251
2023-01-19,44326.05,44326.05,44708.95,44157.35,44596.1,17035184,-0.02116940158596603,0.002622703861787423,-0.01615541727033576,-0.018645409972934734,0.12335362063612643,0.11168413640999975
2023-01-20,43899.6,43899.6,44138.7,43752.0,43887.4,29180762,-0.026304436787396468,0.0033540672207639233,-0.020804503211975245,-0.01767523891921252,0.1266111968524772,0.11140263935958455
2023-01-23,44261.9,44261.9,44295.05,43841.05,44047.65,13023516,-0.0011959860001941047,0.006991304664358378,-0.01870334197220347,-0.014523193561559955,0.11599227266750022,0.11227654502807657
2023-01-24,44324.35,44324.35,44449.65,44214.95,44324.85,19238336,-0.005274981260968592,0.008653038746953445,-0.004502878472199656,-0.00998437694555565,0.1142866813399556,0.1123051218398359
2023-01-25,44284.15,44284.15,44426.9,44056.0,44274.8,23100042,-0.00684022906917936,-0.00027428927472505915,0.005881568765004674,0.006401741705146846,0.11425307687197896,0.11112630394239849
2023-01-27,44486.65,44486.65,44617.8,44111.15,44483.5,33739116,-0.0004796890446661095,-0.0017558661637298023,0.03176979644953437,0.02806165065058852,0.11539893260769839,0.11082258833125759
2023-01-30,44220.35,44220.35,44548.4,43956.6,44542.25,28266766,0.0011070499157261882,-0.007028440483368037,0.02631246174586832,0.016966693027007818,0.1141501149539446,0.11149059530668086
2023-01-31,44456.9,44456.9,44626.4,43721.95,44291.65,35172217,0.005974948436229033,-0.0045889276866049045,0.03539109471531565,0.01704489135577769,0.11568027787266252,0.11188521072200874
2023-02-01,44958.3,44958.3,45253.75,43550.1,44699.45,79437624,0.021462659879378343,0.010082105975009803,0.05526209954054406,0.03772716044418134,0.12064698050356705,0.11401771364017475
2023-02-02,45981.55,45981.55,46090.55,44915.85,44989.4,68022229,0.05164265024226067,0.028452597828870774,0.0756159388039499,0.0609970616036547,0.1389628726726549,0.12259128144265695
2023-02-03,46037.2,46037.2,46229.35,45551.7,46191.9,37231309,0.03683884553449768,0.027007431979485297,0.04451439328041684,0.0436924140112086,0.13039807924197286,0.12251989106152521
2023-02-06,46293.6,46293.6,46374.9,45874.1,46041.25,39352588,0.04234697840827595,0.038278059250586915,0.04765787059835658,0.052899575585998115,0.13091628506399094,0.1223529778017926
2023-02-07,45758.1,45758.1,46398.7,45538.5,46396.25,33867791,0.021462542399933948,0.02779842993677062,0.042439009989810095,0.06203328094228988,0.13709207910665772,0.12484344637568291
2023-02-08,45771.6,45771.6,45976.05,45604.65,45795.65,20307112,0.02566998423566491,0.04217863961392698,0.028039684776820173,0.06713621604960163,0.13592394241048672,0.12136044080279015
2023-02-09,45671.25,45671.25,46012.1,45614.2,45776.35,19320917,0.035089409151689566,0.040085582102910244,0.03521513768414286,0.06779519886127727,0.1283429599067093,0.12149207203629582
2023-02-10,45488.1,45488.1,45716.1,45303.4,45521.1,19203614,0.03461169735490888,0.035932343891979635,0.034706847976154975,0.06597910626323511,0.12860508276101798,0.12186277404882723
2023-02-13,45508.4,45508.4,45590.5,45255.7,45477.8,17093168,0.03532655679822372,0.03793582407156104,0.04566811493226197,0.06917236525409176,0.12848979303767924,0.1217866099634013
2023-02-14,45976.95,45976.95,46078.7,45503.1,45595.4,37902401,0.044770404540212416,0.05097378105927253,0.042814534512578106,0.0716100054348191,0.13194897584352336,0.12321295578991262
2023-02-15,45799.2,45799.2,45845.7,45361.95,45625.35,21072203,0.028361261987466246,0.05017541445965468,0.030435739797856298,0.05811043716479625,0.128322548003646,0.12332659723656164
2023-02-16,45758.2,45758.2,45979.0,45657.8,45914.1,17795017,0.023411229114689958,0.04341778372172289,0.030540186320840657,0.054837830547394106,0.1282031706410347,0.1229750800081781
2023-02-17,45617.3,45617.3,45756.45,45401.75,45628.8,15368795,0.029130725611688835,0.04020367490457022,0.03816826425682274,0.05788837190329743,0.1240021721075649,0.12321316502495845
2023-02-20,45501.2,45501.2,45900.45,45389.3,45726.0,16435544,0.03648324813893522,0.028467454384150548,0.046637138262364375,0.0630647576618093,0.11797626082569844,0.12220102437932674
2023-02-21,45551.95,45551.95,45820.4,45485.4,45675.4,17945711,0.029145834227631395,0.032863141855582256,0.04525372089161461,0.06992142769912257,0.11551228725036101,0.12197406800711322
2023-02-22,45412.85,45412.85,45577.75,45329.15,45538.4,17332126,0.024557607725776087,0.02625474423770724,0.0556863546656472,0.08058124320741811,0.11660958812620277,0.12204920729101643
2023-02-23,45530.1,45530.1,45956.1,45209.1,45440.3,29256216,0.028135348651831427,0.010016959285513716,0.04941303137356878,0.06946468527220218,0.1164252333399155,0.11618518255566385
2023-02-24,45372.5,45372.5,45672.35,45154.55,45656.15,19985786,0.019912715387649937,-0.0036026005483508206,0.027782862890924798,0.065302652581115,0.11700844746249203,0.1145427144156426
2023-02-27,45040.75,45040.75,45384.9,44733.45,45377.75,15999116,0.01855254424716235,-0.007271220491661512,0.033071822240651305,0.06819991738209263,0.11815606384697674,0.11528353181272512
2023-02-28,44940.45,44940.45,45261.75,44667.1,45082.0,31197643,0.010876826769297798,-0.004733778917575759,0.031157549328716838,0.06972829711495232,0.11745528797802923,0.11496100487558614
2023-03-01,45062.55,45062.55,45149.0,44830.55,44830.55,18352491,0.002318815435637056,-0.001962297748783759,0.011707868942321342,0.06488690795886676,0.11090168371148085,0.11510336422757665
2023-03-02,44831.6,44831.6,45149.85,44729.35,45128.65,11931946,-0.02500894380463481,-0.010074446015874039,-0.008626579201863827,0.06077613178917085,0.0742304968621979,0.11539278463021778
2023-03-03,45410.0,45410.0,45471.65,44964.55,44985.7,16602551,-0.013623765129069487,-0.006880322627207169,0.0009220191893963836,0.04517379178916092,0.08927983835779002,0.11673834028280147
2023-03-06,45552.1,45552.1,45772.05,45427.05,45529.25,19542336,-0.01601733284946516,-0.004696610334290807,-0.013025405544953905,0.04355335054411924,0.08742495453133341,0.1169088192828742
2023-03-08,45722.0,45722.0,45812.95,45282.25,45469.65,18446966,-0.0007889313586009195,-0.009478005610979334,-0.002645455390144491,0.030648246479908603,0.0787654103613883,0.11580416151197094
2023-03-09,45260.45,45260.45,45767.9,45181.15,45724.7,17956373,-0.011167405115836027,-0.02065878758503692,0.00461730600324084,0.028405568928492775,0.08651554504443715,0.11755640574388534
2023-03-10,45334.75,45334.75,45398.65,44933.45,45138.95,15472872,-0.00736787366231495,-0.017570491629203766,0.019488258000743497,0.04665455186687317,0.08662621665951169,0.11760074858324462
2023-03-13,44953.6,44953.6,45555.7,44861.35,45351.5,18110986,-0.011750325909413717,-0.021670600345815583,0.027574246025175886,0.05903549424796717,0.09043794535988399,0.11851186599968225
2023-03-14,44714.95,44714.95,45121.15,44628.05,45068.05,20930410,-0.017435242724420208,-0.018215132216697794,0.023508074349082975,0.05626800808164878,0.09186764051254283,0.11765100801572338
2023-03-15,44464.35,44464.35,45047.65,44396.9,44873.1,20482469,-0.03289909400253821,-0.018896421617029757,0.020514584283377046,0.05208992735527307,0.08324670012046498,0.11777596159396755
2023-03-16,44971.2,44971.2,45021.7,44447.8,44575.9,28838041,-0.018078918409055178,-0.021970816492302925,0.039106838706939095,0.05592357100800194,0.09463788629774228,0.11625830792171485
2023-03-17,44858.3,44858.3,45242.4,44573.0,45232.35,64585305,-0.01966642044486,-0.018304092159484475,0.03221906587226775,0.05160229747710743,0.09480825023056387,0.11570078160881593
2023-03-20,45213.05,45213.05,45259.5,44392.05,44704.2,18370042,-0.008861769547956588,-0.0015822120937092343,0.04440328934228799,0.06494301413925929,0.099471144481377,0.11545058246044833
2023-03-21,44913.4,44913.4,45306.35,44806.75,45282.05,20194811,-0.01291834061519248,-0.0038182965495596743,0.028388252164157413,0.05244197488292601,0.1016624749126951,0.11590453872870776
2023-03-22,45109.5,45109.5,45140.2,44828.5,45027.7,15491575,-0.009713085828378265,0.01793076369347557,0.028140182454470808,0.054708868793331034,0.10305076140779479,0.11056172837167791
2023-03-23,45267.45,45267.45,45434.3,44876.15,45056.95,20090367,-0.003201736953307277,0.015890025449175615,0.023993899977724387,0.07409556722555921,0.10350751629156012,0.1102341375232407
2023-03-24,45060.0,45060.0,45412.95,44990.05,45229.15,18882876,-0.01032503772229798,0.010559743794174015,0.022008417556451443,0.07553142092205367,0.1041193450410167,0.11067797987264441
2023-03-27,45188.0,45188.0,45434.1,44918.35,45093.25,22198219,-0.004066339743236558,0.015278152242293563,0.02342175361778487,0.08153623487931183,0.10415621646149088,0.11073075026296751
2023-03-28,45044.25,45044.25,45342.85,44987.0,45215.2,19874607,7.77074094013841e-05,0.019759369456968212,0.025433173772240858,0.08347560242309926,0.10138979964970088,0.10976200699403034
2023-03-29,45421.65,45421.65,45523.45,44989.2,45051.1,24611372,0.0107075029288759,0.027805402910199284,0.023609182029857845,0.08917389398692344,0.10517632138542703,0.11098532085390037
2023-03-31,45904.9,45904.9,45958.5,45435.9,45583.1,20700681,0.01869290574989657,0.04296962419613015,0.02391615432645533,0.09084009452810204,0.11089477897716765,0.11248617351467016
2023-04-03,45738.45,45738.45,46053.65,45530.35,46053.65,16946646,0.0202279195924302,0.04608271743717052,0.015831728129153122,0.08182512460582947,0.10992726858697388,0.111822319675283
2023-04-05,46361.25,46361.25,46413.25,45626.2,45662.85,24715588,0.02094802906848714,0.044137022397891856,0.023067961259963243,0.06831976875831092,0.11095704217361294,0.11084237889818993
2023-04-06,46109.15,46109.15,46353.7,46023.3,46347.25,24509751,0.012228854432616787,0.03819390108943699,0.018569319672813833,0.052768753031215865,0.11297507314863765,0.11155948889184043
2023-04-10,45909.65,45909.65,46161.05,45843.35,46107.4,15323143,0.004104151174489257,0.02484560787469592,0.011445971033628544,0.05120565351221085,0.11364752687890826,0.1107552811906289
2023-04-11,46269.7,46269.7,46330.05,45950.4,46001.4,29483279,0.022298717754684283,0.036831626370695814,0.014754420282200975,0.04754101560722923,0.10976534920795669,0.1114224165132137
2023-04-12,46112.6,46112.6,46401.0,46008.8,46380.95,20772024,0.017157919697362356,0.04509212882170299,-0.005784840614704301,0.049746813006254165,0.11089082182590905,0.10894994136030753
2023-04-13,46211.95,46211.95,46449.4,46118.9,46179.55,21041989,0.02799219639806383,0.05107542472822968,-0.011280708242058068,0.05276648094168557,0.10535293813521643,0.10861711322989728
2023-04-17,46688.6,46688.6,46801.35,46220.35,46331.9,21905868,0.04413848164875511,0.06217637798141751,0.0052053643704990105,0.0760849133073156,0.10671619588158987,0.1102942031923782
2023-04-18,46536.35,46536.35,46765.55,46437.4,46756.3,21540503,0.04659912941491329,0.05748209081561351,0.006062132972786793,0.0705975527431082,0.10474920971281979,0.11064015568848715
2023-04-19,46421.45,46421.45,46539.65,46230.6,46475.95,21840290,0.03224841676450696,0.04233307361892935,-0.005027299441327848,0.06640350741468826,0.10028525337091529,0.10842824858536325
2023-04-20,46256.05,46256.05,46616.0,46156.1,46404.5,18634470,0.03115922805812965,0.03454596082211614,0.0004927438348782953,0.06432245300401418,0.10092576650588755,0.10856064004812176
2023-04-21,46669.7,46669.7,46706.1,46194.8,46259.4,23437852,0.032217468186729104,0.052872971988255024,-0.00519926181780872,0.07959060210787572,0.10184229251441049,0.10815261333275064
2023-04-24,46943.05,46943.05,46978.45,46509.75,46812.05,23102105,0.045190299554253244,0.06932751095681966,0.008019445214051624,0.08509495673266076,0.09802568262301116,0.10636077935188193
2023-04-25,47051.85,47051.85,47117.05,46807.95,46913.45,23754945,0.043058557510058826,0.06303276632950672,0.007065484129546773,0.08231139327198134,0.0977000212304132,0.10536051217968499
2023-04-26,47387.5,47387.5,47459.95,46933.05,47038.1,21566282,0.04683387290426122,0.06910761240717567,0.0036937712524158783,0.08592492742770586,0.0992105848553044,0.10609551470319296
2023-04-27,47360.15,47360.15,47453.55,47197.15,47401.5,24352222,0.0510463826009766,0.06946051804087916,-0.006197470635115332,0.06816934723452617,0.09650306449819476,0.10607081410262421
2023-04-28,47814.1,47814.1,47955.3,47074.05,47267.05,31061578,0.058114986279543146,0.07479659628225543,-0.005426747702099055,0.04862974542741405,0.09970295652827707,0.10724478878163476
2023-05-02,47750.2,47750.2,48083.7,47675.25,47956.85,24553152,0.060073150291102495,0.07982410813121099,-0.010477368358507544,0.051567401984355055,0.09843251789984472,0.1063279700969563
2023-05-03,48120.65,48120.65,48207.9,47638.15,47754.7,22591998,0.05942100297985653,0.08241127923899327,0.000339675119623184,0.05819569906949029,0.0980058625310839,0.10682970372448018
2023-05-04,48057.35,48057.35,48169.8,47938.8,48061.5,19139090,0.046889329897243925,0.06893165444422933,-0.0047272418419803675,0.032630049019743534,0.09465595257664046,0.104942183732075
2023-05-05,48186.15,48186.15,48326.05,48013.65,48054.4,27542830,0.05351514972632443,0.04794531719787609,0.01495052963261334,0.02190390989295543,0.09203212014464321,0.09508120696900156
2023-05-08,48538.45,48538.45,48686.15,48312.4,48376.7,25592663,0.046961632829140676,0.05433106270581178,0.006672997899041189,0.03134750483411897,0.08457727051668698,0.09600889731677645
2023-05-09,48369.1,48369.1,48708.35,48228.6,48685.4,21895556,0.04901304838627474,0.04483341109786232,0.01112492235036111,0.016611575514783983,0.08245801197984162,0.09591905486418445
2023-05-10,48643.35,48643.35,48698.75,48333.85,48453.0,23168435,0.05954521543945557,0.06305441003887835,0.0203346595518048,0.02955839619270284,0.07920700531120452,0.0928955132190171
2023-05-11,48865.0,48865.0,48919.85,48491.3,48860.65,28956420,0.0560907029870521,0.06758339232187649,0.023662677650859498,0.04378594720799511,0.07734288409684738,0.09316215989699964
2023-05-12,48950.75,48950.75,49223.6,48661.75,48905.0,21616505,0.06154825362265415,0.07180666174015382,0.033343161686284706,0.04825885061950763,0.07401734613104025,0.09291863542392023
2023-05-15,49506.55,49506.55,49650.15,48910.5,49026.8,21478462,0.07129324774219659,0.0883406869049268,0.03927341324730094,0.0579680153637514,0.07955194209350279,0.09455970208701517
2023-05-16,49406.1,49406.1,49688.4,49363.9,49668.15,16576633,0.05820478660743733,0.08564792433924273,0.025468845239408733,0.05663422227342041,0.07751902373201652,0.09480362419959279
2023-05-17,49434.0,49434.0,49513.8,49217.9,49408.5,20055823,0.062266378862974925,0.07519093806787969,0.03273097866321817,0.06114171868718343,0.0746642277371423,0.09299197315211598
2023-05-18,48889.3,48889.3,49756.15,48818.0,49628.3,31799551,0.05316184651707356,0.06747061084036421,0.02414734669444152,0.06113732032956731,0.08810456123193777,0.09580424387529568
2023-05-19,48874.25,48874.25,48965.8,48426.6,48964.8,36089579,0.05660232553363276,0.06809817693877829,0.023753005552667128,0.05880830233465062,0.08581129146128734,0.09575982468435297
2023-05-22,49052.25,49052.25,49126.25,48701.45,48934.1,21415031,0.0510513245210491,0.0752992833859083,0.011880442755918486,0.054668595587470614,0.08278809834661534,0.0954962352000072
2023-05-23,49118.8,49118.8,49322.4,49027.25,49089.85,15920437,0.046348714026890114,0.07950559545682334,0.012274094953623305,0.051295358094000765,0.08190661415815653,0.0951746105395105
2023-05-24,49355.25,49355.25,49439.25,49031.3,49054.95,20094350,0.048954504445627656,0.08349368139014901,0.019907111301572522,0.05776254820355553,0.08240098076483257,0.09544772526775047
2023-05-25,49657.0,49657.0,49825.05,49418.65,49511.1,26811201,0.04789237668161439,0.09345702813190537,0.019400056635143548,0.04977259894666064,0.08170709916841944,0.09549099365363517
2023-05-26,50388.0,50388.0,50425.15,49654.6,49802.7,26956302,0.06393244109235297,0.10669644916220267,0.03131747196614043,0.050269888558305276,0.0916980195767542,0.09919115101712218
2023-05-29,50626.4,50626.4,50850.25,50501.9,50633.15,29663834,0.0588173781374115,0.11579480963138478,0.029276808493071682,0.05093379217427829,0.08875689774688347,0.09879140868870513
2023-05-30,50927.2,50927.2,51029.45,50669.5,50717.8,26338204,0.06653375273820838,0.13069165144896555,0.03974244872448507,0.05933122745640951,0.08794389207998134,0.09726357291694705
2023-05-31,51042.75,51042.75,51133.6,50650.95,50896.45,37573572,0.06072444989832837,0.13578635727946664,0.03614985194149334,0.06467824454057092,0.08635366968789147,0.09685481477389132
2023-06-01,50998.95,50998.95,51367.3,50923.8,51147.1,17629004,0.06121019989658194,0.1317368857288368,0.048504692122404824,0.0723216357322225,0.08606865472366547,0.09703812893792385
2023-06-02,51288.65,51288.65,51399.55,51026.95,51135.85,16483363,0.06438572079321547,0.14402898848133905,0.03864552435871449,0.07404825938038728,0.08658522798236255,0.09613549678908985
2023-06-05,51058.4,51058.4,51502.2,51026.9,51373.2,14340094,0.051916573355762274,0.12438669896498578,0.03387879430449359,0.06757868831437186,0.08913382183703264,0.09453593918935752
2023-06-06,51038.4,51038.4,51212.65,50783.15,51134.85,15438871,0.05518605886816186,0.12044011143284283,0.03695263572319196,0.07032841417486768,0.08700658168303864,0.09462460045495186
2023-06-07,51609.4,51609.4,51673.45,51066.9,51143.3,24886436,0.06097544679796929,0.12876514588163257,0.03851852382063181,0.07401815479128548,0.09153229486986925,0.09643411227910173
2023-06-08,51143.5,51143.5,51718.0,51091.5,51696.95,16622631,0.04662846618233907,0.12998213672201686,0.02818004396831486,0.07057480539663197,0.1007006052273869,0.09587719966639408
2023-06-09,50674.85,50674.85,51381.9,50605.75,50930.9,17253114,0.035221115100381395,0.11779264250933341,0.021647415209006926,0.05172093853178006,0.10865815908301119,0.09860644701535937
2023-06-12,50762.55,50762.55,50875.15,50553.25,50792.1,18002510,0.025370380283012972,0.12922101900626437,0.014356083469491576,0.04485738115214577,0.102634892640219,0.09624395079350605
2023-06-13,51462.7,51462.7,51607.35,50794.1,50897.05,30301624,0.04162643884054806,0.1509059050720174,0.018130942675344208,0.052752992625892725,0.11082070427239293,0.09792079134567216
2023-06-14,51767.9,51767.9,51834.5,51441.9,51526.5,25957017,0.047212444875996296,0.16425630870573849,0.01563405497265924,0.05915766422369928,0.11150090230077994,0.09676081271423925
2023-06-15,52046.45,52046.45,52236.65,51840.8,51901.25,25499955,0.06457752514353854,0.15732846799729616,0.03379142729568785,0.057096504501563894,0.1000026094579665,0.09520303440827779
2023-06-16,52440.2,52440.2,52540.5,52112.6,52159.65,30377501,0.07296173342813428,0.16901888836625534,0.03875935387185936,0.06808648525067618,0.10030334113304426,0.09519970795615014
2023-06-19,52123.85,52123.85,52526.05,52063.7,52486.2,14744727,0.06261894204649132,0.152849675038512,0.03853686353352126,0.048834653759631586,0.10589418809848712,0.09617796808666149
2023-06-20,52164.7,52164.7,52239.4,51809.15,52101.8,15719572,0.06201087974461905,0.16145070290826347,0.03646590379356174,0.061541352111829095,0.1060341039165081,0.09439019546412544
2023-06-21,51934.25,51934.25,52421.95,51763.55,52209.6,17763912,0.05225381291757203,0.15129296489652955,0.021002147296786067,0.05189003111538981,0.10898334023063065,0.09536171235691956
2023-06-22,51557.8,51557.8,51965.75,51516.0,51934.95,15360027,0.0382785911351875,0.1389596719055306,0.01371137784462273,0.03974086927638498,0.11345155144194251,0.09734220188789611
2023-06-23,51283.75,51283.75,51556.95,51124.5,51527.8,17095130,0.01777705009129149,0.13812139369729248,0.00879563214237078,0.03659031887432951,0.10557158596233265,0.0975720767660359
2023-06-26,51635.0,51635.0,51883.4,51346.9,51415.95,16464719,0.01992241202218592,0.1426706205187218,0.014946307510234291,0.042262625649876595,0.10684409676084153,0.09803228938100993
2023-06-27,51598.6,51598.6,51821.75,51477.55,51702.3,15200742,0.013183524717636175,0.14550913823628986,0.0033331295981191555,0.035449306015377324,0.10536178435762285,0.09757840255895865
2023-06-28,51893.4,51893.4,51985.1,51590.9,51683.45,26341681,0.01666544220285937,0.14248161394401127,-0.006950062454706751,0.03174841933633665,0.10675231957746663,0.09702331725112273
2023-06-30,52194.75,52194.75,52239.05,51759.45,51943.75,21355728,0.023447541567032326,0.13701914174739516,-0.014485726745769423,0.031643155270055345,0.10796248476525597,0.09574763665827782
2023-07-03,52741.5,52741.5,52857.9,52061.1,52299.0,21368367,0.028326930032278153,0.1531107853458087,-0.01421364051025753,0.042494945433785514,0.11184538820050352,0.09645765905120936
2023-07-04,52814.8,52814.8,52882.4,52390.55,52870.15,20330995,0.034399824514673494,0.13920138046321018,-0.008364337147905854,0.03485872966297299,0.10966004174065322,0.09363072192753812
2023-07-05,53776.2,53776.2,53846.9,52720.1,52845.45,34071943,0.05364196369792151,0.16628044542135334,0.01065578164512293,0.06403973666909968,0.1236421338578062,0.09774708753664707
2023-07-06,53765.65,53765.65,53971.25,53557.65,53969.45,24725164,0.04178017957968905,0.17111870815830654,0.0006136780340457726,0.06482929585174846,0.11977411632648037,0.09686315271813543
2023-07-07,52942.45,52942.45,53820.8,52847.85,53758.6,21260657,0.03517455786170287,0.14421424820130668,-0.0022424965221123916,0.053396468959977295,0.12934870494939274,0.10306721874340016
2023-07-10,52536.15,52536.15,53148.6,52484.5,53071.35,17040617,0.0367302517915693,0.1393014056895514,-0.005961280111186573,0.05264828953725709,0.12776518463685133,0.1044421234134059
2023-07-11,53184.4,53184.4,53372.0,52544.4,52609.5,20126630,0.047709384181842784,0.15087980489894948,0.0026646087269064367,0.060493873183389724,0.13304670569839247,0.10646934224365207
2023-07-12,53279.5,53279.5,53513.4,52944.5,53511.55,24312897,0.03530323904497834,0.14116722283383965,-0.0003958965507517842,0.04643263091711258,0.12608413352919837,0.10518576219093856
2023-07-13,53029.95,53029.95,53567.65,52946.4,53453.4,17698354,0.02437900706808649,0.13953823194126747,-0.010695267995979307,0.04024125141804902,0.12704062188805956,0.10554302204527194
2023-07-14,53453.7,53453.7,53558.95,53094.45,53151.3,16263681,0.02703834747614864,0.15148708194164562,-0.019857827573418696,0.0410507570037244,0.12849224089835268,0.10574523342404417
2023-07-17,53471.6,53471.6,53799.65,53351.6,53536.35,16558283,0.019668117207791047,0.15599148651906058,-0.027365199415495978,0.03757643853108039,0.12640720924637344,0.10511244689106994
2023-07-18,53340.65,53340.65,53633.2,53245.9,53558.45,14504691,0.023344399924410952,0.1429396374949914,-0.029642908972274284,0.022354464135699192,0.12438392805571989,0.10469446674540187
2023-07-19,53517.3,53517.3,53607.25,53078.55,53366.45,21491115,0.025929412035341937,0.140047355252801,-0.02808915732469508,0.02227117064366868,0.1246064612244911,0.10444944913093296
2023-07-20,54239.7,54239.7,54289.95,53309.8,53561.55,30770172,0.0443917068216062,0.15276445028197605,-0.015125169247237835,0.028397896227922104,0.12974853439796036,0.10695278089234293
2023-07-21,53697.45,53697.45,54349.85,53511.0,54015.55,38919106,0.041500025214419534,0.13315642310735942,-0.010374516971103587,0.024733620699218584,0.13276416072162342,0.10945576095142445
2023-07-24,52771.7,52771.7,53882.25,52615.4,53843.95,55560832,0.02901406390913297,0.11426378505980228,-0.024927679380626122,0.01617314330933617,0.14769808570127152,0.11640436465249983
2023-07-25,52315.95,52315.95,52761.5,52002.75,52761.5,53774359,0.013187760240147117,0.0941531891220373,-0.03974626389846936,0.004720606261533478,0.1504103209707343,0.11721593388910125
2023-07-26,52865.3,52865.3,52972.65,52381.6,52533.15,29726190,0.024549115673681232,0.10712206441020156,-0.02651534438339076,0.017267435545002208,0.1542324994102023,0.11847850562788037
2023-07-27,52499.9,52499.9,53067.55,52270.95,52934.35,35663742,0.011687420751001154,0.09100562856071148,-0.024565856187842572,0.004213819056870793,0.1558709707640029,0.11909948548049684
2023-07-28,52964.05,52964.05,53035.0,52500.8,52669.95,29421412,0.014739030266454067,0.10210092732953457,-0.009076634469112,0.025947050725672494,0.1575634456855188,0.11989763673538605
2023-07-31,52636.85,52636.85,53021.5,52517.05,52953.15,23039789,-0.001984205985798737,0.09236471475724861,-0.02430268789236323,-0.0008778986275541634,0.15503116734017916,0.12093834010084632
2023-08-01,52501.15,52501.15,52836.1,52454.15,52759.25,18819883,-0.00593867628013367,0.08164043145176669,-0.023709101843597535,0.0012025107314617145,0.15516619190200365,0.1206028745578133
2023-08-02,52368.7,52368.7,52538.85,52103.25,52491.7,23305337,-0.0261732885551601,0.08268915485299488,-0.03277435468140688,0.013675409801848337,0.139291306824563,0.12045429048858128
2023-08-03,52062.35,52062.35,52409.8,51943.05,52283.55,30732808,-0.031680078265584166,0.07028709988107318,-0.025748467940517106,0.01205368570384091,0.14013314706205168,0.12099830907858097
2023-08-04,52050.65,52050.65,52520.0,52014.65,52201.0,25286918,-0.01684470590235243,0.06519287833827891,-0.02642473524600386,-0.0014847190820632683,0.13029345728572436,0.12081823851573988
2023-08-07,52072.5,52072.5,52107.2,51789.5,51973.05,22049798,-0.008825351686410188,0.0637732823296886,-0.021297021087122947,-0.006252049385247371,0.12779206966713758,0.12081611640900754
2023-08-08,51924.4,51924.4,52257.65,51752.7,52163.15,22806614,-0.023691157557479303,0.048838992012168125,-0.030453157213260584,-0.014860642741236108,0.11880471535280389,0.11915093370480556
2023-08-09,52206.2,52206.2,52249.3,51620.65,51950.15,24884650,-0.020144708565208114,0.05667518788165826,-0.03295146403198912,-0.016933801331695753,0.12069529338150799,0.11937323912386358
2023-08-10,51728.65,51728.65,52242.5,51609.15,52209.15,24403252,-0.024538963359384547,0.046418456932475705,-0.031201746663743646,-0.028456052362559214,0.12353271944255427,0.12115724725512916
2023-08-11,51351.7,51351.7,51825.6,51265.5,51803.05,24024074,-0.03932375120899023,0.05036684918785905,-0.03236220254942823,-0.021246785623497466,0.12029823109877436,0.11982429510319852
2023-08-14,51604.4,51604.4,51714.8,50984.6,51350.55,17198342,-0.034919471270730584,0.055860703744814444,-0.02087187718330008,-0.01177228592776669,0.12255321662167731,0.12009140757572676
2023-08-16,51815.4,51815.4,51869.75,51459.4,51676.7,24170555,-0.02859451469001595,0.05633074935400528,-0.01420156305894138,-0.006494108945149568,0.12425795443523666,0.12013806890515041
2023-08-17,51353.75,51353.75,51829.6,51248.55,51821.25,30089481,-0.04042711422287748,0.04550090800263851,-0.016835280277717968,-0.00994110202570253,0.12564294479235968,0.12182051647188814
2023-08-18,51464.75,51464.75,51586.35,51167.75,51288.55,31895140,-0.05116086556525934,0.04274114709174803,-0.017675958203336672,-0.013300830557557042,0.11297762388993446,0.12156436637835716
2023-08-21,51799.0,51799.0,51853.55,51409.4,51516.85,17494156,-0.03535456525402969,0.043135912358781336,-0.017557634860259075,-0.015400216425947022,0.11380055468719241,0.12163860295433981
2023-08-22,52141.65,52141.65,52234.5,51769.35,51912.1,19633214,-0.011939164362717025,0.03480292926887363,0.0020856164135212296,-0.01369064636042161,0.1013878755192712,0.11879861601079271
2023-08-23,51888.3,51888.3,52315.3,51839.5,52310.6,18855107,-0.008174371295943117,0.024925730448935868,0.0038476002939008547,-0.02052647127647078,0.09822069477559066,0.11899347233207073
2023-08-24,52036.75,52036.75,52150.05,51929.4,52028.5,15576257,-0.01567285156804188,0.021786982202045335,0.004126703855406921,-0.018615276330524733,0.09048490860681736,0.11855166267496546
2023-08-25,51506.8,51506.8,51938.9,51415.2,51930.0,18634844,-0.01891622650709812,0.009091398876432066,0.001129633418160192,-0.030370378964244882,0.09414271983300988,0.12044643728217548
2023-08-28,51390.8,51390.8,51650.65,51283.4,51594.15,13225982,-0.029704110618428925,0.007683491522864738,-0.012397833454343976,-0.036578291617322733,0.08684209712128528,0.120530367469377
2023-08-29,51223.05,51223.05,51526.1,51182.05,51511.7,19411911,-0.026859510020071364,-0.0012790354201173137,-0.0060457742140862525,-0.0449040724216998,0.08535452444460159,0.12016753879253111
2023-08-30,51513.55,51513.55,51560.45,51257.85,51333.7,15522869,-0.018811016520590473,0.008914302054118473,0.0007547254373574397,-0.03161520771426396,0.08873354958216204,0.12035314367011916
2023-08-31,51092.65,51092.65,51641.1,50913.0,51579.95,40056965,-0.024366654127369936,0.0010629251700680076,-0.010398493387896002,-0.03414331071626986,0.09228949450649643,0.12156167527123515
2023-09-01,51240.5,51240.5,51326.55,51079.9,51156.85,21671085,-0.015785879815259918,-0.007147922665250883,-0.018553982094668964,-0.04500359037701762,0.09169076972422967,0.11950164880941361
2023-09-04,51171.75,51171.75,51419.2,50932.55,51415.1,23197134,-0.016885475973883124,0.0005523673585108302,-0.01749011712006332,-0.047436447102194634,0.09168432543031582,0.11807090521721088
2023-09-05,51548.45,51548.45,51634.95,51171.75,51309.5,17078153,-0.010063853281482626,0.017239320886001552,-0.008920818795507324,-0.037249618570954546,0.09613348903527764,0.11742134875338578
2023-09-06,52064.85,52064.85,52136.25,51498.05,51629.9,26164009,0.0027048940382554676,0.025654739566865592,0.0006507587974562412,-0.028617807337953938,0.10254210685861226,0.11905672507490493
2023-09-07,51853.1,51853.1,52110.6,51807.8,52040.3,21799266,-0.0067635644808470285,0.007586076906186401,-0.011576999120743725,-0.04642611948711495,0.10159192912030765,0.11612743987702041
2023-09-08,51778.3,51778.3,51981.5,51709.45,51976.8,17887941,0.0009598162720272363,0.00020089669466982762,-0.0132062891518121,-0.05653052147050963,0.09622092057872185,0.11553878347044352
2023-09-11,52239.05,52239.05,52291.25,51838.0,51948.7,19707045,0.017279856363080492,0.0037005405748136155,-0.011958358266230595,-0.066303902217417,0.09693258653864059,0.11644941213407808
2023-09-12,52065.9,52065.9,52454.75,51768.9,52449.0,28946210,0.008943035865158766,-0.007137653937246524,-0.019802081209477684,-0.06913697502244776,0.09677085075334087,0.11559516363134467
2023-09-13,52223.65,52223.65,52346.65,52000.15,52049.6,22644599,0.0078789317461605,0.0019146705394939012,-0.023202496458309074,-0.06817433484331681,0.09631651429221455,0.1151014503363352
2023-09-14,52143.2,52143.2,52401.65,51926.2,52397.5,26234807,0.015372781929265056,-0.00041215611323364154,-0.02272895233055605,-0.06877698331646387,0.09018102339231494,0.11513523592003475
2023-09-15,51895.15,51895.15,52178.25,51817.65,52041.05,30401848,0.008363005746651941,-0.0007528750294844011,-0.03732277095130199,-0.07157594609730655,0.09209077474494227,0.11519324946297864
2023-09-18,52198.6,52198.6,52243.15,51804.1,51983.5,17955595,0.00771443464159538,0.0124287692647862,-0.030427075277863924,-0.06013170386566591,0.09155624671884441,0.11479459527038607
2023-09-20,51924.15,51924.15,52066.8,51813.8,51932.9,20690436,-0.004171329445846084,0.01248738635532698,-0.03020450521839302,-0.05372570146042932,0.0905657689131265,0.11478273185306125
2023-09-21,51672.65,51672.65,51921.85,51332.15,51893.05,20712727,-0.004156042884426725,0.0007291565798392963,-0.01950008780188206,-0.055508561413693425,0.09055530495167732,0.11440144946744037
2023-09-22,51608.5,51608.5,51716.7,51344.65,51629.95,16862086,-0.008229760697968214,0.00019186567077400518,-0.023062135100924586,-0.045343096204294,0.08988156332877865,0.11442112522487712
2023-09-25,51642.45,51642.45,51762.45,51346.05,51646.3,15735135,0.0026336328407121634,-0.004835875082380481,-0.01858271859160454,-0.041861359153098965,0.08206933811158401,0.11381450878482571
2023-09-26,51912.85,51912.85,51982.45,51644.05,51724.5,18985056,0.010158433026923097,-0.005400926338376966,-0.008418563457946782,-0.03018841806593886,0.08346567780183944,0.11369526101012885
2023-09-27,52329.5,52329.5,52377.85,51653.8,51951.35,20825195,0.021600627061449718,-0.007811685295260884,0.0022755180109250706,-0.02819711173089623,0.0862390088106676,0.11284258619972815
2023-09-28,51329.1,51329.1,52393.15,51246.45,52381.8,24450092,-0.003580611314887183,-0.028130372547089166,-0.01268266712125865,-0.035069914619914044,0.11067499313985593,0.11942782320390145
2023-09-29,51602.65,51602.65,51742.7,51273.75,51504.55,19726276,0.00998186627626474,-0.04041843789631838,-0.009988216741029232,-0.0527802587200934,0.10804642600201636,0.11371237212682979
2023-10-03,51320.85,51320.85,51708.0,51255.7,51603.65,23603682,0.0015680955494188353,-0.04547141157969825,-0.0032401253164067167,-0.047084415302769744,0.10965758768173492,0.11412894634893073
2023-10-04,51435.75,51435.75,51528.25,51128.5,51372.15,25318624,0.005159096571838884,-0.02845920428691906,0.009905991832504624,-0.03385439893563269,0.10977831713550924,0.11011264810300084
2023-10-05,51384.55,51384.55,51654.55,51270.0,51625.6,22986003,-0.003179533041245519,-0.021920144510018336,-0.001690361191412748,-0.031728502971449135,0.10659162467962781,0.10908667462518111
2023-10-06,51577.9,51577.9,51725.4,51359.15,51488.95,17048367,-0.009352759107151942,-0.03020622588578603,-0.011517315164014774,-0.0412199199850265,0.10089207101315384,0.10623455148190382
2023-10-09,51502.85,51502.85,51635.15,51188.35,51333.7,14773571,-0.006754658834283722,-0.03334584596326917,0.004128933156013592,-0.03995164668675244,0.100075706139199,0.10614280687490164
2023-10-10,51803.95,51803.95,51845.05,51567.9,51587.0,13120190,0.000495381269759676,-0.023119011049416383,0.00705945506929917,-0.0373408697513673,0.10231565104348186,0.10658433666881795
2023-10-11,52254.45,52254.45,52342.45,51913.2,52016.05,18970951,0.0002947986228691857,-0.022435303823682973,0.009546487236738233,-0.035052524267599305,0.10208825705248517,0.10682777997237271
2023-10-12,52363.95,52363.95,52491.4,52041.15,52377.25,21129462,0.005724476096639064,-0.020714734550677405,0.01568782496194654,-0.024902695584586465,0.10154990315930507,0.10693864101850617
2023-10-13,52520.7,52520.7,52655.75,52130.05,52240.1,22022180,0.00568803597603762,-0.015371953660107351,0.021579875475290278,-0.015463135920193105,0.10153701799789813,0.10706288324587718
2023-10-16,52401.95,52401.95,52588.3,52305.6,52468.95,14510997,0.004962296138326661,-0.02084092433661644,0.023434552486388704,-0.01572825243992515,0.10174126444767714,0.10687919666826971
2023-10-17,52665.3,52665.3,52851.45,52383.45,52494.85,21248935,0.014840500509199828,-0.02902670921852435,0.03370158486751429,-0.020635441955044076,0.10126867277226065,0.10359749294315242
2023-10-18,52442.05,52442.05,52772.8,52381.2,52770.3,16973864,0.004663918189376837,-0.023379136253211197,0.027620967155011167,-0.019636396793854427,0.10086324763486822,0.10198162203078293
2023-10-19,52516.35,52516.35,52667.2,52077.1,52170.0,22561492,0.011405097627982252,-0.0048387677486227965,0.025308700713388532,-0.0024165664574109513,0.09879504388009691,0.09568307717135062
2023-10-20,51823.35,51823.35,52400.6,51762.45,52164.6,34758849,0.002916436451391613,-0.009415866480490198,0.013031707566597106,-0.002406465268736113,0.1089395853790424,0.09789227886403355
2023-10-23,51421.65,51421.65,51956.5,51335.05,51771.7,16048818,-0.0036205276262630814,-0.02730808299584042,0.016329406932868773,-0.0022022467189073414,0.11246056781867933,0.09657779503933298
2023-10-25,51216.85,51216.85,51619.6,50954.35,51385.2,24094225,-0.008241282123524374,-0.024439094169703246,0.019835617662743776,0.0029135367854582483,0.11320856416718632,0.09592086290449482
2023-10-26,50941.1,50941.1,51089.85,50607.0,50969.35,34434556,-0.018718872109699247,-0.03819477551282435,0.022341975542631398,0.0019558272741145855,0.11247051700291516,0.09449863374066973
2023-10-27,51395.0,51395.0,51502.45,50948.1,50967.85,24280180,-0.017857995967857532,-0.023592787182363684,0.016083167135365062,0.012175052590559732,0.11343382495343339,0.09575728088564744
2023-10-30,51180.7,51180.7,51501.95,50951.95,51330.15,16965812,-0.0028911475167108236,-0.02515087764744206,0.01670827857705537,0.00488175039779104,0.09147089832402816,0.09596851514374198
2023-10-31,51262.6,51262.6,51418.45,51125.25,51213.5,19797293,-0.006589777850556144,-0.021121395031765133,0.021859790067684015,0.0017680121596050924,0.08945783493793676,0.09595504653647684
2023-11-01,51087.8,51087.8,51462.45,50997.4,51391.6,19670631,-0.004541039363143762,-0.018718901471024618,0.02308999740956319,0.0015322119320865246,0.08817592002037125,0.09548404252310741
2023-11-02,51589.0,51589.0,51633.9,51164.25,51408.4,20781358,0.002979445230214317,-0.008869245629017142,0.01856125513352025,0.010793100018367197,0.09476632743284166,0.0976926183204009
2023-11-03,51901.5,51901.5,51984.6,51660.25,51777.05,26143750,0.010060416993045607,-0.003283883047673908,0.02618414673608438,0.015427937318212792,0.09690540283959702,0.09850763654344624
2023-11-06,52075.7,52075.7,52166.35,51966.65,52035.4,17004235,0.009651420472721828,0.0029138516766682443,0.021952028506914245,0.011043269282472457,0.09673547405871871,0.0985760035730339
2023-11-07,52130.0,52130.0,52216.45,51934.25,52089.9,18278744,0.012176996030316856,-0.0014595967528759912,0.017591535680336223,0.0100443369446086,0.09647833224037712,0.09796527768670797
2023-11-08,52455.2,52455.2,52498.65,52153.8,52262.5,16994274,0.01257143518978765,0.014045408105566093,0.025082938033247903,0.019141816114826904,0.09676762302051352,0.0968916818137665
2023-11-09,51983.0,51983.0,52562.5,51946.15,52537.85,20336360,-0.0051947728853714015,0.012293653374669145,0.01580575642375348,0.01399220644791821,0.09767117942767872,0.09752952457939514
2023-11-10,52076.05,52076.05,52129.15,51689.05,51959.3,17976968,-0.005498057346705054,0.009139724519614534,0.013126292993044353,0.009613168540964279,0.0975796756269853,0.0970952131969257
2023-11-13,52025.6,52025.6,52182.55,51917.65,52170.95,11545746,-0.009426759353930891,0.004056709009290671,0.006142032575454204,0.005158646782216447,0.09683193870527934,0.09677346124582532
2023-11-15,52383.45,52383.45,52434.9,52039.4,52333.7,22752800,-0.0003530402971645419,0.02005111603339582,0.0025002687732422757,0.004032772931706008,0.09995542945056603,0.09590004357835809
2023-11-16,52305.75,52305.75,52680.4,52225.55,52390.8,24491372,-0.006827075892475776,0.016341282139717084,-0.004490009983786347,-0.007223983739616635,0.09826479220163603,0.09589406199984628
2023-11-17,52756.1,52756.1,52809.75,52237.95,52237.95,17241740,0.005988514941730916,0.018477190679356825,0.002902710229213845,0.0010383872242463177,0.1019750970276405,0.09656828659227043
2023-11-20,52550.1,52550.1,52887.9,52431.1,52842.1,12331702,0.000642657001105329,0.007833469021406136,-0.002888647121191079,-0.007507007882086469,0.10295008315200588,0.09604514621042691
2023-11-21,52466.2,52466.2,52651.6,52377.7,52546.55,13842934,0.012404639993361943,0.011137385499235819,8.543071581734729e-05,-0.006317890710648921,0.09050790265004616,0.09555023357926194
2023-11-22,52691.2,52691.2,52711.5,52312.3,52551.45,12403571,0.024689017174672534,0.012576688590275165,-0.0028032804318725013,-0.009353315369027726,0.08566080001141298,0.09576437679273385
2023-11-23,52823.05,52823.05,52888.7,52662.45,52713.65,15382958,0.03136077287064709,0.02555487819084079,-0.004192216489184997,-0.0022767819014739565,0.08349564443976303,0.0933581140310151
2023-11-24,52576.9,52576.9,52958.1,52548.6,52889.5,14132623,0.03211159554858467,0.023080006538135134,-0.01760133813739828,-0.0022306301651815463,0.08272955040985443,0.09378417076551757
2023-11-28,52489.5,52489.5,52691.9,52402.4,52670.2,20698211,0.021295845899406585,0.024724220834175137,-0.02293359503038639,-0.0035577786373215403,0.07877315644782472,0.09357475168517174
2023-11-29,52725.45,52725.45,52775.7,52533.0,52592.75,26249226,0.030182275740660014,0.02352584902418875,-0.019747414046456413,-0.015195037752915974,0.07712683933879969,0.09332483628994047
2023-11-30,53013.8,53013.8,53193.35,52661.3,52697.85,40563967,0.03416135740286297,0.03760129881695318,-0.021057347539578553,-0.008070182848700203,0.07840454335076276,0.09214438663915026
2023-12-01,53851.45,53851.45,53917.5,53131.65,53199.25,30112591,0.054096085562502116,0.050954811135722755,-0.013244999936053103,0.008115257544751842,0.09033192630606747,0.09708663987078225
2023-12-04,54237.7,54237.7,54397.55,53967.4,54313.6,25492069,0.051342340421407506,0.05991489444859699,-0.02985404708463557,0.0006178586003016129,0.08804221852200118,0.09783189963104727
2023-12-05,54110.9,54110.9,54557.7,54039.6,54476.5,26722441,0.042569097232257214,0.049709545097864405,-0.041905647861392836,-0.015690492358424457,0.0886016704452525,0.09715039989296799
2023-12-06,54662.55,54662.55,54872.9,54201.2,54281.75,31244958,0.049674800338737723,0.04989354622168318,-0.028934764422296144,-0.01775445756444749,0.09305780092681516,0.09722161792318029
2023-12-07,54173.15,54173.15,54728.5,54088.2,54678.55,24865227,0.03919336274697871,0.044742744406795376,-0.0378136107228384,-0.014774495265490017,0.10147216984846903,0.09878733324680397
2023-12-08,53636.35,53636.35,54491.3,53568.6,54309.6,29632898,0.022517310009303237,0.035884723909436866,-0.05596137904487941,-0.02210993385626514,0.10839872811394928,0.10110147823716419
2023-12-11,53976.9,53976.9,54021.25,53558.8,53790.45,17146211,0.03835677048265773,0.03326725888009063,-0.04423018427462577,-0.016779375608176883,0.10288999956859722,0.10034752902072526
2023-12-12,53837.0,53837.0,54372.8,53738.8,54093.0,20163515,0.033814968685220936,0.034016506004890035,-0.04242822955998449,-0.01165908407368943,0.10411222374266539,0.10023920391209315
2023-12-13,54215.35,54215.35,54275.65,53776.6,54047.75,22905166,0.042089855763316475,0.03813789346397645,-0.034171874658624146,-0.004530248507871981,0.10527856718643759,0.10098619420356736
2023-12-14,54361.45,54361.45,54564.0,53990.1,54560.85,27379065,0.037760017715518845,0.042541501096979184,-0.03884560298683559,-0.011161640724570265,0.1037911314787475,0.10097109550274151
2023-12-15,54186.2,54186.2,54585.75,53963.25,54542.05,29435315,0.03595111436123166,0.04414767083243798,-0.049626124357942336,-0.018465190261399478,0.10471584054318009,0.10066417973557874
2023-12-18,54017.05,54017.05,54122.25,53911.35,54070.9,24514253,0.023901501437748607,0.034837141226010004,-0.06158738161330657,-0.02900483001062093,0.10284717323911505,0.1003953105025461
2023-12-19,54776.55,54776.55,54855.8,54145.05,54201.95,26895002,0.04236814011771628,0.054933975808944435,-0.04695346084577512,-0.023035372492844486,0.11040065480940099,0.10331058488490341
2023-12-20,54597.9,54597.9,55581.4,54459.2,55500.4,41644494,0.040629967483827745,0.056611185994912105,-0.0284557292626062,-0.014697488458987884,0.1112923444608957,0.10298393650477461
2023-12-21,54803.3,54803.3,54940.35,53970.6,54350.2,34274643,0.040084492287137286,0.06190453123032058,-0.03276086038463322,-0.0184441875899648,0.11116486858298355,0.10304546333094572
2023-12-22,55101.05,55101.05,55143.05,54643.75,54972.6,29898243,0.04312511299517929,0.06697203560249387,-0.03501852858774157,-0.018155682331027823,0.11183182476963248,0.10343883099888111
2023-12-26,55484.4,55484.4,55556.75,55189.85,55271.75,16097054,0.055299951119217816,0.068798958254074,-0.027886480380850287,-0.021548235509814884,0.11007017841561836,0.10379024579103506
2023-12-27,55750.35,55750.35,55813.3,55471.2,55572.45,21209481,0.06212385334209691,0.06537134885676332,-0.026618101065443156,-0.03293746728680014,0.10906105243091391,0.10308652309196764
2023-12-28,56504.5,56504.5,56580.7,55789.05,55866.75,39133793,0.07167411563106629,0.10082779553898269,-0.012026592054342533,-0.014681338161522062,0.11512326534970266,0.0971345748910933
2023-12-29,56987.2,56987.2,57055.8,56481.1,56555.15,35043470,0.07495029596067426,0.10434638531160689,-0.004433703512365161,-0.0022361358896887396,0.11632766388681187,0.09787311913572747
2024-01-02,57209.5,57209.5,57430.0,56763.7,57427.4,21779769,0.06235765239376101,0.11474186417411247,-0.006613497241038102,0.005310857005194958,0.10728915919172716,0.09683578095586648
2024-01-03,57213.3,57213.3,57631.6,57058.45,57130.5,35605717,0.05486220839010514,0.11232557122235032,0.014713476021696259,0.005243901451728705,0.10662261325410145,0.09689710340962489
2024-01-04,57703.9,57703.9,57922.2,57327.25,57470.9,27421818,0.06640066973567249,0.1229815187639085,0.027872922803272138,0.014883870458010762,0.1068340660222042,0.0976996691202734
2024-01-05,57667.35,57667.35,57966.7,57455.85,57945.1,24105421,0.05496999316716833,0.11806316271116102,0.018046090764000988,0.013384566977576728,0.10438470055312266,0.09776402260690761
2024-01-08,56672.85,56672.85,57748.35,56636.45,57718.85,28259386,0.04614278475591682,0.10038279435021558,0.016869295118263183,-0.0021497263700853697,0.11994421618085989,0.10524473536788026
2024-01-09,56573.1,56573.1,56996.25,56487.65,56868.3,16984637,0.054752980021944175,0.09206151268387841,0.027310649386335095,-0.002149465906672754,0.11214949907176572,0.10508973961494768
2024-01-10,56348.95,56348.95,56794.85,56134.65,56575.6,17380011,0.043945650824704474,0.07835696289981042,0.014341580694110734,-0.012871027368946297,0.1136356963505548,0.10458460884872163
2024-01-11,56228.55,56228.55,56688.0,56123.8,56476.4,17668217,0.04442205174879743,0.07380268295268033,0.00898798302900028,-0.01982160818352252,0.1133942729985862,0.10479955648663314
2024-01-12,56485.75,56485.75,56559.9,56008.0,56279.1,27803687,0.041877438769647446,0.07549499530661241,-0.0043896450719245195,-0.03303087624017431,0.11234191493360879,0.10496478637763862
2024-01-15,56657.3,56657.3,56818.6,56317.45,56795.4,20995094,0.04223305301826952,0.08120594748859555,-0.0009507731104754225,-0.038687078662151375,0.1123742253344985,0.10477654464207027
2024-01-16,56755.85,56755.85,56872.5,56425.05,56705.2,24734812,0.04742259099180246,0.0776706863912291,0.020594060902291433,-0.03442586264594638,0.11063848585281448,0.10449560672826616
2024-01-17,56259.5,56259.5,56839.6,56191.7,56477.65,25636261,0.041513744271484576,0.07279368369466854,0.034356485278541626,-0.02383790513980011,0.11602144198013425,0.10591808319031296
2024-01-18,55953.6,55953.6,56228.2,55206.7,56175.6,22176870,0.02148820982701527,0.06545104524590917,0.021061679824749158,-0.028183550666488477,0.10984990411047452,0.10678198555577338
2024-01-19,56640.5,56640.5,56813.95,56085.3,56296.3,25100551,0.03741169532161481,0.09295327299373746,0.015083248890835232,-0.01346780902069078,0.11534810252095588,0.10492053962368303
2024-01-23,54973.9,54973.9,56284.4,54816.1,56212.7,25865311,0.0031129512273895266,0.06908082490546308,0.0038774753947151686,-0.032416745659967994,0.1607377388564089,0.12167242295060117
2024-01-24,55858.7,55858.7,55918.6,54859.9,55130.3,36475670,0.013750191693261637,0.0906313059081143,0.00885315354642402,-0.03131098512564989,0.16944389979204597,0.12492751815747272
2024-01-25,55214.1,55214.1,55981.6,54981.05,55932.3,33768158,-0.00487163959599457,0.08388118827430113,-0.0007324411958530286,-0.04844720581152795,0.17311379512185304,0.12701088423870766
2024-01-29,55139.1,55139.1,55470.5,55047.7,55058.15,32136373,-0.010964056727895022,0.0728494989784998,-0.01478998911570839,-0.06839659215670335,0.17211867071666964,0.12614839461471772
2024-01-30,54574.35,54574.35,55501.4,54507.4,55187.2,57485159,-0.034159226256315844,0.06630722127677036,-0.022377089646702153,-0.05809649903704961,0.1670794242945412,0.12786758427828127
2024-01-31,55071.4,55071.4,55124.95,54501.35,54634.25,37303924,-0.03361807563803798,0.07429978190727748,-0.03335572844584045,-0.06438759432439167,0.16754610843085602,0.12891110082132945
2024-02-01,55215.8,55215.8,55792.0,55114.2,55205.85,54911054,-0.0348491072286945,0.08080207016156504,-0.036309862721627395,-0.061821416008837504,0.1670410650216259,0.1285821242351796
2024-02-02,55118.4,55118.4,55557.5,54992.9,55347.4,31912450,-0.03661561210417863,0.06841380914536055,-0.052251885993989444,-0.07377587536981589,0.1668999423536926,0.12750552706967064
2024-02-05,54698.4,54698.4,55387.9,54590.6,55340.4,26675833,-0.05208486774724064,0.05388861593595573,-0.05730679397584326,-0.07824972925304197,0.16337081084554322,0.12832541242351952
2024-02-06,54608.8,54608.8,54956.7,54372.6,54860.15,31963156,-0.053037810823628906,0.04864264906664739,-0.06310651402704948,-0.0810545905240645,0.16324312039160935,0.1283216809833848
2024-02-07,54772.6,54772.6,55041.35,54523.1,55041.35,24564802,-0.03353016479672366,0.050692499520429646,-0.05293703506121483,-0.07935541603708063,0.15476347226689127,0.12840035431988628
2024-02-08,53646.2,53646.2,54775.6,53317.25,54774.6,63224923,-0.05173660273168701,0.022705089295246283,-0.05977098739964393,-0.0942722665691813,0.16892986030974277,0.13529185337872546
2024-02-09,53867.1,53867.1,54007.8,53452.75,53536.85,44053672,-0.04404429896209239,0.03624454148471612,-0.05162110918515772,-0.08683677835012626,0.17052325650966033,0.13406116909947263
2024-02-12,53292.95,53292.95,54036.0,53231.5,54005.55,19332182,-0.052208353229809545,0.023367747745844714,-0.050769440177583336,-0.08940763163871623,0.17314535857292002,0.1360200230996655
2024-02-13,53432.05,53432.05,53534.8,53232.65,53345.4,23524913,-0.05406142257117941,0.027033806433755858,-0.04715099162597958,-0.09124187503115788,0.17219602658091154,0.13606537424940363
2024-02-14,53839.05,53839.05,53951.7,53138.4,53224.35,22166931,-0.049742045596948614,0.02778740231886223,-0.0380937130246265,-0.08222795430319718,0.17497225574536532,0.13622118231101146
2024-02-15,53321.35,53321.35,53997.65,53265.4,53902.0,33015952,-0.06051358582419253,0.01941660333710926,-0.054996650373064226,-0.08913533977787091,0.17594265657145364,0.1377414323383963
2024-02-16,53518.6,53518.6,53643.9,53186.7,53465.0,49079171,-0.0487188830330878,0.014453304925875932,-0.0704484910182841,-0.1025607711382821,0.17619030636536667,0.1368527656846612
2024-02-20,53882.5,53882.5,54027.15,53552.55,53981.4,22962435,-0.03701459780961369,0.025354851846143056,-0.07124675980334683,-0.10173711620250114,0.17879799507315935,0.13722050268006503
2024-02-21,53892.35,53892.35,54226.85,53651.25,53975.55,32964404,-0.048519169145752605,0.027182262103983224,-0.06852852901370643,-0.08764382167186224,0.17116532003573906,0.1371573214838241
2024-02-22,54419.2,54419.2,54479.8,53581.8,54189.3,28952893,-0.010090242824322138,0.03279484999392679,-0.05616857123747665,-0.08862741278342967,0.1424598334475967,0.13825785574021204
2024-02-23,54337.75,54337.75,54561.55,54268.75,54528.5,21000310,-0.02722852483140492,0.02867498184977957,-0.06259497378975698,-0.09306520695690668,0.12847606857361873,0.13825832791584405
2024-02-26,54317.3,54317.3,54433.25,54074.55,54312.6,16994706,-0.01624222798162056,0.0331019896570548,-0.05227770778039731,-0.08447249514721444,0.12267319674311511,0.13785568914092736
2024-02-27,54306.45,54306.45,54456.65,54128.4,54342.8,23585084,-0.015100899361795928,0.03461549452747681,-0.03629689194053898,-0.08145717028429855,0.12267448412671163,0.13778823977614996
2024-02-28,53824.9,53824.9,54439.15,53742.65,54406.3,27640613,-0.013732641799673262,0.020852358775506064,-0.03366800075801146,-0.07142946090033897,0.12133509709342175,0.13889072782830483
2024-02-29,54015.6,54015.6,54113.3,53453.5,53836.75,37654671,-0.019171475575344044,0.018896966450244967,-0.03100545891053219,-0.07297392085442089,0.11694507758638778,0.13864479946368688
2024-03-01,54225.15,54225.15,54559.65,54062.6,54272.85,24531525,-0.017941422563831355,0.006939460311653711,-0.047497928251874044,-0.09523439931185629,0.11753798878589233,0.1351229994028199
2024-03-04,54221.75,54221.75,54588.55,54102.55,54492.85,17200793,-0.01626770733548144,-0.00029407589186114524,-0.04151726614899587,-0.08338081541723408,0.11752809652561365,0.13432600294045027
2024-03-05,53653.1,53653.1,54364.95,53580.1,54224.55,24114757,-0.019110248197387936,-0.008460402617587293,-0.045961692203950966,-0.08044285295314768,0.12017720600076161,0.13597681627361272
2024-03-06,53879.6,53879.6,53946.9,53171.75,53657.35,23244582,-0.013353159197785014,-0.014323334714534952,-0.038189697403263945,-0.087700621609753,0.12152918704869511,0.13459709686957835
2024-03-07,54406.3,54406.3,54461.05,53637.1,53914.0,36093601,-0.006687650394540223,0.004303792561444197,-0.032361975250334685,-0.07188342014524274,0.12647334945532068,0.1348652006012021
2024-03-11,54087.45,54087.45,54628.6,53970.25,54570.85,32035533,0.008225186499696058,0.008410341121273035,-0.02007864484660349,-0.056601055227927466,0.10350003542531427,0.1338242598243935
2024-03-12,53636.1,53636.1,53950.25,53382.35,53944.05,43934073,-0.0042883318389146385,-0.006313812019586251,-0.029684829887807185,-0.07006545554550114,0.10701357807619793,0.1343127050768906
2024-03-13,53664.15,53664.15,54962.5,53470.25,54844.5,120620326,0.006965274018420953,-0.003210617233501134,-0.010690515254198951,-0.05540988672679803,0.09956318535262387,0.13421781894021664
2024-03-14,54145.8,54145.8,54252.45,53280.2,53504.4,45473163,0.013358087514890427,-0.0012828470165736627,-0.005194814678893822,-0.059596924914961824,0.10390761822374003,0.13470921092840782
2024-03-15,54155.45,54155.45,54464.95,53886.7,54013.95,91164897,0.005876775314571647,-0.0037894500606587833,-0.0025160086565336748,-0.043475156869963394,0.10063546036593787,0.1345914721747141
2024-03-18,53907.85,53907.85,54189.1,53805.85,54144.3,26842202,0.010999346415647704,-0.005136916779548972,0.004383907932254738,-0.033055945016442045,0.095452575444744,0.13475593243327086
2024-03-19,52740.9,52740.9,53915.1,52626.95,53859.55,38473147,-0.014531396561195509,-0.023624948048810546,-0.004402407558429133,-0.042244180393139596,0.12336927316731505,0.14186006943483076
2024-03-20,52993.5,52993.5,53033.7,52562.6,52726.5,32047773,-0.01649886326729455,-0.032551338118227635,-0.00037729602630087733,-0.05054407609215272,0.1219518945866041,0.13911093786805345
2024-03-21,53338.35,53338.35,53423.6,52967.55,53210.6,32889534,-0.010279752135507136,-0.02306956860978171,-0.008325480393968299,-0.06381626838298993,0.12466985319031013,0.1397324280500406
2024-03-22,53775.7,53775.7,53849.6,53305.05,53312.9,52649080,-0.011824870633893925,-0.018750695669786377,-0.006392238941496986,-0.058350658399233146,0.12308016144317739,0.14058103052235382
2024-03-26,53687.7,53687.7,53784.0,53325.1,53325.4,26172809,-0.011963137965778858,-0.025650146412818042,-0.0025991251570867124,-0.05634416198867265,0.12309478029051613,0.14009470489754158
2024-03-27,53543.55,53543.55,53819.95,53491.1,53737.95,26293318,-0.014245001132235924,-0.03498010251530159,-0.014317309499611852,-0.06680182986364303,0.12331206252055323,0.13931943829298996
2024-03-28,53949.2,53949.2,54251.0,53534.45,53683.2,51564393,-0.006578408273786973,-0.03230742049153057,-0.012369414520292388,-0.06334681788124885,0.126761564551918,0.13988934081436663
2024-04-01,53889.15,53889.15,54369.1,53828.1,54078.2,20992044,0.0011936854504142058,-0.046285694059765126,-0.02207842559089035,-0.0776604228434623,0.1227220616184515,0.13682139376725347
2024-04-02,54096.95,54096.95,54141.65,53823.55,54141.65,22408564,0.001506046401409833,-0.05071752955049558,-0.01989704980466178,-0.08393675968057179,0.12284421761775456,0.13579885746749185
2024-04-03,53866.7,53866.7,54101.6,53522.9,54056.2,26519949,-0.006610401262145071,-0.0584308550153384,-0.01090340738939033,-0.09391763979369638,0.12290439730340913,0.13560640729188966
2024-04-04,53634.45,53634.45,54116.0,53502.9,54072.95,42306230,-0.010831446790264154,-0.06255276308131164,-0.01569856854336238,-0.10890144446424,0.12370764396328775,0.13575656313291282
2024-04-05,53925.95,53925.95,54094.5,53569.65,53718.2,36332781,0.005085447066432325,-0.06547131129785,-0.001955003813169709,-0.10495214684572485,0.11950145834575582,0.13496137489904397
2024-04-08,53966.05,53966.05,54228.9,53902.45,54100.25,25908662,0.0016045033741900472,-0.06418363250608872,-0.006949806744233067,-0.10819398521611845,0.11860821833989404,0.13501243455454937
2024-04-09,53629.35,53629.35,54091.35,53552.65,54081.1,19285010,-0.014280515307969921,-0.05370296358838489,-0.02091349292012934,-0.10621772210649028,0.11487729095500954,0.13114680276314275
2024-04-10,54290.9,54290.9,54370.5,53601.35,53869.6,31587962,0.0037615010506135693,-0.040340727306794166,-0.015096555797031952,-0.09645396057572997,0.12190167673054414,0.1338821600065704
2024-04-12,53701.4,53701.4,54275.6,53653.45,54244.45,39452062,0.0012174636112618487,-0.04698490388906973,-0.007007090725536846,-0.08864796431473199,0.1245708634693983,0.13535894663234566
2024-04-15,53174.95,53174.95,53475.15,52778.75,53299.05,29860910,-0.00911595543766186,-0.054306931265344804,-0.0216082064916161,-0.08319292131565992,0.12940980251558684,0.1366014789778038
2024-04-16,53402.25,53402.25,53526.75,52937.25,52996.55,26633509,-0.013732367053400307,-0.05458898925835276,-0.013788808997349133,-0.06616034378881264,0.1259290286522639,0.13655159125521313
2024-04-18,52825.5,52825.5,53571.75,52719.7,53482.9,43126654,-0.024558008473754667,-0.06763117903606419,-0.02330933374952948,-0.063033380965833,0.13091378848880414,0.13778946782084758
2024-04-19,53055.45,53055.45,53229.75,52398.75,52530.0,31573914,-0.01581216835766963,-0.06519856543422398,-0.019951723415274958,-0.07040452280966125,0.13172570639908318,0.13812716908276831
2024-04-22,53499.45,53499.45,53594.6,53128.2,53318.9,25556662,0.014382575951491061,-0.049059269989957355,-0.00940348476861419,-0.08449654847244836,0.10933295393041764,0.13852676189366453
2024-04-23,53905.3,53905.3,54037.95,53523.45,53622.0,25497438,0.017205883740458727,-0.036607117325784144,-0.007012165542028992,-0.0788091231732605,0.11113352782764968,0.1392399778224151
2024-04-24,53932.5,53932.5,54033.95,53731.6,53755.35,24780822,0.011139264712912933,-0.04781031240896527,-0.006598881418298896,-0.08388401310401816,0.10912214274203678,0.13667893597832292
2024-04-25,54291.65,54291.65,54358.2,53642.05,53998.45,52248911,0.009594482266153781,-0.012410434769954515,-0.011838516223443118,-0.07510459730009678,0.10783490941151867,0.1233665277291684
2024-04-26,54300.75,54300.75,54601.6,54119.75,54441.5,30678021,0.011418816600450521,-0.027890910457994855,-0.007452152544456858,-0.0729175855074421,0.10755528305503008,0.11867887481805352
2024-04-29,54332.15,54332.15,54557.25,54125.5,54527.15,30267446,0.014728197887514005,-0.015973274942451265,-0.008764760590090903,-0.07642496723584613,0.1068664064995368,0.11640098173567613
2024-04-30,54240.6,54240.6,54670.3,54181.95,54519.5,28585135,0.0054013775922534535,-0.016295151716295697,-0.00704769567304897,-0.05619146113336537,0.1040438894706314,0.11641600748979555
2024-05-02,54490.55,54490.55,54757.35,54154.9,54155.15,44666573,0.011159945926035197,-0.001535519891670667,0.0028704250129374387,-0.05385846374072112,0.1050076070037449,0.11493180059499893
2024-05-03,54273.9,54273.9,54702.55,53913.3,54688.85,44046213,0.003270979232655513,-0.014481200768456937,0.002266724742650661,-0.04900945153138725,0.10542888662573878,0.11362670254689858
2024-05-06,54660.15,54660.15,54697.7,54149.5,54544.15,29304073,0.014729879498837084,-0.010063242767468727,0.01437111178974182,-0.044410598186371386,0.10679991909321206,0.1144744434774654
2024-05-07,55765.55,55765.55,56222.75,54855.8,54942.6,102912754,0.03973379050218662,0.01174108827542164,0.04915656131782131,-0.008790773584276934,0.1249406271671056,0.12165851718090749
2024-05-08,56008.8,56008.8,56124.3,55569.7,55704.3,36605492,0.03862426160318,0.02395682506252461,0.0480051819351931,-0.000423485170351956,0.12460413355178825,0.12083710907782533
2024-05-09,54625.1,54625.1,56020.35,54533.45,55924.6,44744181,0.012212307552618595,0.0002984866907895789,0.04348343503347929,-0.0009828802811506776,0.15707710390545104,0.1315400591307419
2024-05-10,55276.5,55276.5,55407.1,54601.75,54739.25,27386226,0.03071359246382821,0.009199855402153734,0.05666233019444844,0.0035137461593184316,0.15971328978514376,0.13363653751743257
2024-05-13,55340.7,55340.7,55525.9,54816.85,55386.95,26265940,0.01933657390096677,0.03158658022376226,0.04789224274269355,0.01380858661068829,0.15458411601619834,0.12632249373352863
2024-05-14,55054.3,55054.3,55504.45,55011.75,55320.35,31377929,0.025193011727813408,0.02203942666302816,0.038583722671233445,0.0020532171198168747,0.15001719120454754,0.12663037058722787
2024-05-15,54555.95,54555.95,55292.35,54507.7,55172.0,20113233,0.02597087538399201,0.023699194734012607,0.02920128143405376,-0.0033408971826385248,0.14929557852272085,0.12606639869751365
2024-05-16,54997.0,54997.0,55066.2,54159.35,54757.3,40650011,0.029862973938364012,0.029288601129846104,0.018306609035334986,-0.0010932235456277972,0.15089557019382507,0.12696596789802098
2024-05-17,55064.7,55064.7,55136.6,54735.45,55094.95,22054770,0.042388619132805117,0.022765074792367113,0.021009585890116922,-0.005900097939853355,0.14372507588165392,0.12611158259955899
2024-05-21,54969.25,54969.25,55139.55,54764.55,54998.65,23384482,0.03607169480232475,0.03090506898268708,0.018821016098662824,0.0026860084188087274,0.1440721296290926,0.12445222530606365
2024-05-22,55753.9,55753.9,55898.45,55067.8,55154.9,29716955,0.04213968554816927,0.04176678762149977,0.030436797613965005,0.016490749099723923,0.14900648589989904,0.12741626859318414
2024-05-23,55899.0,55899.0,56062.0,55400.6,55925.3,41694859,0.03698523150784805,0.03742402449774973,0.010176827062881921,0.0027029840394519056,0.14761486511848512,0.12684918749520405
2024-05-24,55449.15,55449.15,55894.55,55369.55,55847.25,26674728,0.028121262689472903,0.02888721683133144,0.003360558073991937,-0.012012658533810505,0.15171465379536309,0.12809290908432802
2024-05-27,55260.5,55260.5,55708.7,55194.55,55649.6,26845377,0.01784528560100851,0.01545961719393163,0.0018021309471436542,-0.016722295003108067,0.15129337994298767,0.12686267398096393
2024-05-28,55271.95,55271.95,55461.3,55136.55,55328.7,28037691,0.017885572482884582,0.017192467483471363,-0.002997667140309579,-0.013215866290968936,0.15129095803740536,0.1268101254097206
2024-05-29,54974.25,54974.25,55254.7,54918.25,54920.7,24347923,0.011818048797995306,0.012094673336119355,0.009110909981937532,-0.014243230109696636,0.1529321346376229,0.12733882820510303
2024-05-30,54280.1,54280.1,54933.05,54095.25,54776.5,34245427,0.0007282367820415914,-0.0004852093996200457,0.005868692071857251,-0.01356279338034072,0.15994796012290657,0.1300575311234335
2024-05-31,54107.35,54107.35,54588.7,53897.7,54510.8,68200379,-0.007032412042088154,0.005247571291354003,-0.0018443615986460937,-0.021154180681176582,0.15938973169360804,0.12890922620620232
2024-06-03,54653.6,54653.6,55184.85,54552.15,55139.0,30730444,0.006995996233917223,0.011811402631832335,-0.02806611687620486,-0.04646595802494535,0.1628916087752077,0.13033523642004297
2024-06-04,55172.5,55172.5,55446.3,53057.65,54633.8,98336019,0.009373373472264523,0.017470675507582634,0.03424556969559789,0.037805295842202935,0.1643943872894053,0.13150320713170924
2024-06-05,57567.4,57567.4,58832.65,55646.95,55799.0,100182286,0.03231116701978198,0.06170309884870928,0.018059419037492974,0.052118441274531024,0.2122341700735511,0.15738832244346718
2024-06-06,57373.6,57373.6,57862.0,56736.8,57851.65,56043136,0.024367599377240534,0.0693436166782535,0.0011011319128306774,0.04853965568641194,0.21267142478234566,0.15582078068225466
2024-06-07,57953.35,57953.35,58075.45,57201.55,57282.6,54102607,0.06092895024448475,0.0756083935292764,0.00023668606937365944,0.039295420077429144,0.190616826395036,0.15677334588719913
2024-06-10,57991.75,57991.75,58266.05,57769.2,58038.15,29107646,0.04912123596826867,0.06590137539218799,-0.005469066665517275,0.03186279940452197,0.18780750095675935,0.15576834848471854
2024-06-11,57792.85,57792.85,58233.65,57725.15,58081.15,27929988,0.044310064744392585,0.06850757430790333,-0.008205143423227979,0.026766034345350187,0.18891445703410187,0.15538345895679195
2024-06-12,57495.55,57495.55,57945.4,57446.75,57886.25,34064621,0.044342585411130564,0.07195620114064982,-0.005396684086341086,0.027755659651837128,0.18889840540805822,0.15468214001238687
2024-06-13,57117.0,57117.0,57679.25,57059.25,57676.25,51612349,0.04694355061180322,0.0643418371482638,-0.007034822320596934,0.000644213231273838,0.18712946378258413,0.1554949480041486
2024-06-14,57225.85,57225.85,57401.25,57051.45,57162.05,30378166,0.04052675600487299,0.05688437515005762,-0.006864652994574394,-0.0026708711506799876,0.18588877254417163,0.15463525187456845
2024-06-18,57167.4,57167.4,57490.65,57039.0,57370.85,33697371,0.038185988482639655,0.055616747714219095,-0.010411712063226108,-0.014061607688937494,0.1861819441577033,0.15467946378537195
2024-06-19,56646.55,56646.55,57409.8,56555.85,57373.3,31170793,0.030513423413999652,0.05080336166254096,-0.013294423988581494,-0.01540631805636683,0.18991335436390844,0.15565211971846724
2024-06-20,56669.65,56669.65,56895.2,56352.2,56705.1,29926432,0.01642485996495302,0.07449152365621359,-0.026464234780681384,-0.005698913076712442,0.18392393351674322,0.14829012954910376
2024-06-21,55990.1,55990.1,56761.3,55906.65,56737.55,47513070,0.0016297250398038532,0.056546557596686364,-0.021596386890554653,-0.019555480936374048,0.18932236003811947,0.15055284472930755
2024-06-24,56392.7,56392.7,56463.0,55837.4,55958.1,23877840,0.01701649168652719,0.05726367613546346,-0.008280693492860092,-0.012057780835972087,0.18833704270486734,0.15066643345903166
2024-06-25,56246.35,56246.35,56544.05,56084.55,56457.65,22208745,0.017840048497570482,0.045943613937150074,-0.016558874834832205,-0.02757628293682468,0.18811647016323227,0.15007159156641112
2024-06-26,56465.2,56465.2,56609.8,56089.8,56257.7,27861957,0.021588708196472073,0.051734382363185505,-0.02125662329115552,-0.03297941190270559,0.1883933999895867,0.15012314468126156
2024-06-27,56670.6,56670.6,56787.6,56230.75,56427.7,61574164,0.03085717404057342,0.058401992396843294,-0.02815267094092566,-0.028421365207332627,0.18700305365464934,0.1500472292429645
2024-06-28,56756.85,56756.85,57007.45,56560.35,56709.1,30844627,0.0456290611107939,0.052042476996878584,-0.022047264160573343,-0.023368761880551148,0.17930818797261106,0.14942174566867472
2024-07-01,57154.7,57154.7,57234.4,56672.8,56745.5,26734634,0.05632044444978357,0.06059754143459295,-0.01519309289570292,-0.01419318150860005,0.1788663613974737,0.1498892922147355
2024-07-02,56669.2,56669.2,57374.0,56473.95,57360.65,26888399,0.03687954681850791,0.04754889138851626,-8.541624918767532e-05,-0.02685214409398262,0.1809452662974248,0.15102035944941264
2024-07-03,57177.55,57177.55,57276.65,56805.15,56850.5,20469345,0.03634147446644609,0.061463761470444744,-0.0734165734670229,-0.021080409137573808,0.18066379318506579,0.1515599459458703
2024-07-04,57058.4,57058.4,57446.05,57030.35,57325.7,21081657,-0.00884180977428195,0.06383863356480779,-0.08319082781744158,-0.015554115999907081,0.09768581065886768,0.15129416770925463
2024-07-05,57673.0,57673.0,57737.75,57048.75,57102.35,28151175,0.005218427987785379,0.06948509947437187,-0.06061667384791103,-0.01091707579842649,0.10463489280976435,0.15233542156281804
2024-07-08,58611.2,58611.2,58673.95,57748.95,57888.45,49528761,0.011351371404759059,0.08607541222676107,-0.03289052370295864,0.013092616491145126,0.11399497030322271,0.15540853137454674
2024-07-09,59182.65,59182.65,59425.75,58673.0,59018.0,45862882,0.020535679644087423,0.1035496421269324,-0.029938972942128883,0.02447580088635881,0.11852469360561126,0.15550185109650574
2024-07-10,59349.6,59349.6,59545.75,58687.15,59219.4,29817000,0.026936723141357533,0.09317767802707255,-0.018608364283063894,0.024149718584170365,0.11748313730421106,0.15394426412571355
2024-07-11,59516.7,59516.7,59587.6,58980.75,59403.3,35307324,0.03515315533115171,0.108289541799655,-0.007422935311865997,0.02851171481661874,0.11502728688249356,0.1517759822239778
2024-07-12,59725.75,59725.75,59885.4,59414.85,59576.7,35521959,0.045673792391056844,0.12319334573892404,-0.001475859155903425,0.023085571998885834,0.11083503553673753,0.14988554660845507
2024-07-15,60070.7,60070.7,60141.25,59603.2,59805.15,26916275,0.04971267355574449,0.12487207935995204,0.0019363700289811714,0.014757857013290243,0.11152577285840755,0.1500158693419211
2024-07-16,60645.15,60645.15,60875.15,60004.0,60144.25,36298245,0.06083449658371731,0.14802794105119688,0.016046990401932026,0.02904411286983266,0.11346232745977165,0.14838160161193834
2024-07-18,61225.35,61225.35,61281.4,60416.25,60482.45,46217543,0.08083104796320328,0.153987950342519,0.026193796331335673,0.034159097252935755,0.10616548709147262,0.14906398752106712
2024-07-19,61087.9,61087.9,61491.4,60840.45,61286.45,38814588,0.07796501301843217,0.14184164510102448,0.03706458485086728,0.043593943518764444,0.10772634748178356,0.14883816724234647
2024-07-22,60881.75,60881.75,61454.2,60743.7,60968.25,30972647,0.08736633797760684,0.1294204837001185,0.04446832863412786,0.03369221116792964,0.09440114757723261,0.14884790358774666
2024-07-23,62511.25,62511.25,62755.0,60850.6,61028.0,81369161,0.10849897238472361,0.1590645714550596,0.06851226215015216,0.06636689824080699,0.12288115578128547,0.1569639898170175
2024-07-24,62182.35,62182.35,62731.8,61908.6,62627.7,75964007,0.10553573698560004,0.14533910831591967,0.07635524536192251,0.06367664306729037,0.1254602339294426,0.15750763904575402
2024-07-25,62139.5,62139.5,62342.2,61599.15,61912.5,41059848,0.1004919844435157,0.14435804293679189,0.07798147656131538,0.05576951085555226,0.12704793546049897,0.15756608100781685
2024-07-26,62728.8,62728.8,62928.6,61829.75,62483.5,36027378,0.10690199150882473,0.15454293636456495,0.07403170477485221,0.05776201208000731,0.1280154659488163,0.1582102071994566
2024-07-29,62513.85,62513.85,63084.3,62311.85,63016.45,29208383,0.10143269050343706,0.15252873308923576,0.06705204139721133,0.053822037908453524,0.13101349293711237,0.15844290633380906
2024-07-30,61819.0,61819.0,62915.95,61777.8,62627.15,44609206,0.08160833667222467,0.13449029235344478,0.051977275981217375,0.03695045966462218,0.14241819838311617,0.1607749961451036
2024-07-31,62082.2,62082.2,62264.6,61841.5,62143.3,32871514,0.09551925913900328,0.14386841557359964,0.06122536348610996,0.033736837712466494,0.13460744047372933,0.16032837172476222
2024-08-01,62173.2,62173.2,62264.1,61948.9,62173.5,31672455,0.08737082998484524,0.13745022653615102,0.057543543606610514,0.023016523760801766,0.13400078809708782,0.1600155703230809
2024-08-02,61745.15,61745.15,62639.55,61632.85,61659.05,38998534,0.08213952722123308,0.1072274908074966,0.06504026557378206,-0.0010652664506582976,0.13802853411095145,0.15664890083889466
2024-08-05,61550.45,61550.45,62156.55,60818.8,60877.25,57004547,0.06723163352001804,0.09894248760908986,0.07825990430395724,0.020336967628145963,0.13779163068935038,0.15686131410597498
2024-08-06,61604.15,61604.15,62291.35,61516.5,61654.8,35289306,0.05106447231928368,0.12776269517126737,0.06455100899150712,0.03508134341218727,0.1292509992283154,0.14676685471716763
2024-08-07,62322.65,62322.65,62545.6,61997.45,62112.2,27335661,0.05305608991824462,0.12747098676652824,0.05860997655973954,0.025803313806053163,0.13081726141596625,0.14669363498875193
2024-08-08,62042.55,62042.55,62503.25,61880.8,62480.8,37760537,0.045374358041166296,0.12110164851546878,0.053902782133502636,0.030034665423957607,0.13320464423545092,0.14729024970667343
2024-08-09,62157.35,62157.35,62488.4,62029.85,62479.55,19286470,0.04436821934011803,0.12901898670948486,0.04224817949358606,0.03226568121776263,0.13319165978816747,0.14654681266018263
2024-08-12,61668.45,61668.45,62163.8,61553.4,61840.25,23856409,0.032527008869708496,0.13037074782860536,0.03885912209860953,0.033686244822363154,0.13774736043822025,0.1461792126253802
2024-08-13,61495.75,61495.75,61978.65,61326.8,61768.1,30704932,0.023722879873216085,0.11816553630198001,0.04193188038877049,0.040716775447108056,0.13767238626239076,0.14596596525420688
2024-08-14,61305.3,61305.3,61730.4,61092.25,61642.3,22927450,0.010885454154206942,0.11333213474331116,0.029950582338499787,0.03865738390561235,0.1347838875376323,0.14631555332275925
2024-08-16,62213.0,62213.0,62303.45,61315.6,61450.0,29796243,0.016131390020636793,0.13177822146017992,0.026602773978863348,0.04246688611312721,0.1404894052807051,0.14848455602180588
2024-08-19,62326.05,62326.05,62640.4,62228.8,62433.25,26772212,0.020268334645650032,0.11787785249103644,0.01856639956233952,0.030486622322586365,0.14006002124903075,0.14632378062888113
2024-08-20,62240.6,62240.6,62473.05,61996.6,62381.2,23749845,0.02231949640080977,0.11344746775434267,0.014583657508350889,0.03807192043859953,0.13940621902204528,0.14646403228327376
2024-08-21,63091.9,63091.9,63212.55,62310.8,62380.4,23454417,0.009288728028954862,0.13783349248816257,-0.0026050516809597024,0.05885576271281301,0.1135569545508505,0.14695652521769406
2024-08-22,63483.6,63483.6,63620.9,63155.1,63424.8,28877460,0.0209263561123052,0.14880610924620652,0.004623900503728073,0.06686759655940411,0.11316531923890467,0.1467216179324796
2024-08-23,63409.25,63409.25,63700.75,63134.75,63586.65,23264622,0.020433862519009693,0.1472229584807485,0.0033458891056010742,0.06268139583912169,0.11327577017526683,0.14683329441621096
2024-08-26,63657.95,63657.95,63782.5,63173.3,63480.0,21160302,0.014812175587608722,0.1579594082684166,0.0077354264723792365,0.05639891771055261,0.10945763206548843,0.14598822019456192
2024-08-27,62981.15,62981.15,63805.95,62952.6,63744.9,18329338,0.007475143508198556,0.1602990782994136,0.00016117740715948514,0.04783792276340493,0.11595946839831908,0.1451496506814661
2024-08-28,62713.6,62713.6,63069.9,62563.55,62994.3,23792396,0.014471279056600617,0.15905879700262537,0.00662453697299803,0.04713815192444293,0.10922381933980815,0.14534437300138908
2024-08-29,63162.95,63162.95,63355.6,62661.3,62825.8,34100309,0.01740837148168084,0.15569605661841113,0.009360693319296454,0.07453817696698972,0.11093184652429383,0.14481777167606705
2024-08-30,63059.75,63059.75,63585.95,62891.5,63144.7,61234567,0.01425935933810707,0.14295618288096423,0.005263281768491224,-0.010184185444791494,0.11125407684560742,0.1442977295109375
2024-09-02,63578.6,63578.6,63768.9,63289.45,63306.2,29103216,0.02969383020366778,0.10442021004943758,0.006997543019525487,-0.013100060648467471,0.1104541518876247,0.11817571173818672
2024-09-03,63485.75,63485.75,64058.0,63391.3,63605.5,26452474,0.03144249960804513,0.10653244697909847,-0.019450016890395494,-0.0011931604187687128,0.1096740200556958,0.11789305929950997
2024-09-04,63742.9,63742.9,63821.3,62906.45,62906.45,25366502,0.03471762860131977,0.0999001783330904,-0.015554159859063388,0.01795357016978505,0.10999178381366162,0.11670854994256404
2024-09-05,63700.4,63700.4,64015.5,63554.6,63867.5,25421556,0.022106730057210422,0.09843900209943657,-0.012777501216583165,0.017357088105393492,0.10380790302884917,0.11678530445111672
2024-09-06,63175.7,63175.7,63908.5,62905.8,63694.9,33004578,0.018264078442939535,0.09314041442842846,-0.012218584849551295,0.024912989454644485,0.10730397560168012,0.11808285202558748
2024-09-09,64465.85,64465.85,64540.3,63169.45,63275.65,38045847,0.0371396142210052,0.1212319909975641,0.013792927419938206,0.05205329679632209,0.12737582857492027,0.12332058181540469
2024-09-10,64584.95,64584.95,64883.9,64348.4,64701.45,28307751,0.047293226925599674,0.13074828860059173,0.018784597140615977,0.060565536790256,0.1221007663188539,0.12203838403701939
2024-09-11,64768.15,64768.15,65344.6,64481.6,64654.0,33959784,0.053213433448652925,0.13179882867620152,0.020923395802105782,0.06988480842697875,0.12059915414509356,0.12204854047753026
2024-09-12,65513.2,65513.2,65597.85,64697.7,64958.65,41169370,0.0686384374597302,0.1459887978113399,0.01706606818714418,0.06826540270229797,0.12252209962556683,0.12336721200473963
2024-09-13,65062.8,65062.8,65616.25,64912.05,65616.25,28875971,0.04580714641634387,0.14857480287855118,0.012583373431094058,0.07030894133747267,0.11987480787741236,0.12255955394761804
2024-09-16,64597.0,64597.0,65026.1,64322.4,65026.1,26154193,0.03643661037399282,0.1398870471231073,0.0034283838912503306,0.06279832136250985,0.12446645232301982,0.12404139498159608
2024-09-17,64686.45,64686.45,65199.75,64489.65,64643.8,31016366,0.03929669701127558,0.15531942254077058,0.01015764060753832,0.07372957339558006,0.12392129634423552,0.12045446765404003
2024-09-18,64615.05,64615.05,64988.75,64261.95,64722.55,18614175,0.024141767802206004,0.145805219469896,-0.0003776782117872468,0.06764594823628856,0.11633062541273043,0.12025114143189478
2024-09-19,64975.8,64975.8,65458.65,64768.1,64826.2,39185330,0.023505283254257936,0.15520029299679017,-0.0008503897703475705,0.08376660495303079,0.11599693422368515,0.12000375584187081
2024-09-20,65870.8,65870.8,65974.6,65043.25,65272.3,56334840,0.038820045971210915,0.1665733938779994,-0.00016770590135206653,0.08604364899823436,0.12375521141105056,0.12217930234994157
2024-09-23,66305.2,66305.2,66438.7,65787.35,66008.8,23603602,0.041585536449100236,0.17001055220872896,0.004463228852485068,0.09121703264084435,0.12468430848880391,0.12243714953022208
2024-09-24,65796.65,65796.65,66324.85,65697.3,66276.35,27993541,0.0447038518667886,0.1592724050048584,0.00782402092175949,0.07889953582850917,0.12103574807380908,0.1242346014001269
2024-09-25,65521.7,65521.7,65854.3,64970.15,65817.2,30083538,0.044776571588937664,0.1463921602247935,0.006784095989211147,0.06925666652452889,0.1209868407250395,0.12460711551543095
2024-09-26,66156.9,66156.9,66218.85,65496.35,65604.4,34604523,0.04740041432517006,0.16742251522873097,0.005093491977110176,0.08069501502652732,0.12266373625545653,0.12343641853300606
2024-09-27,65845.45,65845.45,66427.7,65530.65,65967.0,74215121,0.0441755636519332,0.15159621214969854,0.006806228160525896,0.07367435355541785,0.12445629956373704,0.12360652599044569
2024-09-30,65540.35,65540.35,66122.15,65413.7,65744.45,32390356,0.030855507985391384,0.14865383536867505,0.00980417199614525,0.08657294151773387,0.12454583895481428,0.12410907173835735
2024-10-01,65470.95,65470.95,65685.0,65029.55,65546.85,24579881,0.03127000941156077,0.13520971685190641,0.010816929617199378,0.07464978062033834,0.12442633973328517,0.12304479402396935
2024-10-03,64502.05,64502.05,65076.4,64392.6,64687.8,59128875,0.011909561692361015,0.1005072409368859,0.009869758360498748,0.06228652642734289,0.13692804105556342,0.12437536774981385
2024-10-04,63380.05,63380.05,64683.5,63266.95,64371.15,48001599,-0.0050290108068394845,0.07092281268243306,0.000160867222172012,0.04712730455352476,0.1513392728031089,0.1292325768988036
2024-10-07,63028.35,63028.35,63688.15,62894.25,63522.65,49192803,-0.002332384128707732,0.06198441101540708,-6.294708851195541e-05,0.04260881171564135,0.1497335822678112,0.1299083641128244
2024-10-08,63326.55,63326.55,63562.75,62895.35,63014.15,46844124,-0.01767292295067846,0.06401312572773699,-0.02075075290198347,0.0353405386285095,0.13072102009018127,0.13008065502268842
2024-10-09,62334.35,62334.35,63517.55,62190.75,63515.1,48124509,-0.03484712769770659,0.04367630377182374,-0.03248499538132643,0.02409439685851944,0.1404530056754712,0.1344530342041373
2024-10-10,62056.3,62056.3,62672.35,61841.85,62640.2,27937825,-0.04187011671631813,0.03305438425055818,-0.04508058937846926,0.016307524644206595,0.13966667853594364,0.13444753190281164
2024-10-11,62080.2,62080.2,62312.45,61849.6,62257.65,22522889,-0.052401653407252335,0.023663062915995736,-0.035675825029832575,0.009392149171226771,0.13063551617564345,0.13313986839813152
2024-10-14,62372.3,62372.3,62439.05,61881.25,62368.45,17567050,-0.04135235495551992,0.018733253464455535,-0.032338856197804966,0.00554420492269303,0.1321557631078761,0.13208907034249182
2024-10-15,62607.7,62607.7,62683.2,62112.45,62494.15,24780719,-0.03079554778085669,0.024878904005539493,-0.017936912211841127,0.003418247838544719,0.13229725105464024,0.13216689825159253
2024-10-16,62373.25,62373.25,62572.05,62081.25,62560.15,23507423,-0.03576019398189256,0.024498310248966204,-0.01816477700281305,0.005646212316552823,0.13203525225275195,0.13221457272699852
2024-10-17,61352.75,61352.75,62423.8,61280.75,62409.0,25965289,-0.050488237647421164,-0.018532664120458286,-0.02575373204892295,-0.029595136703440272,0.14186603463167927,0.12521989934794972
2024-10-18,61042.1,61042.1,61409.4,60453.2,61372.5,38267364,-0.06054100141898988,-0.018337196969879677,-0.038438609098759735,-0.036382572735337404,0.13874479933141987,0.12518684498840396
2024-10-21,60280.25,60280.25,60990.5,59908.2,60929.0,29713770,-0.08487144531416047,-0.029920581916494382,-0.04571625173017091,-0.045285593368629695,0.1273967727034399,0.12767978152470436
2024-10-22,60000.95,60000.95,60562.65,59892.85,60293.25,34974052,-0.09507926980086023,-0.04348640496869072,-0.038525497488753,-0.028879914262861628,0.12058197812884162,0.12624854903371185
2024-10-23,60097.65,60097.65,60352.15,59712.2,59712.2,35875587,-0.086615351997404,-0.03865063501927968,-0.02860158320573647,-0.022520903874869824,0.12232869596996115,0.12621235474979323
2024-10-24,58396.9,58396.9,60186.4,58253.2,60171.8,45614803,-0.10873954735606672,-0.05535676733690287,-0.04702824451040466,-0.03693560428888609,0.14938998140145912,0.13709764540526237
2024-10-25,58908.5,58908.5,59465.55,58681.2,58724.9,55491675,-0.10956377943948392,-0.051120933214351294,-0.031930042116407265,-0.020246620915530533,0.1481556713966932,0.1381248902414924
2024-10-28,59252.65,59252.65,59518.95,58571.3,58984.1,24249185,-0.10012536933075855,-0.04697441984649331,-0.029847574269095345,-0.020116130480317684,0.15379828332542483,0.13872805702503943
2024-10-29,59203.85,59203.85,59389.9,58694.95,59354.5,24575509,-0.09668089962900728,-0.04115788851432056,-0.044609773713344514,-0.031009306028750294,0.15460183271100916,0.13814325641341954
2024-10-30,59748.9,59748.9,59837.05,59195.6,59269.95,38873709,-0.0873983041333598,-0.029269485438367937,-0.030955446301526912,-0.04112743138991393,0.16220404520386708,0.139508376462523
2024-10-31,59203.0,59203.0,59882.35,58983.75,59773.6,28503697,-0.08215320288269912,-0.03897708190113813,-0.04077712848447779,-0.04784645265146703,0.15859565294835978,0.14060394885424266
2024-11-01,59433.2,59433.2,59620.4,59328.7,59542.25,3402512,-0.062272749863719,-0.04636275896483866,-0.03387933117658515,-0.04664466489651897,0.1529709848617313,0.13860586977443434
2024-11-04,58743.7,58743.7,59589.9,58398.95,59579.1,26350081,-0.06797972658335494,-0.053170767481349634,-0.035699985473487295,-0.048126591562910326,0.15572463479782386,0.14019430104746305
2024-11-05,58542.2,58542.2,58871.25,58242.35,58601.5,22819675,-0.07555046027298196,-0.05816126330997062,-0.04357329638582974,-0.05183319441697787,0.1526616722146259,0.1401683868458751
2024-11-06,58754.8,58754.8,58962.4,58441.2,58608.55,25764841,-0.0574249992179271,-0.04724701204586779,-0.037494671398418666,-0.05287607440468001,0.14813929901449654,0.13973477969244966
2024-11-07,58180.25,58180.25,58917.35,58059.95,58816.3,20284235,-0.062460217576620014,-0.05391429489029731,-0.030494250312713134,-0.05641438227482021,0.15007266161611874,0.1408998798937867
2024-11-08,58359.4,58359.4,58431.65,57854.85,58241.4,18020160,-0.059935373919542734,-0.04805294158906326,-0.027246597719576826,-0.04823722194112123,0.1512298599574237,0.14106053873104732
2024-11-11,57843.95,57843.95,58533.25,57575.15,58327.15,18651543,-0.07260194028438915,-0.07022728368668929,-0.03333695972784689,-0.0539342573610877,0.14962618198583638,0.13822725401070593
2024-11-12,56902.55,56902.55,57960.05,56796.45,57925.15,29414795,-0.09112537275766386,-0.08701818902369074,-0.04427682696470436,-0.05897069878885852,0.15324481181121147,0.14152782013972046
2024-11-13,56647.85,56647.85,56855.7,56489.1,56730.95,31748367,-0.0917925553021528,-0.08985694225312735,-0.03523763201756347,-0.043709091395637834,0.15320178959299727,0.1416579983597874
2024-11-14,55782.7,55782.7,56774.05,55689.2,56634.75,31049848,-0.09078729152319986,-0.11585005365189516,-0.041609199137379704,-0.06589082687816517,0.1521295194320521,0.14086250233379227
2024-11-18,56314.35,56314.35,56420.95,55546.45,56029.5,30331047,-0.07745064471897267,-0.11293074116779767,-0.021111739953542874,-0.05821017938193229,0.1602890285520375,0.14184481255180323
2024-11-19,56378.55,56378.55,57012.9,56268.5,56554.75,28232017,-0.06472600893327407,-0.11087814475017443,-0.013775904649066195,-0.05832033600734343,0.15798082625738857,0.14198127216832948
2024-11-21,55693.7,55693.7,56281.95,55493.25,56168.9,39056204,-0.07178636338257982,-0.12511006088006293,-0.025930092908750257,-0.058710244614662344,0.16106647302696195,0.142977974633948
2024-11-22,56956.45,56956.45,57088.4,55542.95,55700.25,36192877,-0.05226826672923157,-0.09565878044462517,-0.030650129183447783,-0.0512702962683903,0.18532031201689791,0.15051125882298627
2024-11-25,57358.2,57358.2,57902.2,57214.1,57443.5,55739866,-0.017786903071909665,-0.08539455556689457,-0.010512134136677953,-0.05224599937561292,0.1605169868142747,0.151458726310235
2024-11-26,57838.25,57838.25,58038.25,57410.25,57688.1,22411778,-0.018168006314878138,-0.08430100240726557,-0.018734539196643585,-0.04623440126940026,0.1602141376012203,0.1517689261804398
2024-11-27,58028.6,58028.6,58093.55,57430.55,57912.25,21546427,-0.02065814777904451,-0.07978385578756653,-0.01801836787839739,-0.04170318558659336,0.15904615242862272,0.15208048102600288
2024-11-28,57706.05,57706.05,58788.85,57444.8,58068.5,39479289,-0.025299030384003718,-0.09236677120918035,-0.002709312967413169,-0.03838658748545176,0.15985079488097775,0.15098974453148492
2024-11-29,57943.7,57943.7,58120.45,57475.95,57475.95,27692860,-0.030213108525847465,-0.08729596799281736,-0.021595907262699554,-0.041854637535930994,0.1564407363091932,0.15144499645723122
2024-12-02,57917.0,57917.0,58090.8,57543.55,57839.3,23124028,-0.021721872202422166,-0.09139684576635199,-0.024642762543440666,-0.0547819225320022,0.1538293723220249,0.15101885186869093
2024-12-03,57689.2,57689.2,57767.65,57056.8,57278.25,46817789,-0.02934386841024883,-0.09436675436888942,-0.035630841059418494,-0.06700757785190681,0.15297490001889014,0.15108173397931396
2024-12-04,57270.35,57270.35,58005.9,57170.35,57813.7,32409111,-0.025080987408011346,-0.09347502283314624,-0.04475561674496209,-0.07799542988733332,0.14986642289314317,0.15091093715293913
2024-12-05,57605.2,57605.2,57922.9,56861.25,57358.6,45386527,-0.016005548134508052,-0.1064230131146956,-0.036452971385384725,-0.0972797528033269,0.15168833288169536,0.14476871388668375
2024-12-06,57744.3,57744.3,57997.55,57602.1,57742.9,22194397,-0.017198594838208958,-0.10591709059153864,-0.025111909580570746,-0.09140898855959012,0.15127880100792793,0.1448354873294265
2024-12-09,56460.6,56460.6,57562.8,56305.95,57481.95,50495525,-0.029557281036090455,-0.1282659764097014,-0.04689867232961609,-0.11624880727845877,0.16706465254380742,0.15050809417748123
2024-12-10,56530.25,56530.25,56697.4,56383.8,56582.8,30541989,-0.0313428513658468,-0.13711664214234687,-0.050468565805927734,-0.10643986617364065,0.16652282796466922,0.14796474716125635
2024-12-11,56766.8,56766.8,56898.7,56514.45,56716.3,22308577,-0.018621653604222965,-0.1275075772945523,-0.03935375932359353,-0.09932154141617788,0.1653947429590806,0.14828541159711964
2024-12-12,56146.7,56146.7,56885.75,56059.55,56701.15,36211563,-0.013283235988545417,-0.13081567255445303,-0.04113725296519466,-0.09791861119630063,0.1596878374060048,0.14902535251157864
2024-12-13,56869.4,56869.4,56997.45,55455.15,56088.7,48524184,0.003911004565928078,-0.1208452465701858,-0.04741746410745362,-0.09526353636192098,0.16586510601800494,0.15204415871887728
2024-12-16,56697.2,56697.2,57062.55,56517.45,56946.0,24371286,0.016393971607684854,-0.12253878933777818,-0.03186019467789092,-0.09458885881201362,0.15596939250509376,0.15203905884841934
2024-12-17,56467.45,56467.45,56842.1,56205.0,56625.45,42092833,0.0027186676220181116,-0.13094644467632577,-0.03489567160504947,-0.08846103213537604,0.153369541328626,0.15122205897263302
2024-12-18,56467.8,56467.8,56685.6,56277.25,56578.35,34404610,0.001583048872310533,-0.14274913922405674,-0.027345225013141405,-0.08101819648630182,0.15332393029293775,0.14758794201147005
2024-12-19,56157.9,56157.9,56570.6,56042.65,56145.95,31111190,0.008334874501065626,-0.15303927897057845,-0.017438204529568013,-0.07642307665616865,0.14793494453712575,0.14646438041190776
2024-12-20,55600.8,55600.8,56309.7,55472.45,56151.85,39186785,-0.023801518528630106,-0.15496001696134976,-0.010426914590494163,-0.06425592777252787,0.1272680763846879,0.1468642190629589
2024-12-23,56135.05,56135.05,56304.45,55701.0,55970.15,30928607,-0.0213247626320211,-0.14326017182093864,-0.0019847783896487226,-0.05670855840285827,0.12973618012562965,0.14899982181346655
2024-12-24,56439.3,56439.3,56586.45,56008.65,56151.05,23854419,-0.024187280908395392,-0.14688717276655938,-0.00489158935142997,-0.05196820837377103,0.1273116213124279,0.1477616435570941
2024-12-26,56258.0,56258.0,56603.6,56139.0,56517.4,18061462,-0.03051254036802542,-0.14560535314133316,-0.008897573326692498,-0.05283043006457078,0.12634530456454734,0.14770378312807855
2024-12-27,56444.25,56444.25,56615.8,56220.15,56436.75,23978813,-0.021865991520819805,-0.13878625915180498,-0.017653004717847476,-0.06139829056573842,0.12652507846964764,0.14813689795239524
2024-12-30,56618.4,56618.4,56827.6,56278.7,56545.25,49497392,-0.02287220180968763,-0.13521340380733737,-0.0027239604688285013,-0.051792528918737535,0.12601411485029781,0.14855008718974524
2024-12-31,56799.65,56799.65,56845.8,56278.5,56576.25,25659712,-0.01929226306611187,-0.11941325895843624,0.006710730818196398,-0.05583731854792884,0.1269471768599206,0.146671203983229
2025-01-02,57671.35,57671.35,57718.15,56846.35,57129.15,41990496,-0.0003094166672444887,-0.09007092925928595,0.010668967801574225,-0.057052242906199147,0.13870028256826553,0.14732601926738584
2025-01-03,57817.0,57817.0,57923.5,57410.05,57903.05,58507343,0.009545078736204804,-0.08268263408450327,0.028455886095535954,-0.05078200595266613,0.13622811418784975,0.14732242305471638
2025-01-06,56714.4,56714.4,57853.25,56547.75,57837.3,44904302,-0.015463881732899032,-0.10441355166198063,0.02874576325041056,-0.048558947681402564,0.1514045517193921,0.151184518286212
2025-01-07,56719.55,56719.55,57126.6,56667.85,56852.25,30387932,-0.017746340331426635,-0.0900755362011475,0.021556205273120188,-0.03907676036628294,0.15097930520546293,0.14840154486264479
2025-01-08,56967.6,56967.6,57087.6,56158.4,56831.25,29593951,0.008979713286787705,-0.0820013439409053,0.04675747766592575,-0.029618094542466,0.1284657070581024,0.14876880043237486
2025-01-09,57495.6,57495.6,58238.1,56764.5,56953.8,41387319,0.017076697874147007,-0.07384963321638782,0.06110548882957001,-0.016257276145776878,0.1321931392371182,0.1503236140768012
2025-01-10,57117.7,57117.7,57607.55,56936.6,57449.9,25404211,0.006181429990769205,-0.08424573087732867,0.05529719031989744,-0.016733288696645587,0.13410990428217293,0.15018800173233207
2025-01-13,56420.15,56420.15,56925.5,56332.8,56334.5,36841745,0.00487027732707368,-0.09883049529051535,0.06445591919614546,-0.020154960113905274,0.13563724851411857,0.1513975219816509
2025-01-14,55627.2,55627.2,56622.15,55537.6,56567.3,39808663,-0.021843029819199833,-0.10815614065324486,0.042442768954907395,-0.03626361027501224,0.13629856494099993,0.153476220235039
2025-01-15,55549.85,55549.85,55832.15,55190.25,55746.85,27231868,-0.02023644906626776,-0.0945825574240764,0.03874830993568823,-0.03249529568803211,0.13611498271755257,0.15043537150114886
2025-01-16,55240.0,55240.0,55834.0,54922.45,55771.75,33877587,-0.021737301755258898,-0.0950507928134845,0.020348464958662826,-0.0329985336637012,0.13667645432470948,0.15048932907804094
2025-01-17,55800.85,55800.85,56005.1,55142.55,55332.2,33746044,-0.011811156092498831,-0.07430957900804991,0.02933337791209578,-0.010636036853041597,0.14233967808544268,0.15064811876599557
2025-01-20,55738.05,55738.05,55952.85,55462.0,55824.25,23875402,-0.0074762410987589956,-0.07104720841919998,0.017864308363170767,-0.02498047825015781,0.14118072239553173,0.150485698457018
2025-01-21,55622.65,55622.65,56372.1,55516.65,55914.55,36664878,0.00039297995712295197,-0.07446214619040847,0.02425517855277748,-0.01672444451149868,0.1367768262516701,0.15037821559860337
2025-01-22,55596.05,55596.05,56055.7,55427.75,55815.55,27341811,-0.00960184412412568,-0.04796230621830955,0.015577640500064605,0.0030246344988075213,0.13204705869241246,0.13909988589161593
2025-01-23,55781.8,55781.8,55951.25,54770.15,55308.15,27632032,-0.011649683819607959,-0.05307722994134967,0.010362642417985568,-0.012737326366635382,0.1310234327120005,0.13795494688401647
2025-01-24,56069.35,56069.35,56359.45,55679.0,55908.95,22827035,-0.0033533008638771955,-0.0537241794248865,0.02435172989984502,-0.002491858170349026,0.13215162105856873,0.1378194977812556
2025-01-27,55654.5,55654.5,56227.3,55463.0,55832.05,26487763,-0.013991682057959864,-0.05995133762415783,0.02734008845170177,0.006984097255961719,0.13388972174012598,0.1384624986288138
2025-01-28,55441.95,55441.95,55799.15,55269.25,55742.25,40338773,-0.020778580814717507,-0.07208417226091202,0.008303816626789473,-0.01524147237248663,0.13354423402242172,0.136928219567491
2025-01-29,55163.05,55163.05,55673.9,54757.0,55444.8,54054315,-0.02881355783002182,-0.06823894059422664,-0.008441164916608845,-0.02518027724832206,0.1332720036881669,0.13616522868088446
2025-01-30,55558.95,55558.95,55803.0,55168.55,55212.45,61462653,-0.0366282391516759,-0.06518662969518718,0.002197837353567822,-0.021784949488607652,0.12250132333777684,0.1368474477800573
2025-01-31,56691.95,56691.95,56791.35,55551.85,55572.45,61842132,-0.019458809692651013,-0.034927149634769394,0.0012183316804105226,-0.014633666660895606,0.1448958483009466,0.14184425824901423
2025-02-03,57419.55,57419.55,58475.1,57110.3,58276.3,57197349,0.012433350260251386,-0.019176764795309942,0.02323109126961853,0.016020832083342595,0.1356074186479429,0.1443165610495623
2025-02-04,57274.7,57274.7,57793.7,56859.65,57701.85,80858566,0.00978763054361309,-0.02519113332017142,0.00846530301319226,0.00522870153086441,0.13605963289223455,0.14414834087532447
2025-02-05,56383.75,56383.75,57392.25,56311.5,57339.1,46439258,-0.010248808094425632,-0.030878176013337866,-0.010559145308293383,-0.010090475672411503,0.1466706405645417,0.1462615761395823
2025-02-06,55841.8,55841.8,56607.35,55646.5,56592.9,36042268,-0.028763940197162885,-0.04313957991343298,-0.03203045282653827,-0.02057683705880431,0.14534824768773738,0.14724844316757438
2025-02-07,55113.3,55113.3,56140.65,54822.05,55904.0,83872090,-0.035092449450870644,-0.04720718415668357,-0.0405743528181326,-0.02312598125184584,0.15018340239775868,0.1485073224238092
2025-02-10,54856.65,54856.65,55513.2,54657.2,55081.1,37835410,-0.027711730649422228,-0.03595445195338354,-0.040518238531059514,-0.014942009203656403,0.1454784555322219,0.14514993579678107
2025-02-11,53794.25,53794.25,55117.2,53505.6,55012.1,35090901,-0.03295060689734508,-0.05037437431429437,-0.028452428972901567,-0.029692301656775055,0.15283615304767623,0.1500713477087
2025-02-12,53739.0,53739.0,53962.2,53114.1,53741.8,33390946,-0.03259864788113742,-0.03663680675191405,-0.025363573681871365,-0.015923109006539482,0.15285057268242763,0.14698726406463136
2025-02-13,53314.75,53314.75,53944.9,53221.1,53713.65,31337628,-0.03485246198406955,-0.05326528673419828,-0.022824202423335382,-0.03525539594657445,0.1538681266232065,0.14620246903936773
2025-02-14,53138.55,53138.55,53912.6,52993.35,53444.7,40157258,-0.047710742757502755,-0.05746866494438041,-0.03590421486592532,-0.03241392080678662,0.14736675305442942,0.14622016608275754
2025-02-17,52945.0,52945.0,53080.1,52644.75,53011.75,34029825,-0.050110292699511394,-0.049353876650321316,-0.03360765291968937,-0.0326343025153607,0.14733953495115748,0.14445146322398386
2025-02-18,52480.5,52480.5,53104.0,52383.85,52897.55,29869934,-0.056490476451589444,-0.0785854806611016,-0.0530441870170576,-0.0383487650727341,0.14897051076705725,0.13695426756483167
2025-02-19,52360.45,52360.45,52606.6,52096.2,52346.7,29099295,-0.05819837920140025,-0.08713226705161603,-0.04859156166235801,-0.033915963656243164,0.14871728351486443,0.13584212159568035
2025-02-20,52337.3,52337.3,52379.15,51905.3,52035.25,39892555,-0.06174953120910409,-0.09510920541337253,-0.049157640818797255,-0.042148838000324096,0.14718006221925176,0.13430496645510676
2025-02-21,52098.15,52098.15,52443.5,51893.25,52362.4,33709269,-0.07082657459021724,-0.10219874337826518,-0.057995452473255105,-0.04127161386587419,0.1438924204817757,0.13403350664682748
2025-02-24,52285.8,52285.8,52340.2,51729.5,51753.75,32022246,-0.06052879821038726,-0.09392862620123887,-0.04844771869008846,-0.03702504572599563,0.14539017212769878,0.1342469525170803
2025-02-25,52453.35,52453.35,52645.4,52158.9,52223.9,37630751,-0.05390503039665806,-0.09475318283092038,-0.036058850268376186,-0.02913044479747462,0.14706788406478266,0.13409316263688748
2025-02-27,52055.15,52055.15,52579.1,51875.35,52453.35,49597626,-0.05634024949671934,-0.10121121605055505,-0.0296577744157569,-0.029906372622852007,0.14787840614065914,0.13462162767746563
2025-02-28,50689.0,50689.0,51918.2,50546.85,51796.65,104625214,-0.08765374435621975,-0.12134333636105199,-0.03927417570958214,-0.02597445099944895,0.16498440304032244,0.14386414579380205
2025-03-03,50786.65,50786.65,50856.8,50287.9,50739.75,48125114,-0.10416470063210026,-0.1132121595205896,-0.045075201291729816,-0.017241859694624995,0.13935732544934346,0.14369943826772444
2025-03-04,50524.25,50524.25,50602.6,50199.35,50494.3,44247901,-0.12008627723484433,-0.12292206259157157,-0.06536269469586597,-0.016652536499697335,0.1216135977716854,0.14290560283095427
2025-03-05,51279.1,51279.1,51613.95,50397.3,50397.3,43378706,-0.10468147366987512,-0.11196256600218557,-0.04562530219225891,-0.01712024108244259,0.14271388275096228,0.14682443763903802
2025-03-06,51890.3,51890.3,51966.0,51108.95,51597.55,43159345,-0.07969406078879104,-0.08094671328324521,-0.031095692075847503,0.0033093808412114623,0.15001235590450712,0.14315993642018207
2025-03-07,51891.8,51891.8,52005.2,51533.75,51804.95,30209572,-0.07073554219240785,-0.08205252939797714,-0.026214335382099274,0.0015535874499252866,0.14923572317796552,0.14308636290831134
2025-03-10,52006.4,52006.4,52426.65,51545.55,51789.6,31581177,-0.056372962606122345,-0.08385887525807345,-0.009698480106607676,0.004669557357935172,0.1462365092060633,0.14281362143795487
2025-03-11,51951.45,51951.45,52224.6,51612.0,51670.3,27468124,-0.052959850811159725,-0.07471944032329592,-0.0151652074371591,0.00882057985661755,0.14621965995856226,0.14142837127315183
2025-03-12,51957.25,51957.25,52097.1,51663.95,51973.9,35874873,-0.03414863112693267,-0.08637597723907764,-0.008086479023978299,0.006395860504005313,0.1321761180396624,0.13838995604815255
2025-03-13,51879.25,51879.25,52327.6,51781.75,52047.25,23989215,-0.03460708237964982,-0.0849768595274546,-0.006486286065875868,0.007086857244103961,0.13215305023166649,0.13835336743699947
2025-03-17,51773.15,51773.15,52280.65,51545.35,51777.15,23492842,-0.028915075096478948,-0.08313284910156193,-0.006222126263122463,-0.008048611757709212,0.13014802033424866,0.13825447845406877
2025-03-18,52475.0,52475.0,52658.6,51949.05,52075.0,40401363,-0.012487167978802671,-0.0707093246062358,-0.008346203108604122,-0.014320328841893604,0.140228861399009,0.14157023697175394
2025-03-19,52184.1,52184.1,52677.2,52151.9,52612.35,37829574,-0.014371517612616902,-0.07076119299332784,-0.012110998410325924,-0.027169312524252254,0.140936671958609,0.14157749211634066
2025-03-20,52857.9,52857.9,53035.4,52214.55,52443.45,41822874,0.007191242461485725,-0.04933202399965475,-0.003501561773858519,-0.03250745126515553,0.14533124652589,0.14326152750663096
2025-03-21,52986.05,52986.05,53096.15,52670.6,53066.25,49947089,0.011947949263232172,-0.0560968592706339,-0.006257336282362136,-0.0391288465659001,0.14515467581254055,0.14178594606376682
2025-03-24,53232.75,53232.75,53349.3,53014.85,53185.05,28876469,0.01710921274119981,-0.056814134831580154,-0.015413561562891642,-0.05389345873811491,0.14579494336356666,0.14164862125734812
2025-03-25,53131.3,53131.3,53601.65,52990.1,53307.1,41262384,0.019830838523057004,-0.05557787336912079,-0.018454554246904564,-0.05214426730232957,0.144780417440266,0.14158546773698075
2025-03-26,52988.5,52988.5,53291.55,52872.3,53229.45,32830478,0.013439595454215025,-0.06122412823272516,-0.02795115209185961,-0.04751122810534314,0.1449948614490728,0.14134830784369815
2025-03-27,53276.6,53276.6,53475.05,52649.2,53002.55,49669394,0.01569489841926197,-0.05902321506789321,-0.03062491909140519,-0.05678378199775036,0.1457225639565562,0.14172177679238004
2025-03-28,53589.8,53589.8,54150.9,53198.8,53198.8,31816627,0.029481232884738695,-0.056511791886041496,-0.013734408436206769,-0.05120613619303682,0.14325340713665427,0.1421645492704313
2025-04-01,53101.75,53101.75,54029.9,52982.8,53615.15,31552235,0.04759908461401885,-0.07923518350099312,0.000547597508703257,-0.036944639987599226,0.10666176670947695,0.1390441875634491
2025-04-02,53702.6,53702.6,53738.45,52851.5,53286.6,32284297,0.0574156791203988,-0.07116246086791089,0.0025744868005550536,-0.04315132179647707,0.11123737301035472,0.14122323169138362
2025-04-03,53806.75,53806.75,53861.8,53283.35,53330.25,33550548,0.06496880210987799,-0.051268284597915215,0.012101542152457734,-0.035772418025442065,0.10727079216296465,0.13626181811096091
2025-04-04,53830.7,53830.7,54223.35,53310.0,53603.7,41429568,0.04975906363411209,-0.050932174179802336,0.024368867967495822,-0.017042577942393056,0.09826730467607586,0.13627449823044227
2025-04-07,53241.15,53241.15,53395.45,51201.9,51201.9,57406167,0.026032803818825556,-0.06541349819897624,0.04302569450491567,-0.0009383036569536873,0.1026095411934308,0.1373903664206336
2025-04-08,54300.25,54300.25,54531.4,53557.35,53800.05,37484968,0.046412920731213836,-0.0555755570861074,0.04715121540475331,-0.013467704637804445,0.12143974027733037,0.14234734366678145
2025-04-09,55264.75,55264.75,55412.2,54280.85,54365.25,47464668,0.06265286580113205,-0.03244090710935488,0.06537546472002309,0.011617288455376351,0.13308082419101835,0.14682085713039747
2025-04-11,55741.1,55741.1,55960.5,55234.15,55939.55,32974784,0.07294599092036891,-0.012035593666447242,0.058249046544049055,-0.0008860223379724141,0.1335442771675768,0.14592143747440423
2025-04-15,55896.95,55896.95,56620.5,55537.15,56620.05,34312948,0.07582579909444775,0.004849246411827268,0.037640143178913954,-0.0017308220148166686,0.13297455114263823,0.14310644154831745
2025-04-16,56345.6,56345.6,56435.95,55694.65,55694.65,29269874,0.08609125999315714,0.01432497117453968,0.03965688264791489,0.004675288772336916,0.13236136777811802,0.1439840874294276
2025-04-17,56674.2,56674.2,56728.3,56008.65,56303.15,43565727,0.094663932945938,0.025963070238957275,0.03500267274157309,0.0028052878590902885,0.13042334805857259,0.143909139123964
2025-04-21,56130.2,56130.2,56789.75,56084.8,56768.35,44003006,0.0696560266793711,0.005902239840432477,0.013107327756201714,-0.03384881146091856,0.13512031157921311,0.143929238064749
2025-04-22,57193.8,57193.8,57282.2,56263.55,56471.0,50627730,0.09600050590122278,0.026117705947732217,0.0410121870854232,-0.009115055165580088,0.1412643836389693,0.14889724913843477
2025-04-23,57497.9,57497.9,57559.25,57128.75,57436.35,41172406,0.08778252635840622,0.03371378386322843,0.03869814067057886,-0.022934148070455684,0.13792421888492967,0.14913486698605227
2025-04-24,56887.55,56887.55,58048.2,56784.45,57582.65,61487978,0.07363258820010166,0.023230067603723592,0.035247857611719224,-0.02390157272068505,0.1476596202548202,0.15088870193940962
2025-04-25,56532.35,56532.35,57121.8,55976.95,56926.9,43830027,0.061984398701926846,0.013455105428652248,0.04588014771693749,-0.02248488315325048,0.15161310179336987,0.15136799233149467
2025-04-28,56620.3,56620.3,56767.1,56313.35,56432.95,21197824,0.06566750672390853,0.009826224131366024,0.03778887408178866,-0.043711369648189224,0.15061945071437652,0.15104828511378343
2025-04-29,56474.5,56474.5,56744.5,56246.3,56693.8,27957805,0.06578785962991973,0.014733759174909489,0.029635730949533645,-0.05126952182076794,0.15056158611870343,0.15033295107006486
2025-04-30,56445.35,56445.35,56826.25,56150.3,56492.0,45406604,0.059477331511395226,0.0180982090276407,0.02801532754056235,-0.04188063071797332,0.15086691858102938,0.15010304995798213
2025-05-02,56252.25,56252.25,56588.3,55875.8,56242.15,34106704,0.04968202904284014,0.019745101113879615,0.014504627323992825,-0.03135339733129183,0.15203762014561245,0.14989375777731925
2025-05-05,56936.2,56936.2,57047.95,56360.55,56417.95,40088219,0.0722094846215049,0.02478898539299257,0.01628839371713542,-0.027326130657890246,0.14925770794990864,0.15118883882755457
2025-05-06,56883.4,56883.4,57197.7,56715.55,56943.45,33359752,0.05922990693188046,0.0033770226637115375,0.014345871781849429,-0.03368203725843566,0.1470989057758942,0.1454748737166227
2025-05-07,56590.25,56590.25,56756.6,56302.25,56501.65,33549625,0.05173142774837736,-0.014442816079192622,0.0016541893360082494,-0.059532808787073566,0.14983692377238272,0.14341578449714687
2025-05-08,56020.7,56020.7,56487.3,55805.6,56410.4,54569531,0.04068310462245517,-0.021894483951901966,-0.01910229119396223,-0.04441207744158682,0.15632687525000702,0.14476896826534252
2025-05-09,55633.0,55633.0,55703.7,55038.5,55203.2,32081589,0.04492483727342478,-0.013315006540004837,-0.038390465916328775,-0.026468925441837654,0.15245723042911297,0.14190239700701146
2025-05-12,57101.4,57101.4,57160.7,56354.8,56498.15,24575676,0.05158631866335783,0.022556579479887873,-0.054415880090277424,-0.033424865155841976,0.16340756294499517,0.15037996917252153
2025-05-13,56334.15,56334.15,57363.6,56208.8,57061.3,33895182,0.019350490140641163,0.02215164034815542,-0.07793887935535926,-0.021074275852653424,0.16264075613514742,0.15053399232359174
2025-05-14,56351.7,56351.7,56596.95,56040.7,56340.4,31785374,0.010954215112367605,0.02725376048300432,-0.06957431370186229,-0.027716849001500288,0.1601287959017521,0.15016838753455358
2025-05-15,56685.95,56685.95,56939.55,56063.3,56410.15,50649019,0.014115260313845468,0.05375481580280406,-0.060194920561955634,-0.03251061475441874,0.16109048121016054,0.14464659693412987
2025-05-16,57061.8,57061.8,57090.45,56590.9,56909.8,39466098,0.012710841662880501,0.061832188913079955,-0.05481435824385161,-0.0238492760851301,0.16033161020983205,0.14506407423064635
2025-05-19,56955.7,56955.7,57370.75,56805.85,57038.35,24492347,0.004966986741762547,0.06829160785711275,-0.040891425997463315,-0.014814447166103362,0.15935247391675786,0.1439987394853709
2025-05-20,56206.25,56206.25,57229.05,56142.65,57209.65,32403462,0.0013548856052536529,0.057730216575348825,-0.021788611280584957,-0.01879432699345518,0.16279273618613982,0.14671276489621513
2025-05-21,56413.15,56413.15,56753.5,56235.2,56369.4,25959260,-0.013649206732198271,0.06550476910000946,-0.040387839334169895,-0.01524390655712593,0.14792891821470844,0.1465028686443712
2025-05-22,55598.05,55598.05,56334.0,55305.2,56326.9,45625041,-0.033042076319309,0.05940396909328238,-0.04458182665853172,-0.01313369137879472,0.15393506114526492,0.14861255521380742
2025-05-23,56502.05,56502.05,56679.75,55789.85,56022.0,39852658,-0.006776526674114103,0.07909786871579616,-0.03178822688137484,-0.004635543425347555,0.1623383727046331,0.15165391720609495
2025-05-26,57049.7,57049.7,57084.95,56614.7,56678.5,27746279,0.009151397385744664,0.09003903525783707,-0.030858037015713213,-0.0010876742693832764,0.16444784655309258,0.1525742411935934
2025-05-27,56547.6,56547.6,57204.1,56236.85,57133.55,49922316,-0.0012839917838656234,0.0854051439446506,-0.021741447802526848,-0.003659064677702162,0.1676348793792358,0.1535385562101289
2025-05-28,55703.85,55703.85,55970.8,55618.35,55890.7,445023829,-0.013645981814801367,0.06537243381568225,-0.030760580314994623,-0.03213412939836369,0.17574621675310784,0.1570886553720452
2025-05-29,55630.45,55630.45,55881.4,55309.2,55846.7,38317324,-0.014436973107616491,0.06057001125762218,-0.034959546549860776,-0.040817888931786506,0.1757589530133976,0.15709815609852196
2025-05-30,55283.0,55283.0,55736.85,55201.8,55608.4,62611603,-0.017230421894235293,0.06200827391718211,-0.033824047024695214,-0.035824658858217395,0.17662387153190565,0.156805543108569
2025-06-02,55732.55,55732.55,55827.6,55348.15,55350.15,32739373,-0.021140328999827762,0.09949989149519634,-0.0315833872644915,-0.017649741365278748,0.17328120434132557,0.14650714965067024
2025-06-03,55460.8,55460.8,55983.3,55336.7,55785.7,32296923,-0.02500905360790673,0.09203501313829521,-0.031690885682062686,-0.017516334922584198,0.17380796512183214,0.14710291266578304
2025-06-04,55530.55,55530.55,55678.65,55279.5,55542.95,32476047,-0.018725840582079045,0.09908707204956047,-0.027155243919136818,-0.015824353129832547,0.1733911802605442,0.14645056085684224
2025-06-05,55632.45,55632.45,55854.9,55323.2,55660.3,39726362,-0.006930473914106727,0.08489521071937678,-0.026585393787369016,-0.023157218399587398,0.17016716009815566,0.14382483173549349
2025-06-06,55802.7,55802.7,55842.05,55564.15,55737.85,23360640,0.003050347815145571,0.0753975213093776,-0.03839628585904631,-0.03364591895330893,0.16872151289664886,0.14220525516387314
2025-06-09,56026.1,56026.1,56079.25,55686.25,55974.15,22902836,-0.01883141218954354,0.07967154733503157,-0.02599298306481901,-0.033428961200607565,0.13943921192009492,0.14229667286951816
2025-06-10,56198.8,56198.8,56331.8,55952.85,56178.2,32149313,-0.002402627890897402,0.08061315530396262,-0.023799523898284547,-0.03710339909575344,0.13182421934723906,0.14233217614784924
2025-06-11,55820.6,55820.6,56208.4,55749.25,56128.8,53820344,-0.009424737851741805,0.0744762658212621,-0.02866104206855935,-0.043023587680692366,0.13388594864814476,0.14320955303915364
2025-06-12,55104.1,55104.1,56020.25,55005.15,56019.4,44598708,-0.027905503921165642,0.06056613850810044,-0.020966724116781243,-0.047028228272790074,0.1385763656072608,0.14609225668896603
2025-06-13,54527.15,54527.15,54688.6,54349.15,54373.6,35215936,-0.0444193838960566,0.05103967385804542,-0.03238087189876193,-0.0526072316301025,0.13876478661491423,0.14790614948379702
2025-06-16,54873.3,54873.3,54908.55,54414.45,54534.7,24231598,-0.036561748867979804,0.059879493521255656,-0.036603872032040186,-0.048422833351627004,0.1420911257575997,0.14820599598907994
2025-06-17,54708.75,54708.75,54932.05,54540.05,54842.0,27708736,-0.02664294451239857,0.042567889471176734,-0.03350976852795706,-0.04585608412528863,0.1357162301751977,0.14610329833990043
2025-06-18,54452.4,54452.4,54804.8,54284.3,54647.15,23725134,-0.034756967125572635,0.04346726301689596,-0.034700609080075995,-0.03966895397441195,0.1348559204713571,0.14595626620659105
2025-06-19,54283.5,54283.5,54603.75,54158.35,54418.7,37492090,-0.02364381484602429,0.02697042447770337,-0.03110228801217141,-0.0421349944036431,0.12631261006229463,0.1439441223448373
2025-06-20,54630.95,54630.95,54690.05,54265.7,54316.9,65625297,-0.03311561261936524,0.03104402007698237,-0.043546885754774056,-0.04441507143852874,0.11257058803632662,0.1444043648416741
2025-06-23,54226.85,54226.85,54459.1,54066.05,54395.3,35880282,-0.049480540651396954,0.01867459411734318,-0.048310594487200875,-0.036847063265278424,0.10589373420836042,0.1450450238670518
2025-06-24,54346.3,54346.3,54792.85,54303.3,54597.0,35790486,-0.038928265744257895,0.022867876374190077,-0.04771536958978906,-0.035255387776726765,0.10441973627910893,0.14502128485148483
2025-06-25,54747.25,54747.25,54892.35,54518.45,54575.25,32351637,-0.017172960217291977,0.0331911641205167,-0.0370619326942897,-0.04165499106256565,0.09730927340362003,0.14557304120862888
2025-06-26,55118.8,55118.8,55165.9,54709.2,54882.8,39070682,-0.009197301118362256,0.034578032381946455,-0.038005061647565896,-0.04837614673669166,0.10097110592245977,0.1457908270900397
2025-06-27,55109.0,55109.0,55298.35,55044.75,55246.5,47475435,-0.0031474413472496465,0.028348678293257157,-0.0389889161540693,-0.06172401534239369,0.09861533491670925,0.14537876388085547
2025-06-30,54883.9,54883.9,55268.15,54698.15,55203.5,35321102,-0.015227187702698042,0.03356104083198774,-0.04761235332116731,-0.06794038765055288,0.09448633002369448,0.14431594173348677
2025-07-01,54502.95,54502.95,55022.05,54396.95,54997.5,30240121,-0.01727075700314462,0.01490337525557428,-0.05798791219312116,-0.07979138154625409,0.09596407570219692,0.14337215910036724
2025-07-02,54439.7,54439.7,54643.5,54293.9,54620.6,35527549,-0.01964414182823704,0.011763393997964888,-0.053486320133620535,-0.08300182500185294,0.09563621395068417,0.1433567017213561
2025-07-03,54515.75,54515.75,54802.9,54379.5,54570.95,30799841,-0.02007281721369447,0.012726009507585845,-0.046512275184802054,-0.09646026860875301,0.09547731342154464,0.1433770340151484
2025-07-04,54735.6,54735.6,54799.35,54550.1,54699.2,26379915,-0.019122730620561357,0.028069453796546462,-0.037438464278688355,-0.12080970875403296,0.09608516849523151,0.14165103448695743
2025-07-07,55652.85,55652.85,55691.75,54859.95,54874.0,42908041,-0.006662073569282834,0.024909645904024336,-0.020927249867311426,-0.10490357270469408,0.11358425427505693,0.13999640343031391
2025-07-08,55504.0,55504.0,55753.0,55283.0,55624.35,25320355,-0.01236325330789989,0.004329160993219006,-0.02902377891611363,-0.13511137826412067,0.11312771251669024,0.13545251603445305
2025-07-09,55946.2,55946.2,56028.15,55523.45,55526.4,39075117,0.002250065388046618,0.0036795111685989923,-0.01106260668072201,-0.11229582399369864,0.11457581396113112,0.1352852599722151
2025-07-10,55628.2,55628.2,56074.85,55576.7,56026.6,20527340,0.009511089011525531,-0.004807954637954359,-0.009254864167527188,-0.09168429932623778,0.10624933929192966,0.13567201158219988
2025-07-11,55910.25,55910.25,56349.9,55792.4,56023.35,35178264,0.025365345520534266,-0.007726424068605131,0.007918968831927664,-0.08080044518520946,0.09900580571625507,0.13505755964461266
2025-07-14,56025.6,56025.6,56080.55,55743.0,55903.7,28029286,0.020999283804691737,-0.011444360926135655,0.015555603077936464,-0.06304038763583097,0.09724736626690837,0.13457011340426192
2025-07-15,56429.05,56429.05,56465.8,56033.35,56170.6,24354825,0.031444695775356024,0.005324228312031831,0.017667893195288942,-0.03903745319750618,0.09834138945473678,0.1339369501356007
2025-07-16,56685.55,56685.55,56791.5,56286.05,56452.9,41903133,0.04101104818153112,-0.008886452727393523,0.024889849513734186,-0.052118544969994574,0.09599811494559486,0.1285233718496599
2025-07-17,56843.05,56843.05,57017.15,56665.4,56751.2,35508604,0.0471515285491908,-0.011389111602336799,0.0343174217358444,-0.04355244068672404,0.09409191283272789,0.12816926714520868
2025-07-18,56506.9,56506.9,56943.35,56388.2,56943.35,25112625,0.03433859378246229,-0.0066912707613528966,0.040072812644859734,-0.036456195271857395,0.0971173420256473,0.1268751553525351
2025-07-21,56222.7,56222.7,56541.8,56086.55,56496.85,19487274,0.03680556772152532,-0.00547739480138365,0.03204826746537015,-0.049211922833913735,0.09448516809174014,0.1266467180903063
2025-07-22,56003.95,56003.95,56288.55,55939.35,56286.8,24523884,0.030501616485390848,-0.010885671746705738,0.029840757588747602,-0.04099029762273598,0.09660484658811361,0.12683689968250006
2025-07-23,55710.35,55710.35,56221.3,55586.65,56163.75,31672005,0.01759175118384948,-0.013530885620943955,0.01857609879572919,-0.04985374132422371,0.09684677157757757,0.12717125091988418
2025-07-24,55085.85,55085.85,56015.5,55020.95,55859.6,34284237,-0.0005977996618214965,-0.024085243514301857,0.018459712985444576,-0.0539978937758373,0.10324477220120878,0.12917073706006446
2025-07-25,54579.95,54579.95,55046.0,54463.3,55046.0,23435826,-0.009600065325083063,-0.029728588634232445,0.021635093574960296,-0.04986687419174274,0.10828946019165486,0.13029189496993768
2025-07-28,54732.95,54732.95,55050.25,54510.65,54593.75,28708191,-0.0027503511958881788,-0.038696822056969005,0.030017949411931477,-0.04768045514416097,0.10800474621928054,0.1278263798743083
2025-07-29,54891.15,54891.15,54943.6,54473.3,54733.0,44297429,0.007122550247280257,-0.03502339874198801,0.035339087446335515,-0.05313280197559267,0.10537402581261582,0.12803078472284835
2025-07-30,55020.4,55020.4,55105.25,54730.6,54906.7,48151492,0.010666847906950272,-0.027740644368950407,0.03417449718729493,-0.04578943457369389,0.10544151334176213,0.12781088279172256
2025-07-31,55812.15,55812.15,56120.4,54694.9,54695.8,49874131,0.023780283679487146,-0.003722731061911011,0.04885186922611817,-0.024096500813989064,0.11622349961931568,0.12971442054564844
2025-08-01,56197.05,56197.05,57032.9,55974.8,55982.0,44302091,0.026700173196237964,0.010138766559416146,0.06187751857249968,-0.0130763954438744,0.11758137332806644,0.12967392033192957
2025-08-04,56139.65,56139.65,56431.3,55979.1,56336.65,36219305,0.008747081236630372,-0.016842844483672903,0.037753878163277466,-0.008740471131938321,0.10288936723389104,0.1179304407775836
2025-08-05,55733.7,55733.7,56231.4,55584.85,56202.45,23672592,0.0041384404727586865,-0.010658721219722,0.038341563942246415,-0.013555627358930122,0.10596525227112383,0.11559970070649167
2025-08-06,55230.8,55230.8,55778.6,55097.35,55728.55,22883357,-0.012787284927305076,-0.019891147915679475,0.022614538917547056,-0.016133027908423414,0.10669871313503385,0.11701810081621103
2025-08-07,55298.5,55298.5,55430.25,54950.9,55156.35,24199452,-0.005926850050873456,-0.02447608269774071,0.02401170742243086,-0.005884295656255034,0.10516637569334567,0.1163412324629646
2025-08-08,54900.95,54900.95,55517.9,54844.65,55343.95,22212150,-0.01805214607339445,-0.0378685915971807,0.013222348221466174,-0.011629373877590221,0.10589870173179038,0.11622704201480819
2025-08-11,55309.9,55309.9,55352.6,54630.9,54855.3,23484897,-0.01277451736349089,-0.028896142089378185,0.007050218984927081,-0.014448679775125317,0.10954051963677434,0.11736290448911514
2025-08-12,55034.45,55034.45,55596.65,54973.4,55336.5,25545256,-0.024714220778127682,-0.020848215278550075,0.0034015909309477177,-0.012887560888831695,0.10649496241115564,0.11472023694652399
2025-08-13,55010.15,55010.15,55229.55,54771.5,55135.0,26090474,-0.029556033239511725,-0.024870087913899552,-0.0060473874328886845,-0.017047732881196875,0.10435205420217937,0.11441306615183246
2025-08-14,54656.3,54656.3,55139.55,54573.75,55089.05,24404873,-0.038469962466827545,-0.016938543707917808,-0.019349264441104408,-0.017816309921473983,0.10447925518101256,0.11130074953378236
2025-08-18,55304.25,55304.25,55775.4,55223.9,55379.8,61405707,-0.021283241515637985,-0.021199230824368365,-0.017620565074846106,-0.022156808747124557,0.11404005794777809,0.10889484866653681
2025-08-19,55886.65,55886.65,55966.4,55154.7,55382.1,33261214,-0.005977123119309424,-0.020386610271394878,-0.0015910824129283796,-0.01956664800247121,0.12002726409939465,0.10923320503185507
2025-08-20,56664.05,56664.05,56786.65,55675.75,55854.4,50914718,0.01178666861891009,0.0020593270094575455,0.012199646972188671,-0.006977560212915179,0.12910803055327136,0.11154874074231029
2025-08-21,56303.05,56303.05,56719.8,56204.85,56713.3,36522512,0.010638956675016464,0.010756886642485197,0.016037486745167362,-0.00262767899472216,0.12984993171852832,0.10790936091106039
2025-08-22,55737.45,55737.45,56429.0,55694.4,56303.6,28094863,0.011828809031720455,0.0019234070549492,0.01948977930127349,0.00045362415701521996,0.12849156099955988,0.10991035896696973
2025-08-25,55681.65,55681.65,55894.05,55541.0,55879.4,29766798,0.020185067959937797,0.007211077546442901,0.014920744571444766,-0.001558403240005779,0.1233743699939403,0.10914898306912632
2025-08-26,56187.0,56187.0,56425.15,55578.1,55580.3,43599186,0.026566264014638463,0.00815412178341024,0.025304138641091267,0.008338161181907222,0.126526198329463,0.10945760675675753
2025-08-28,55612.95,55612.95,56595.5,55521.3,56595.5,32221140,0.013149660737659774,0.002743379107405408,0.02604994411708994,0.004438382035998667,0.13281502080003524,0.11105637532539997
2025-08-29,56141.85,56141.85,56565.0,55594.45,55687.25,48448038,0.020382439967721044,0.011008354860522651,0.037610373865085034,0.018861646690417788,0.13637433166519258,0.11270069986629452
2025-09-01,56175.2,56175.2,56212.15,55901.3,56140.0,30326673,0.0065048560214935325,0.009755996724932992,0.012290418256563074,0.014840644450422102,0.1270326027498802,0.11265176694975795
2025-09-02,56806.6,56806.6,56882.6,56191.7,56210.2,45433443,0.010846654762127095,0.017990168934478135,0.010266569388762026,0.03492614909064973,0.13083751697733925,0.11475283487241142
2025-09-03,56969.2,56969.2,57063.25,56702.9,56955.9,29038531,0.014776543850914647,0.016833225942908703,0.015087966275604492,0.03229533633440351,0.13094829182827974,0.11461989307048735
2025-09-04,57104.05,57104.05,58485.05,57019.55,58485.05,73515643,0.02458745785763372,0.016107995188509472,0.0211492613260984,0.03084451266065069,0.12757137069342062,0.11455476987932103
2025-09-05,56292.1,56292.1,57217.75,56012.0,57176.15,39966817,0.019215727456419085,0.008446702471847312,0.012428088935008796,0.024372640741153306,0.1343721286117004,0.11754638445700615
2025-09-08,56171.3,56171.3,56617.75,56133.1,56332.75,20466940,0.015783429930287474,0.019366979952490038,0.008587181851260173,0.023989605603859987,0.1348138898164414,0.11446772749613762
2025-09-09,56497.25,56497.25,56554.2,56074.9,56338.15,22348977,0.02907599959563556,0.036130624835517766,0.008335836648836636,0.030062319900350243,0.13246215278796797,0.11273503323544229
2025-09-10,56856.85,56856.85,56906.9,56384.35,56611.45,25567463,0.02796877231743311,0.03614781687997626,0.012184837942933013,0.035081550695341246,0.13187048211213867,0.11273864453438517
2025-09-11,56960.6,56960.6,57124.85,56800.5,56844.35,23289862,0.034998986998143966,0.041160691845454345,0.013841183347685693,0.0350408206413364,0.1297040813224735,0.11251495971946933
2025-09-12,56557.15,56557.15,57065.5,56430.5,56991.8,24917169,0.028122082924696645,0.03865302539465665,0.008030147171989466,0.026483567037019595,0.13328687389659039,0.11311338275818529
2025-09-15,56551.35,56551.35,56673.2,56430.45,56516.2,18941871,0.03467212379908613,0.04177788830860196,0.016893995011290297,0.03064787434310734,0.13020310699296936,0.11285653829154896
2025-09-16,56398.65,56398.65,56700.8,56292.65,56634.3,22958171,0.019788714248905048,0.03235711625003779,0.005231045322522165,0.027311831180542923,0.12539317201099318,0.1124322640359518
2025-09-17,56321.0,56321.0,56678.35,56213.75,56562.7,42053872,0.007771981322909793,0.038618322841913244,-0.0062228348211166296,0.024268209163359034,0.12044913205864931,0.11128193689219651
2025-09-18,56522.35,56522.35,56643.45,56293.1,56448.85,36692137,-0.0025007037089654904,0.04004044433567677,-0.01739254506537269,0.024897308022884257,0.11036925084252466,0.11139959831247147
2025-09-19,56273.05,56273.05,56640.7,56191.75,56594.55,41859936,-0.0005328308146717031,0.027869893008324764,-0.010232368613047216,0.02460977828150046,0.1090996113426187,0.11098865605273399
2025-09-22,56006.75,56006.75,56425.5,55859.5,56357.0,24108633,0.004831580920906964,0.01610974839800572,-0.008527834811981938,0.02967780940332887,0.10408612280174519,0.11070139403458536
2025-09-23,55281.55,55281.55,56127.35,55242.75,56025.45,33785008,-0.007185491090871077,0.0031310675207316674,-0.01526591483750428,0.02139709529923317,0.11425586212071023,0.11400723287147412
2025-09-24,55378.95,55378.95,55703.95,55110.2,55290.1,30648167,-0.014381440546745727,0.009019949384063475,-0.028336154885413745,0.02705300479355144,0.10912470303016474,0.11372900647637317
2025-09-25,55108.0,55108.0,55656.0,55031.65,55424.75,43764049,-0.009079719741534986,0.011101233969904367,-0.024995429471909136,0.03658695353408081,0.10446300919937046,0.11325583166710333
2025-09-26,54847.55,54847.55,55199.55,54776.95,55031.55,31285411,-0.02305410313340217,0.007491775303684722,-0.032381937586828835,0.03887073291318266,0.09857121520427213,0.11367362242481495
2025-09-29,54945.8,54945.8,55007.1,54343.75,54861.6,58553012,-0.021885102322733108,0.00788854597065991,-0.022285085634950352,0.03821294154693988,0.09894511826468624,0.11369529696297147
2025-09-30,54710.7,54710.7,55069.25,54522.2,54974.55,32027599,-0.03689536075033539,-0.00045491416920617755,-0.03817691132482015,0.03292556541231062,0.0881167633465489,0.11375565218017346
2025-10-01,55105.35,55105.35,55149.05,54455.2,54776.45,34356508,-0.03271680135933097,-0.009837771111452565,-0.03762271885362101,0.014709285826826735,0.09243817418577745,0.10942758393680081
2025-10-03,55170.6,55170.6,55213.05,54679.0,55062.95,33791273,-0.03385836906489126,-0.0060067742865379525,-0.04032506566426508,0.018608761025441622,0.09184894497608566,0.10933487718602494
2025-10-06,55057.65,55057.65,55138.6,54830.35,55049.75,28374471,-0.021929364866473233,-0.015882222563820214,-0.035536348845495946,-0.00024210398760871055,0.07894678502381124,0.10810842581468179
2025-10-07,54763.85,54763.85,55254.45,54695.3,55114.65,28362070,-0.025056390006996554,-0.015537982534038486,-0.03858516552970237,-0.0057984130661767885,0.08031256264621729,0.10803570139566167
2025-10-08,54489.65,54489.65,54764.0,54367.85,54609.45,24908061,-0.03553447291682332,-0.025408578927835213,-0.04267402978930057,-0.021285324898063784,0.07680596105401474,0.10789061296224457
2025-10-09,54707.45,54707.45,54752.95,54364.9,54410.65,32753577,-0.03780371230555335,-0.023527637365775678,-0.04616075148528942,-0.027494578073000597,0.07388893572647909,0.10815271501569687
2025-10-10,54966.45,54966.45,55023.2,54595.95,54696.6,28459243,-0.03500928712127338,-0.025919273849196567,-0.04620080936138049,-0.029473391017468598,0.07651150653755079,0.10753438316498486
2025-10-13,54473.85,54473.85,54941.75,54368.5,54735.05,21372086,-0.036835307295364106,-0.039016998159142946,-0.04134871055151612,-0.03962380433519497,0.07852910517879841,0.10843555371493156
2025-10-14,54213.75,54213.75,54610.6,54142.3,54530.95,21736273,-0.04133588322825177,-0.04625543492124373,-0.0443794898701797,-0.047611421226668615,0.07888485897961013,0.10851875189986761
2025-10-15,54748.7,54748.7,54837.8,54270.35,54295.3,31177863,-0.029255132879953738,-0.031114784212193602,-0.032601178229512584,-0.045338778744031916,0.08945258754100609,0.11011995366444133
2025-10-16,55853.9,55853.9,55902.3,54733.05,54799.55,49099385,-0.008293531719962388,-0.006559628050591626,-0.018362551222335988,-0.02627217404972393,0.11752839182311678,0.11743889903948275
2025-10-17,56616.4,56616.4,56834.95,55840.4,55862.7,44686437,0.0016639435550716009,0.01093583577586954,-0.00959528033132262,-0.014959052621387192,0.12699087198825923,0.12044471383615468
2025-10-20,56597.15,56597.15,57025.65,56533.9,56737.6,26664658,0.005759417696392877,0.015918047544127845,-0.014617988809897842,-0.008794579799621838,0.12589287359459048,0.11991698552598815
2025-10-21,56609.15,56609.15,56797.3,56536.95,56678.9,2776496,0.010755846393515123,0.027653199505862203,-0.015680180815319522,-0.004526865714942874,0.12448753860285018,0.1174830647518315
2025-10-23,56772.45,56772.45,57445.2,56689.9,56826.9,52352794,0.02696921486463366,0.04017042888459965,-0.001712339819607278,-0.0022823790481216744,0.11384457280936576,0.11583038030598253
2025-10-24,56348.1,56348.1,56701.55,55926.5,56701.55,34500623,0.017500331804774172,0.029509646383028887,-0.01196261007913968,-0.01563659959522745,0.11805130780626569,0.11693520717802494
2025-10-27,56428.95,56428.95,56631.3,56265.6,56385.45,31828205,0.02397020396312688,0.02801544511273657,-0.019226440134952894,-0.01811269545693217,0.11606821469630622,0.11684565339456983
2025-10-28,56110.05,56110.05,56602.2,55851.85,56481.7,38687962,0.023018348130408706,0.019804472522918726,-0.02895957253411985,-0.023693665823899313,0.11674251897090061,0.11744546216217741
2025-10-29,56615.35,56615.35,56663.85,56127.4,56250.3,70948617,0.030385397974003414,0.014391131680109082,-0.02721580915488797,-0.037511833253953686,0.1200068015918675,0.1152288187813385
2025-10-30,56343.5,56343.5,56690.35,56099.95,56661.15,40515774,0.029844253500686424,0.002606008678391447,-0.021626425181117126,-0.05082290728945238,0.12035662577865325,0.1148431151786108
2025-10-31,56208.5,56208.5,56756.15,56168.2,56533.25,51681672,0.020018927381824092,0.001226405935911501,-0.01564656225476968,-0.03919586138366249,0.11912105896146165,0.11493230672556073
2025-11-03,56153.7,56153.7,56384.7,55713.5,56203.35,39143433,0.017819273308609995,0.007535835589598472,-0.017092387391149932,-0.03764952450111059,0.11932113990958167,0.11395013867359446
2025-11-04,55815.6,55815.6,56188.15,55735.1,56177.25,29966638,0.01376647931758801,0.010588294936882958,-0.006969115600602427,-0.031059091525830862,0.12144326337064479,0.113073450272843
2025-11-06,55711.75,55711.75,56273.7,55617.3,56123.75,30835935,0.017308863419938536,0.007473077931589467,0.001322180728939859,-0.0296688655683659,0.11976411917530035,0.11312807002197707
2025-11-07,55437.2,55437.2,55712.1,55306.85,55497.65,23836732,0.017389540949519722,0.009767590542604454,-0.0004235913549162085,-0.036572599981533394,0.11971282108942728,0.11259250612469236
2025-11-10,55334.45,55334.45,55652.35,55291.45,55425.95,20954751,0.011460961898242417,0.0004438626719627248,-0.004127630495725176,-0.039795990274751336,0.11948528108448536,0.11163891775164296
2025-11-11,55523.05,55523.05,55588.35,55048.45,55347.3,29773807,0.010126176967950595,0.008878075460007517,-0.0060729112670458996,-0.0404349920302971,0.11896730052455416,0.1113583754083793
2025-11-12,55529.2,55529.2,55639.75,55327.25,55629.95,28167801,0.01937351591635239,0.0094355314428336,-0.006330776524817283,-0.04159957678750503,0.11358557907760469,0.11135165120536726
2025-11-13,55243.5,55243.5,55616.7,55209.8,55594.8,28399090,0.018994258836549704,0.010743500749227364,-0.010181951245771259,-0.0399176324348105,0.11384262424365856,0.11105457479920881
2025-11-14,55560.8,55560.8,55621.25,54914.6,55153.6,80416119,0.014833228916851127,0.00463888399173662,-0.008327030284802861,-0.03688958292016831,0.11048733071258779,0.10902562290780862
2025-11-17,55677.15,55677.15,55897.55,55534.4,55769.75,25472204,-0.0031645059700396994,-0.003748659116264763,-0.019898662865852512,-0.04509261181465396,0.0842906299684618,0.10694424008739693
2025-11-18,55363.45,55363.45,55739.6,55185.1,55652.4,25153963,-0.02213051342013983,-0.02295282458631187,-0.029917457914828582,-0.05726344743470546,0.06902436381312284,0.1035419765063982
2025-11-19,55380.8,55380.8,55469.15,55260.65,55349.0,25537821,-0.021491364847876615,-0.01638010729436501,-0.02959796163787176,-0.05500672375422444,0.06916098647036499,0.10279034424422301
2025-11-20,55426.7,55426.7,55863.25,55362.45,55460.55,31877087,-0.020887965991363666,-0.005575246086787278,-0.03339543783505561,-0.05873348839441528,0.06934883211971425,0.10075009983601436
2025-11-21,55504.7,55504.7,55605.05,55240.65,55394.95,27555579,-0.0223303732708382,-0.0031778871495368177,-0.029156964236694227,-0.047250756776355485,0.06843041442031321,0.10077821291229551
2025-11-24,55138.15,55138.15,55636.85,55080.35,55630.9,47861362,-0.021472773704880876,-0.0186671294071582,-0.027844111219343826,-0.06914651817955775,0.06741047179266109,0.09985269940007152
2025-11-25,55052.1,55052.1,55258.65,54850.35,55135.25,24057414,-0.02439970972346639,-0.010084881309119553,-0.0212706239535706,-0.06656853572838883,0.0667612428807435,0.09771646961775665
2025-11-26,55442.6,55442.6,55477.9,54952.95,54952.95,31776945,-0.011895373466963677,-0.012455058036028421,-0.022270893805559022,-0.0852622845230836,0.07073461290171457,0.09682641115599863
2025-11-27,55470.55,55470.55,55638.5,55264.85,55526.4,22739723,-0.020220664537091038,-0.012543791566385076,-0.026425124836753744,-0.07713249085999374,0.06131034697790442,0.09682340436330851
2025-11-28,55595.8,55595.8,55638.75,55443.8,55475.55,28628295,-0.013270386113748645,-0.021314424732337356,-0.025833238680030846,-0.08735901598580242,0.0606426758033491,0.0940276862886162
2025-12-01,55500.5,55500.5,55695.35,55248.0,55515.65,26663331,-0.012595959685812619,-0.02578059723499715,-0.030232560022266264,-0.08488220425488469,0.06043214572474355,0.09382624557891864
2025-12-02,55390.95,55390.95,55678.95,55269.1,55463.5,23270992,-0.013583254531758349,-0.029999623494305627,-0.024018606046654845,-0.08247324904687758,0.06061121581243972,0.09369462831466051
2025-12-03,54949.1,54949.1,55447.3,54732.35,55415.55,25402615,-0.015524333698822557,-0.023857699392987652,-0.03069563276138154,-0.07417902836109735,0.06326471640602074,0.09056060280991239
2025-12-04,55209.3,55209.3,55266.25,54709.05,54932.5,23495127,-0.009018743801801232,-0.01712618365606633,-0.029561940989513147,-0.06801190426478043,0.06603281609625489,0.09108840006572258
2025-12-05,55202.85,55202.85,55254.2,54476.65,55147.25,25281051,-0.0042273058523879525,-0.022910849643124287,-0.03145703468135885,-0.07590336349895854,0.06386974640141821,0.09020624322239479
2025-12-08,54540.5,54540.5,55282.55,54377.6,55235.95,20146016,-0.014348204418766164,-0.04074003396248649,-0.02944931853403676,-0.08028062713356043,0.07641768389472099,0.09220992194307817
2025-12-09,54521.2,54521.2,54723.3,54134.5,54448.2,30164443,-0.018043857461000568,-0.042826093826258904,-0.023675360004286827,-0.07618477054238137,0.07487594383676041,0.09206399702352346
2025-12-10,54506.0,54506.0,54903.95,54447.2,54545.1,21372933,-0.018426341456386885,-0.03626685573795707,-0.013873795150830204,-0.061909923349647844,0.07481822006129851,0.09110183051415396
2025-12-11,54619.65,54619.65,54712.3,54246.9,54485.4,18475519,-0.011292731271552281,-0.03415833574264804,-0.012042384576709697,-0.06724082694083933,0.07379868982056245,0.09126436121254565
2025-12-12,54490.8,54490.8,54744.7,54236.05,54671.05,30154017,-0.019258182027616644,-0.03382793737084133,-0.024541785624374923,-0.0658357990567996,0.0701423354902653,0.09123303954617648
2025-12-15,54868.4,54868.4,54930.8,54264.75,54473.45,21882812,-0.014525707583811331,-0.025791445464391605,-0.015058184549227138,-0.05330995717469855,0.07485452101705649,0.09249188277759057
2025-12-16,54863.45,54863.45,55324.9,54699.95,54799.45,33449229,-0.00903122908706011,-0.02934945203092232,-0.007103360543045278,-0.04651853928476024,0.07257607017992604,0.09211852785398425
2025-12-17,54603.4,54603.4,54938.9,54515.75,54772.2,26151330,-0.014037355906740268,-0.02967050835168883,-0.005051720822977668,-0.049076636773236704,0.074077239895479,0.09218118971841607
2025-12-18,54546.45,54546.45,54683.8,54323.9,54623.0,21437892,-0.015881335168790534,-0.026073642909113737,-0.0015029964772947935,-0.05040475414990442,0.07386036547307592,0.09176496545425976
2025-12-19,54781.35,54781.35,54854.85,54507.0,54507.0,26739056,-0.013032229703070164,-0.00904822675919914,-0.00912899919092025,-0.040709578419939385,0.07569595376059039,0.08841937546001201
2025-12-22,55062.65,55062.65,55133.8,54821.0,54885.05,25426454,-0.0013692878705579004,-0.005711556466852397,-0.009570539459571648,-0.050230231267402115,0.07488927613866489,0.08899630504844173
2025-12-23,55348.65,55348.65,55431.0,54912.5,55103.6,24533934,0.005386715493141958,0.004366879581911842,-0.005907542161982304,-0.04731077712473275,0.0769033554159027,0.08906859393722227
2025-12-24,55113.75,55113.75,55383.4,55019.95,55363.15,16052695,-0.005931359640420908,0.0048534528889621065,-0.0035195891210677566,-0.05547583271407719,0.07407480193025731,0.08896234433554946
2025-12-26,55132.05,55132.05,55233.35,54957.25,55083.85,15260529,-0.006102337186128515,0.003389704035613228,0.0005063357136189106,-0.05374064227423414,0.07405263125337073,0.0888928676654163
2025-12-29,55192.45,55192.45,55227.15,54969.4,55143.25,22639491,-0.0072550444458036045,0.008805407351761163,0.0026999269277372395,-0.04527588203089561,0.07363363042247416,0.08845266936693487
2025-12-30,55033.15,55033.15,55246.95,54918.55,55231.35,37502069,-0.008420644859055249,-0.0013102176104498042,0.0006297315628237543,-0.045702852320259835,0.07403661724113168,0.0874314435322422
2025-12-31,55475.65,55475.65,55559.05,55055.1,55069.0,27680076,0.0015291306612361666,0.005529213022878121,-0.0022124045738984854,-0.044094680421391086,0.07953712694319508,0.08893912461598405
2026-01-02,53078.8,53078.8,53579.4,52741.85,53562.5,139149781,-0.03403695419943176,-0.035941417768466266,-0.04721908231649474,-0.08582250196655505,0.17479693470353566,0.12700695463733552
2026-01-05,53441.1,53441.1,53573.75,52885.6,53054.95,69990031,-0.032027212806538086,-0.02415370723570387,-0.04034529150246169,-0.06963667360405346,0.17596678185101786,0.1275106103331199
2026-01-06,53561.95,53561.95,53637.75,53152.7,53538.8,94291569,-0.029724914565099514,-0.01702525158447532,-0.029428959969069357,-0.062243730690506816,0.1764387178507965,0.12725839128115907
2026-01-07,53493.8,53493.8,53782.6,53319.6,53636.2,49749623,-0.01919124320459098,-0.02218436428676518,-0.026132514222621528,-0.06026540650770196,0.1719720416261323,0.12695990396743329
2026-01-08,53010.15,53010.15,53515.65,52922.1,53419.65,54950898,-0.027714907228747587,-0.0355908012978825,-0.029154524955289918,-0.05898379404419174,0.17433283029958804,0.12774271508861418
2026-01-09,52438.15,52438.15,53083.5,52332.65,52918.25,49138749,-0.03793802517154077,-0.03737022442878546,-0.03503798562072158,-0.05544390949420186,0.1774369446107229,0.12831608130557348
2026-01-12,52745.5,52745.5,52814.85,52271.75,52381.25,31655137,-0.03431274275832963,-0.02708261280579194,-0.03013101142653607,-0.05272338352023387,0.17906105701623834,0.12869594635401832
2026-01-13,52577.15,52577.15,53007.15,52326.25,52816.4,39774248,-0.03511877234322125,-0.039663955491180514,-0.023038722781274945,-0.05580505685294701,0.1791236817803584,0.12701006441130508
2026-01-14,52258.65,52258.65,52608.8,52162.35,52608.8,26039797,-0.047563807218726994,-0.06436882652778053,-0.03366681594348997,-0.06750730157685425,0.17667810259051392,0.11993618440831229
2026-01-16,52142.5,52142.5,52601.45,52038.6,52510.9,47136445,-0.049594948914076675,-0.07902127298803885,-0.04318546084157482,-0.07841839120399496,0.1764644502624019,0.11598834689567591
2026-01-19,52489.95,52489.95,52669.95,51902.3,52015.05,28509359,-0.03870546522744012,-0.07256902511875607,-0.029678979456625787,-0.06259925027588453,0.179186617765466,0.11713047079083236
2026-01-20,51713.0,51713.0,52616.85,51595.65,52586.15,35714472,-0.05194563532548857,-0.08649043485019647,-0.029360380949530307,-0.0619007926206081,0.18490329645752543,0.12037727030334366
2026-01-21,51402.5,51402.5,51962.0,51217.2,51563.35,40376442,-0.06167883777964578,-0.09458725138689628,-0.030527027037443366,-0.06624191743227803,0.18337018751620784,0.12037380935056528
2026-01-22,51978.4,51978.4,52095.3,51560.5,51582.05,39834200,-0.05601346829475151,-0.07754831130064721,-0.022294742200521633,-0.05796129620870849,0.18816832934499947,0.12255051513352486
2026-01-23,51662.05,51662.05,52217.5,51594.1,52135.6,30881010,-0.06660686394338433,-0.08447614212208443,-0.023496747557142483,-0.049145378951604424,0.1860063904570232,0.12279391788261139
2026-01-27,51349.75,51349.75,51741.4,51126.75,51692.2,76513419,-0.06829511691728474,-0.08483863407713954,-0.031316479654219354,-0.05550515997369432,0.18622139357443687,0.1228543898258666
2026-01-28,50985.45,50985.45,51579.25,50510.65,51449.75,61624018,-0.07521214973867296,-0.09944122927792554,-0.04835005383070834,-0.07214587695206442,0.18604650938409417,0.1214288788660971
2026-01-29,50523.9,50523.9,51002.0,50076.05,50971.45,42216434,-0.08458675054287312,-0.10328786816580438,-0.06441879087005908,-0.08555265346760421,0.18592674078586444,0.12220515190558827
2026-01-30,51215.2,51215.2,51339.45,50311.5,50420.5,75452496,-0.06937545824652969,-0.08883531850165016,-0.04554251160241307,-0.0732281470480538,0.19661928295379766,0.12620742610257354
2026-02-02,50623.2,50623.2,50696.45,49336.5,50103.9,57563966,-0.08746990796863141,-0.09848861250460794,-0.04762240803310125,-0.07229057424546814,0.1935801047288252,0.12787669886936986
2026-02-03,50806.65,50806.65,51840.25,50505.55,51534.7,77476447,-0.04280710942975352,-0.08974104013931583,-0.01998017888604864,-0.0948157399122519,0.12673382046068668,0.12801744833351764
2026-02-04,50922.75,50922.75,51244.9,50725.9,50938.2,38019545,-0.04712384288497051,-0.08596032255314179,-0.029055448728177335,-0.0963995197763794,0.12345440987669731,0.12825821348628075
2026-02-05,50731.65,50731.65,51403.1,50615.9,50915.05,40929473,-0.052841616109943645,-0.0848807299069938,-0.03237083438690935,-0.09078447320939098,0.12227618209838745,0.12814566586513138
2026-02-06,51882.75,51882.75,51935.55,50383.9,50667.85,85976403,-0.03011657425720371,-0.06237886163140682,-0.01301489273505918,-0.0670456317036846,0.15146262736582564,0.13719130269431137
2026-02-09,52047.3,52047.3,52098.45,51582.8,52041.0,53191861,-0.018163502649964136,-0.06260012733450337,-0.01779449219200091,-0.06930773204828244,0.14958992069168353,0.1371592622223129
2026-02-10,52130.45,52130.45,52183.55,51889.05,52105.1,28024915,-0.005867865285102636,-0.061206536380859045,-0.0156738326535516,-0.06350017010747233,0.14508517225295564,0.13724798804058508
2026-02-11,52152.1,52152.1,52411.1,51967.7,52335.95,38349426,-0.011250248836393695,-0.05595952464995879,-0.017593716207783938,-0.058845987985210235,0.14330768718370662,0.1370109663239076
2026-02-12,51885.75,51885.75,52221.75,51571.5,52212.7,30881301,-0.013150199278583963,-0.06614465594447894,-0.016060877112513805,-0.0621750935777996,0.14393731776453403,0.13655244844602193
2026-02-13,50902.15,50902.15,51690.05,50811.85,51690.05,24399614,-0.025957425230081488,-0.08576229207134345,-0.01837918809710004,-0.06491347633705458,0.15730255920501507,0.14125679584617587
2026-02-16,51318.85,51318.85,51371.9,50680.15,50809.55,72612467,-0.01579613558996984,-0.0730554183310469,-0.015344689666981104,-0.06428273072927315,0.16078131409848487,0.14235055708787908
2026-02-17,51778.3,51778.3,51824.15,51237.55,51246.2,83287449,-0.013557833451927404,-0.0650496200849392,-0.019025789545222493,-0.05248851804375265,0.16236939903624165,0.14384084844461567
2026-02-18,52406.5,52406.5,52428.9,51759.4,51860.6,141746389,0.01341055440604877,-0.0544899840690497,-0.009847133471688307,-0.04025668227098744,0.15921394856964882,0.14631129155120157
2026-02-19,51483.6,51483.6,52548.65,51381.35,52548.65,65704493,0.0015777442731383928,-0.07244611717566263,-0.010221902328272803,-0.04890011287338791,0.17079506929583202,0.150225638309098
2026-02-20,51772.7,51772.7,51969.25,51401.45,51443.85,34849525,-0.003957413079279215,-0.06103668693998632,-0.015082392024601488,-0.046080697803061454,0.167127745328666,0.15044739225276169
2026-02-23,52136.35,52136.35,52186.2,51801.45,51905.7,110999141,0.009180820350721541,-0.052963465517210095,-0.017341551075071848,-0.04632633577061196,0.16745809791434055,0.1513433152480988
2026-02-24,52235.25,52235.25,52338.3,51815.7,51911.35,29304123,0.017244485124075615,-0.05784992045827575,0.007343947451085242,-0.028060131089265417,0.16572194387216846,0.15054822092299489
2026-02-25,52105.3,52105.3,52519.9,51864.0,52444.65,28310323,0.021964109368457274,-0.060667327077160715,0.016449711759673802,-0.03270488648734504,0.1635681895518548,0.150546122811554
2026-02-26,52023.0,52023.0,52197.55,51741.7,52156.55,23589775,0.02967110614976276,-0.06426384726903833,0.026616277284953194,-0.037305109471900466,0.15948961416033514,0.15039232411473236
2026-02-27,51142.2,51142.2,51987.55,51039.1,51801.35,36686635,-0.0014253580968149882,-0.07852722047549121,0.004182712699525082,-0.040434726110477826,0.16559113591023267,0.15391118286329522
2026-03-02,50751.65,50751.65,50879.5,49954.15,49968.25,40154959,0.002537374168365636,-0.08375555934678858,0.01141403303890165,-0.03894566871104799,0.16249340926570754,0.1544487586951004
2026-03-04,49797.5,49797.5,50315.8,49742.25,50052.35,46704967,-0.01986255736207765,-0.09375221796171362,0.02860885726472151,-0.03581717601605061,0.17534393649175248,0.15803104790850916
2026-03-05,50000.8,50000.8,50186.45,49354.8,49985.85,38504675,-0.018104874540357696,-0.09434098965210569,0.021082726692378206,-0.04564075978222526,0.17590367172916566,0.15792482686302636
2026-03-06,49970.6,49970.6,50173.6,49679.5,49847.65,44348735,-0.015001483294945106,-0.09478224403269031,0.03149700853016968,-0.02848841452192985,0.17558280002428814,0.15790775605093982
2026-03-09,49192.4,49192.4,49321.6,48740.95,49299.4,29849547,-0.05185442174903987,-0.09805740688112496,0.012972694942841256,-0.023617537855089243,0.16028562212948774,0.15909873839028957
2026-03-10,49603.55,49603.55,49717.55,49288.1,49627.5,33352408,-0.046952483606258144,-0.09019702427679499,0.015122070884518002,-0.02912612132748338,0.16377992528495633,0.16040544197262252
2026-03-11,49059.7,49059.7,49685.5,48964.95,49649.55,33516568,-0.05890511207940852,-0.09992110960261258,0.02084382903325399,-0.026501186059441517,0.16580541144018685,0.16154211264043467
2026-03-12,48189.15,48189.15,48929.0,48036.5,48909.8,57312990,-0.07598831111307114,-0.11773235456470332,0.013196886982316136,-0.030491936762609195,0.17332930828431292,0.1646768620217668
2026-03-13,47924.15,47924.15,48642.85,47852.25,48047.8,50862607,-0.07635237035216791,-0.12050933368568639,0.026568507921412188,-0.009331261157698667,0.17337019087443054,0.16482594785608054
2026-03-16,48468.85,48468.85,48622.35,47826.35,48005.85,61338101,-0.04780348177827465,-0.11663452916432782,0.033162745033776364,-0.01602862992000964,0.17171252415093907,0.16609773892176574
2026-03-17,48104.45,48104.45,48612.6,48040.15,48612.6,43846756,-0.06263585407701067,-0.12319677307934518,0.019193374077100533,-0.03507069262434892,0.16785562343998664,0.1664213418419037
2026-03-18,48079.0,48079.0,48368.7,47997.0,48215.35,38150736,-0.07144498757201379,-0.11948706490804606,0.004262273726230448,-0.04044506068052611,0.1620382621942598,0.16636886889197045
2026-03-19,46861.95,46861.95,47914.55,46740.35,47549.15,35211930,-0.10579889899153738,-0.14087992894129686,0.003313036877175435,-0.03189908966095156,0.16851602756454795,0.17318509379211428
2026-03-20,47007.55,47007.55,47688.45,46925.35,47321.9,79110078,-0.08694127838768062,-0.14190595887103907,0.004982092088586354,-0.03207554927546574,0.1647568891583411,0.1730010811007295
2026-03-23,45837.05,45837.05,46743.95,45740.9,46699.05,60769037,-0.11464826056975963,-0.1675473301775341,0.00496261529180364,-0.027714913380528006,0.17554156982888477,0.17834378657140018
2026-03-24,46408.3,46408.3,46822.7,45777.2,46498.5,56505920,-0.10986672446383372,-0.16152787827706727,-0.0009490715499380631,-0.03681033067229711,0.1817974950233096,0.18036490434307037
2026-03-25,47283.35,47283.35,47673.15,46549.25,46690.25,54386161,-0.09479996745492747,-0.14207706788233432,-0.011487074678393605,-0.0336064234812975,0.20008703450334434,0.18569436512271423
2026-03-27,46427.2,46427.2,47112.95,46346.8,47080.55,49939800,-0.10897355931162489,-0.15789091825898016,-0.004474377888098902,-0.034142206540110465,0.205258486743724,0.1883547143074137
2026-03-30,45538.65,45538.65,46412.2,45436.0,46141.7,56901444,-0.1246439075024508,-0.17491160475753476,-0.0005035711181022862,-0.03572860595950533,0.21006322457024584,0.1911493351862269
2026-04-01,46135.95,46135.95,46513.05,45886.25,46499.45,42232299,-0.0978888276218074,-0.16166982991160794,0.0013718539964007181,-0.03601085629344303,0.21731571358938695,0.19402434370308616
2026-04-02,46232.15,46232.15,46315.25,45334.15,45882.7,37518688,-0.08905129192843975,-0.16662265336233106,-0.002482255987080406,-0.035870554169268876,0.21857091168351706,0.19297351115270883
2026-04-06,46600.05,46600.05,46666.5,45901.5,46291.45,39077541,-0.06420904663888749,-0.12205908950466093,-0.00243539005507587,0.005570448830698349,0.21604893416283172,0.1741665853421293
2026-04-07,46980.1,46980.1,47057.8,46020.5,46362.25,46535920,-0.060413033391465865,-0.12089945753362108,0.0058979011635994505,-0.0017903312542644212,0.2183517186501396,0.17447774907769467
2026-04-08,47704.25,47704.25,48076.8,47648.3,47851.65,52628370,-0.04535366795675855,-0.10936308330820665,-0.02682232706722032,-0.026037720533395814,0.22786496293837152,0.17789644109438343
2026-04-09,47640.7,47640.7,47969.45,47458.6,47611.8,39092940,-0.031543490457875745,-0.10941641835128568,-0.021016162453708742,-0.018919765017888612,0.22231944038047452,0.17789553857648838
2026-04-10,48194.05,48194.05,48285.0,47632.15,47727.35,38969548,-0.028415304952972065,-0.09085241222671503,-0.01971843403773088,-0.02027774693444695,0.22451295317955527,0.17937157194036785
2026-04-13,47570.4,47570.4,47785.1,47285.35,47486.25,35903101,-0.030356891705411893,-0.09282840832485506,-0.02934296573084616,-0.021161202995516715,0.22575426839359222,0.17990604912184024
2026-04-15,48290.4,48290.4,48482.5,47952.5,47958.6,44415918,0.0021010953710534075,-0.08446407750424201,-0.022948467783290738,-0.024016845749993743,0.22435175794466214,0.1824978476237869
2026-04-16,48377.9,48377.9,48496.9,48117.25,48382.75,40131137,0.009468086549265786,-0.07986834584986058,-0.035698251476491194,-0.020194288939687666,0.22342314887979775,0.18258405043789322
2026-04-17,49657.75,49657.75,49743.05,48371.6,48371.6,74887662,0.024529156355061144,-0.04976975103643133,-0.015829596270862556,0.0013511597583331092,0.23861292000067377,0.19078536128263582
2026-04-20,49555.75,49555.75,49843.95,49377.7,49760.15,34341765,0.03016976599877985,-0.049609243898930844,-0.0030643725299990265,0.002133649780499347,0.23672849817973352,0.1907804789783417
2026-04-21,50820.1,50820.1,51038.0,49597.2,49685.65,62635971,0.05701241706358284,-0.031812756537203724,0.023418106325018062,0.007619749789621988,0.25100239058681934,0.1975593606213909
2026-04-22,51199.0,51199.0,51627.95,50769.7,50940.45,66326236,0.09254949911388666,-0.009939473633322371,0.03273121276311164,0.023921633693537836,0.22772385377861262,0.19591536227459797
2026-04-23,51140.5,51140.5,51331.95,50693.55,50919.95,36338756,0.0879209829059373,-0.005097028354651978,0.04212502014446717,0.03403441231910331,0.22854824706697194,0.19554729261045628
2026-04-24,50766.25,50766.25,51383.3,50571.75,51383.3,49933215,0.10753746150766674,-0.02332026380188701,0.0460032216874684,0.03171954064079863,0.20568838614579849,0.19468231100144207
2026-04-27,51046.5,51046.5,51336.95,50878.3,50990.9,61303373,0.09994332910276826,-0.011914935624892986,0.04842979023287586,0.02624884393876703,0.20390133877600122,0.19468148185009101
2026-04-28,50882.75,50882.75,51182.3,50817.35,51047.1,39620627,0.07612404789423755,-0.009094494130935438,0.04655068845493271,0.037764787293415036,0.19882860659394835,0.19440223588733394
2026-04-29,51771.8,51771.8,52067.05,51027.75,51065.3,53590544,0.11511786194299911,0.015423027550016899,0.05560539001110465,0.06139671270158886,0.1864941387825236,0.19709517171379898
2026-04-30,51072.1,51072.1,51829.1,50680.1,51723.45,36199803,0.12151106807074852,0.010850310447134914,0.04690086174779573,0.06676734806608797,0.17729990427347408,0.19822339900564617
2026-05-04,51266.0,51266.0,51972.9,51129.2,51383.0,37962751,0.11119419888395066,0.0009918930317562857,0.047704848820700585,0.04843734134535094,0.17527837763337908,0.19640072997574015
2026-05-05,51593.55,51593.55,51642.7,51036.25,51249.85,51286505,0.11596691912446211,0.01916808893945876,0.05786383347910684,0.06124329472936063,0.17490405308288526,0.19530375527106916
2026-05-06,51460.55,51460.55,51947.35,51194.7,51898.85,46701331,0.10430246319478198,0.01287036244271178,0.0449727703035081,0.06715464213861777,0.17692487367419676,0.19526942046796827
2026-05-07,51068.45,51068.45,51504.95,51000.1,51485.45,50963326,0.08702301612810537,0.002861196616443573,0.034998358270117214,0.05908984378338178,0.1819715415222266,0.19587961613018862
2026-05-08,51165.9,51165.9,51320.15,50756.85,51107.55,48825003,0.07256481340761045,0.008559745247789019,0.0651139580356428,0.06575515081742611,0.17726119152466238,0.1957533620997396
2026-05-11,51205.65,51205.65,51444.15,50870.4,51118.15,51463475,0.07482992483317852,-0.013050580395218003,0.0731159467355249,0.0600354160347798,0.17665502350569842,0.19017035137293345
2026-05-12,50453.9,50453.9,51237.2,50396.5,51019.8,37357863,0.04689064313955771,-0.030614460308219682,0.07479218568003654,0.06555908408429201,0.1854728772964488,0.19235299346647083
2026-05-13,50604.85,50604.85,50917.1,50397.0,50541.15,35724136,0.06378861645056588,-0.029265045669085943,0.08182565403675213,0.0679987350785225,0.17642360407596602,0.19243941432621647
2026-05-14,50779.15,50779.15,51061.05,50513.65,50727.5,27743070,0.05153715852426144,-0.02632588141225367,0.0738925894920518,0.060915511833013136,0.17073414426520567,0.19260016211111036
2026-05-15,51051.35,51051.35,51440.2,50776.5,50848.85,39199288,0.05526180342677134,-0.01608148672805154,0.07812644433929061,0.06775942915010325,0.17100234157243482,0.19270930721669727
2026-05-18,50900.1,50900.1,50987.05,50344.1,50973.8,34029506,0.025018249920707225,-4.027334798240023e-05,0.05390937831590237,0.07145842197943486,0.14774790959672465,0.18875551480745129
2026-05-19,50883.35,50883.35,51467.65,50800.35,50920.2,41435315,0.02679002941131947,-0.008486160543348054,0.057442777995806105,0.07190826762341762,0.14736426706403538,0.18798943383865915
2026-05-20,50520.55,50520.55,50657.7,50313.35,50564.7,31627014,-0.005894321341358921,-0.02429106401716552,0.031441991409774106,0.056034231575825544,0.12007194222449093,0.18756741112133532
2026-05-21,50263.55,50263.55,50901.6,50138.1,50800.8,46078034,-0.01827086466532546,-0.04089092001946315,0.011403326605383901,0.042947380455736095,0.11759305097166636,0.18598501738333392
2026-05-22,50249.8,50249.8,50520.15,50035.25,50308.5,61954151,-0.017416724513839243,-0.023964913098539986,0.0013541788407325228,0.044198243876642396,0.11761186519453143,0.18255034438985995
2026-05-25,50157.75,50157.75,50721.1,50062.15,50572.8,38369336,-0.011986309802280104,-0.031193080523132743,-0.017583024347771703,0.029013236385504904,0.11519505501148919,0.18214130407508058
2026-05-26,50227.35,50227.35,50300.45,50030.1,50223.8,57287733,-0.016047133495930233,-0.03661552832141102,-0.008617496892128984,0.03336077865365994,0.1132091494547332,0.1815126657807021
2026-05-27,50141.9,50141.9,50467.5,50053.9,50320.75,39364394,-0.014559944185406626,-0.040075427991633994,-0.010869748399996548,0.019610741795760944,0.11291029776245237,0.18144933518323328
2026-05-29,49383.35,49383.35,50245.55,49083.45,49956.2,120370657,-0.04613418888275089,-0.05223940750748968,-0.02008118619439836,0.023685246666943716,0.10253998751618472,0.18385868133445765
2026-06-01,48247.7,48247.7,49571.65,48127.5,49474.55,43874391,-0.05530221001290336,-0.07256982488514696,-0.02967662940759097,0.01034143593643777,0.12070927069749106,0.18948900414593595
2026-06-02,48612.8,48612.8,48668.65,47867.65,47996.4,49581805,-0.05175359887644826,-0.04945817739557534,-0.02539504040222318,0.017864716527529967,0.12412746783699062,0.18741474211068032
2026-06-03,48123.95,48123.95,48617.3,47922.8,48617.3,52514699,-0.06724871616704042,-0.0517756565550086,-0.041151001731512316,0.006943770416665274,0.12199673448848102,0.18786041154837488
2026-06-04,48216.0,48216.0,48538.1,47851.25,48067.95,43759605,-0.06304926783720743,-0.031758622420804294,-0.025467567703809313,0.011702467783644144,0.12346927875918062,0.18410768179464057
2026-06-05,48302.45,48302.45,48369.25,48026.4,48277.7,34402682,-0.05416259941314061,-0.0339664565366955,-0.014701713657782167,0.02253062815660567,0.12356214185965786,0.1839227705086114
2026-06-08,48098.65,48098.65,48458.55,47674.7,47935.1,36094921,-0.05994715230260783,-0.03746102708392529,-0.01638561030320873,0.016830377007416963,0.12238661201978089,0.18407503789180762
2026-06-09,48447.4,48447.4,48506.6,48056.1,48316.8,25839439,-0.05386612610131891,-0.015144615834966402,-0.029775026711182262,0.017565119092358916,0.1271371501273111,0.18204812371921975
2026-06-10,48957.0,48957.0,49439.55,48390.35,48484.15,42607951,-0.02966866783340838,-0.013034349356044084,-0.022628260426093783,0.030105856049891355,0.12706903504425932,0.1825310846442448
2026-06-11,48521.8,48521.8,48964.45,48464.85,48852.2,29870900,-0.04116305057716796,-0.010964192606151113,-0.030442327368819355,0.018585161897803792,0.1285125063824918,0.18205115938732455
2026-06-12,48827.6,48827.6,49007.75,48654.8,48829.85,29000117,-0.03843211239258637,0.013248832984188219,-0.03561656380376155,0.013936251936708777,0.13051956767752534,0.17871313043128076
2026-06-15,49043.4,49043.4,49510.85,48963.3,49422.2,30597179,-0.03933196673545358,0.023354613488189235,-0.04823083494976188,-0.007002509633746712,0.12986517226880814,0.17851039013828568
2026-06-16,49642.4,49642.4,49685.55,49142.85,49158.6,31501616,-0.024709185247180243,0.024212458104535317,-0.03905176030886681,-0.0005794829606322605,0.1391239036323924,0.17873737676275347
2026-06-17,49556.05,49556.05,49867.85,49402.75,49677.95,29073467,-0.026085153591498877,0.030176002428049964,-0.0458878133742916,0.008779725326760301,0.13909008516671797,0.17802968818078713
2026-06-18,49654.5,49654.5,49833.8,49438.4,49708.9,35365675,-0.01714252912923564,0.032768984379874855,-0.0386565407104521,0.016358752738196314,0.13778320594901675,0.17804243103407838
2026-06-19,49558.7,49558.7,49695.9,49230.2,49514.8,39144879,-0.014023084322536072,0.05754668766451254,-0.029174424329468596,0.013596482940956278,0.13694784642340171,0.16958299255247442
2026-06-22,49355.1,49355.1,49757.2,49210.95,49670.9,32889841,-0.017805045990232915,0.04993985008791135,-0.03397751299981,0.007178795744317457,0.13746532974847128,0.16983365141099568
2026-06-23,49059.05,49059.05,49514.6,49000.85,49269.8,28029544,-0.02190489007182339,0.07029248173693547,-0.013266316183006333,0.012038602429320422,0.13863963319085482,0.16162584354585458
2026-06-24,49085.1,49085.1,49238.5,48901.0,49102.2,27923815,-0.022741593972208318,0.057679337532294817,-0.027255791917391137,0.009266688438842818,0.13846861396258336,0.1599173352798898
2026-06-25,49419.25,49419.25,49630.3,49147.75,49201.6,34287298,-0.014412098464557599,0.04517234925190361,-0.0206382528553114,0.013011689590071152,0.14126847468770612,0.15609186495850133
2026-06-29,49127.65,49127.65,49686.75,49083.85,49537.25,39491152,-0.0051778585292410195,0.058165256573732727,-0.02210091911889389,0.008793207549606219,0.13214094325080386,0.15165606140793153
2026-06-30,48794.2,48794.2,49159.4,48712.7,49119.8,45379229,0.011326964808685114,0.07148982238164714,-0.00933585278629634,0.0027816543968421925,0.10407326539230924,0.14659760022504062
2026-07-01,49806.8,49806.8,49880.5,48881.6,48981.9,34154793,0.024561432379949233,0.07956593502463938,0.00232038233644305,0.02107897346906329,0.123962905015414,0.1499657580496075
2026-07-02,50084.7,50084.7,50176.5,49677.25,49930.3,38853877,0.04074374609731746,0.08333053946225721,0.007841379901728063,0.01893599910761079,0.1172834148330428,0.1502152487865887
2026-07-03,50096.4,50096.4,50550.15,49985.55,50378.8,26560353,0.038999502239920325,0.07502888945398123,0.00251680945969035,0.0183158351562005,0.11745071079337202,0.14959936152511252
2026-07-06,50196.35,50196.35,50302.15,49969.8,50121.6,54910417,0.03920919125220368,0.06845983725024007,-0.006310733520547229,0.01195062712657502,0.11745012536948823,0.14891475998029685
2026-07-07,50225.85,50225.85,50367.75,49958.05,50202.65,39307331,0.04422577348844503,0.05285902199489567,-0.010944369605011772,0.036134274641204334,0.11532983209557864,0.1459485514993654
2026-07-08,48977.4,48977.4,50035.65,48828.4,49955.25,40828607,0.010939699550440274,0.02805794205374834,-0.016594438183693994,0.023559488897622494,0.1489138367693361,0.15535076588959276
2026-07-09,49350.15,49350.15,49657.4,49094.95,49094.95,30415633,0.008030516575770585,0.023988438406815638,-0.02418370691673588,0.02763902631526749,0.14670264606347733,0.1543511902232718
2026-07-10,49310.6,49310.6,49644.35,49202.9,49515.95,32311075,0.01625661043077531,0.03658157173368304,-0.02887415768883672,0.02130432721462472,0.14262780886739373,0.15182408964356145
2026-07-13,48809.9,48809.9,49156.45,48723.65,49156.45,31055982,-0.0003624998975988447,0.010757831784371286,-0.02525781756182588,0.011595623425573964,0.1461952492081333,0.1503839655204819
2026-07-14,48524.95,48524.95,49074.35,48466.45,48593.15,37647556,-0.010571249138518257,0.003039611062075842,-0.01887808313128858,0.009019720735895631,0.14661170413370092,0.1508484608999295
2026-07-15,48286.5,48286.5,48694.95,48177.1,48639.8,104618678,-0.027313345043752935,-0.027614017952887537,-0.03103792919617543,-0.016319944915219264,0.13938627260323858,0.14103768469898362
2026-07-16,48408.0,48408.0,48628.1,48222.65,48375.85,41172332,-0.023166697103582767,-0.02316078356194795,-0.02262906609555626,-0.011172217490002745,0.14005836904424396,0.1411285788125499
2026-07-17,48748.7,48748.7,48842.1,48160.0,48356.45,35737500,-0.018242052583350987,-0.04075946328322855,-0.0251230845781375,-0.030900539267044724,0.14267466764705602,0.13165173464464852
2026-07-20,49067.45,49067.45,49141.15,48601.8,48800.55,29774495,-0.009912487615696186,-0.041632649075177275,-0.01929904721406639,-0.03590621380696979,0.145013525863081,0.13142480744425272
2026-07-21,48917.2,48917.2,49251.0,48722.3,49134.35,29018918,-0.008872436688407093,-0.043474350074794055,-0.012390636853146675,-0.044080332233709774,0.14471362088482087,0.13151106485021713
2026-07-22,49233.8,49233.8,49362.7,48643.1,48900.4,38126862,0.003562033916270302,-0.0301863935193164,-0.0036638589169371016,-0.034299749872625296,0.14511454290068665,0.13159123970177236
2026-07-23,49033.2,49033.2,49478.7,48871.7,49216.15,41616749,-0.0010573473416576329,-0.03944051012312311,0.005272391821865452,-0.030180459709121643,0.14588768871692706,0.13118542768972505
2026-07-24,49053.3,49053.3,49244.55,48692.1,48739.2,48133567,-0.007405009181644773,-0.03595422810284421,0.0045899517948267965,-0.026442106871484183,0.14366299988258766,0.13109561934047054
2026-07-27,49564.8,49564.8,49748.2,49409.6,49520.75,42017752,0.008898247728112318,-0.04262938510926795,0.006822798806047192,-0.035114131602853815,0.14692297286395523,0.12776734778826884
2026-07-28,48881.2,48881.2,50063.4,48661.95,49565.4,97837464,0.0017829987990376495,-0.042898177282704286,-0.003228350493358345,-0.04238974323515421,0.1535554370083063,0.12788950063971918
2026-07-29,49690.65,49690.65,49867.5,49051.35,49233.2,70905008,-0.0023320108900792835,-0.03072894315920882,-0.01251076370870785,-0.036156067215879606,0.14683250174540188,0.132340584437191
2026-07-30,49642.05,49642.05,50035.0,49511.9,49702.35,50123454,-0.008838028379924312,-0.037824495503798405,-0.0146889934583323,-0.04965622547831072,0.14530391316909183,0.1315613027171362
2026-07-31,49121.2,49121.2,49769.05,49041.55,49756.4,41531537,-0.019466468648445923,-0.04545909439366669,-0.024111959095407864,-0.04762302109260641,0.14961290048283632,0.13306705724239018
2026-08-03,49965.6,49965.6,50036.65,49298.6,49351.9,66823512,-0.004596947786044248,-0.021595525221540846,-0.018675795505153858,-0.03999717047219631,0.1625622214008754,0.13717837954171402
2026-08-04,49527.1,49527.1,49771.9,48988.4,49767.2,40473013,-0.013912158778796146,-0.03202914441063287,-0.02277333493973066,-0.05017719498572104,0.16533712538034842,0.13817651693796326
2026-08-05,49383.5,49383.5,49544.15,49172.6,49474.75,32527875,0.008291579381510594,-0.03558494033373272,-0.022802886339918116,-0.06954555036931254,0.13831109755879847,0.1382322822189202
2026-08-06,49369.85,49369.85,49448.95,49241.6,49375.3,30557213,0.00039918824968099287,-0.021485950540989007,-0.027694323226521433,-0.07522732609203908,0.1356969485548614,0.13503366300343075
2026-08-07,49435.2,49435.2,49628.85,49217.55,49325.2,23697331,0.0025268400708975403,-0.023113397233664346,-0.012499866947770277,-0.0725761139149117,0.13573587121679606,0.13490033910950547
2026-08-10,49363.6,49363.6,49558.3,49188.3,49421.75,28679933,0.011344010129092696,-0.027876598958430865,-0.004053981744435831,-0.06562317072915524,0.1303473604169274,0.13467963252948562
2026-08-11,48787.85,48787.85,49360.45,48739.05,49337.25,37237923,0.00541783144547292,-0.044337710951816156,-0.012029680258067277,-0.07936633271889804,0.13574354758020724,0.13606949245755426
2026-08-12,48429.35,48429.35,48655.1,48195.4,48635.05,51013391,0.0029583838132811735,-0.048541162001646376,-0.011886777585892405,-0.08177590566768556,0.13725699172012001,0.1366740232704318
2026-08-13,48837.3,48837.3,48838.9,48302.3,48400.45,30772615,0.008868368864650478,-0.04021059934143478,-0.004553430031404293,-0.07314520893475351,0.14015369271462794,0.13797177802262586
2026-08-14,48615.05,48615.05,48813.55,48518.6,48809.65,21546112,-0.002741611571180247,-0.03771732493015223,-0.0040442673998788425,-0.06760024474924864,0.1389722955409332,0.13755383659037157
2026-08-17,48105.05,48105.05,48625.55,48103.7,48611.65,30438448,-0.019613817306584957,-0.04294364405220086,-0.02164159916705488,-0.06970159037067658,0.14131461652431307,0.13875544876799262
2026-08-18,47734.8,47734.8,48173.65,47709.15,48170.85,32487682,-0.024171457074403158,-0.050049950447563996,-0.022815444341303892,-0.06841472491508704,0.1431783669360945,0.13948910056660258
2026-08-19,47473.9,47473.9,47950.7,47344.75,47746.6,28697208,-0.03574576815114827,-0.05350818168677818,-0.03916508497148474,-0.055447352199683,0.14094250066342556,0.139798197496527
2026-08-20,47863.25,47863.25,47900.15,47482.5,47698.4,44276704,-0.023860363998270517,-0.04706798188636263,-0.03903657164013319,-0.06037208794351123,0.14498436830779216,0.14096132083751967
2026-08-21,47510.95,47510.95,47904.2,47422.85,47901.0,22719767,-0.03144232905839173,-0.052470089884906757,-0.051829488689629666,-0.06689462830711157,0.146465191366973,0.14159627693495422
2026-08-24,47527.8,47527.8,47604.8,47139.0,47604.2,23242393,-0.04109771450706956,-0.03757440513857391,-0.05039518219489392,-0.06608246986874977,0.1397691231524673,0.13841937162154236
2026-08-25,47706.95,47706.95,47710.95,47201.3,47463.55,29944397,-0.024022528088508466,-0.01120778814326906,-0.03858146417082886,-0.0519197358213761,0.13394328895323407,0.13039898574257097
2026-08-26,47252.9,47252.9,47855.85,47249.15,47834.2,54097475,-0.049058525094761274,-0.027974113813645785,-0.04730805622780121,-0.05881268782214799,0.11954136953103112,0.1307803530527901
2026-08-27,47030.45,47030.45,47388.3,46949.6,47223.95,31960874,-0.05260862514743059,-0.022722573687322,-0.043302403916128496,-0.05199975570514681,0.1196409245182175,0.12954538181476147
2026-08-28,46815.0,46815.0,47118.9,46622.15,47118.25,34266735,-0.04694917876599103,-0.029056744649079147,-0.038420937567753555,-0.06147397024589185,0.11628166736519818,0.1297388472726322
2026-08-31,46025.55,46025.55,46722.1,46023.2,46706.0,54522635,-0.07885525241366054,-0.04713839567144096,-0.050846373505151976,-0.07768191254533086,0.10278153136995724,0.13397677165995142
2026-09-01,46457.15,46457.15,46615.1,46166.35,46470.1,51853920,-0.06198525655651144,-0.034127776975029445,-0.03927138810681652,-0.07446859699189567,0.11156901427817079,0.13537227887987693
2026-09-02,46240.55,46240.55,46294.1,45880.65,46186.9,36956192,-0.06364372715583133,-0.0455514640620549,-0.0348026609636638,-0.0744795566472789,0.11168355031729243,0.13463694087030548
2026-09-03,45955.65,45955.65,46287.45,45858.4,46247.7,41301671,-0.06915556761869845,-0.06130583981861626,-0.03820286501884462,-0.08967118293416998,0.11153819916617233,0.1330128009703281
2026-09-04,45892.75,45892.75,46134.55,45803.1,46035.2,26737558,-0.07165845389520009,-0.0541828621361945,-0.04427003880742664,-0.08596389720240183,0.11037084246088961,0.1319996128881664
2026-09-07,45592.15,45592.15,45891.0,45567.15,45850.65,24775665,-0.07640143749645478,-0.06626272845685632,-0.04367051855577153,-0.0728770729029774,0.11047215633968883,0.13162848841146432
2026-09-08,45749.85,45749.85,45963.65,45448.15,45612.45,23138198,-0.06226960196032416,-0.06715582524865737,-0.02808318924346609,-0.057983288360895724,0.10947358935100741,0.13147058862368466
2026-09-09,45309.25,45309.25,45707.75,45197.1,45635.7,41667541,-0.06442580790367824,-0.08728727861666641,-0.02332041806356211,-0.06404133694951464,0.11092928286908865,0.12963505049490798
2026-09-10,45185.6,45185.6,45477.75,45066.45,45335.3,38364518,-0.0747727658981967,-0.08819205727655866,-0.03714141290886663,-0.0629530790771311,0.10201376187394454,0.12965813038402874
2026-09-11,45053.75,45053.75,45276.7,44825.6,44909.3,31578620,-0.07325509281590792,-0.09265524776203571,-0.03353169173961312,-0.06079905814663522,0.10203572906713583,0.12947844113826956
2026-09-15,44829.95,44829.95,45562.85,44829.9,45241.2,39749758,-0.06808224916095096,-0.09541715178162458,-0.019948701351762632,-0.05816665040733404,0.09902619304303445,0.12966029032077803
2026-09-16,45559.0,45559.0,45748.7,44964.45,44971.4,61952795,-0.04558100170106516,-0.07691403725248247,-0.006777249001104324,-0.040183985395555566,0.11966470637699127,0.13457643951217269
2026-09-17,45572.7,45572.7,45883.15,45559.25,45590.2,39350891,-0.0400472680778281,-0.07106436019450046,-0.006502493502042239,-0.04783158291958545,0.11940691662674306,0.13425996321017009
2026-09-18,45466.8,45466.8,45788.3,45465.05,45652.45,44174329,-0.0500686852647908,-0.07371483403313828,-0.013527965797489716,-0.0456047754393486,0.11315050433073458,0.13422772628767027
