Date,Adj Close,Close,High,Low,Open,Volume,Return_20D,Return_60D,Relative_Strength_20D,Relative_Strength_60D,Volatility_20D,Volatility_60D
2019-01-02,27174.3828125,27174.69921875,27397.55078125,27077.599609375,27297.0,0,,,,,,
2019-01-03,26959.537109375,26959.849609375,27206.19921875,26923.75,27181.599609375,0,,,,,,
2019-01-04,27194.68359375,27195.0,27274.5,26926.099609375,26999.69921875,0,,,,,,
2019-01-07,27304.234375,27304.55078125,27477.80078125,27279.55078125,27378.650390625,0,,,,,,
2019-01-08,27509.1796875,27509.5,27542.400390625,27161.94921875,27301.900390625,146100,,,,,,
2019-01-09,27720.078125,27720.400390625,27754.44921875,27409.5,27651.25,0,,,,,,
2019-01-10,27528.23046875,27528.55078125,27713.55078125,27488.19921875,27713.55078125,0,,,,,,
2019-01-11,27453.58203125,27453.900390625,27612.44921875,27382.44921875,27602.80078125,0,,,,,,
2019-01-14,27247.93359375,27248.25,27389.80078125,27182.19921875,27389.19921875,0,,,,,,
2019-01-15,27400.431640625,27400.75,27447.55078125,27317.099609375,27317.55078125,0,,,,,,
2019-01-16,27483.37890625,27483.69921875,27554.75,27403.05078125,27405.650390625,0,,,,,,
2019-01-17,27528.4296875,27528.75,27611.55078125,27335.150390625,27568.599609375,0,,,,,,
2019-01-18,27456.380859375,27456.69921875,27576.44921875,27410.650390625,27550.05078125,0,,,,,,
2019-01-21,27533.279296875,27533.599609375,27622.19921875,27388.5,27514.55078125,0,,,,,,
2019-01-22,27481.9296875,27482.25,27533.349609375,27385.400390625,27526.55078125,0,,,,,,
2019-01-23,27250.43359375,27250.75,27564.69921875,27189.599609375,27493.099609375,0,,,,,,
2019-01-24,27266.083984375,27266.400390625,27342.349609375,27142.80078125,27273.5,0,,,,,,
2019-01-25,27114.986328125,27115.30078125,27433.55078125,27045.19921875,27261.44921875,0,,,,,,
2019-01-28,26652.740234375,26653.05078125,27134.19921875,26587.94921875,27041.44921875,0,,,,,,
2019-01-29,26573.091796875,26573.400390625,26743.849609375,26441.55078125,26616.25,0,,,,,,
2019-01-30,26825.1875,26825.5,26916.25,26693.69921875,26789.75,0,-0.01285015947882362,,0.00018668975096558516,,0.11107920678265387,
2019-01-31,27295.1328125,27295.44921875,27325.05078125,26891.05078125,26969.150390625,0,0.012448126166783258,,-0.0024222334399068846,,0.12455009710158062,
2019-02-01,27085.634765625,27085.94921875,27533.05078125,26930.44921875,27334.55078125,231600,-0.0040099570233498305,,-0.019512461118551983,,0.12405880836552038,
2019-02-04,27186.283203125,27186.599609375,27243.80078125,26825.55078125,26974.0,0,-0.004319835650106962,,-0.017358529077307616,,0.12392322326397344,
2019-02-05,27271.3828125,27271.69921875,27348.25,27153.19921875,27226.05078125,0,-0.00864431491848272,,-0.02088254656398303,,0.12127354282939232,
2019-02-06,27402.03125,27402.349609375,27428.650390625,27294.099609375,27326.19921875,0,-0.01147352768243437,,-0.03057043534633308,,0.11915658706271748,
2019-02-07,27386.83203125,27387.150390625,27589.75,27322.94921875,27424.099609375,0,-0.005136499619925794,,-0.02803521979021595,,0.11676210114146657,
2019-02-08,27294.083984375,27294.400390625,27482.099609375,27221.25,27302.650390625,0,-0.0058097391529280396,,-0.01958001241709273,,0.11697563475567195,
2019-02-11,27227.484375,27227.80078125,27305.900390625,27151.55078125,27240.5,0,-0.0007504782417219191,,-0.014831855906473623,,0.1141699258648132,
2019-02-12,27010.435546875,27010.75,27286.650390625,26988.900390625,27166.900390625,0,-0.014233187047799745,,-0.009144509469780293,,0.1154787541617826,
2019-02-14,26970.28515625,26970.599609375,27030.0,26818.05078125,26978.0,0,-0.018669233908110594,,-0.005423501229758543,,0.11464844593302313,
2019-02-15,26793.939453125,26794.25,27029.94921875,26635.25,27017.19921875,0,-0.026681196930481765,,-0.010101968539496742,,0.11588779760908705,
2019-02-18,26653.939453125,26654.25,26829.94921875,26617.69921875,26754.599609375,0,-0.029225990071013785,,-0.004837871005950234,,0.11663804631458705,
2019-02-19,26684.5390625,26684.849609375,26996.44921875,26625.599609375,26666.55078125,0,-0.030825973067139634,,0.0017871362838819405,,0.11598036799366918,
2019-02-20,26955.1875,26955.5,26985.5,26732.650390625,26786.0,0,-0.01916691682813454,,-0.0020192383874946263,,0.12311647938528043,
2019-02-21,27052.0859375,27052.400390625,27100.900390625,26973.0,26994.75,0,-0.007278684416942682,,-0.0034333822311881645,,0.12079871366868443,
2019-02-22,26867.23828125,26867.55078125,26997.349609375,26847.80078125,26960.05078125,0,-0.014627879135528876,,-0.00926838724542256,,0.12289370345522577,
2019-02-25,27158.93359375,27159.25,27197.099609375,26932.650390625,26934.19921875,0,0.0016208272629743004,,-0.007613377530942156,,0.1279926412751562,
2019-02-26,26952.63671875,26952.94921875,27127.25,26736.599609375,26853.80078125,0,0.011251936596728074,,-0.005044943611401509,,0.11467634417868894,
2019-02-27,26798.990234375,26799.30078125,27189.44921875,26719.400390625,27078.099609375,0,0.008500996760079538,,-0.005998373555966996,,0.11619315164251598,
2019-02-28,26789.58984375,26789.900390625,26920.5,26762.55078125,26878.0,0,-0.0013270809257982519,,-0.01453613459676395,,0.11120410756367848,
2019-03-01,27043.5859375,27043.900390625,27076.55078125,26928.900390625,26941.0,0,-0.009215779015360748,,-0.012221037473809537,,0.09742364682723895,
2019-03-05,27553.73046875,27554.05078125,27580.75,26958.099609375,27068.150390625,0,0.017282080783639797,,0.008671578213424791,,0.11488353455178646,
2019-03-06,27625.330078125,27625.650390625,27681.650390625,27492.05078125,27618.099609375,0,0.016149529090007997,,0.003251180903337092,,0.11458437223753828,
2019-03-07,27764.27734375,27764.599609375,27815.5,27560.0,27661.0,0,0.018073695616521057,,0.006746950966678211,,0.11528794700585925,
2019-03-08,27761.478515625,27761.80078125,27811.349609375,27645.400390625,27686.150390625,0,0.01311753105113378,,0.015562722144420005,,0.11440560452932384,
2019-03-11,27966.326171875,27966.650390625,28035.599609375,27791.25,27840.099609375,0,0.021159558104240306,,0.012247655870940566,,0.11671883909113805,
2019-03-12,28443.369140625,28443.69921875,28488.099609375,28142.25,28168.19921875,0,0.0421074950054503,,0.00943080737963875,,0.12817020704298002,
2019-03-13,28883.96484375,28884.30078125,28927.69921875,28353.650390625,28480.30078125,0,0.060838552966816284,,0.019245319667584138,,0.13526764071284314,
2019-03-14,28922.763671875,28923.099609375,29070.349609375,28819.75,29028.900390625,0,0.07079957459067221,,0.023543486650462242,,0.12915733238704086,
2019-03-15,29381.107421875,29381.44921875,29520.69921875,28990.849609375,29007.0,0,0.0893880612330542,,0.02603456696667461,,0.1348078826239349,
2019-03-18,29595.755859375,29596.099609375,29812.0,29361.650390625,29521.599609375,0,0.10456906274200617,,0.03577269391821014,,0.1288667681683062,
2019-03-19,29767.50390625,29767.849609375,29799.75,29547.69921875,29702.599609375,0,0.1168143770458745,,0.03303894543966357,,0.12309270049001933,
2019-03-20,29831.8515625,29832.19921875,29885.19921875,29633.5,29769.650390625,0,0.11794518820406852,,0.03149950986637284,,0.1226671332605704,
2019-03-22,29582.15625,29582.5,30008.099609375,29508.69921875,29920.75,0,0.09745691973808679,,0.030254316942023962,,0.13092708197795053,
2019-03-25,29280.859375,29281.19921875,29329.400390625,29156.25,29329.400390625,0,0.08238820939887415,,0.03007975181531264,,0.14120784586184593,
2019-03-26,29881.802734375,29882.150390625,29950.150390625,29278.5,29300.400390625,0,0.11220224850114713,,0.0481157015559448,,0.1464492425575575,
2019-03-27,30019.451171875,30019.80078125,30262.55078125,29790.25,30034.150390625,0,0.1053251021751338,,0.05340000814146317,,0.14501819764020746,
2019-03-28,30420.197265625,30420.55078125,30496.05078125,29969.099609375,30064.80078125,0,0.12865388252532073,,0.0608477111635779,,0.13974365312674908,
2019-04-01,30326.1484375,30326.5,30648.099609375,30218.349609375,30537.599609375,0,0.13161534502488914,,0.05180338027878828,,0.1371013871577403,
2019-04-02,30353.896484375,30354.25,30452.900390625,30155.849609375,30450.099609375,0,0.13304825913508544,0.11700408367560411,0.047738998508492836,0.0316948230490115,0.13637325376344325,0.12822473949544516
2019-04-03,30092.951171875,30093.30078125,30602.55078125,30036.25,30440.849609375,0,0.11275741836714137,0.11622658202015246,0.04091591283830631,0.025177347293407815,0.1455422278249739,0.12845934434420292
2019-04-04,29904.552734375,29904.900390625,30245.69921875,29809.900390625,30147.30078125,0,0.08531774975803952,0.09964700829656192,0.029749825095411797,0.01848526543100748,0.14212067271773607,0.12871074531245616
2019-04-05,30084.30078125,30084.650390625,30174.0,29850.0,30002.849609375,0,0.08901147901424555,0.10181817791648462,0.033555928909070554,0.018809729297164957,0.14215724457024298,0.12893355252148506
2019-04-08,29844.953125,29845.30078125,30232.05078125,29716.599609375,30201.5,0,0.07494079515457619,0.08490887806939429,0.025538560158046453,0.010632036851617288,0.148592357122783,0.12982296047320924
2019-04-09,30113.5,30113.849609375,30165.05078125,29703.55078125,29901.5,0,0.08472248780466529,0.08634251976964458,0.027039958657079977,0.011097150033180458,0.14906763056087868,0.13012362164747512
2019-04-10,29803.154296875,29803.5,30155.75,29768.099609375,29916.599609375,0,0.06568000041902589,0.08263962882853582,0.02840849758016062,0.012160196688784985,0.15693943211143935,0.13124002471570337
2019-04-11,29785.75390625,29786.099609375,29852.25,29640.25,29841.849609375,0,0.04719500021080569,0.08494964961504725,0.0210473349280893,0.010678811353269646,0.14870591219072232,0.1310323950414477
2019-04-12,29938.203125,29938.55078125,30000.94921875,29707.0,29780.55078125,0,0.036499065979965106,0.09873297482407128,0.00989370745314444,0.014370489828206656,0.14100804652568652,0.12992863065406804
2019-04-15,30103.900390625,30104.25,30163.099609375,29919.099609375,29983.5,0,0.0408376144527105,0.0986651825223761,0.010237953035127312,0.024855631588821092,0.1416094586796736,0.12992055457466375
2019-04-16,30530.994140625,30531.349609375,30590.94921875,30228.19921875,30236.25,0,0.039136952778053624,0.110889380878751,0.007605883973717864,0.02853622237787401,0.13961274668356968,0.13240485104802932
2019-04-18,30223.048828125,30223.400390625,30669.80078125,30142.19921875,30656.5,0,0.021195386876292854,0.09788495266312491,-0.004157477706707713,0.02016060151005461,0.1443526154592889,0.13462899669353776
2019-04-22,29687.603515625,29687.94921875,30289.900390625,29647.55078125,30282.5,0,-0.00268411698102089,0.08126432031117181,-0.008064593081897775,0.018231117840377786,0.15785577470571344,0.14016645216016546
2019-04-23,29479.357421875,29479.69921875,29906.5,29455.44921875,29761.94921875,0,-0.011816091646989602,0.0706809003176021,-0.01658131630582771,0.014659279165976535,0.15945192560583066,0.14116443895806785
2019-04-24,29860.453125,29860.80078125,29914.849609375,29435.05078125,29550.5,0,0.009407615355362164,0.08654861888127785,-0.014093505438209863,0.012995677486024926,0.1634370903952424,0.1430341093619194
2019-04-25,29561.005859375,29561.349609375,30057.69921875,29511.94921875,29927.05078125,0,0.009567585962996006,0.08479031253726954,-0.01575771554855243,0.009980747408940172,0.1633003300657468,0.14354771348627982
2019-04-26,30013.150390625,30013.5,30048.19921875,29563.150390625,29764.849609375,0,0.004395587588509331,0.10075035831717383,-0.0192388704808526,0.017352452159811182,0.15587296067374892,0.14630199948283693
2019-04-30,29764.455078125,29764.80078125,29920.400390625,29550.05078125,29920.400390625,0,-0.008494393479095641,0.09771235884029394,-0.03497750985779058,0.007958069544512725,0.1577942013554703,0.1469874919570835
2019-05-02,29708.25390625,29708.599609375,29919.349609375,29638.80078125,29699.80078125,0,-0.023403625299046826,0.11464161657150829,-0.03677873333707615,0.014918760627520733,0.14929927724628964,0.1419083396840352
2019-05-03,29953.802734375,29954.150390625,30121.75,29795.099609375,29811.650390625,0,-0.012278027776861822,0.12722308587924314,-0.01597149370473494,0.027708451789473232,0.15274965000600668,0.14215029182174704
2019-05-06,29618.10546875,29618.44921875,29757.400390625,29528.599609375,29626.5,0,-0.024240453354966718,0.10411545800637456,-0.014426722402216319,0.015261910937643508,0.15718767475525952,0.14384387283887717
2019-05-07,29287.859375,29288.19921875,29835.5,29244.25,29749.55078125,0,-0.026753514622816943,0.07300667536298056,-0.014210537176357674,0.011428495860211996,0.15905485089121887,0.14242426920061446
2019-05-08,28994.0625,28994.400390625,29261.30078125,28951.349609375,29261.30078125,0,-0.03044651505628948,0.07045908402404777,-0.009878330482440578,0.027700248557071205,0.16117429832691507,0.14313876624800748
2019-05-09,28884.263671875,28884.599609375,29040.30078125,28784.650390625,28893.94921875,0,-0.03988913833693608,0.06245724086120963,-0.008674330753468129,0.026758846424910887,0.1588297737414142,0.14338814555458712
2019-05-10,29040.162109375,29040.5,29202.849609375,28900.099609375,28927.599609375,0,-0.026965745366372973,0.0648584735062605,0.001092301889002112,0.033347611538340205,0.15927423686683514,0.14360488606564156
2019-05-13,28659.615234375,28659.94921875,29049.05078125,28621.099609375,29026.650390625,0,-0.048280123912565975,0.04589386046460575,-0.0034075883691621067,0.03814241313729161,0.1596352716499217,0.1463070856620508
2019-05-14,28828.86328125,28829.19921875,29058.30078125,28582.599609375,28718.75,0,-0.03269081756337344,0.05265421219648436,-0.0014200453883113084,0.03886399694762743,0.1594088786811705,0.1466574676187853
2019-05-15,28616.1171875,28616.44921875,28983.150390625,28555.150390625,28925.44921875,0,-0.03926833005879227,0.04843663202724513,-0.0013523550049375777,0.028936613912347475,0.16063215098724004,0.14738309743292002
2019-05-16,28854.96484375,28855.30078125,28947.599609375,28525.44921875,28625.900390625,0,-0.036182446101513444,0.059773465109262514,-0.003000650374587077,0.025949736939611334,0.16290159875659987,0.14802269500628396
2019-05-17,29449.80859375,29450.150390625,29559.44921875,28856.0,28881.400390625,0,-0.02172781615137398,0.0903122049785734,0.0024972265730018872,0.03715656681212409,0.17954390648203858,0.15206338139017603
2019-05-20,30759.341796875,30759.69921875,30827.849609375,30111.19921875,30230.400390625,0,0.0074791849130992905,0.14049000260483302,0.0039923702027611085,0.039783211273897834,0.2345026976699635,0.17464345863634093
2019-05-21,30308.048828125,30308.400390625,30926.69921875,30265.099609375,30862.099609375,0,0.002812390363142736,0.13115315377832926,0.006530669925351451,0.039334573449045784,0.23781830589525535,0.1771966808440992
2019-05-22,30526.4453125,30526.80078125,30675.099609375,30268.599609375,30410.650390625,0,0.028255625079357305,0.14528830416350114,0.015883309627047648,0.042200687439599704,0.22911517753411012,0.1768410755892856
2019-05-23,30408.74609375,30409.099609375,31705.0,30292.349609375,30962.80078125,0,0.031526793530982644,0.1395642116975464,0.024520922910716836,0.040293607267281484,0.2278385535361921,0.17727343108644203
2019-05-24,31212.1875,31212.55078125,31275.400390625,30564.400390625,30685.5,0,0.04526837742572476,0.15792883757489196,0.03520972946191381,0.05465888672117014,0.2410004960857658,0.18324875996606602
2019-05-27,31647.283203125,31647.650390625,31700.75,31142.5,31234.900390625,232000,0.07057528863933715,0.16986477849087578,0.04627061066346516,0.06468255337080397,0.23977382897409258,0.1847216420983711
2019-05-28,31597.533203125,31597.900390625,31712.400390625,31328.599609375,31711.30078125,0,0.05278959103819947,0.17606180957425255,0.037978464923053235,0.07069334708562058,0.2362147483962879,0.18388003192921085
2019-05-29,31295.1875,31295.55078125,31546.75,31257.900390625,31459.25,0,0.0514281957151308,0.15229804877712017,0.041813982839533415,0.062133433082360634,0.2370493528161636,0.1847980379804043
2019-05-30,31536.732421875,31537.099609375,31619.25,31236.099609375,31256.849609375,0,0.06154783544300724,0.17007973240405194,0.04268599270648843,0.06758136078935606,0.2371310267971171,0.183925855779585
2019-05-31,31375.03515625,31375.400390625,31783.599609375,30623.05078125,31678.900390625,0,0.04744751500095368,0.1707544404507988,0.029470627153827866,0.06747087211858149,0.23795727383830662,0.18381804115795194
2019-06-03,31653.283203125,31653.650390625,31674.599609375,31284.69921875,31406.05078125,0,0.06871396800162688,0.18155162688481097,0.026440365976536873,0.061463620891065274,0.23338634094989597,0.18414523762630483
2019-06-04,31588.68359375,31589.05078125,31752.69921875,31512.94921875,31532.900390625,0,0.07855899727105853,0.16806563864584478,0.03300720240361921,0.06145631470558621,0.22801973717135854,0.18387558587825437
2019-06-06,30857.041015625,30857.400390625,31541.5,30800.80078125,31523.94921875,274600,0.06425378607251275,0.11988616975413513,0.021619697594590814,0.04195181833811534,0.2432064103800548,0.18833321346895696
2019-06-07,31066.189453125,31066.55078125,31139.599609375,30627.05078125,30943.150390625,0,0.07554029487626379,0.1245545477471437,0.025207551793912764,0.050579121109579184,0.24211263563460958,0.18859279296907253
2019-06-10,31033.638671875,31034.0,31367.400390625,30861.30078125,31259.19921875,0,0.0686455123017855,0.11775427834806784,0.011565497194760965,0.039576999520500866,0.24257481369099576,0.1885820109069405
2019-06-11,31265.0859375,31265.44921875,31399.349609375,30973.349609375,31172.25,0,0.09091083798206534,0.126203932702605,0.01758963817026138,0.04191163828433986,0.23488131787316002,0.1888796951347616
2019-06-12,30965.33984375,30965.69921875,31222.30078125,30911.44921875,31219.30078125,0,0.0741088916063426,0.10723661168698073,0.01314405875207858,0.041141778342381974,0.2399412763324684,0.1900209263325486
2019-06-13,30975.740234375,30976.099609375,31036.900390625,30638.25,30876.75,0,0.08245783299623755,0.089032033813508,0.014603588603703699,0.034803314847074995,0.23679464580619092,0.18736968780789973
2019-06-14,30613.994140625,30614.349609375,31032.650390625,30508.94921875,30983.44921875,0,0.06096102901370615,0.059895818189514394,0.010663864116900568,0.0174330832307783,0.24254229536959898,0.1869880439070822
2019-06-17,30272.8984375,30273.25,30684.05078125,30249.400390625,30652.0,0,0.027948910224819157,0.046680694975975934,0.004717867332828307,0.017685443119144884,0.23830148274456714,0.1886418072323369
2019-06-18,30350.646484375,30351.0,30550.650390625,30222.849609375,30299.44921875,0,-0.013286840545595147,0.0329987392395632,-0.0017255360415476817,0.009838340733235418,0.17931975381051596,0.1860943165552616
2019-06-19,30361.74609375,30362.099609375,30699.150390625,30242.0,30526.5,0,0.0017717602399964782,0.02588178882048897,0.0032790848551503826,0.005881265701572103,0.17139552295115834,0.18556376228435298
2019-06-20,30780.7421875,30781.099609375,30824.55078125,30220.69921875,30390.19921875,0,0.008330346502644081,0.03403840093578303,0.0003349123745817195,0.008081132783842149,0.17646684816932426,0.1872430469991045
2019-06-21,30627.994140625,30628.349609375,30804.94921875,30541.5,30804.94921875,0,0.007210012884840689,0.026687619802585827,0.0014581454903530577,0.009063374778934818,0.17686795233329186,0.18755298948993063
2019-06-24,30601.6953125,30602.05078125,30783.650390625,30528.0,30680.94921875,0,-0.01955943954336281,0.03446465921575248,-0.0073635594415386585,0.013276554953395525,0.14848396421706891,0.18666859846972805
2019-06-25,30846.69140625,30847.05078125,30913.25,30451.400390625,30567.650390625,0,-0.025297284300516698,0.0534763467439312,-0.014538165267622971,0.014530560336859066,0.1420295532918765,0.18589690404682174
2019-06-26,31161.98828125,31162.349609375,31202.69921875,30766.650390625,30809.19921875,0,-0.013784168437318889,0.04284160283028493,-0.006977068337769454,0.011117151591524044,0.14771201146685914,0.1824951234763962
2019-06-27,31269.13671875,31269.5,31490.599609375,31158.80078125,31192.099609375,0,-0.0008324116559599304,0.04162916429247421,0.000815817035421107,0.006985365727472992,0.14448641613757032,0.18240457980329053
2019-06-28,31104.837890625,31105.19921875,31308.900390625,31060.599609375,31281.0,0,-0.013694994022107498,0.022506115764412415,-0.0005481590314816431,0.0035908513413354104,0.14259987712068875,0.18089223320941714
2019-07-01,31371.833984375,31372.19921875,31450.349609375,31246.44921875,31271.0,133200,-0.00010202808044346146,0.03448136839892513,0.004695519160936135,0.017646447931379594,0.14518702545385867,0.18151178044816768
2019-07-02,31282.9375,31283.30078125,31431.349609375,31105.099609375,31414.650390625,0,-0.011700060018502212,0.03060694239686379,0.003045298430604859,0.013779806679173445,0.14163428998064415,0.18164375928871368
2019-07-03,31381.935546875,31382.30078125,31467.150390625,31238.5,31347.69921875,224100,-0.006544989320246275,0.042833453510793484,0.002180966535765494,0.019404994945475984,0.1421287715437824,0.1807157349088813
2019-07-04,31471.484375,31471.849609375,31608.349609375,31428.05078125,31471.0,242986000,0.01991253997328557,0.05239774078101367,0.011215970052441238,0.02232790115349159,0.11311760105315187,0.1801775380724425
2019-07-05,31475.435546875,31475.80078125,31660.75,31323.25,31523.05078125,0,0.01317333240119467,0.046241201827577516,0.018185694659541563,0.033794706438728506,0.11106217500266968,0.17986337306410943
2019-07-08,30603.494140625,30603.849609375,31370.400390625,30536.75,31346.849609375,390500,-0.013860617085293514,0.025416022230258406,0.016677816320978756,0.02937141803576493,0.15090489976723045,0.18854675992140196
2019-07-09,30568.794921875,30569.150390625,30702.099609375,30346.69921875,30533.400390625,259300,-0.02227055249560994,0.01511931510437825,0.01196920415051772,0.025061938465991473,0.14781718751630754,0.1877270940104066
2019-07-10,30521.744140625,30522.099609375,30728.349609375,30428.599609375,30618.05078125,184300,-0.014325515669492694,0.024111248993406775,0.01988353490970507,0.03148324518673251,0.14439123227869285,0.18646407343504606
2019-07-11,30716.193359375,30716.55078125,30788.05078125,30565.349609375,30707.0,173600,-0.0083790028892613,0.031237764731779416,0.01941586279379226,0.03242774157476769,0.14653790723406837,0.1868494226450506
2019-07-12,30601.09375,30601.44921875,30870.94921875,30548.30078125,30789.75,156200,-0.0004213837886352101,0.022141968138122525,0.022482527062051116,0.029953243472053637,0.1409854330329652,0.186801498946983
2019-07-15,30445.595703125,30445.94921875,30695.69921875,30334.19921875,30688.849609375,223000,0.005704680493505032,0.011350530863582398,0.012884229972006334,0.02007567625343476,0.13614237239908716,0.18681704767008014
2019-07-16,30570.4453125,30570.80078125,30635.0,30429.900390625,30532.650390625,369300,0.007241961755790616,0.0012921528979146224,0.00971387644808841,0.011858810412445187,0.13658894514411216,0.18475232753234858
2019-07-17,30735.142578125,30735.5,30799.69921875,30568.30078125,30622.25,367500,0.012298240089750001,0.016943811839711165,0.012636110520407473,0.022499918109934125,0.1377429226777941,0.18384178596467812
2019-07-18,30430.24609375,30430.599609375,30769.349609375,30378.599609375,30705.80078125,352000,-0.011386857664215766,0.025015213585583895,0.008462244064184499,0.024803888747301217,0.1334617949516112,0.18120216180718046
2019-07-19,29770.00390625,29770.349609375,30543.75,29705.75,30515.099609375,287400,-0.028013262580017573,0.0098593404385936,-0.0020112991429932503,0.023396043056401417,0.15302723824142742,0.18631794625630824
2019-07-22,29284.609375,29284.94921875,29635.150390625,29194.099609375,29617.05078125,339800,-0.04303965024811318,-0.01928453180872447,-0.012829329126404998,0.013117423023465635,0.16199930261040243,0.18746685560429918
2019-07-23,29127.76171875,29128.099609375,29365.80078125,29078.150390625,29342.44921875,333500,-0.055724976240511204,-0.014655961440359966,-0.016272396615334306,0.012036646679810414,0.15775362379050892,0.18666708614946004
2019-07-24,28951.9140625,28952.25,29252.400390625,28871.0,29085.44921875,244100,-0.0709221107226814,-0.0353590884102154,-0.022283361825250703,0.005760857302759548,0.15030782253714914,0.18422899244511026
2019-07-25,29042.712890625,29043.05078125,29240.80078125,28931.05078125,28981.05078125,0,-0.07120194498632848,-0.024248440475189037,-0.021428104248928936,0.017970971390342316,0.1501224988935904,0.18367320060408016
2019-07-26,29324.958984375,29325.30078125,29379.099609375,28994.5,29062.5,383600,-0.05722189480230333,-0.012901948700538735,-0.014422994026924818,0.024663900917790027,0.15724128518401764,0.1847998622054211
2019-07-29,29295.560546875,29295.900390625,29592.94921875,29104.849609375,29583.44921875,303500,-0.06618276307782955,-0.0219752518905032,-0.009177686526276485,0.022683101943089867,0.15153346037004325,0.18396398875836437
2019-07-30,28791.265625,28791.599609375,29530.30078125,28737.80078125,29434.849609375,301300,-0.0796495609366269,-0.027916708375520294,-0.010390228460558815,0.01630113564189617,0.1593590849221495,0.18591954781806236
2019-07-31,28875.6640625,28876.0,28979.75,28529.75,28575.44921875,346500,-0.07986351283547188,-0.014073901084574514,-0.012836009531299153,0.0189669479155401,0.15921971798123655,0.18468470612176063
2019-08-01,28366.919921875,28367.25,28819.69921875,28047.349609375,28660.5,0,-0.0986468748392273,-0.02163005208508406,-0.017725285285583037,0.011773870533378639,0.16393599382481458,0.1870938581298803
2019-08-02,28204.62109375,28204.94921875,28544.55078125,27936.349609375,28224.25,319900,-0.1039163891407151,-0.023529853271859413,-0.03501532918164907,0.0034083513127083354,0.1627298057727292,0.18728834670900496
2019-08-05,27647.728515625,27648.05078125,27866.55078125,27389.5,27841.19921875,0,-0.09658258244804396,-0.04794852770269109,-0.036367675493789275,-0.011038832002565169,0.14976682519346474,0.19110279450264567
2019-08-06,28021.7734375,28022.099609375,28148.400390625,27503.900390625,27518.5,291000,-0.0833209542529888,-0.022255782957134596,-0.03073739346719573,-0.004320134887541016,0.163188551343629,0.191531290248503
2019-08-07,27701.728515625,27702.05078125,28175.55078125,27641.849609375,28053.849609375,0,-0.09239367095371154,-0.03909745910552109,-0.03644046075375529,-0.006434103384680312,0.16472949473158896,0.19241251970419954
2019-08-08,28110.123046875,28110.44921875,28227.55078125,27531.05078125,27840.099609375,303600,-0.08484356140959737,-0.01768213785477135,-0.03732090501534702,-0.0065187601826820485,0.17453162268449607,0.19440581516357008
2019-08-09,28431.5703125,28431.900390625,28602.75,28251.75,28293.650390625,336800,-0.07089693081580206,-0.014673227419626289,-0.03256327062320308,-0.0015748962449422255,0.18334645417705456,0.19508417124267424
2019-08-13,27728.77734375,27729.099609375,28358.849609375,27683.5,28356.80078125,0,-0.08923517509192458,-0.05843945645173576,-0.03206568829425016,-0.01624655421336796,0.1984259164951832,0.19675520657840756
2019-08-14,28018.873046875,28019.19921875,28107.05078125,27726.650390625,27885.5,290400,-0.0834653164880449,-0.08909384908190165,-0.029172170880868098,-0.021556418830173785,0.2033317694063362,0.17529687368587818
2019-08-16,28216.671875,28217.0,28251.05078125,27720.94921875,27920.30078125,274000,-0.08194107790665517,-0.06900398449506795,-0.02720737135585305,-0.012526558668232934,0.20446884860016665,0.17396326800012893
2019-08-19,28185.771484375,28186.099609375,28468.900390625,28146.5,28331.25,0,-0.07375799454534959,-0.07667692362026657,-0.026935138289813865,-0.01840415104278692,0.20361523267365783,0.1730867699583576
2019-08-20,27982.123046875,27982.44921875,28215.400390625,27839.650390625,28163.55078125,288200,-0.06005641230568459,-0.07980013949103815,-0.024830806420884755,-0.024893467956519588,0.19267565598611394,0.17343753801065515
2019-08-21,27718.728515625,27719.05078125,28098.900390625,27666.19921875,28021.0,0,-0.05347109963562502,-0.11192612947541014,-0.015793287448191973,-0.03379444833605061,0.18779534211001342,0.16446035039425397
2019-08-22,27033.884765625,27034.19921875,27690.05078125,26975.55078125,27690.05078125,0,-0.07188592523046267,-0.1457754719523079,-0.01984306905410471,-0.046536461438460686,0.20370938027848223,0.1677426083591901
2019-08-23,26958.337890625,26958.650390625,27207.30078125,26560.599609375,26835.349609375,0,-0.06885819269227778,-0.14682146416843733,-0.029647968230969268,-0.0546575416597922,0.20354426497874198,0.16772855694009267
2019-08-26,27951.025390625,27951.349609375,27995.25,26859.349609375,27663.94921875,0,-0.03758906666168127,-0.10685867762003409,-0.020321186789413748,-0.03913730047510966,0.2470739907942647,0.18495640774960567
2019-08-27,28125.82421875,28126.150390625,28277.69921875,27960.80078125,28106.30078125,0,-0.040891324510871296,-0.10815671894367962,-0.025032990506118624,-0.03779360241295293,0.24523042970301154,0.18465868998102944
2019-08-28,27803.978515625,27804.30078125,28095.55078125,27634.650390625,28080.25,0,-0.05091496043768384,-0.1138184553795224,-0.038125790216433475,-0.04028705254846743,0.2474398296282195,0.18559377179236408
2019-08-29,27304.8828125,27305.19921875,27719.05078125,27239.94921875,27694.94921875,0,-0.05162618301141575,-0.13737597775335575,-0.03925851192093832,-0.0430511812787735,0.24804613553150534,0.18707826852109397
2019-08-30,27427.53125,27427.849609375,27586.5,27121.94921875,27407.900390625,0,-0.05015065766120652,-0.13172922480927862,-0.04162844143526656,-0.0486790313513491,0.248570606450468,0.18761793561354131
2019-09-03,26823.837890625,26824.150390625,27247.05078125,26742.599609375,27239.19921875,0,-0.05439722247926748,-0.13070608505392334,-0.03781255860176291,-0.04240216025181254,0.25268028600377834,0.18706750143406925
2019-09-04,27123.53515625,27123.849609375,27278.69921875,26641.349609375,26785.94921875,0,-0.03833013847996258,-0.1269114553346099,-0.02444504578273421,-0.04047979689656034,0.25711796408176657,0.18818113564136205
2019-09-05,26919.38671875,26919.69921875,27243.94921875,26815.400390625,27086.94921875,0,-0.026343685790462423,-0.13257397632435397,-0.024990490489282924,-0.042426628233686925,0.24926371726541108,0.1884741362803085
2019-09-06,27247.583984375,27247.900390625,27311.05078125,26950.55078125,26986.5,0,-0.027628165966942286,-0.12849803628331247,-0.027440939269753217,-0.04330385903006351,0.2482680844292189,0.18975582908303287
2019-09-09,27504.330078125,27504.650390625,27565.55078125,26993.900390625,27240.349609375,0,-0.007125840327987909,-0.11177040775585989,-0.0207180106276057,-0.035914939528425505,0.2480729464528497,0.19061252059845446
2019-09-11,27775.876953125,27776.19921875,27829.650390625,27551.650390625,27639.05078125,0,-0.011890596176494128,-0.10330223724024123,-0.012185181689454927,-0.02957838819023817,0.2447828569686474,0.19209011219258482
2019-09-12,27818.17578125,27818.5,28062.30078125,27764.69921875,27870.80078125,0,-0.021574371821704186,-0.09132480830227507,-0.010156318014669541,-0.020236363123309675,0.24086105026699714,0.19108258400959174
2019-09-13,28098.423828125,28098.75,28126.849609375,27573.44921875,27772.0,0,0.013330775100249603,-0.07182909003823512,-0.00040278216208422535,-0.020745957963540063,0.22635566279764407,0.19147552454218766
2019-09-16,27854.67578125,27855.0,28066.69921875,27798.849609375,27868.0,0,-0.005860239526050415,-0.08223781753484238,-0.0035119350210280897,-0.023391647240183833,0.2256112632911595,0.19191212481894657
2019-09-17,27131.435546875,27131.75,27851.400390625,27047.94921875,27765.099609375,0,-0.03846085693021939,-0.10639414437523143,-0.01762411120870222,-0.03165144168742828,0.2417155374764438,0.1985176315203195
2019-09-18,27172.333984375,27172.650390625,27414.44921875,27088.80078125,27304.69921875,0,-0.03595563887147113,-0.11722937986435589,-0.016663805901738438,-0.03346327515668368,0.24201536273872942,0.1959863132259298
2019-09-19,26757.33984375,26757.650390625,27175.44921875,26643.0,27175.44921875,0,-0.04377025107953414,-0.1263763561574739,-0.015432210295972415,-0.03943579452385959,0.24612277256995133,0.19779790465779434
2019-09-20,28981.21484375,28981.55078125,29418.94921875,26727.55078125,26878.650390625,0,0.04554629269101795,-0.052953967418186476,0.012987472168349834,-0.01658961625317934,0.3794020387158312,0.25968293970029815
2019-09-23,30565.84375,30566.19921875,30801.30078125,29776.30078125,30039.400390625,0,0.13064932944454766,-0.009104648755294042,0.05069191094772307,0.007531711908355665,0.40564683056053363,0.28190949225888096
2019-09-24,30182.748046875,30183.099609375,30668.099609375,29889.55078125,30432.0,0,0.11960721965040655,-0.03142413881735662,0.04953370523726397,-0.00953356957304008,0.40998761070657075,0.2822128351960542
2019-09-25,29585.70703125,29586.05078125,30067.599609375,29470.099609375,30029.05078125,0,0.058483801130186475,-0.05383678084875043,0.02390650089150914,-0.019943446277280286,0.40294277915869964,0.28487406593408177
2019-09-26,30002.25,30002.599609375,30718.349609375,29627.0,29640.55078125,0,0.0667154655965807,-0.03544743763320313,0.024767161191626696,-0.016985126103720605,0.4047420825311361,0.28634745398371975
2019-09-27,29876.302734375,29876.650390625,30112.650390625,29711.349609375,29974.94921875,0,0.07453341933246893,-0.04767115042515624,0.032319353033968046,-0.017904494682707495,0.4020363035545629,0.28579942622048393
2019-09-30,29102.8125,29103.150390625,29754.400390625,28943.44921875,29674.80078125,0,0.06584647698304935,-0.06969054850924483,0.017788751125037194,-0.033096204410243746,0.40882460327082976,0.29048941101574793
2019-10-01,28725.166015625,28725.5,29526.400390625,28077.349609375,29226.150390625,1187300,0.04731141555411833,-0.08465920965353058,0.016771385107108516,-0.03793089787599058,0.4128116261050468,0.2913495204977499
2019-10-03,28413.76953125,28414.099609375,28769.099609375,28240.80078125,28606.69921875,0,0.05927305042644271,-0.09715825532825184,0.01147675756351818,-0.044194060045015804,0.40575552804549,0.2918401692145095
2019-10-04,27731.52734375,27731.849609375,28730.30078125,27653.69921875,28681.900390625,0,0.022415697209508645,-0.11894697129056864,-0.00802323788611825,-0.06506564986313701,0.415580929957485,0.29545820790024263
2019-10-07,27767.228515625,27767.55078125,28185.150390625,27568.349609375,27909.900390625,0,0.031495580823929004,-0.09267784492236375,0.0058224099824373265,-0.055285839544874094,0.4143194554543198,0.2905166816941181
2019-10-09,28785.515625,28785.849609375,28857.69921875,27702.05078125,27901.650390625,0,0.05644285235566815,-0.05833661578625049,0.022906136159649426,-0.037342960792969726,0.430761523443986,0.30058433135922075
2019-10-10,28013.123046875,28013.44921875,28552.75,27914.150390625,28542.94921875,0,0.01849864735231921,-0.0821912785401715,-0.0025409738535555615,-0.05920207288073087,0.4426933796030886,0.30534270832082905
2019-10-11,28042.173828125,28042.5,28604.05078125,27736.80078125,28245.55078125,0,0.009587372957428952,-0.08705569841788008,-0.014819742550240322,-0.0630677008898699,0.4414453042585054,0.3049583566643949
2019-10-14,28181.62109375,28181.94921875,28553.400390625,28043.25,28238.5,0,0.013065018557794295,-0.07906488293101932,-0.01956332688327933,-0.06077017534608098,0.44172190150695617,0.3052082853281752
2019-10-15,28554.767578125,28555.099609375,28694.849609375,28186.25,28257.849609375,0,0.016240922082832787,-0.062105129184493624,-0.015575851419462605,-0.048293860964037205,0.4427415252476816,0.3065461656591693
2019-10-16,28538.46875,28538.80078125,28759.349609375,28305.400390625,28689.44921875,0,0.02454858306408192,-0.06646865466626206,-0.017301737288533126,-0.049439894696198805,0.44136113988366227,0.30635974694839063
2019-10-17,28989.111328125,28989.44921875,29049.05078125,28487.94921875,28596.349609375,0,0.06846956863269038,-0.05680892717704278,-0.0025951802727661732,-0.0481543483000374,0.43169113056764913,0.30801734204152026
2019-10-18,29119.912109375,29120.25,29249.5,28864.099609375,28954.80078125,0,0.07167499604848837,-0.04306026257107698,-0.004076844400141333,-0.04866082966765273,0.4316559582269629,0.3076399014799528
2019-10-22,29410.80859375,29411.150390625,29690.0,29231.19921875,29416.25,0,0.09916790006829967,-0.012065670153799113,0.016630176728475554,-0.026873963988770733,0.42631509290057146,0.3051828070121932
2019-10-23,29459.2578125,29459.599609375,29643.80078125,29214.05078125,29478.849609375,0,0.016494936096873136,0.005963827675452338,-0.012766511131965697,-0.016766197321731013,0.32091886500736905,0.3033180039005095
2019-10-24,29107.611328125,29107.94921875,29693.25,28994.19921875,29604.349609375,0,-0.04770792696742865,-0.0006917852827760251,-0.046190661261565014,-0.022891829323129387,0.25672265924821064,0.3041332491361423
2019-10-25,29395.607421875,29395.94921875,29452.099609375,28923.80078125,29228.650390625,0,-0.026079176784762903,0.015325206806034108,-0.025708126525444852,-0.012409002322845142,0.2573011953383337,0.30452916830211757
2019-10-29,29872.703125,29873.05078125,29997.650390625,29385.44921875,29527.599609375,0,0.009700517386453056,0.028578264943703635,-0.02060047456686398,-0.01894147130115642,0.25445797461956987,0.3062077702327374
2019-10-30,29987.15234375,29987.5,30151.099609375,29753.0,30005.69921875,0,-0.0005032767017388862,0.022581156922809598,-0.024087642148380328,-0.027027575065590614,0.2498237120798378,0.30569129126569633
2019-10-31,30065.900390625,30066.25,30415.650390625,29987.150390625,30168.650390625,0,0.006346079861566212,0.026295474762793702,-0.025363189474199244,-0.03521473043385015,0.2494835194767565,0.30571192986230317
2019-11-01,30330.19921875,30330.55078125,30409.0,30028.900390625,30196.150390625,0,0.042174141773338114,0.05345139529426812,0.005906659935079439,-0.019184611559481812,0.23027614448704756,0.30389819286582237
2019-11-04,30332.74609375,30333.099609375,30607.05078125,30227.25,30415.900390625,0,0.055964199382952495,0.050460576581763394,0.004784224729097897,-0.023590494176241705,0.22344969273003348,0.30387176241403674
2019-11-05,30219.498046875,30219.849609375,30452.69921875,30091.349609375,30403.25,0,0.06355119552703359,0.06530769141792026,0.010236700625805062,-0.02004751762693413,0.21906291974135006,0.3015557316713315
2019-11-06,30609.244140625,30609.599609375,30699.0,30013.650390625,30225.19921875,0,0.10377057572918424,0.0852563276031868,0.03295916565848911,-0.0028285500919538187,0.195921685120101,0.3021672266253932
2019-11-07,30632.794921875,30633.150390625,30821.349609375,30462.55078125,30722.599609375,364800,0.10319958112078043,0.10796781418671997,0.023600664762463808,0.0021505847345302254,0.19605810606256704,0.2988932064803876
2019-11-08,30749.04296875,30749.400390625,31108.400390625,30504.05078125,30571.30078125,0,0.06821236155595378,0.09732678204946366,0.015632601785861455,0.009650633749507032,0.15790583361829186,0.2979284298513576
2019-11-11,31115.189453125,31115.55078125,31205.19921875,30625.80078125,30664.650390625,0,0.11073615170614892,0.1232219241439847,0.05030645915703258,0.02576439613398973,0.11204312234958333,0.29740391661780075
2019-11-13,30541.1953125,30541.55078125,31198.5,30488.099609375,31084.75,0,0.08911654742801112,0.086483910078478,0.04175714610958403,0.013245419471622055,0.14006921738901348,0.2991429477940861
2019-11-14,30749.591796875,30749.94921875,30789.19921875,30338.349609375,30615.80078125,0,0.0911221569546885,0.08152985893582199,0.04430598747783354,0.012900406888131988,0.14034177143897336,0.2986374006484138
2019-11-15,31008.0390625,31008.400390625,31165.44921875,30860.69921875,30912.400390625,0,0.0859146287286825,0.11826207224345975,0.04503799803044073,0.029518347901370312,0.13736179188645478,0.29386330086997897
2019-11-18,30991.740234375,30992.099609375,31203.55078125,30901.849609375,31036.80078125,0,0.08596362709595073,0.10610226107516962,0.04928358522574827,0.02857314987327375,0.13734144179989163,0.2933592657807231
2019-11-19,31235.88671875,31236.25,31298.05078125,30974.30078125,31045.150390625,0,0.07750408654872953,0.10700109862848639,0.04697246857357662,0.026233903307939066,0.13129553496270227,0.2934273000837461
2019-11-20,31353.484375,31353.849609375,31471.650390625,31205.55078125,31292.349609375,0,0.07670262478429968,0.11238695824896516,0.04778354150878883,0.0268787498023213,0.13126425796096677,0.29339878147217036
2019-11-21,31349.583984375,31349.94921875,31463.150390625,31243.0,31413.25,0,0.06592053701996647,0.12034328995560406,0.0331246002333736,0.03398580691802566,0.1297666487314208,0.292825252978059
2019-11-22,31111.23828125,31111.599609375,31394.19921875,31055.19921875,31389.599609375,0,0.05607679744141136,0.12239051239156518,0.029336180616706953,0.031198321242295934,0.13529396416593428,0.2925467425834468
2019-11-25,31555.533203125,31555.900390625,31591.599609375,31049.75,31065.099609375,0,0.0840990601391507,0.16725855777295973,0.041694901557387976,0.043214518701548466,0.1292622057349748,0.2881241275907301
2019-11-26,31717.98046875,31718.349609375,31850.349609375,31465.849609375,31692.849609375,0,0.07900409588215207,0.1765555452436598,0.03982905212445842,0.06497445962689974,0.12752470208073718,0.28795054050593866
2019-11-27,31875.578125,31875.94921875,31916.80078125,31734.5,31832.75,0,0.06704700005923514,0.1404082330270977,0.040419818383151895,0.04609960858592643,0.11913002439121366,0.2794428564905851
2019-11-28,32122.576171875,32122.94921875,32157.05078125,31905.900390625,31981.69921875,498300,0.07121131200500219,0.1421025903871016,0.045286945326511896,0.047931689151615275,0.12017885859437426,0.2795511786875911
2019-11-29,31945.728515625,31946.099609375,32086.94921875,31770.80078125,32074.150390625,0,0.0625235807383695,0.14896252420481826,0.04748671622299683,0.05753204367073561,0.12431792559740458,0.2785631772235156
2019-12-02,31871.078125,31871.44921875,32024.099609375,31720.599609375,32008.30078125,0,0.050803509920188006,0.1672300562035247,0.037549293050145316,0.06676693313905768,0.12378272489678359,0.2754811670333442
2019-12-03,31612.982421875,31613.349609375,31936.599609375,31502.94921875,31920.099609375,0,0.04220636916394516,0.15260037004757998,0.037776332945925306,0.06451834384727606,0.1292058581380614,0.27632015175861396
2019-12-04,31978.9296875,31979.30078125,32017.75,31444.0,31549.30078125,516800,0.05822170509178082,0.19218317506998162,0.04764875188675188,0.07685521688945429,0.1314348367576721,0.27210110579308794
2019-12-05,31712.580078125,31712.94921875,32126.94921875,31628.30078125,32083.80078125,393300,0.036045868729268404,0.16919057123030345,0.031670942434294025,0.06095748323562855,0.13159408942309164,0.27252689840086264
2019-12-06,31341.185546875,31341.55078125,31883.69921875,31250.650390625,31797.150390625,485400,0.023125286873589168,0.16426080865792558,0.0306635343966859,0.06529238428865058,0.14012405128212269,0.27333609252100205
2019-12-09,31316.287109375,31316.650390625,31537.650390625,31122.05078125,31321.400390625,494500,0.018447514188697722,0.1493234319588128,0.015982848525917248,0.05876234345323206,0.1399209402949328,0.2726826558072355
2019-12-10,31159.98828125,31160.349609375,31412.80078125,31126.0,31386.400390625,505400,0.0014397568739807909,0.1329120409396678,0.00619491929093452,0.0553199173780452,0.13517281768877032,0.2726853886885561
2019-12-11,31256.38671875,31256.75,31337.849609375,30996.400390625,31151.650390625,815400,0.023417252904822217,0.125306949083966,0.017530635912835324,0.046068642511997826,0.11595721662145243,0.27221730750072626
2019-12-12,31665.08203125,31665.44921875,31711.44921875,31352.099609375,31356.80078125,529700,0.02977240689040772,0.1382874424843179,0.021374549848021562,0.04823754468158348,0.1218834525262114,0.27315022636601577
2019-12-13,32013.876953125,32014.25,32105.05078125,31770.5,31775.55078125,390500,0.0324379715400962,0.1393478357578184,0.016360395924222226,0.04808664984619049,0.12414969535600007,0.27327138024812225
2019-12-16,31973.828125,31974.19921875,32186.94921875,31897.75,32159.0,306000,0.03168870846936489,0.1478800652934842,0.017430624804717576,0.05241496825049796,0.1243408708873979,0.27242830574357174
2019-12-17,32139.876953125,32140.25,32213.349609375,31987.349609375,32082.400390625,259900,0.028940733922926176,0.18459922415620067,0.010105012448005324,0.06004290489131647,0.12290433862981551,0.26586992890020206
2019-12-18,32243.875,32244.25,32293.650390625,32017.30078125,32292.25,258800,0.02839843916195739,0.18664353813365153,0.009851149073947907,0.05925265749107589,0.1227858999122943,0.26585692862693217
2019-12-19,32241.07421875,32241.44921875,32328.349609375,32085.05078125,32281.650390625,436900,0.028437047657697834,0.20494321242968105,0.004097971826337865,0.059690576323013333,0.12277978976326213,0.26320846533076875
2019-12-20,32384.572265625,32384.94921875,32443.349609375,32199.44921875,32266.849609375,535200,0.04092845193955563,0.11743327550649485,0.010931187927534891,0.028948097658599847,0.11839878486729903,0.20912637404052023
2019-12-23,32339.07421875,32339.44921875,32502.80078125,32196.849609375,32381.0,391500,0.02483050137773235,0.058013428078171,0.009176706989079353,0.0008980513146537028,0.1097533608853133,0.1796913349467295
2019-12-24,32280.375,32280.75,32390.349609375,32246.05078125,32337.80078125,330800,0.017731073575744105,0.06949751409803717,0.0030397615721551308,0.015446876482338778,0.10924272691217543,0.17756306608636457
2019-12-26,31997.328125,31997.69921875,32314.599609375,31963.25,32276.150390625,339800,0.0038194941008495853,0.0815130229894816,0.0016832863642912699,0.021518477644355105,0.11327893344287521,0.17331838755512496
2019-12-27,32411.97265625,32412.349609375,32444.849609375,32056.25,32142.5,332400,0.009009147592714761,0.08031804014899491,0.0012198098740798802,0.022018157856034337,0.11915082106756499,0.1729875597737929
2019-12-30,32354.5234375,32354.900390625,32613.099609375,32248.5,32486.599609375,0,0.012796578807700021,0.08294939250544808,-0.003775997444416701,0.018371268610850144,0.11739063174813306,0.17272918490517072
2019-12-31,32161.27734375,32161.650390625,32345.94921875,32108.75,32345.94921875,251400,0.009105364801054394,0.10509171546545826,-0.0008753790487021629,0.04460951473365227,0.11931765603126503,0.16367971251534041
2020-01-02,32443.47265625,32443.849609375,32465.44921875,32121.400390625,32133.150390625,253600,0.026270547419426693,0.12944420843414384,0.002258942201051717,0.0482551334446617,0.11823960908386777,0.16138292214500155
2020-01-03,32068.876953125,32069.25,32329.80078125,31960.400390625,32326.94921875,217600,0.002812732503605586,0.12863861395836773,-0.012419945882319094,0.047973032322783604,0.12022134642083065,0.16163349633539387
2020-01-06,31236.787109375,31237.150390625,31914.44921875,31170.55078125,31910.44921875,256200,-0.015003298016940336,0.1263998193638336,-0.012893983539676412,0.05317224785775965,0.15015243482615453,0.1630594708776206
2020-01-07,31399.03515625,31399.400390625,31851.44921875,31200.900390625,31598.05078125,294400,0.0018457800566016314,0.13079474088249077,-0.009180533352994402,0.047519847641348534,0.14563790597557905,0.16318360177709776
2020-01-08,31373.28515625,31373.650390625,31451.849609375,30899.55078125,30995.5,304500,0.0018201180295152053,0.08989836382689931,-0.005539011551636719,0.026959184544081083,0.14564000350337114,0.14710369501308024
2020-01-09,32092.02734375,32092.400390625,32172.69921875,31667.150390625,31748.25,308000,0.029911435299480038,0.14560688832080237,-0.0003750325377800401,0.05825576139553457,0.16465095316127698,0.1410078092628928
2020-01-10,32097.02734375,32097.400390625,32347.19921875,31953.400390625,32215.69921875,444700,0.02689500317931337,0.14459839139252928,-0.002210373553407141,0.06041035007975526,0.1645984834558597,0.14105214188469714
2020-01-13,32177.27734375,32177.650390625,32322.650390625,32074.05078125,32139.099609375,291400,0.016175395723478703,0.14178228556371764,-0.013707329166384952,0.05463068453393616,0.15885028153978803,0.14094032697279604
2020-01-14,32071.27734375,32071.650390625,32196.44921875,31989.19921875,32196.44921875,438900,0.0017929637778488772,0.12314965905758823,-0.021008926309727283,0.041422716646005275,0.1547730842580305,0.13950980884651393
2020-01-15,31824.53125,31824.900390625,32000.900390625,31670.349609375,31994.75,545700,-0.004669353158888501,0.11514497874535667,-0.028673899775276568,0.038444018810996905,0.1572027257130289,0.14082258962552505
2020-01-16,31853.529296875,31853.900390625,31988.900390625,31692.400390625,31810.55078125,253700,-0.008909377163369925,0.09881012744534345,-0.024569056571507986,0.032425941178199524,0.15597837821140265,0.13783897079662086
2020-01-17,31590.283203125,31590.650390625,31773.55078125,31445.5,31571.650390625,308100,-0.020270268633167166,0.0848344499317486,-0.030964341411607754,0.02562428832540231,0.1577315186786469,0.13916617649246305
2020-01-20,31080.2890625,31080.650390625,31923.94921875,31050.94921875,31923.94921875,282200,-0.03600330804764007,0.05676418561758001,-0.0331361587646225,0.0018642027246051907,0.16667044379092394,0.1425890802016223
2020-01-21,30947.19140625,30947.55078125,31171.25,30858.599609375,30978.849609375,227500,-0.044384767374215484,0.050508193987859995,-0.036077086599178854,0.0017538727527226516,0.16518621977563272,0.14297868129350874
2020-01-22,30701.091796875,30701.44921875,31149.05078125,30614.0,31061.599609375,200600,-0.05065021327111252,0.0547444956710843,-0.03794102411085076,0.009478251569403628,0.16637587129740827,0.14166812284620267
2020-01-23,31003.689453125,31004.05078125,31087.25,30621.349609375,30742.19921875,343800,-0.03954986234055902,0.054704869386367205,-0.03674990688912072,0.00321537114856163,0.17211861020522218,0.1416579973764028
2020-01-24,31241.38671875,31241.75,31375.44921875,30879.05078125,31040.099609375,424600,-0.023625111717627156,0.04581718917068467,-0.03366095845661121,0.006671836008800502,0.17340852125655065,0.13880952847340366
2020-01-27,30837.041015625,30837.400390625,31227.05078125,30808.55078125,31110.55078125,309900,-0.048591022796275696,0.028341822113380655,-0.038236468033836846,0.005131920162926962,0.16987132043660683,0.14148405383330767
2020-01-28,30761.04296875,30761.400390625,31048.44921875,30656.349609375,30922.0,239600,-0.04925065386576577,0.023120621648027306,-0.03292785201492765,0.008104805421293104,0.1698503570269004,0.14153718782025113
2020-01-29,30876.640625,30877.0,31082.849609375,30835.80078125,30915.099609375,268800,-0.039943546895823245,0.018016462104203157,-0.03674263020657187,-0.002075072256826127,0.17073183755195956,0.14064204812496056
2020-01-30,30647.044921875,30647.400390625,30909.5,30521.30078125,30889.25,328900,-0.0553710253369839,0.010361644055421948,-0.035309441361253024,0.0024479326885149533,0.1668115440575785,0.14153877270208143
2020-01-31,30833.2421875,30833.599609375,31033.44921875,30691.80078125,30950.5,333400,-0.03853069188163116,0.020309498820589633,-0.016893467229092685,0.016541884504589488,0.16628854502862436,0.14180605227418447
2020-02-03,30022.900390625,30023.25,30105.80078125,29612.55078125,29811.75,337100,-0.03886079157173439,-0.019155742540174048,-0.01508456961766158,0.002417743971755204,0.16695788845095785,0.14979755633810468
2020-02-04,30686.341796875,30686.69921875,30776.94921875,30182.44921875,30235.30078125,336600,-0.022697922986064212,0.0017480679408470312,-0.016616440568920643,0.004445310675376568,0.18586967040713712,0.15653659306303963
2020-02-05,31001.58984375,31001.94921875,31065.849609375,30630.849609375,30761.94921875,427600,-0.011847558930728419,0.008213130172190164,-0.01715308295476692,-0.006986543501942943,0.1902091176801208,0.1577468447025398
2020-02-06,31303.6875,31304.05078125,31470.650390625,30917.25,31070.75,334000,-0.024564993574157756,0.006058064063374724,-0.018183949785332998,-0.012786183095885084,0.17408595801520996,0.1571286655039778
2020-02-07,31201.5859375,31201.94921875,31368.19921875,31111.05078125,31367.05078125,254400,-0.02789793444258315,0.021622950394039275,-0.014970400515505244,-0.0001582665198749389,0.1741449912881981,0.15239501425355675
2020-02-10,31057.7890625,31058.150390625,31248.80078125,30957.19921875,31248.650390625,239700,-0.0347912288936475,0.01002281888930967,-0.010617612710663527,-0.003403651227158022,0.17385666942106362,0.152129422343858
2020-02-11,31300.236328125,31300.599609375,31505.94921875,31225.900390625,31230.19921875,198900,-0.02404150618564327,0.00942322774051707,-0.003462858354595033,-0.008436558297359564,0.17698173650880034,0.15199746224639307
2020-02-12,31492.53515625,31492.900390625,31588.599609375,31398.150390625,31441.150390625,226000,-0.010432082926418285,0.016158982049041537,0.0010802040327817508,-0.010489189545261901,0.1770556786339929,0.15248032006155082
2020-02-13,31229.88671875,31230.25,31649.44921875,31180.599609375,31586.55078125,303000,-0.019578462385364537,-0.00019208451718755182,-0.004941287898293956,-0.01983603967027847,0.17911351459565614,0.1526601474057533
2020-02-14,30834.443359375,30834.80078125,31436.650390625,30776.099609375,31281.849609375,341400,-0.023926370620065196,-0.01655454863092154,-0.004585968055585976,-0.02608447918072354,0.1821878066237415,0.15465629961673108
2020-02-17,30680.341796875,30680.69921875,30998.150390625,30630.5,30873.849609375,0,-0.012868172539775347,-0.02134772197971313,0.001754042826508151,-0.027814702656857593,0.17403907455861714,0.1549593779536545
2020-02-18,30562.14453125,30562.5,30692.75,30252.44921875,30661.5,398900,-0.012442043765327204,-0.017649353175962612,0.002130824024130007,-0.02420441317180211,0.17392592689274586,0.1543950869369363
2020-02-19,30837.83984375,30838.19921875,30947.150390625,30606.150390625,30905.0,268800,0.004454187130569887,-0.02274380268002818,0.002884834167633743,-0.027063122744217072,0.17482925874839117,0.15267087355763814
2020-02-20,30942.490234375,30942.849609375,31085.30078125,30702.44921875,30862.30078125,273100,-0.0019739734109844864,-0.024449569714396047,0.006194921833485023,-0.028034092784616993,0.1716162160440035,0.15244298316735552
2020-02-24,30454.74609375,30455.099609375,30702.150390625,30428.0,30666.349609375,254200,-0.02517945987740766,-0.04457434662178561,0.009017230210972338,-0.02215417255676788,0.17775821741811423,0.15526679993610926
2020-02-25,30432.345703125,30432.69921875,30610.69921875,30329.94921875,30517.0,215900,-0.013123712334650484,-0.05261814500560891,0.013371840877248187,-0.023546823472748613,0.17224949195030828,0.15425832403761416
2020-02-26,30306.498046875,30306.849609375,30515.349609375,30131.75,30279.94921875,291000,-0.014776660863220381,-0.05131299344972118,0.0165194630605362,-0.019996782020277215,0.17258519294004532,0.15410795485016493
2020-02-27,30186.6484375,30187.0,30271.94921875,29914.150390625,30270.0,358000,-0.022346730576156992,-0.052851353171572635,0.01856181431955184,-0.018414641969975776,0.17209163942906744,0.1542095504591818
2020-02-28,29146.8125,29147.150390625,29564.099609375,29051.5,29501.55078125,386900,-0.048951949623072255,-0.07801132272357003,0.020345464609646036,-0.011941873955973126,0.2093861933895602,0.16878058726399234
2020-03-02,28868.064453125,28868.400390625,29791.150390625,28571.69921875,29701.0,368300,-0.0637356404586793,-0.09727856190179662,0.005595801048881577,-0.021679868817970904,0.2082667828010079,0.16745015449776954
2020-03-03,29176.7109375,29177.05078125,29285.349609375,28749.55078125,29012.55078125,367300,-0.02818479740700952,-0.07996413137131608,0.006373114126084878,-0.020463651881939326,0.19442637265177717,0.16874530013109237
2020-03-04,28653.365234375,28653.69921875,29273.650390625,28125.150390625,29252.94921875,425800,-0.06625020128452941,-0.08576000534434303,-0.005426189993246178,-0.029517082893309232,0.18230876824741504,0.1708908265253353
2020-03-05,28815.015625,28815.349609375,29134.30078125,28535.599609375,28830.30078125,1075700,-0.070531036417947,-0.07987127454725473,-0.0026891811903855256,-0.023871274547254684,0.17843472639231345,0.17150853377864253
2020-03-06,27801.126953125,27801.44921875,28047.19921875,27162.30078125,27649.94921875,1568100,-0.11188972273830877,-0.1077940534278996,-0.017269133469163922,-0.03464196992623669,0.20449881433739897,0.18535287868327566
2020-03-09,26462.29296875,26462.599609375,27091.599609375,25923.400390625,27031.44921875,1059000,-0.15189274157676702,-0.15337968248858247,-0.015766784959814983,-0.030904302458057642,0.25558758922827923,0.20897863742431236
2020-03-11,26487.4921875,26487.80078125,26791.44921875,26234.099609375,26272.75,723300,-0.14715459716347357,-0.16351097379771795,-0.016406177650112763,-0.037097281725291587,0.2573922869869169,0.20654158187608299
2020-03-12,23970.87109375,23971.150390625,25223.099609375,23536.349609375,25175.900390625,760600,-0.2341632208398564,-0.2512349847138383,-0.026220479425377752,-0.044681519802404535,0.4089509317728844,0.2846514316899669
2020-03-13,25166.15625,25166.44921875,25670.75,21351.69921875,22720.75,783400,-0.20088499609131893,-0.21291385449327738,-0.016804744636804148,-0.03880080723544521,0.4604343392934115,0.304978714324466
2020-03-16,23100.8828125,23101.150390625,24074.150390625,23008.25,24061.599609375,481900,-0.2602956943788475,-0.28123924391922905,-0.01575068450385264,-0.03729353003719038,0.530456973494693,0.3471785954092811
2020-03-17,22154.892578125,22155.150390625,23449.5,22002.0,23348.05078125,537700,-0.2814887779622989,-0.31289608563930005,-0.021744416125359045,-0.04659812407806574,0.5387333475617795,0.3545327684917034
2020-03-18,20579.9609375,20580.19921875,22544.05078125,20267.94921875,22411.849609375,875300,-0.3292134878669013,-0.3616850446418024,-0.03226350878721851,-0.05246864210086166,0.5733709167738712,0.3802596529019344
2020-03-19,20083.265625,20083.5,21035.05078125,18675.650390625,19428.94921875,476600,-0.34287116564417175,-0.3798508108089852,-0.03192267244529745,-0.053219862360501136,0.5703489322659645,0.380995837633426
2020-03-20,20317.36328125,20317.599609375,20924.55078125,19265.0,19898.30078125,501800,-0.34115479748825106,-0.3717394668059122,-0.06237548325884701,-0.08491148738143561,0.5722391803032103,0.3828772295470283
2020-03-23,16917.453125,16917.650390625,18895.650390625,16791.05078125,18311.30078125,307600,-0.45326139627749973,-0.4759213961687693,-0.0832046739501463,-0.09896932848629625,0.8036243499008269,0.5248650572493309
2020-03-24,17107.1015625,17107.30078125,17841.400390625,16116.25,17705.849609375,391700,-0.4382779567076558,-0.46535841016889523,-0.09774078213285353,-0.10866173471979224,0.8156459694572079,0.5267733116591388
2020-03-25,18480.8359375,18481.05078125,18740.19921875,16635.5,16759.94921875,394600,-0.39272390370606447,-0.429814530449699,-0.0977518607131127,-0.10905555529407518,0.8944364092342577,0.5547139156502124
2020-03-26,19613.671875,19613.900390625,20409.349609375,18364.5,18781.849609375,482900,-0.3528228554459282,-0.3937888803914158,-0.09276807061161729,-0.09887669321039017,0.9413521116363616,0.572227702709202
2020-03-27,19968.767578125,19969.0,21462.400390625,19580.099609375,20801.599609375,539400,-0.3384900785106172,-0.37910524623385344,-0.08292632148532808,-0.09080228743439023,0.9500153465372385,0.5747443310733303
2020-03-30,18782.181640625,18782.400390625,19716.25,18668.69921875,19254.44921875,327000,-0.35560080011573814,-0.4210797850204058,-0.0948691831250894,-0.09531562857354059,0.9597853551991937,0.5838972365203345
2020-03-31,19143.77734375,19144.0,19466.30078125,18792.400390625,19307.650390625,309800,-0.33685276146381127,-0.4030418547362349,-0.10914621995340279,-0.10623935571266552,0.9700285750070583,0.5867143595893726
2020-04-01,18208.138671875,18208.349609375,19154.75,18042.25,19122.400390625,274900,-0.375935911210183,-0.4170931284807672,-0.1061474376942132,-0.10530838140679866,0.9681002758277958,0.5917908411473571
2020-04-03,17249.099609375,17249.30078125,18326.099609375,17143.19921875,18325.05078125,342500,-0.39800789246916335,-0.4506487204640962,-0.11650400878660183,-0.12133927121667143,0.9738202491695319,0.5981642983465713
2020-04-07,19062.279296875,19062.5,19190.55078125,17953.75,18454.55078125,435400,-0.3384602214301067,-0.3924041428823911,-0.11867143762608678,-0.12354298548685672,1.066771361339256,0.6390143679957195
2020-04-08,18946.228515625,18946.44921875,20324.099609375,18482.900390625,18799.400390625,508400,-0.31850857594962945,-0.4096281677862671,-0.11461300742807956,-0.12580542204041623,1.066384546672851,0.6357738804255051
2020-04-09,19913.3671875,19913.599609375,19988.30078125,19166.900390625,19553.150390625,390000,-0.24748135469199561,-0.37958839759523455,-0.11931255709409949,-0.12300434105710278,1.0870363652775972,0.6467949552396212
2020-04-13,19487.7734375,19488.0,19887.05078125,19294.0,19854.900390625,288200,-0.26426507957599,-0.39436224325198543,-0.12422924937744106,-0.12381706940919679,1.0858098070610693,0.6470171627904886
2020-04-15,19056.830078125,19057.05078125,20184.099609375,18776.75,20096.349609375,389900,-0.205000574828352,-0.4057976265910953,-0.1356741765074836,-0.12777492415697633,1.0397010994871885,0.6475597841510592
2020-04-16,19399.775390625,19400.0,19520.30078125,18703.44921875,18957.150390625,350300,-0.22913241230923298,-0.3904144314080913,-0.13245927949989422,-0.11897162008403905,1.0216569821187098,0.6498348576261487
2020-04-17,20681.208984375,20681.44921875,20866.55078125,19729.30078125,20394.75,475000,-0.10474375219240051,-0.3507404441800538,-0.11228388379803211,-0.10075056113201852,1.0186218963994815,0.6662712304130584
2020-04-20,20522.412109375,20522.650390625,21122.099609375,20444.25,21104.69921875,438600,-0.07368489814859469,-0.35035682593241557,-0.10656079502756532,-0.10016151105447368,1.0096654844367463,0.6662681651375221
2020-04-21,19409.123046875,19409.349609375,19891.44921875,19247.94921875,19812.05078125,311900,-0.05689204448071006,-0.3755166199729999,-0.1174260519490703,-0.11022262868577604,0.9950739390580587,0.6734477320019713
2020-04-22,19701.62109375,19701.849609375,19806.349609375,19051.94921875,19306.94921875,349400,-0.019003181249533152,-0.363379359205652,-0.13080268237063397,-0.1183023943769409,0.9936067466333515,0.6750353647835055
2020-04-23,20267.712890625,20267.94921875,20356.5,19584.400390625,19871.349609375,325400,-0.0024437134100275815,-0.33983737789250834,-0.06744324832444348,-0.10914249234089646,0.998176731950695,0.6790204880835639
2020-04-24,19586.421875,19586.650390625,19950.150390625,19515.400390625,19697.650390625,305700,0.15776422484052754,-0.36825511837729874,-0.04513980467558554,-0.1198263527184723,0.7435286411654023,0.6803765534277867
2020-04-27,20080.916015625,20081.150390625,20224.75,19847.650390625,19870.80078125,299900,0.17383511562703147,-0.3572334971432458,-0.01604317474229111,-0.1150805205700619,0.7460746941661139,0.6829553635281179
2020-04-28,20670.859375,20671.099609375,20751.30078125,20260.80078125,20436.599609375,367800,0.11850239762053572,-0.32967437762168494,-0.009301161132419189,-0.10373992681097444,0.7052204940280781,0.6868772610478007
2020-04-29,21089.953125,21090.19921875,21348.150390625,20393.650390625,20440.400390625,400600,0.07526798845326232,-0.3143940473796649,-0.030258212988846678,-0.10682173895932234,0.6786464564504511,0.6890156394850135
2020-04-30,21534.25,21534.5,21967.0,21353.650390625,21589.19921875,471500,0.07839651459762642,-0.3025714933445607,-0.060127245181248234,-0.11545746478814867,0.6795369818957998,0.6909680335048413
2020-05-04,19743.521484375,19743.75,20530.44921875,19643.599609375,20514.75,328800,0.05118353295539624,-0.35577733353072294,-0.07107080987111258,-0.12793208442484505,0.7170027995483041,0.7105446833845701
2020-05-05,19271.525390625,19271.75,20223.150390625,19212.349609375,20147.30078125,381300,0.006673109068115357,-0.3749756679677323,-0.06402557481720339,-0.14453953300697164,0.7201794874107041,0.7108154474818286
2020-05-06,19694.322265625,19694.55078125,19806.599609375,18941.0,19302.44921875,395600,0.08162195936252203,-0.34402335585754373,-0.041606203423770305,-0.135873310273674,0.6982470827697644,0.7122558116917328
2020-05-07,19491.57421875,19491.80078125,19757.25,19332.150390625,19536.05078125,300100,0.13000526968824144,-0.3648127274196946,-0.007955841045018897,-0.13270239904871528,0.666568978581344,0.7097310236387485
2020-05-08,19352.67578125,19352.900390625,19969.599609375,19285.05078125,19844.0,0,0.015234118852458955,-0.375752142096912,-0.037005342770852545,-0.14102511009426888,0.5676659151388807,0.7087640028455586
2020-05-11,18950.279296875,18950.5,19733.400390625,18900.900390625,19610.44921875,342600,0.00021380160489337108,-0.39463106125068426,-0.055845657782161995,-0.15581396665431202,0.5725009219765942,0.7083100664342233
2020-05-12,18862.630859375,18862.849609375,18993.400390625,18287.0,18751.400390625,395400,-0.05276544776491965,-0.39545925553779626,-0.06205543233823574,-0.15560837517979287,0.541496549137485,0.7082735336209488
2020-05-13,19634.720703125,19634.94921875,20122.25,19429.900390625,20017.75,520800,0.0075404976780582,-0.3678004333227496,-0.03578913448593579,-0.147715639630151,0.5570319309320954,0.7151903040990285
2020-05-14,19068.279296875,19068.5,19380.099609375,19024.75,19197.69921875,333000,0.000600786495319916,-0.39079441806320225,-0.023762562643752982,-0.14590056405356078,0.5612977189753927,0.7158090021494751
2020-05-15,18833.73046875,18833.94921875,19119.099609375,18683.650390625,19098.80078125,240600,-0.02917787532216498,-0.40196206176181204,-0.0451962242030568,-0.1508104916798153,0.5588258048967408,0.7152249517837628
2020-05-18,17572.994140625,17573.19921875,18795.099609375,17514.19921875,18795.099609375,434800,-0.15029169218867078,-0.43730199986391405,-0.10243241034768014,-0.16202506926673477,0.5519817325206718,0.7259674901547896
2020-05-19,17486.046875,17486.25,18175.30078125,17390.650390625,18037.150390625,415500,-0.14795361870083146,-0.43290536805955226,-0.10662817981521466,-0.1659004657577221,0.5520966305335943,0.7259980327702332
2020-05-20,17839.9921875,17840.19921875,18002.650390625,17407.69921875,17486.5,326200,-0.08084507838774146,-0.4185204485871933,-0.09032011944730378,-0.17119357546078995,0.530251420329864,0.7284637514038617
2020-05-21,17734.892578125,17735.099609375,18200.69921875,17658.55078125,17901.94921875,347600,-0.09982565286987743,-0.41971044222903886,-0.09100371319113232,-0.17903918936266405,0.5253955218064609,0.7284136727142613
2020-05-22,17278.69921875,17278.900390625,17952.25,17105.0,17554.25,484800,-0.14747662902963132,-0.43969165423514034,-0.11798840399971233,-0.185141452502376,0.5146416497700214,0.7282445830072691
2020-05-26,17440.146484375,17440.349609375,17681.69921875,17311.25,17537.650390625,336800,-0.10957977696264543,-0.43636898897343446,-0.09588684453794272,-0.1837543216805615,0.5083762266195896,0.7287974515763923
2020-05-27,18710.333984375,18710.55078125,18874.25,17560.349609375,17603.400390625,538000,-0.06825304241607955,-0.38563488475702357,-0.07177053175729997,-0.17307548932855832,0.5668946824580908,0.7467821687759059
2020-05-28,19169.578125,19169.80078125,19455.55078125,18818.94921875,18924.44921875,561100,-0.07262791319742434,-0.3700919973132313,-0.0842685035675268,-0.17448085424205784,0.5635535013208043,0.7495873451478496
2020-05-29,19297.025390625,19297.25,19358.05078125,18729.900390625,18962.0,581700,-0.08501338466049191,-0.3632710014824284,-0.08783440518360286,-0.18360750057798858,0.5580026663145213,0.7501305508562821
2020-06-01,19959.66796875,19959.900390625,20225.349609375,19632.900390625,19728.900390625,558100,-0.07311985926652576,-0.33879151983883793,-0.06969690379406579,-0.1834487156127893,0.5675672029793388,0.7548647684635174
2020-06-02,20529.9609375,20530.19921875,20615.75,19852.55078125,20120.599609375,448300,0.0398328189300412,-0.2956361447480159,-0.03393913021452222,-0.18648798569920655,0.4852814879977459,0.7559110230685864
2020-06-03,20940.455078125,20940.69921875,21619.55078125,20822.0,20966.599609375,616900,0.08660081304240652,-0.274615187007366,-0.00638065819612077,-0.17839455910208646,0.4789243802996012,0.7576852122009499
2020-06-04,20390.212890625,20390.44921875,21141.80078125,20316.19921875,20932.349609375,587900,0.03533456767963061,-0.3011476940687412,-0.04644812729104486,-0.18841953350238283,0.4861081884289333,0.758175565028238
2020-06-05,21034.255859375,21034.5,21198.69921875,20425.05078125,20516.400390625,637400,0.0791460592103932,-0.265906302728419,-0.023375462681675563,-0.16735065350834966,0.49463021343580227,0.7615108770312271
2020-06-08,21187.103515625,21187.349609375,21807.400390625,20911.25,21636.099609375,748100,0.09478936912415725,-0.26472002260622407,-0.004216218652149273,-0.16696957405821622,0.493036178677591,0.7616156666311903
2020-06-09,20724.66015625,20724.900390625,21568.849609375,20629.69921875,21295.5,641200,0.09363343397931456,-0.2545388469660206,0.0062394844768285385,-0.16874749362883112,0.4937756939043665,0.7597676474528238
2020-06-10,21099.853515625,21100.099609375,21251.44921875,20671.55078125,20760.94921875,583000,0.11860615157998544,-0.2026444899275961,0.018612066247160053,-0.17056283633679747,0.49475307953306724,0.7554531054488656
2020-06-11,20524.912109375,20525.150390625,21244.44921875,20458.30078125,21084.69921875,747100,0.045337584628175165,-0.22510930370806015,-0.009913381808163368,-0.17190801385079268,0.4904953875705898,0.7569583310398524
2020-06-12,20654.310546875,20654.55078125,20747.69921875,19526.099609375,19529.30078125,599200,0.08317648379526443,-0.13835796594359973,-0.007622279227349038,-0.17826870606861,0.4762503592192024,0.7305043309967664
2020-06-15,19912.66796875,19912.900390625,20470.849609375,19740.19921875,20457.150390625,0,0.05728756934317625,-0.20875208824496772,-0.016791639013608695,-0.19453841124963955,0.4946653388761175,0.7258859446537529
2020-06-16,20296.462890625,20296.69921875,20638.849609375,19507.05078125,20500.650390625,0,0.15498031781794852,-0.1213987669208505,0.03135806978009392,-0.19931204447104145,0.4173100713724752,0.7070073079659422
2020-06-17,20201.515625,20201.75,20627.900390625,19978.150390625,20137.44921875,0,0.15529344484952468,-0.08816913251248282,0.04243844543134223,-0.19010907996985693,0.41720636775396164,0.7021908345097332
2020-06-18,20956.056640625,20956.30078125,21028.349609375,20030.349609375,20137.599609375,0,0.17466741958940601,0.018274923313538416,0.06160339766041245,-0.17335206319749563,0.4280214566714442,0.6900530605850795
2020-06-19,21337.8515625,21338.099609375,21467.650390625,20878.25,20970.099609375,0,0.20315645693331263,0.0624691716769985,0.0781708272147128,-0.17725517450907868,0.4261049191059276,0.6890414897614288
2020-06-22,21708.09765625,21708.349609375,22078.25,21425.55078125,21491.55078125,664600,0.25635017961868,0.06845050728129687,0.11563605009327693,-0.11058544456017971,0.4057461795070827,0.6895055203871098
2020-06-23,22264.642578125,22264.900390625,22322.30078125,21647.80078125,21859.25,527900,0.27663154061181094,0.31607521591551535,0.11693032880058585,-0.059832277268019984,0.40861334845781516,0.5743309115420719
2020-06-24,21426.55078125,21426.80078125,22479.55078125,21336.349609375,22479.349609375,684600,0.14517210272195613,0.25249453757978424,0.038853809160561914,-0.06851994927751592,0.3851100898603756,0.5808397919152366
2020-06-25,21505.900390625,21506.150390625,21703.5,20926.44921875,21218.05078125,586200,0.12187657222083326,0.1636865590155796,0.03770455989960464,-0.07327982939188082,0.3796146445182047,0.5602884650139582
2020-06-26,21591.80078125,21592.05078125,21784.650390625,21320.099609375,21735.05078125,375600,0.11891853923486506,0.10085451395330391,0.03513199688472368,-0.10067992359193512,0.37964949100874196,0.5475877898027974
2020-06-29,21358.751953125,21359.0,21440.05078125,21026.44921875,21291.55078125,328000,0.07009552061853697,0.06960789223296104,0.020610220610924213,-0.12116609126924738,0.3686538075464956,0.5470970998161565
2020-06-30,21369.90234375,21370.150390625,21650.5,21212.0,21524.30078125,292700,0.040912957683717055,0.13777525482268183,0.00854530803158271,-0.10627446023110565,0.35687606195890476,0.5314353130711865
2020-07-01,21977.34375,21977.599609375,22061.599609375,21281.849609375,21354.099609375,386000,0.04951603477006028,0.1480150234734121,0.0128914583227695,-0.06509884988735082,0.3634542321612122,0.5329685377614126
2020-07-02,21952.943359375,21953.19921875,22344.849609375,21890.5,22133.80078125,399000,0.07664127372745555,0.20566661392786934,0.024532848615296476,-0.07273853824458532,0.3473379826404197,0.5217300870813828
2020-07-03,21852.146484375,21852.400390625,22130.30078125,21768.0,22101.75,256200,0.0388837571905678,0.26685717106739615,-0.006984150583705828,-0.04531654249045136,0.33279105669590686,0.5082273567906846
2020-07-06,22198.69140625,22198.94921875,22399.25,22171.05078125,22270.94921875,290900,0.04774545320795509,0.1645350409836066,-0.010892669808114874,-0.059692132137811216,0.33594716634007427,0.4679885830797061
2020-07-07,22627.736328125,22628.0,22674.5,22040.349609375,22254.30078125,455800,0.0918267192365314,0.19431349582942548,0.016876365564161278,-0.04010860911413783,0.3280029059259786,0.4688563719785071
2020-07-08,22584.388671875,22584.650390625,23080.599609375,22499.5,22700.900390625,673100,0.07035752478582613,0.13413199188721836,0.012074523188558173,-0.0407875683633383,0.3246807607519477,0.45866320629320056
2020-07-09,22906.93359375,22907.19921875,22998.30078125,22673.400390625,22753.150390625,356000,0.11605512177942523,0.17545151984554597,0.024008040855117097,-0.026864581153161593,0.30501223870368427,0.45662338564425237
2020-07-10,22398.189453125,22398.44921875,22835.19921875,22320.05078125,22720.94921875,457100,0.08443168074529583,0.17533659724449913,0.004700671418262026,-0.03112705555427886,0.3206821316722718,0.4566463442034348
2020-07-13,22088.994140625,22089.25,22657.400390625,21981.650390625,22613.25,293700,0.10929345131458734,0.13862113402061849,0.008515968783340488,-0.06263992259509643,0.29135308342926586,0.45678301406971883
2020-07-14,21391.951171875,21392.19921875,21909.69921875,21222.44921875,21877.599609375,338500,0.05397429346482019,0.03436654716419141,-0.0159621206339291,-0.11030117446151344,0.3146289968836758,0.44349228163879745
2020-07-15,21340.501953125,21340.75,21935.5,21230.55078125,21634.25,359100,0.05638125409927364,0.03986325322526163,-0.01821024340356736,-0.10658164095274136,0.3140289746569181,0.4432030130988554
2020-07-16,21596.8984375,21597.150390625,21671.25,21027.849609375,21453.25,348600,0.030580283040620326,0.11271891254889144,-0.0336609242538537,-0.08307352205346019,0.2899386245881625,0.4278412689799406
2020-07-17,21966.544921875,21966.80078125,22065.0,21550.80078125,21608.05078125,294900,0.029463784656754477,0.11496134712129957,-0.03469807739707709,-0.07164412206675141,0.2891424889040961,0.4281259166974003
2020-07-20,22321.58984375,22321.849609375,22520.44921875,22187.80078125,22307.30078125,349700,0.02826101527934921,0.101337356259257,-0.040693130361545427,-0.08207665216271476,0.2883264879228202,0.4256077694911995
2020-07-21,22781.734375,22782.0,22861.900390625,22597.94921875,22639.849609375,316700,0.02322487863420819,0.1631391557846169,-0.0427907836712067,-0.05619247968014096,0.2834086664981666,0.4206711531125501
2020-07-22,22882.333984375,22882.599609375,23211.349609375,22658.19921875,23159.0,412700,0.06794289278121868,0.13950641095033434,-0.012336169484508996,-0.059829943576063416,0.24194278010429032,0.4180951131429076
2020-07-23,23083.6328125,23083.900390625,23122.349609375,22734.900390625,22854.849609375,307600,0.07336273444306318,0.11672338805603344,-0.016690601628860602,-0.07883884246513229,0.24272250370254136,0.4146043122817339
2020-07-24,22661.787109375,22662.05078125,22854.05078125,22417.19921875,22853.19921875,436300,0.04955527433870066,0.0745299532828767,-0.028567656473684977,-0.09722140601416296,0.2549267973015163,0.4148839155734604
2020-07-27,21848.49609375,21848.75,22668.05078125,21801.349609375,22664.599609375,340900,0.022929444262371756,0.014592862615802504,-0.056528236105374274,-0.1144043243407562,0.28697144534859753,0.41991717692071207
2020-07-28,22104.94140625,22105.19921875,22233.0,21611.400390625,21940.150390625,379800,0.03439605312499161,0.11960489870212099,-0.06252110290831858,-0.09635784995957808,0.28937422286807946,0.3792412421512983
2020-07-29,22076.34375,22076.599609375,22346.400390625,21906.349609375,22075.0,400400,0.004504586568124136,0.1455420296223746,-0.06958900063029816,-0.07141830807969063,0.27218577894584817,0.37539935314840484
2020-07-30,21646.59765625,21646.849609375,22252.599609375,21580.150390625,22195.05078125,299600,-0.013954668124787517,0.09912888340584369,-0.06612163507074298,-0.09839777774260439,0.28120576528563923,0.37582181885222754
2020-07-31,21639.798828125,21640.05078125,21806.94921875,21375.0,21730.55078125,397300,-0.009717450054873678,0.11021300823403113,-0.05365873634240692,-0.09354720944300254,0.2808287993235132,0.3750238637665437
2020-08-03,21071.85546875,21072.099609375,21543.80078125,21031.44921875,21543.80078125,431000,-0.05076139407640179,0.08883418940051069,-0.06264855262453173,-0.08844512848037356,0.2884899090017614,0.3790885959427608
2020-08-04,21490.25,21490.5,21576.349609375,21057.75,21248.25,0,-0.05026957751458372,0.13403340281259069,-0.07764079775626909,-0.06685517687520148,0.289013196656836,0.3779720703225331
2020-08-05,21509.69921875,21509.94921875,21936.5,21448.400390625,21686.849609375,338800,-0.047585468594241065,0.14033402503826187,-0.08456563258321903,-0.06681981269406534,0.2892723423563913,0.3777210346190807
2020-08-06,21642.34765625,21642.599609375,21926.55078125,21370.30078125,21644.25,386600,-0.055205335113159504,0.10224882011448422,-0.09096637237027194,-0.09134535519750986,0.28451791967538115,0.36947764973042313
2020-08-07,21753.748046875,21754.0,21787.25,21451.30078125,21620.25,378600,-0.028772046334820556,0.14083436033248553,-0.07019087407889824,-0.0857167107005734,0.27601283841968655,0.3638750339594325
2020-08-10,21899.99609375,21900.25,22071.94921875,21795.099609375,21824.900390625,261800,-0.008556198150684202,0.1628071067642769,-0.0518278049583355,-0.07067608191172958,0.2733714720407518,0.3627102820801787
2020-08-11,22226.94140625,22227.19921875,22277.599609375,22039.849609375,22050.19921875,377900,0.03903291996589742,0.26483510156957313,-0.02838735154027927,-0.018422201578359942,0.25116659818658077,0.331184054381099
2020-08-12,22263.7421875,22264.0,22326.55078125,21990.19921875,22135.94921875,507500,0.04326230333985448,0.2732289656158411,-0.021739314883278515,-0.00036868370943765605,0.2506527683701016,0.3307039795314187
2020-08-13,22196.091796875,22196.349609375,22439.94921875,22139.599609375,22395.19921875,289100,0.027744364784814568,0.24417610684788205,-0.024443959165200813,-0.0022131414050807763,0.24849694459874963,0.3293104390241762
2020-08-14,21679.1484375,21679.400390625,22334.94921875,21459.099609375,22334.94921875,318800,-0.013083397691224685,0.22240082481211387,-0.038464777692068464,-0.0051517232318119,0.2562767869420598,0.3334593844368533
2020-08-17,21700.59765625,21700.849609375,21909.400390625,21403.150390625,21906.94921875,263400,-0.027820275240058256,0.2559161242198731,-0.048224496727356625,0.011664708518902334,0.24873311116525146,0.32783127914812654
2020-08-18,22170.341796875,22170.599609375,22227.75,21629.400390625,21702.0,0,-0.026836993706654377,0.2712244941154889,-0.0468239684989229,0.010255748161267952,0.24993205824388098,0.3296351158190203
2020-08-19,22285.640625,22285.900390625,22419.349609375,22234.25,22315.400390625,0,-0.026076548510053588,0.19108735232732377,-0.05085070647202161,-0.033653537470022865,0.2501863252266795,0.2993123601240183
2020-08-20,21999.193359375,21999.44921875,22079.900390625,21886.69921875,21989.900390625,0,-0.046978680098421544,0.1476096945288905,-0.05560517286644595,-0.04439045941443576,0.25044561724241965,0.2976888125104821
2020-08-21,22299.33984375,22299.599609375,22344.05078125,22165.05078125,22190.69921875,0,-0.015993749876109353,0.15558432467709138,-0.031845709386910004,-0.03139310204300383,0.2490179916544205,0.2984564943881038
2020-08-24,22832.734375,22833.0,22897.5,22410.05078125,22436.849609375,0,0.04504834372675792,0.1439435845443633,0.014985784527293822,-0.02298850375875161,0.22492074403465315,0.29461024247008566
2020-08-25,23091.8828125,23092.150390625,23180.30078125,22857.900390625,22973.400390625,0,0.04464792025207598,0.12478939656538746,0.029453951969109937,-0.02483837037485226,0.22471084110009837,0.29026269963244966
2020-08-26,23413.927734375,23414.19921875,23453.400390625,23093.150390625,23175.55078125,0,0.06058902335697458,0.11811926498544345,0.029637077013802582,-0.029775426545501693,0.22800743817664273,0.2889545176682779
2020-08-27,23600.076171875,23600.349609375,23704.05078125,23464.150390625,23511.44921875,0,0.0902440787112948,0.1574217593829832,0.04907190996090671,0.004850696154670375,0.2122208592503881,0.28301937543675904
2020-08-28,24523.515625,24523.80078125,24611.80078125,23599.19921875,23635.30078125,0,0.13325985364593618,0.1658846552687252,0.0814106644649939,0.017449741491309956,0.24320454432812907,0.2865423786675572
2020-08-31,23754.07421875,23754.349609375,25232.599609375,23385.30078125,25038.80078125,0,0.12728916670490031,0.12115720216671888,0.08175862863791594,0.0011615512167904019,0.25318630875140885,0.2949051135918552
2020-09-01,23811.72265625,23812.0,24199.650390625,23473.150390625,23893.80078125,0,0.10802447593122544,0.14895606498410308,0.0742262289336364,0.007257135089675071,0.24818625744390402,0.2906415455753518
2020-09-02,23874.2734375,23874.55078125,23926.150390625,23482.55078125,23769.0,0,0.10993059716007147,0.13148995612524406,0.0708958956402912,-0.008765927248128857,0.24787303183165924,0.28881324401561675
2020-09-03,23530.576171875,23530.849609375,24051.599609375,23451.650390625,23986.150390625,0,0.08724691275913354,0.14643981464432398,0.05802410830809124,-0.017713911402181814,0.25749216105275924,0.28426772448509424
2020-09-04,23011.232421875,23011.5,23394.80078125,22876.900390625,23119.150390625,0,0.05780546106463169,0.11411282887302576,0.04712245119986158,-0.022351907105823132,0.27405280599540865,0.28855712174299797
2020-09-07,22944.783203125,22945.05078125,23109.099609375,22716.25,23036.25,245300,0.0477072536272416,0.1522706552608748,0.04017413196338837,-0.004790349120655346,0.2743616829650765,0.2774718586589948
2020-09-08,22744.13671875,22744.400390625,23064.150390625,22641.400390625,22971.19921875,0,0.023268841331961942,0.12059602132812919,0.02372372237634257,-0.020956289482340962,0.2729001694811672,0.2761714649395767
2020-09-09,22266.740234375,22267.0,22554.599609375,22080.400390625,22486.69921875,0,0.00013474667624868708,0.1022312423428664,0.0028230482551530045,-0.0391338370410379,0.28417864255921216,0.27990575944172785
2020-09-10,22465.9375,22466.19921875,22678.650390625,22225.25,22466.55078125,0,0.0121573868732463,0.07204985523260543,-0.0010102128343496553,-0.06247716035209927,0.2856394153616617,0.27068884504261553
2020-09-11,22479.6875,22479.94921875,22668.75,22205.94921875,22509.94921875,0,0.03692670524555597,0.05351224477709926,0.011337193804598744,-0.06558206608212958,0.2710246295753134,0.2683893796429401
2020-09-14,22100.9921875,22101.25,22757.30078125,22028.150390625,22683.349609375,0,0.018450908505076358,0.018099044731402447,0.0012953571172620304,-0.09137895860405587,0.2791416274169568,0.2686489746835139
2020-09-15,22465.388671875,22465.650390625,22514.150390625,22062.349609375,22202.80078125,0,0.01330820033957214,0.009016433780432598,0.0013234831377266776,-0.09133690445731935,0.27475426159249183,0.26569646112787804
2020-09-16,22573.2890625,22573.55078125,22659.400390625,22216.5,22476.30078125,0,0.01290728153599785,0.05351942232101625,-0.00428613799227251,-0.07255648275930171,0.2746713771580087,0.2534106570679637
2020-09-17,22320.08984375,22320.349609375,22504.44921875,22267.05078125,22352.0,0,0.01458674657870529,0.0378589010102397,-0.0034379887108091367,-0.0814151877804532,0.2736462114682985,0.2545530800525503
2020-09-18,22030.794921875,22031.05078125,22469.400390625,21784.900390625,22439.349609375,0,-0.01204276457107778,0.020331556481018254,-0.023769398511615303,-0.08772490073871597,0.27339659651180115,0.255980078266359
2020-09-21,21366.552734375,21366.80078125,22098.849609375,21274.30078125,21983.400390625,0,-0.06421404190207158,0.0003652222131185212,-0.04538516400634229,-0.09060772089674862,0.27738404748761336,0.2627827768533495
2020-09-22,21138.853515625,21139.099609375,21473.349609375,20958.44921875,21445.25,0,-0.08457639276604156,-0.010811846291515104,-0.05680506548717301,-0.09346982995875519,0.27297896207329386,0.2636958606902791
2020-09-23,21178.25390625,21178.5,21365.05078125,20821.0,21350.80078125,0,-0.0954847610999936,-0.03635973097963474,-0.05931467606424001,-0.1036460640105753,0.2655542375431803,0.2571101283359181
2020-09-24,20456.611328125,20456.849609375,20955.599609375,20404.900390625,20898.80078125,0,-0.13319717936514286,-0.06816089055926677,-0.06799397021986964,-0.09221858786645254,0.28063724624389313,0.266414828314594
2020-09-25,20982.10546875,20982.349609375,21064.30078125,20430.69921875,20740.80078125,0,-0.14440874004255755,-0.03981488375177611,-0.09312352854763273,-0.0815689888708867,0.25528332182087715,0.27179296074190484
2020-09-28,21665.248046875,21665.5,21708.849609375,21055.099609375,21152.05078125,0,-0.08793545787297019,-0.024030381505599885,-0.07388933753817328,-0.06712908847090138,0.2753517664171562,0.27798187520622786
2020-09-29,21411.052734375,21411.30078125,21811.5,21280.599609375,21770.900390625,0,-0.10081888202376954,-0.05376963137484536,-0.07921084302069636,-0.09291441705855441,0.2751675470546499,0.2759136138254159
2020-09-30,21451.55078125,21451.80078125,21549.349609375,21128.5,21405.25,0,-0.10147834915087572,-0.05016015699960763,-0.07655852294259657,-0.10076845671588164,0.27489906176411827,0.2759652092743989
2020-10-01,22245.7421875,22246.0,22293.75,21664.150390625,21685.25,0,-0.05460277171050798,-0.0288642540904257,-0.045016957143732994,-0.0846743784355316,0.3095340511097103,0.28472809137168203
2020-10-05,22370.689453125,22370.94921875,22768.55078125,22247.25,22352.099609375,0,-0.027836115909436576,-0.0012277635711037682,-0.04279131699661132,-0.06951309081461376,0.301965713164494,0.2812659313368427
2020-10-06,22853.43359375,22853.69921875,22893.5,22521.05078125,22673.05078125,0,-0.003981318819945678,0.0346072962527022,-0.031048622902629774,-0.044974676751190046,0.31246739685422875,0.28310737149825
2020-10-07,22964.533203125,22964.80078125,23036.19921875,22607.80078125,22836.94921875,0,0.009690314400015776,0.07351285140994923,-0.027553387928561213,-0.033158470048141986,0.3112450655875381,0.27492366383481504
2020-10-08,23191.080078125,23191.349609375,23450.900390625,23063.599609375,23150.25,0,0.04151208556945263,0.08671670908356077,-0.007840601908380318,-0.027841256643954093,0.3019069179800795,0.27538293381639534
2020-10-09,23846.5234375,23846.80078125,23904.099609375,23132.44921875,23312.599609375,0,0.06145238671914588,0.10416422305423856,0.020842722740064268,-0.005170548396797203,0.3148598176548466,0.2798886526170566
2020-10-12,23712.525390625,23712.80078125,24190.349609375,23552.599609375,23955.599609375,0,0.05484227524285101,0.07948358149131662,0.01415127026201568,-0.014928297533072232,0.3162611884714705,0.27843432355600833
2020-10-13,23491.92578125,23492.19921875,23775.150390625,23431.5,23663.05078125,0,0.06293531898648275,0.05243067352642061,0.0197143362325527,-0.030338627386429895,0.31108112213441586,0.2775450794736718
2020-10-14,23874.373046875,23874.650390625,23962.69921875,23149.44921875,23353.150390625,0,0.06271797056843642,0.04796112679417952,0.023726666465302415,-0.024497365417292194,0.310965970828378,0.2763991335277787
2020-10-15,23072.1328125,23072.400390625,24087.849609375,22970.94921875,23920.349609375,0,0.022098854283454372,0.008294546270531278,0.015566950335152763,-0.04090779812517731,0.3376795126265474,0.28540301110922495
2020-10-16,23532.9765625,23533.25,23646.19921875,23148.94921875,23219.849609375,0,0.05434056418702138,0.01946593087698001,0.03294872195799514,-0.029306074746888733,0.3405694181547657,0.2877086034427456
2020-10-19,24266.46875,24266.75,24320.94921875,23754.849609375,23902.900390625,0,0.10147946373273942,0.07080997365329744,0.06948457430462396,0.0101622790653213,0.3491222279837514,0.2916165861715765
2020-10-20,24311.517578125,24311.80078125,24410.900390625,24039.849609375,24117.349609375,0,0.13783064812324763,0.11273188540534362,0.08038901093937034,0.04400984463724922,0.32348042709697816,0.2808391057527528
2020-10-21,24634.763671875,24635.05078125,24823.599609375,24099.849609375,24444.19921875,0,0.16537843316299883,0.11444599695596214,0.0950875443021666,0.05806815720933067,0.3177335594525247,0.281088211700503
2020-10-22,24483.865234375,24484.150390625,24691.150390625,24250.19921875,24447.349609375,0,0.15608519917014907,0.10905442069201698,0.08739934616566991,0.047141549402816896,0.3209237022322526,0.28149211711551153
2020-10-23,24478.015625,24478.30078125,24764.150390625,24360.849609375,24669.19921875,0,0.19658213501418342,0.1308019976564503,0.09248749614633467,0.05620390723161184,0.2822094750652329,0.2779828104938061
2020-10-26,24075.169921875,24075.44921875,24577.30078125,23867.75,24525.80078125,0,0.1474143585898975,0.11254125335094622,0.08248370091246948,0.04984175207162456,0.2891054984464673,0.2805641832379857
2020-10-27,24769.212890625,24769.5,24809.650390625,23924.19921875,24288.05078125,0,0.14326925295977477,0.1754642612347952,0.08432045313693393,0.08385230183159265,0.2851863294196088,0.2794533588098589
2020-10-28,24232.21875,24232.5,24780.69921875,24057.94921875,24737.849609375,0,0.13176215903802269,0.12759126125497322,0.08656690658795818,0.07041818184035886,0.2959462002107331,0.2816540305349592
2020-10-29,24091.720703125,24092.0,24339.099609375,23822.05078125,24063.5,0,0.12307587813595933,0.12003983621677983,0.08544546019163457,0.06877273681837615,0.2986816384955793,0.28210208218399707
2020-10-30,23900.623046875,23900.900390625,24277.349609375,23612.69921875,24090.150390625,0,0.07439091929447983,0.1043451721147104,0.05464394734000244,0.06485909518040578,0.2793627422055435,0.2826740365879985
2020-11-02,24892.2109375,24892.5,25139.0,24120.599609375,24367.599609375,0,0.11271541303828925,0.14427231773466942,0.09830215195519787,0.10368924615358299,0.30885918488837133,0.29369764509927976
2020-11-03,25682.501953125,25682.80078125,25760.69921875,25085.69921875,25108.0,0,0.12379184373700447,0.172717242097693,0.11083571083862931,0.12450585267142755,0.3175479810983218,0.2995411516097476
2020-11-04,25771.30078125,25771.599609375,25891.0,25142.0,25539.55078125,0,0.12222177996931105,0.1594623036282088,0.10776973430296977,0.10770694924534285,0.31764431009692357,0.29847363029371643
2020-11-05,26312.79296875,26313.099609375,26375.19921875,26000.05078125,26174.80078125,0,0.13460837995982988,0.1818675713876663,0.11046728480303414,0.11007143877676318,0.32186301053907546,0.3008194708829569
2020-11-06,26798.638671875,26798.94921875,26853.44921875,26135.30078125,26274.099609375,0,0.12379641464616009,0.20735840308764164,0.09447429451656486,0.12213174461570753,0.3150807959342965,0.30222913444377714
2020-11-09,27533.779296875,27534.099609375,27595.0,27068.94921875,27088.94921875,0,0.16114919799547867,0.27005817104064356,0.11671857003231212,0.1553146147856519,0.3206211511866891,0.3009285354395131
2020-11-10,28605.66796875,28606.0,28802.5,27916.900390625,28039.44921875,0,0.21768080262015177,0.3181972372013444,0.15931224010182254,0.19514329013339382,0.3317613042460222,0.30889949406859557
2020-11-11,28844.6640625,28845.0,29030.900390625,28211.099609375,28713.150390625,0,0.20818523111554077,0.30104735587767695,0.14318670562007263,0.18126176930886317,0.33095196378636266,0.30701555054302626
2020-11-12,28278.47265625,28278.80078125,28672.900390625,28066.05078125,28633.75,0,0.22565490813606526,0.2689099513854971,0.13914635067803482,0.15650160576709404,0.30904520432306937,0.3109900360709966
2020-11-13,28465.369140625,28465.69921875,28520.55078125,27703.30078125,28108.69921875,0,0.20959490162854677,0.2939278131785614,0.1281917939340651,0.16948252617035076,0.3071497235237974,0.30902454496560305
2020-11-17,29180.9609375,29181.30078125,29239.25,28722.900390625,28792.25,0,0.2025220015556266,0.3086020059742174,0.11820075241627381,0.17646575095704975,0.30245610390222305,0.3113229740310059
2020-11-18,29749.50390625,29749.849609375,29784.75,29056.75,29107.900390625,0,0.22367939245039348,0.3029321424856568,0.1361390276119303,0.17457508519087406,0.30315761032699495,0.3103073613968754
2020-11-19,28902.71484375,28903.05078125,29627.19921875,28819.55078125,29302.599609375,0,0.1732490847247785,0.25163963911235054,0.10338191845707612,0.13837064695191992,0.33278149703853055,0.317342959476436
2020-11-20,29235.66015625,29236.0,29406.69921875,28580.900390625,28935.75,0,0.19407859915753845,0.24864402693677956,0.11316373854186601,0.13526778536996398,0.32870675128663185,0.3170547979848521
2020-11-23,29023.861328125,29024.19921875,29492.30078125,28852.900390625,29432.80078125,0,0.18571135627935775,0.22982073143613224,0.10221836415825902,0.11154314462794823,0.3322198785581317,0.31771922341848546
2020-11-24,29736.904296875,29737.25,29827.80078125,29206.75,29265.599609375,0,0.2351690608057515,0.21258732548243553,0.12576833504041818,0.09174261683387575,0.3227855166832014,0.31236282443135105
2020-11-25,29196.060546875,29196.400390625,30197.849609375,29132.30078125,30021.900390625,0,0.17872384951755182,0.22909702310275915,0.0972226830866465,0.09992904148914783,0.3310561790082053,0.3070583846488207
2020-11-26,29549.40625,29549.75,29623.0,28923.099609375,29370.400390625,369400,0.21942639017847942,0.24096044011422801,0.11222747184370441,0.1087270537451428,0.31141255702628073,0.30755355742217955
2020-11-27,29608.70703125,29609.05078125,29716.849609375,29368.69921875,29622.0,0,0.22899928529179814,0.24019300101359886,0.1177686573699992,0.11588002352660287,0.30738347191570625,0.3075645437703005
2020-12-01,29817.50390625,29817.849609375,29919.75,29511.0,29844.80078125,0,0.24756177056287343,0.2671811729864262,0.12158694021401217,0.1299782718610638,0.3000825967397648,0.3053129021804424
2020-12-02,29462.80859375,29463.150390625,29886.25,29149.900390625,29876.69921875,0,0.18361556254393885,0.2803663555450535,0.059819093990787664,0.12332347497314933,0.2891926871167613,0.3022309222588389
2020-12-03,29448.408203125,29448.75,29813.0,29379.400390625,29728.900390625,0,0.14663312038379295,0.2834467127902207,0.034862655185079694,0.12678948833637738,0.2776837378366323,0.30203289411129924
2020-12-04,30052.05078125,30052.400390625,30162.30078125,29473.5,29573.400390625,0,0.16610535807380633,0.3213098553704796,0.05273677221601569,0.14978557960679195,0.28136627111910406,0.302588450556428
2020-12-07,30211.19921875,30211.55078125,30354.19921875,29950.599609375,30062.599609375,0,0.14815628830310956,0.35678586164503523,0.0462239751407989,0.17255550165212874,0.277135758255971,0.297751408606188
2020-12-08,30261.548828125,30261.900390625,30363.80078125,30025.19921875,30300.30078125,0,0.1292196624430384,0.3469968861207644,0.03712557805376071,0.17723029046493544,0.27434528913721784,0.2977243280309487
2020-12-09,30709.04296875,30709.400390625,30807.25,30326.69921875,30335.05078125,0,0.11532248471160655,0.36607961574090253,0.029611423330106357,0.1859881696716721,0.2651488170569531,0.2982412714486615
2020-12-10,30509.994140625,30510.349609375,30610.0,30202.099609375,30545.349609375,0,0.06657168458977147,0.3804807243651378,-0.0005008761145788299,0.20231279373560174,0.23804336885435665,0.2956721798961566
2020-12-11,30604.494140625,30604.849609375,30811.80078125,30328.44921875,30555.30078125,0,0.06101056021407514,0.36229528534577926,0.0010301540442398949,0.18940130710836356,0.23728059682312322,0.294816661419274
2020-12-14,30745.54296875,30745.900390625,30845.80078125,30624.25,30735.150390625,269000,0.08724201667741105,0.36203208297044265,0.018897184256594368,0.19368426949918072,0.22148642839920524,0.2948179391606241
2020-12-15,30690.693359375,30691.05078125,30805.849609375,30345.75,30805.400390625,279400,0.07817659933096555,0.37502554029705415,0.011517579362871233,0.1968619198356858,0.222273206356019,0.29319564025199363
2020-12-16,30698.04296875,30698.400390625,30932.25,30587.099609375,30920.349609375,0,0.051988758854430106,0.3934151709527869,-0.010811258834775517,0.20412708512627997,0.20804802376800155,0.2908986742577937
2020-12-17,30846.69140625,30847.05078125,30945.19921875,30643.900390625,30791.19921875,0,0.036880898098027304,0.44369066277433533,-0.025140642319919415,0.22235477840826756,0.19871778661115835,0.2809891815320998
2020-12-18,30714.29296875,30714.650390625,30854.05078125,30374.5,30841.849609375,0,0.06267849103839995,0.452978175901273,-0.014746565473491069,0.21925205729765573,0.16460043745995717,0.2796524372785121
2020-12-21,29456.107421875,29456.44921875,30607.5,29201.19921875,30595.80078125,0,0.0075403344763305125,0.39086569958920614,-0.028959297538968753,0.19354442250331072,0.2257665224996547,0.29639690213460373
2020-12-22,29625.60546875,29625.94921875,29711.150390625,28976.75,29607.5,0,0.020732699478277494,0.448216601503145,-0.02103047612044673,0.20197739590106134,0.22464231844149946,0.2843305895905199
2020-12-23,29882.953125,29883.30078125,29941.400390625,29446.0,29560.75,0,0.004911374832911486,0.42421136515130886,-0.03690730993245506,0.19337046930053625,0.20953979361920522,0.2815618013814824
2020-12-24,30401.845703125,30402.19921875,30545.849609375,30007.80078125,30071.650390625,0,0.04129957159075626,0.4032539853107475,-0.027981955062007957,0.1786546524928525,0.2056670960416309,0.2772887462436847
2020-12-28,30880.58984375,30880.94921875,30929.05078125,30538.150390625,30558.849609375,0,0.04504942406450141,0.4422733833057273,-0.023188059212044365,0.2060672498209577,0.2083648366513626,0.2756090045908363
2020-12-29,31322.13671875,31322.5,31359.349609375,31002.599609375,31006.900390625,0,0.057869103316039006,0.4601338283626757,-0.016435246654462166,0.2214107418849003,0.2126612134859613,0.27595920382091604
2020-12-30,31302.6875,31303.05078125,31510.25,31007.150390625,31479.80078125,0,0.049809130817000336,0.4071316542861638,-0.016778486411585636,0.18246570093435532,0.21238371928054475,0.2690831046815985
2020-12-31,31263.6875,31264.05078125,31409.5,31088.099609375,31295.900390625,0,0.06112382303821917,0.3975290219266303,-0.005066244638837425,0.1820786987785663,0.20606008106987245,0.2694587404110348
2021-01-04,31212.0859375,31212.44921875,31489.599609375,30893.650390625,31485.150390625,0,0.059890461182563026,0.36575041615766857,-0.016172244509425227,0.1539158094513211,0.20635986786202906,0.2678268816795766
2021-01-05,31721.880859375,31722.25,31767.650390625,30935.55078125,31041.099609375,0,0.055564600087516514,0.3813422682029173,-0.015404714745077763,0.17172629453375543,0.20226058603582112,0.26877305506466675
2021-01-06,31797.53125,31797.900390625,31982.30078125,31548.150390625,31839.94921875,0,0.052508049681432745,0.3711103892707839,-0.006679940510057714,0.1757805541326536,0.20203216060512136,0.26868123581295716
2021-01-07,31955.62890625,31956.0,32177.400390625,31911.5,32129.80078125,0,0.0559812697651938,0.34005396753790196,0.0003998330237178216,0.15345735361352197,0.20217729297093986,0.26451667520645683
2021-01-08,32083.826171875,32084.19921875,32298.05078125,32002.94921875,32298.05078125,0,0.044768012746504215,0.3530328835773531,-0.015705367910554546,0.15050921487267366,0.197296658877251,0.2636164108779587
2021-01-11,31998.529296875,31998.900390625,32288.44921875,31836.94921875,32280.30078125,0,0.04878838821278553,0.36210748481502253,-0.025883507345026313,0.1484202754639814,0.19551530155872796,0.26241157235843965
2021-01-12,32338.625,32339.0,32397.94921875,31725.849609375,31835.05078125,0,0.056662601279170666,0.35453292387053126,-0.021005910379369386,0.1379771135680885,0.19766690352268673,0.26166108935298266
2021-01-13,32574.271484375,32574.650390625,32683.5,32148.25,32546.599609375,0,0.059479474556471956,0.4118448812920672,-0.014771008713436284,0.16489165673406148,0.19822114293582543,0.24857409800481495
2021-01-14,32519.37109375,32519.75,32718.94921875,32442.349609375,32526.69921875,0,0.05958411889459336,0.3818639584417791,-0.016164804449151138,0.14100007659583946,0.19819055983163028,0.24728887086707704
2021-01-15,32246.42578125,32246.80078125,32544.80078125,32044.349609375,32508.900390625,0,0.05043912291592445,0.3288471171973997,-0.004447704192754198,0.1131779814026479,0.2020806023399173,0.24315446194318452
2021-01-18,31811.380859375,31811.75,32441.5,31650.900390625,32275.150390625,396800,0.031273628898629724,0.30849007386298544,-0.008069315907008434,0.10805802161810574,0.20964512164322738,0.24597839487144446
2021-01-19,32424.47265625,32424.849609375,32464.94921875,31863.94921875,32082.900390625,354800,0.05568024369478097,0.3162079468516419,0.000406246889914641,0.0997918251306622,0.21730311388282245,0.24716201671889373
2021-01-20,32543.3203125,32543.69921875,32607.44921875,32322.900390625,32388.94921875,0,0.10480726909999949,0.3291741269164483,0.006048245803147889,0.09815983652897797,0.13983388675883984,0.24615986868444653
2021-01-21,32186.525390625,32186.900390625,32842.30078125,31985.55078125,32732.80078125,0,0.08644283945015996,0.3149156339838617,0.0029715206030755947,0.09195485855866026,0.15085859493718756,0.2480769977679406
2021-01-25,31198.037109375,31198.400390625,31697.55078125,31013.650390625,31507.150390625,0,0.0440078430091011,0.29585953338422577,-0.002885481763726494,0.08586608598561507,0.1949344989913441,0.2550993196513155
2021-01-27,30284.19921875,30284.55078125,31287.05078125,30165.650390625,31236.25,0,-0.0038697344443241466,0.22265490951573508,-0.019743327549402556,0.047869004331347664,0.21682035164776944,0.259433363932476
2021-01-28,30357.947265625,30358.30078125,30464.400390625,29687.69921875,29812.30078125,0,-0.016924623456284982,0.25279276926648087,-0.012913264156229398,0.07478582402994571,0.2089698574039615,0.2540469723177482
2021-01-29,30565.14453125,30565.5,31111.94921875,30254.55078125,30700.650390625,0,-0.024167930401468585,0.26869915324589067,-0.0027792442728956646,0.10043306715479416,0.20348220441846177,0.25333157023790226
2021-02-01,33088.66796875,33089.05078125,33305.30078125,30906.44921875,30976.349609375,0,0.05705514176496118,0.38442695632625634,0.035652548005163265,0.15777268262404087,0.35103349663046385,0.2954415105558055
2021-02-02,34267.5,34267.8984375,34652.5,33583.1484375,33589.05078125,672200,0.09607992506369323,0.37663547002109077,0.04843927855127528,0.12137273717096919,0.3686703141965171,0.29278151321852647
2021-02-03,34758.046875,34758.44921875,34908.05078125,34011.8984375,34555.6015625,605200,0.11360851483163459,0.35337456046171467,0.067117717718018,0.10142127013179558,0.3694100124327589,0.28838577460403086
2021-02-04,35344.390625,35344.80078125,35413.1484375,34238.8984375,34548.8984375,0,0.11419589661042329,0.37146321210083255,0.0651694949325472,0.12062134363503074,0.36961956582680777,0.2893547905528143
2021-02-05,35654.0859375,35654.5,36615.19921875,35545.0,35634.94921875,0,0.12128472515474775,0.3550095020845354,0.06628781784715732,0.12366619865997186,0.369616788663508,0.2876402655172993
2021-02-08,35983.23046875,35983.6484375,36466.44921875,35872.25,36073.8515625,0,0.1260373149799725,0.3427260951083815,0.05682701585405625,0.11014661808699056,0.3698056935474014,0.2864539489149383
2021-02-09,36056.08203125,36056.5,36477.1484375,35636.8515625,36058.80078125,0,0.12380863097647721,0.30952166628042677,0.07069393619611852,0.09699944371425073,0.3700097506982337,0.2827564034723434
2021-02-10,35782.6875,35783.1015625,36227.19921875,35428.1484375,36042.3515625,0,0.11826035037703009,0.2508949717716562,0.07533589534673957,0.05491833733931273,0.3719295104106691,0.27491440829164115
2021-02-11,35751.6875,35752.1015625,36009.44921875,35573.30078125,35687.25,0,0.10554134520238723,0.23945576573062932,0.06366599278271878,0.049313729611494495,0.37211298567861306,0.2749040875830518
2021-02-12,36108.48046875,36108.8984375,36322.80078125,35700.25,35736.6015625,0,0.10849688345057906,0.2768893107179309,0.06740822058328155,0.08206313442865154,0.3724470244604294,0.27081808900792825
2021-02-16,37097.96875,37098.3984375,37708.75,36762.75,37492.6015625,0,0.14079592978113298,0.30326671944400196,0.09161325793828445,0.09937441167728256,0.3793438197034545,0.2748407353272587
2021-02-18,36586.57421875,36587.0,37108.75,36367.44921875,37088.75,0,0.13459317245739366,0.25378235446955877,0.08711747386816127,0.07942200851056747,0.3826849754604854,0.2740082661730969
2021-02-19,35841.18359375,35841.6015625,36656.19921875,35584.6015625,36371.55078125,0,0.1266780847485598,0.20476580665487876,0.07763141498516801,0.046823271922592724,0.38827842420766123,0.2765335041571245
2021-02-22,35256.7890625,35257.19921875,36128.8984375,35097.55078125,35874.30078125,0,0.08735120265773211,0.21984352051936562,0.07670811994527171,0.07076391710847352,0.39280380519367536,0.2715190294929471
2021-02-23,35116.54296875,35116.94921875,35680.8515625,34976.0,35540.55078125,0,0.07907060542513333,0.20115437196435892,0.07476190613232037,0.0573840290478802,0.3938760439815235,0.27138528576698634
2021-02-24,36451.87890625,36452.30078125,36567.6484375,35060.6484375,35205.3984375,272900,0.13251976235236906,0.25592787268705597,0.10567665021930917,0.09690897936142351,0.4069032390821021,0.2794066563729286
2021-02-25,36548.57421875,36549.0,37232.19921875,36494.0,36763.1484375,455900,0.1715023700696794,0.22906455707908435,0.111213359317472,0.07263593254048706,0.38263981887486026,0.27613450042156523
2021-02-26,34803.1953125,34803.6015625,35902.8984375,34658.69921875,35806.6484375,0,0.1492196735520961,0.19205111235820294,0.10900844100332208,0.062116598791637,0.41259640752169696,0.2930353172940733
2021-03-01,35295.58984375,35296.0,35581.1015625,34983.75,35374.25,0,0.16264741740089872,0.1944601900185281,0.0943285031691039,0.05781971841711897,0.4129681471630572,0.293332219632306
2021-03-02,35419.2890625,35419.69921875,35747.05078125,35002.44921875,35458.1484375,0,0.158813015286843,0.19624568448440805,0.06460416157640525,0.04587503885054933,0.4132123258350576,0.29332738311067647
2021-03-03,36367.62890625,36368.05078125,36455.1484375,35570.55078125,35754.44921875,0,0.09909622435763721,0.21967382818295378,0.031566927038561454,0.05669101581134184,0.32407021503077316,0.29713697751721674
2021-03-04,35802.08203125,35802.5,36316.3984375,35519.25,35575.6484375,0,0.04478248251199024,0.21516197437569828,0.015228629750699385,0.06516674036559444,0.31092436813888596,0.29804648757806806
2021-03-05,35227.73828125,35228.1484375,35616.05078125,34893.25,35458.5,0,0.013513238631389424,0.1962527590305192,0.0034963412040096564,0.05888311520119327,0.314032744605114,0.30060841146397876
2021-03-08,35275.33984375,35275.75,35827.30078125,35090.75,35462.44921875,0,-0.001953633341360672,0.17380806662633352,-0.0060185652577010584,0.04576613024315512,0.30829538327034833,0.2984498691643252
2021-03-09,35865.23046875,35865.6484375,36077.80078125,35544.94921875,35705.8984375,0,0.00592206979483656,0.18715019620108575,-0.005746884465846591,0.05667078541359727,0.3125121690676521,0.2997681329297428
2021-03-10,35937.8828125,35938.30078125,36176.8984375,35764.3515625,36112.25,0,-0.001260229526996559,0.1875758071156537,-0.005163430201942321,0.05453196065987864,0.31083799897652636,0.29976293445139285
2021-03-12,35496.234375,35496.6484375,36497.3515625,35188.05078125,36497.3515625,0,-0.015527063428230736,0.15588868509254428,-0.010341541240717289,0.044879776199834964,0.31373972405261935,0.3003338105262298
2021-03-15,35182.140625,35182.55078125,35544.25,34430.6484375,35544.25,0,-0.016783083495461093,0.15313496015920314,-0.005066272851036557,0.04546557927721673,0.3141407493318223,0.30067587909611104
2021-03-16,34804.1953125,34804.6015625,35405.05078125,34744.6015625,35352.0,0,-0.026501938587963236,0.1372250478838659,-0.009178771395695784,0.03387917484938785,0.3161221274130257,0.3018799109819271
2021-03-17,34228.8515625,34229.25,35100.5,34126.8515625,34905.05078125,0,-0.05205499250422818,0.11329476662316695,-0.022905664475815657,0.027505084361877152,0.3176378544944983,0.3042780257823965
2021-03-18,33856.40625,33856.80078125,34759.8515625,33597.55078125,34577.5,0,-0.08737837191843056,0.10314896099725734,-0.038036089395528494,0.03018235033288663,0.29856142865114166,0.30531405946705814
2021-03-19,34161.203125,34161.6015625,34355.3984375,33361.0,33590.3984375,0,-0.06629126294858834,0.11281373386909865,-0.04149124770488777,0.03524864879538736,0.3001215176067045,0.30566677209226856
2021-03-22,33603.05859375,33603.44921875,34148.8984375,33389.1484375,34088.3984375,0,-0.06244565661629675,0.0893569520485713,-0.046069091170003795,0.016893381694844223,0.2973474415138409,0.30786932207060613
2021-03-23,34184.0,34184.3984375,34360.05078125,33622.0,33747.94921875,0,-0.03042785034040585,0.11296719978079484,-0.039902683080033086,0.03635687459208836,0.30141631062953117,0.3092981851218514
2021-03-24,33292.86328125,33293.25,33970.6484375,33203.3984375,33894.69921875,0,-0.051932165501901606,0.13025333612877388,-0.04116240957878814,0.03864444352236385,0.31407393330974026,0.3015317145516143
2021-03-25,33006.06640625,33006.44921875,33550.1484375,32415.25,33420.75,0,-0.09453042712388804,0.11410604855356032,-0.05067115537278677,0.05034684235805975,0.2766018690379747,0.30221940503388783
2021-03-26,33317.8125,33318.19921875,33610.6484375,33166.1015625,33605.05078125,0,-0.08839642072970533,0.11494374274930141,-0.049313414774733166,0.048316762480156594,0.2800832439575275,0.30229606611784
2021-03-30,33874.70703125,33875.1015625,33990.80078125,33564.55078125,33615.8984375,374200,-0.02667827346352669,0.11423194482615417,-0.04842415744541917,0.03452944400792779,0.23564532521559947,0.30215989642551644
2021-03-31,33303.51171875,33303.8984375,33773.1015625,33151.80078125,33764.80078125,0,-0.056439867477901196,0.0784609696284484,-0.05164026240171182,0.019534407011971622,0.23450667318508445,0.30318281832163724
2021-04-01,33857.60546875,33858.0,33949.1484375,33208.75,33588.0,0,-0.044091261450444175,0.08094820017559257,-0.040622553461693967,0.01385734662296323,0.24358173487180518,0.3036391190216995
2021-04-05,32678.470703125,32678.849609375,33697.75,32330.150390625,33649.1484375,0,-0.10144071768006369,0.04395095026805129,-0.06157348908554228,-0.0029559261128184744,0.24596522954880087,0.312828146995688
2021-04-06,32500.97265625,32501.349609375,33007.6484375,32338.400390625,32915.6484375,0,-0.09220446590671039,0.0395757682452027,-0.06586293779968655,-0.010614658561169943,0.242931663952706,0.31305905894041053
2021-04-07,32990.81640625,32991.19921875,33191.69921875,32141.55078125,32529.69921875,0,-0.06349891544026742,0.05698847878081503,-0.05552937394565949,0.008438683968870153,0.24872968476179164,0.31438620393149763
2021-04-08,32782.46875,32782.8515625,33306.80078125,32704.75,33154.19921875,0,-0.07066889966903611,0.03343399546059933,-0.06515945278086022,-0.014053578375627263,0.24832777600593442,0.31309851434392516
2021-04-09,32447.673828125,32448.05078125,32972.1484375,32329.94921875,32636.900390625,0,-0.09528888519067358,0.02044633081549896,-0.07783334192572977,-0.028230852846248933,0.23733614522888752,0.3138540260715642
2021-04-12,30791.642578125,30792.0,31698.05078125,30520.30078125,31637.900390625,0,-0.14319822221352674,-0.03642508449117532,-0.08626172149388556,-0.048694017502316056,0.28893209057888725,0.3317402337283476
2021-04-13,31771.23046875,31771.599609375,31885.44921875,30722.849609375,30901.80078125,0,-0.10494086039372996,-0.009743101495028661,-0.0699363940234613,-0.020724286369307787,0.3196109826375261,0.3380288772801082
2021-04-15,32112.4765625,32112.849609375,32187.05078125,31406.400390625,31929.099609375,0,-0.08725067124783203,0.003561035453061523,-0.06393778034810327,-0.0031149648446653355,0.32440878389746763,0.33871326149331715
2021-04-16,31977.078125,31977.44921875,32325.150390625,31911.900390625,32161.44921875,0,-0.08122926902849814,-0.011180023539688944,-0.06160540911114387,-0.014915361892410384,0.32357093817557825,0.3381085848990037
2021-04-19,31208.037109375,31208.400390625,31304.30078125,30405.650390625,30993.44921875,0,-0.08825345601714907,-0.04194212320366786,-0.06367345192948137,-0.027839717784370555,0.32859001135363447,0.3413235001175307
2021-04-20,31112.337890625,31112.69921875,31731.650390625,30891.0,31568.94921875,0,-0.08105023213001539,-0.043267576818702524,-0.06309090257480199,-0.022768301231708477,0.3277685149109571,0.34135214217177795
2021-04-22,31782.23046875,31782.599609375,31834.5,30555.25,30763.5,368400,-0.06963964932301325,-0.014395262805261377,-0.04672526995683035,-0.0124865488708783,0.33714728223344415,0.3439192742888373
2021-04-23,31721.931640625,31722.30078125,32148.400390625,31377.150390625,31490.599609375,0,-0.05598081391151832,-0.002811829551973677,-0.02917299308837329,-0.0070166152163562145,0.33372333832491624,0.3428151601422827
2021-04-26,32274.775390625,32275.150390625,32603.69921875,32144.80078125,32316.650390625,0,-0.05585144493227567,-0.004616805337678942,-0.033593222552552815,-0.0021273062516878882,0.33383271024246003,0.3424030681779551
2021-04-27,32734.96875,32735.349609375,32807.1015625,32152.94921875,32228.94921875,0,-0.016757162206303078,0.005889016775160627,-0.023881126856371115,0.005318871312048223,0.3268787080410484,0.34356644627861466
2021-04-28,33722.41015625,33722.80078125,33777.69921875,32840.30078125,32865.5,0,0.021703381595287174,0.0477181826142028,-0.015968741724723845,0.028924925245214617,0.34271648427088003,0.3480501262809468
2021-04-29,33714.109375,33714.5,34287.0,33304.6015625,33901.6015625,0,0.011894423784673869,0.08064835305245577,-0.01482320052555508,0.03457737973263986,0.34131549554339985,0.3416281426947118
2021-04-30,32781.41796875,32781.80078125,33455.25,32663.400390625,33112.3984375,0,-0.032274465044269895,0.08245953582201104,-0.017858933614298578,0.034949272040017076,0.350242228745795,0.34099529936727274
2021-05-03,32465.373046875,32465.75,32566.599609375,31906.55078125,32368.55078125,351000,-0.0251666764800198,0.06941920873422558,-0.02131731573235829,0.010320410649164558,0.3469317635107079,0.3417303957785477
2021-05-04,32269.974609375,32270.349609375,33011.55078125,32191.400390625,32610.400390625,786800,-0.04689144044612792,0.05577692527113909,-0.02194754532569898,-0.007437280889514675,0.3407858219450413,0.34183132483114376
2021-05-06,32827.41796875,32827.80078125,32956.3515625,32564.0,32900.75,0,0.004558029846689182,-0.007895360967805076,-0.0013854863347617652,-0.03895714872431333,0.3238458057578492,0.302368614103111
2021-05-07,32904.1171875,32904.5,33259.1484375,32771.3515625,33041.6484375,0,0.012404112305192116,-0.03978646195612645,0.0028934104544753314,-0.05175414225902919,0.32321484113963295,0.293433135609365
2021-05-10,33142.01171875,33142.3984375,33297.6015625,33028.1484375,33175.30078125,0,0.00458301675387629,-0.0464937538231206,-0.003737341589780785,-0.05679800854000272,0.3198047257512871,0.2922631504796674
2021-05-12,32451.923828125,32452.30078125,32747.69921875,32352.30078125,32717.650390625,0,-0.010083039317669185,-0.08183664742946961,0.0018372370754300427,-0.06846694651662188,0.3279649189366862,0.29284131890826604
2021-05-14,32169.177734375,32169.55078125,32622.650390625,32115.5,32495.150390625,0,-0.008582950078496854,-0.09774219856539845,0.0020035950380947742,-0.08122879284568052,0.3274109224569253,0.2924446692853903
2021-05-17,33458.859375,33459.25,33506.8984375,32318.69921875,32437.849609375,0,0.08662152507144705,-0.07015404349241094,0.04383212166319561,-0.05740913971280692,0.2945614212308485,0.30354430967261764
2021-05-18,33922.00390625,33922.3984375,34142.8515625,33730.44921875,33893.1015625,0,0.06769564184896604,-0.05918770714018273,0.026102526962090256,-0.05910827292893439,0.2792768888658029,0.30502541572537395
2021-05-19,33684.80859375,33685.19921875,33959.30078125,33608.25,33717.1015625,0,0.04896325391552825,-0.058628298055318995,0.018191266952479523,-0.05357420813541691,0.2801157227020262,0.30497295375538847
2021-05-21,34606.49609375,34606.8984375,34694.44921875,33559.75,33559.80078125,0,0.08222823530302792,-0.03203177085962383,0.044093337885901196,-0.03216358134420827,0.29200547254864123,0.310325822079439
2021-05-24,34943.1953125,34943.6015625,35216.1015625,34528.30078125,34869.30078125,0,0.11968576168988965,-0.03227173703504094,0.06130957119523983,-0.03454039828081834,0.27261086315087,0.3102904973110738
2021-05-26,34683.796875,34684.19921875,34897.94921875,34462.5,34757.1484375,0,0.11479235455879833,-0.06507556445643392,0.04449145522566478,-0.06429193961376634,0.27490350265838637,0.3052047778692256
2021-05-27,35094.64453125,35095.05078125,35220.80078125,34529.69921875,34664.19921875,0,0.10422215969073578,-0.04077812388963298,0.03954844787412748,-0.05525660362762208,0.26963880332119855,0.30515279124688977
2021-05-28,35141.0390625,35141.44921875,35436.6484375,34977.19921875,35345.6484375,0,0.10778374686873105,-0.019534627729430154,0.031479855599345186,-0.04983151498392302,0.26879377118378056,0.30234369190826244
2021-06-01,35336.7890625,35337.19921875,35713.8984375,35241.19921875,35639.75,0,0.09487326289932452,0.002269040132871769,0.019633386518585816,-0.05899886545910071,0.2649536815771438,0.3006933976857328
2021-06-02,35373.33984375,35373.75,35415.8515625,35070.30078125,35271.6015625,0,0.08059789866638223,0.007312730375589771,0.017597335443722217,-0.051730797695021646,0.26271575446049883,0.30058245908907283
2021-06-03,35648.5859375,35649.0,35723.69921875,35413.0,35536.44921875,0,0.05711860148404324,-0.022037039200093367,0.0015636189559422586,-0.06931708254377245,0.24503230969987014,0.29090514799667594
2021-06-04,35291.23828125,35291.6484375,35810.8984375,35176.1484375,35657.8515625,0,0.0467795292085007,-0.03440180476894028,-0.005275173343455508,-0.07234888855835231,0.24909091305372194,0.291508941108828
2021-06-07,35443.23828125,35443.6484375,35545.8515625,35338.55078125,35460.80078125,0,0.08119894553725926,0.018390248315267366,0.004612030598070582,-0.06575094143997284,0.2218030106543329,0.27366563733452903
2021-06-08,35084.89453125,35085.30078125,35449.5,34962.6484375,35433.80078125,0,0.08068659375649734,-0.00596949282496595,0.005113418052460572,-0.07225994454818296,0.22219426569607148,0.27296891120167477
2021-06-09,34800.09375,34800.5,35402.44921875,34641.19921875,35114.25,0,0.07840480258974192,-0.01748177518182359,-0.00015551261565249774,-0.0654907045913381,0.2235678580503312,0.27335672209542805
2021-06-10,35130.7890625,35131.19921875,35165.6484375,34734.3984375,34903.6015625,0,0.07016609040760402,-0.03400928936058556,0.0013739703958917104,-0.06629076094812236,0.21910562322683164,0.26844170037721504
2021-06-11,35046.9921875,35047.3984375,35344.0,34891.30078125,35324.6484375,0,0.06512478346426787,-0.021090749598491776,-0.0007316096117548909,-0.06874087372196036,0.2200468206532754,0.2666252228524494
2021-06-14,34950.1953125,34950.6015625,34995.1484375,34374.3515625,34936.55078125,0,0.05455860801413981,-0.007878554148039063,-0.0036317049373431054,-0.06636993008260861,0.22045880103056414,0.2646364943325121
2021-06-15,35247.33984375,35247.75,35317.3984375,34917.8984375,35038.05078125,0,0.08614024742323134,-0.0007937464121953175,0.006342336355970479,-0.06184199347789476,0.20254315370806383,0.2652078913206958
2021-06-16,35003.09375,35003.5,35380.0,34916.19921875,35196.25,0,0.0880941495894858,-0.024038278270707814,0.013849370773795888,-0.0683575039337121,0.20112245363957668,0.26329625931721323
2021-06-17,34604.99609375,34605.3984375,34882.3984375,34458.1015625,34619.80078125,0,0.03425505465603673,-0.03708863009030772,-0.01722536200468583,-0.07113195142479567,0.1602098224507047,0.264209611746846
2021-06-18,34557.59765625,34558.0,34787.3984375,33908.94921875,34735.1484375,0,0.0187369287484509,-0.026443297573648605,-0.019338674065488837,-0.06984703490130961,0.15397833885469697,0.2630821714733176
2021-06-21,34870.89453125,34871.30078125,34927.6484375,33937.5,34109.44921875,0,0.03521135661978758,-0.008846715007539308,-0.012449484473447292,-0.06357058385780223,0.15352836244469345,0.2631885632372362
2021-06-22,34744.59765625,34745.0,35281.8984375,34664.3515625,35084.8984375,0,0.003990579009829798,-0.0017124621407594853,-0.03537933150277528,-0.059544371532642804,0.12191935209202284,0.26235780137964765
2021-06-23,34573.59765625,34574.0,34937.6484375,34525.44921875,34911.8515625,0,-0.010577088393104894,0.010071795321253019,-0.04276945919345154,-0.05552366183515378,0.11781052708555675,0.2602726672019815
2021-06-24,34826.59375,34827.0,34935.30078125,34592.3515625,34687.69921875,0,0.004117171059633495,0.02865596265336734,-0.02784058416998536,-0.056013175922135394,0.11794826625954703,0.25963047806728634
2021-06-25,35364.23828125,35364.6484375,35491.94921875,34915.8515625,34916.6484375,0,0.007681928085256917,0.03521634876511803,-0.026384125064764286,-0.04049917004761938,0.12311669408523027,0.2608426363956754
2021-06-28,35359.0390625,35359.44921875,35576.94921875,35236.44921875,35488.19921875,0,0.006203500562625752,0.05225654035003613,-0.01835327515430296,-0.020915996776024404,0.12307854281451466,0.2584191259114089
2021-06-29,35009.89453125,35010.30078125,35337.44921875,34913.69921875,35320.44921875,0,-0.009250830420271305,0.024160212889514865,-0.020397043083089206,-0.03886482602862418,0.12654330767735977,0.2570803114791728
2021-06-30,34771.796875,34772.19921875,35214.8984375,34730.44921875,35001.8984375,0,-0.01700556998480507,0.044421893889902586,-0.026333891582213997,-0.03613810019275743,0.1283700609221419,0.25142618511463477
2021-07-01,34683.59765625,34684.0,34917.6484375,34650.94921875,34866.0,164000,-0.02706948301495138,0.050824939396905355,-0.02640986677741286,-0.043772549759937274,0.12435132029271913,0.2507638117492169
2021-07-02,34809.4921875,34809.8984375,34894.44921875,34632.6015625,34728.1015625,165600,-0.013650538337792839,0.044771303783745164,-0.016965749984862888,-0.03897277037073321,0.12110036587685234,0.25019891929860316
2021-07-06,35578.734375,35579.1484375,35807.44921875,35165.55078125,35173.6015625,0,0.0038229698683232005,0.050303815971031396,-0.00040513370961292594,-0.01524982908571415,0.14447385102075996,0.2518562853424572
2021-07-07,35770.88671875,35771.30078125,35795.75,35427.6484375,35550.6015625,0,0.019552347699028694,0.07408749304170703,0.010686407538975207,-0.006844673533434875,0.14017449117355935,0.24925513523353263
2021-07-08,35273.69140625,35274.1015625,35811.0,35134.6484375,35603.25,0,0.013609044769471668,0.04182472569259854,0.007689715585140089,-0.01605719703472852,0.14660733996850978,0.24909049437544095
2021-07-09,35071.54296875,35071.94921875,35225.19921875,34859.8984375,35163.75,0,-0.0016865350832765413,0.0732308400687538,0.0013602915159831586,0.0013621156677605661,0.14444620372096656,0.2378746292778034
2021-07-12,35198.48828125,35198.8984375,35394.30078125,35060.3515625,35285.05078125,0,0.004322717427091449,0.08299805578987085,0.011079324669750146,0.014274685382611008,0.1447472193754342,0.23752136445614022
2021-07-13,35672.984375,35673.3984375,35727.8515625,35340.69921875,35480.05078125,0,0.02068052744979121,0.08130044624827137,0.0206489055957797,0.0142718703423248,0.15153523967842086,0.23715833901250089
2021-07-14,35667.8359375,35668.25,35804.05078125,35434.75,35585.8515625,0,0.011929839493300953,0.0880154806545439,0.0128939559252369,0.022117700430548615,0.1489872050827271,0.23664554788480413
2021-07-15,35907.23046875,35907.6484375,35985.25,35625.69921875,35757.44921875,0,0.02583022947705227,0.10661958339417787,0.015895243219489874,0.033187724317623735,0.14768663655569939,0.23562275647105688
2021-07-16,35751.38671875,35751.80078125,35977.94921875,35674.75,35977.94921875,0,0.03312784696932436,0.16107433038613928,0.018342678391342515,0.04839016123094697,0.14161174559902573,0.20741415814957803
2021-07-19,35078.79296875,35079.19921875,35347.05078125,34899.19921875,35070.5,0,0.01508186870623307,0.10410554237247194,0.010679060443339772,0.018092594745692914,0.1592761012518495,0.203129550176921
2021-07-20,34415.05078125,34415.44921875,34894.1484375,34357.3515625,34791.1484375,0,-0.0130723991444881,0.0717033722445728,-0.005807267805777894,-0.0003504632786079931,0.1707696506581593,0.20661453988940318
2021-07-22,34676.8984375,34677.30078125,34989.1015625,34557.8515625,34774.55078125,0,-0.0019484593106922077,0.08442986005640929,-0.005200891808988306,0.0019142898771322692,0.17280612506708184,0.20671815391561724
2021-07-23,35033.9921875,35034.3984375,35088.0,34404.75,34748.3515625,0,0.013316319705559021,0.12259513461075455,0.0025366839401870234,0.018371115653291303,0.17554972913292172,0.20041264372461992
2021-07-26,34949.29296875,34949.69921875,35138.19921875,34669.55078125,34947.8515625,0,0.0035231061748068893,0.12332584752684017,0.0013699060076519665,0.0164423130051341,0.17406380900250926,0.2003477503938765
2021-07-27,34797.04296875,34797.44921875,35186.1015625,34713.55078125,35029.30078125,0,-0.01603859344883385,0.09485849636055899,-0.00885719979309918,0.0018218579564701631,0.16514555018419036,0.19662249322653771
2021-07-28,34532.49609375,34532.8984375,34841.55078125,34115.19921875,34839.44921875,0,-0.023375669008206867,0.08860005696406636,-0.016717319283770626,-0.006791995981613175,0.1668759504811792,0.1973965287634709
2021-07-29,34691.09765625,34691.5,34778.1484375,34495.19921875,34740.30078125,0,-0.00910591380639425,0.07486718358024702,-0.011010863158739337,-0.014428653168976346,0.16472868618477135,0.19473575682548397
2021-07-30,34583.94921875,34584.3515625,34738.75,34445.3984375,34698.75,0,-0.005402236857906528,0.05648334217256901,-0.008045102022649075,-0.019268806001042638,0.16334270862581365,0.19303595346914695
2021-08-02,34709.59765625,34710.0,34861.75,34588.25,34760.8984375,0,0.0007496251874063997,0.02927393917111676,-0.012333945643269617,-0.03938610094766681,0.1636728749113966,0.18358211661814886
2021-08-03,35207.0390625,35207.44921875,35238.44921875,34649.19921875,34660.75,0,0.01142062456642301,0.04428211062747489,-0.014564911784227697,-0.03868921358177291,0.17092449242287133,0.18572188183277147
2021-08-04,36027.6328125,36028.05078125,36219.80078125,35313.0,35388.1484375,0,0.01261700640583241,0.09902598157013798,-0.015233723269542532,-0.012223359816994517,0.17291738869468243,0.1813760270066291
2021-08-05,35834.33203125,35834.75,36115.44921875,35661.30078125,36093.94921875,0,0.0017737464773228684,0.10377089702224662,-0.024357132260094172,-0.009693101531008885,0.17320990671031058,0.18044604066565645
2021-08-06,35808.83203125,35809.25,36080.1015625,35700.44921875,35875.80078125,0,0.015171142957441486,0.10966414784663181,-0.017274370557615937,-0.010482107822840092,0.16511117593354385,0.17980659008472105
2021-08-09,36028.53125,36028.94921875,36159.8515625,35612.30078125,35824.19921875,0,0.027286763961450244,0.09751333812554308,-0.008943793623017449,-0.00662731000906458,0.16428485787513067,0.17717737109014653
2021-08-10,36033.68359375,36034.1015625,36317.0,35890.5,35954.55078125,201200,0.02372810406220549,0.09511165835979885,-0.013709924984875999,-0.0031771115950318674,0.1641114157858105,0.17719290663087042
2021-08-11,35805.98046875,35806.3984375,36227.55078125,35531.3515625,36218.25,200200,0.0037282682846440096,0.08038042282980151,-0.0259890351037404,-0.009290909032513506,0.1595083157784534,0.1775089610402587
2021-08-12,35936.6328125,35937.05078125,35998.1484375,35702.8984375,35825.3984375,122300,0.00753613595424496,0.10738067613416757,-0.024660899423311733,-0.006108956814153466,0.15996991724930565,0.17134721333827027
2021-08-13,36168.9296875,36169.3515625,36233.30078125,35937.1015625,36000.75,125800,0.007288227895388744,0.12433499020388195,-0.03069794451159713,-0.0017942545958917755,0.15984342838350588,0.1702146438750844
2021-08-16,36094.08203125,36094.5,36261.55078125,36032.3984375,36100.6484375,87300,0.009585509296352157,0.07875998415983632,-0.03058495523593452,-0.031129707205548307,0.15915565944056223,0.15152696529211565
2021-08-17,35867.03125,35867.44921875,35993.69921875,35611.8515625,35935.05078125,118300,0.02247058135747504,0.057338244665501525,-0.032263884334695625,-0.04237648047869702,0.14424778891411744,0.15003719056883255
2021-08-18,35554.0859375,35554.5,36248.8984375,35432.0,36222.5,140500,0.033097077246036166,0.05549323811656426,-0.026827694435830995,-0.04688093504605151,0.12888152093525068,0.15047431482441867
2021-08-20,35033.4453125,35033.8515625,35306.5,34926.5,35146.5,181200,0.010281964663258591,0.012337225936934981,-0.029306522673714364,-0.07169407569959696,0.13917067745663111,0.1437237989155138
2021-08-23,35123.98828125,35124.3984375,35427.3984375,34817.5,35424.19921875,174200,0.002568903820642454,0.005173962239599872,-0.037819428831616264,-0.08028298234719222,0.13464677185688595,0.1424548391748379
2021-08-24,35711.6875,35712.1015625,35795.30078125,35070.0,35200.75,173600,0.021814274823314772,0.02963604081694715,-0.02874984615319276,-0.056836116865717434,0.1462859164041602,0.14551111900542807
2021-08-25,35585.8359375,35586.25,35910.30078125,35499.6484375,35768.8515625,144300,0.022668350668214154,0.013996253255528224,-0.03373802564489958,-0.07055280768045535,0.14590303229225296,0.1438102623694318
2021-08-26,35617.13671875,35617.55078125,35785.80078125,35411.80078125,35485.94921875,136400,0.03140924720561977,0.013548148214842959,-0.027631835008664396,-0.0642749411659318,0.14221257266803597,0.1437988113259559
2021-08-27,35627.38671875,35627.80078125,35727.8984375,35359.25,35559.75,120900,0.026989342670394656,0.008223672756323186,-0.03174576831742715,-0.06435164178761998,0.1418130727595808,0.14336935976243811
2021-08-30,36347.2265625,36347.6484375,36398.44921875,35721.8984375,35781.05078125,150400,0.05098539643900546,0.027531670730414515,-0.023112001655566816,-0.05945042817360635,0.15531078965438422,0.14903524564731874
2021-08-31,36424.1796875,36424.6015625,36552.80078125,36216.19921875,36367.3984375,210300,0.04939791306539898,0.021756614841931032,-0.02910614874448947,-0.07013742482392149,0.15525629320110498,0.14830216370070465
2021-09-01,36573.875,36574.30078125,36997.69921875,36487.1484375,36591.44921875,181500,0.03882279440375003,0.036344359091684986,-0.019791963124573098,-0.05337979974432594,0.14906934989444742,0.14688126427904677
2021-09-02,36830.87109375,36831.30078125,36895.55078125,36469.0,36588.3984375,118900,0.022295127895679334,0.03915094537169139,-0.03769396094569388,-0.05496617653207747,0.12833888657381126,0.14727650687639682
2021-09-03,36760.72265625,36761.1484375,37140.0,36563.19921875,36883.6484375,155600,0.0258519575970253,0.047764950532947825,-0.03729779905044528,-0.05283797062371676,0.12659244313462267,0.14565319451714834
2021-09-06,36591.92578125,36592.3515625,36923.6484375,36554.44921875,36878.25,88600,0.021868694890286644,0.051489247640120084,-0.04831153273533828,-0.05995381026440039,0.12814646559592846,0.14490381733843183
2021-09-07,36468.375,36468.80078125,36685.8515625,36151.94921875,36558.8515625,124500,0.012208281730045512,0.038074463503827705,-0.05568645536496786,-0.06513912226129115,0.12763124931360548,0.1440276302466919
2021-09-08,36767.7734375,36768.19921875,36855.8984375,36393.6015625,36519.69921875,175800,0.020372303579617057,0.04909924439380875,-0.04556097793463576,-0.049268753596614756,0.13039949415602498,0.14470997929540264
2021-09-09,36682.7734375,36683.19921875,36857.19921875,36566.69921875,36725.5,83600,0.02448726539142032,0.049572756370207305,-0.04227254974469408,-0.04892301920949471,0.12815498599109498,0.14466545145772197
2021-09-13,36471.375,36471.80078125,36724.8515625,36327.05078125,36608.44921875,82200,0.014880186002325102,0.03472706147910154,-0.04567201065455184,-0.05891635464012279,0.13013154563362755,0.14438945067608458
2021-09-14,36612.625,36613.05078125,36756.0,36529.6484375,36639.94921875,109300,0.012267270481288506,0.04598256692187919,-0.03921166126538611,-0.0562812733884992,0.1289490069698287,0.14368259702342215
2021-09-15,36851.8203125,36852.25,36949.69921875,36496.05078125,36543.55078125,177900,0.02099350316530213,0.06492777612597034,-0.03674938793195137,-0.051572267376659875,0.13017559369092532,0.14187724703836574
2021-09-16,37668.1640625,37668.6015625,37720.1484375,36907.75,36946.0,423100,0.05021690649828625,0.09001104122055681,-0.010867947454638927,-0.034079184343353,0.1465566441506764,0.14806908531654656
2021-09-17,37811.5078125,37811.94921875,38112.75,37396.05078125,37929.5,335100,0.06349264421521883,0.08432861326128571,0.002154602938354566,-0.03243704200337638,0.14046580655099558,0.1473104494328395
2021-09-20,37145.265625,37145.69921875,37802.75,37068.44921875,37388.19921875,152000,0.06028020220621433,0.06909481130378481,0.0027500122043906394,-0.03387711119704728,0.1458655893907934,0.15212752851368974
2021-09-21,37235.41796875,37235.8515625,37340.69921875,36525.94921875,37238.3984375,154000,0.060113574009163395,0.07698997982588063,-0.004479161501390383,-0.042539296505205826,0.14587159276231515,0.15162477396674198
2021-09-22,36944.21875,36944.6484375,37328.6015625,36885.6015625,37277.1015625,106400,0.034513423211538274,0.06080479046429499,-0.02094961366846171,-0.05041434347995688,0.14121076926227982,0.1522165677477922
2021-09-23,37771.26171875,37771.69921875,37830.75,37216.1484375,37241.25,139100,0.06141274280796649,0.06806375540545773,-0.010022412137923098,-0.055678763373252727,0.15711116729003852,0.15556464032718542
2021-09-24,37829.859375,37830.30078125,38112.6015625,37680.0,37954.0,138400,0.06212527115044786,0.06987811227528362,-0.010983228604133366,-0.05902088664735894,0.1570101766294154,0.15554553357171166
2021-09-27,38170.8046875,38171.25,38355.19921875,37968.19921875,38054.75,113000,0.07138945326337831,0.09028626284875751,0.0025545728427758263,-0.04348241838246225,0.15803336078722477,0.15463028766482742
2021-09-28,37944.55859375,37945.0,38377.25,37315.19921875,38360.0,201000,0.04394648983266847,0.09124532967529841,-0.0043404616795423845,-0.03769272390578471,0.1485360097590545,0.15443994368117434
2021-09-29,37742.5625,37743.0,37923.44921875,37371.05078125,37601.1015625,260500,0.03619527409895751,0.08819628647214861,0.0023933345402455952,-0.04135095723001969,0.15089661682164068,0.15485498080055274
2021-09-30,37424.66796875,37425.1015625,37884.8515625,37354.25,37677.80078125,235100,0.02326225691472872,0.07512814579725102,-0.008471899625787982,-0.04546249493748333,0.154865317520361,0.156091529324883
2021-10-01,37225.46484375,37225.8984375,37299.3984375,36876.3515625,37140.3984375,189200,0.010713649745731413,0.04628413192330205,-0.006571820316491728,-0.0620591286301726,0.15487447697711154,0.15057689293175552
2021-10-04,37579.2109375,37579.6484375,37670.69921875,37355.6015625,37392.1484375,146400,0.02226535445136002,0.05055303041140369,0.001042837254296769,-0.06353006114359228,0.15772774776186962,0.1513411664350316
2021-10-05,37740.5625,37741.0,37786.6015625,37364.75,37499.80078125,153100,0.03139039685760836,0.06993511750055648,0.0058117862154838384,-0.06322953503459172,0.15661624651424788,0.14830246029820895
2021-10-06,37521.11328125,37521.55078125,38106.8515625,37452.0,37768.80078125,204200,0.028867140609165842,0.06984503619178395,0.012515409135876565,-0.054834706039730285,0.1578746730163541,0.14831922861148533
2021-10-07,37752.76171875,37753.19921875,37923.6484375,37650.25,37894.0,136400,0.026789454499520193,0.07256763406347733,0.001615880904856315,-0.06111002624888884,0.15688779254303542,0.14859253389412058
2021-10-08,37774.8125,37775.25,38105.19921875,37674.3515625,37906.3984375,168200,0.029769780294730097,0.05891929713908417,-0.0005106992164749524,-0.07280367008775324,0.15633315854109572,0.14639470564312188
2021-10-11,38293.35546875,38293.80078125,38495.30078125,37744.6484375,37782.75,136100,0.049956403604197286,0.07361030555886527,0.01592366369696885,-0.058344128362343595,0.15955303101753274,0.14865882574602288
2021-10-12,38521.05078125,38521.5,38609.6015625,38144.6015625,38178.3515625,201300,0.05212483467035578,0.07279372713725896,0.016914868113969028,-0.057055747126834255,0.159965461590256,0.1485466025788303
2021-10-13,38635.30078125,38635.75,38779.05078125,38502.69921875,38735.30078125,205900,0.04839595954114073,0.080665844956892,0.011733803486452477,-0.05990398023527255,0.1592914296520488,0.14814114004902268
2021-10-14,39340.44140625,39340.8984375,39375.05078125,38673.0,38684.6484375,249600,0.044394981646061815,0.12148792770822725,0.004175418910306483,-0.04268707587815568,0.15354278339032423,0.14592793585722272
2021-10-18,39684.33984375,39684.80078125,39947.6015625,39569.55078125,39794.25,580000,0.049530680147303885,0.15311006196685595,-0.001188271400616392,-0.02888411942697333,0.15521017425721526,0.13982468441985318
2021-10-19,39540.0390625,39540.5,40011.1484375,39394.25,39927.30078125,274900,0.06447047253430571,0.1402415732824145,0.005733020089865537,-0.023730369888788294,0.13797070588848906,0.13993173202042988
2021-10-20,39517.73828125,39518.19921875,39774.55078125,39292.80078125,39545.44921875,236900,0.06129435907808101,0.12798281064391404,0.021173666140203773,-0.024044323123972644,0.13857813050857068,0.13902371089648988
2021-10-21,40029.734375,40030.19921875,40200.44921875,39428.1015625,39676.55078125,271300,0.08351820660764675,0.14536605789369395,0.04753132565358298,-0.003368930368943701,0.13661694194031312,0.1404687689382278
2021-10-22,40323.1796875,40323.6484375,40587.3515625,40149.55078125,40192.6484375,370500,0.06756246797293164,0.15881046866424642,0.051181835997171854,0.008398778033328558,0.11959587692991441,0.14015252612782664
2021-10-25,41191.91796875,41192.3984375,41829.6015625,40508.1015625,40961.25,476800,0.08887314102235133,0.19284509268901417,0.07362650827380035,0.039051826241886634,0.135368116566693,0.14376196212478456
2021-10-26,41237.8203125,41238.30078125,41367.25,40829.1484375,41057.75,437100,0.08034976012705908,0.18871483738812111,0.05720226779758519,0.03090781803635867,0.13460968099799067,0.1437683646010709
2021-10-27,40873.875,40874.3515625,41347.0,40750.0,41234.55078125,322800,0.07719993576228745,0.18187416319293614,0.0511500152304849,0.02658064801704918,0.1377930375400857,0.14527142683107108
2021-10-28,39508.48828125,39508.94921875,40931.05078125,39350.19921875,40915.1484375,512700,0.04678878782158291,0.13825840445836945,0.038548330468811454,0.014111036578309477,0.19026279509756155,0.16362132397184012
2021-10-29,39115.1484375,39115.6015625,39775.25,38426.6484375,39424.55078125,341300,0.04517021810019295,0.11100356403180389,0.04213357697647613,0.015477913294857482,0.1914971158744577,0.1635228118528697
2021-11-01,39763.2890625,39763.75,39862.6015625,39120.6484375,39432.1484375,203200,0.06817435358238289,0.10368862976883997,0.04549591086419147,0.0009227057148526452,0.19566686919508966,0.16038029794730482
2021-11-02,39937.984375,39938.44921875,40107.6015625,39590.69921875,39796.8984375,265000,0.06276803747041448,0.11451731123420705,0.05159306573297373,0.016672034418832027,0.1943727335148205,0.15980106836196903
2021-11-03,39401.59375,39402.05078125,40160.19921875,39304.8515625,40040.6484375,267500,0.044011838087226085,0.10033164004412276,0.04362477035760626,0.0023528613432186596,0.20295245855524283,0.16279186686917735
2021-11-04,39573.23828125,39573.69921875,39734.69921875,39514.1484375,39669.1015625,38800,0.05469252722159568,0.09838616104172315,0.0393462288395261,-0.003626711269257399,0.20084599517367174,0.16262217186251568
2021-11-08,39437.79296875,39438.25,39674.05078125,38932.1484375,39674.05078125,212900,0.04463332422469568,0.09447019045543881,0.028995566789709937,-0.015384860483261154,0.20151556583308952,0.1629199252372161
2021-11-09,39368.34375,39368.80078125,39560.6015625,39223.3984375,39517.8515625,203500,0.04218504923858868,0.09949066365800974,0.03385595608751446,-0.008725338430153773,0.20193425655917535,0.16224741324341166
2021-11-10,39022.796875,39023.25,39220.30078125,38873.80078125,39206.19921875,167900,0.019048754729699358,0.0858779213001033,0.015078499429658887,-0.015121735801410185,0.20059654710493682,0.16357478978933232
2021-11-11,38559.75,38560.19921875,38929.94921875,38346.05078125,38913.05078125,146000,0.0010046134950612018,0.06610147964966018,0.007582533871340558,-0.015239914120961373,0.204690395777899,0.16546766264142468
2021-11-12,38732.90234375,38733.3515625,38822.8515625,38467.80078125,38707.1484375,136000,0.0025261982102069425,0.07310951980218583,0.0057747838365920234,-0.01985036054141598,0.20504761730372376,0.16548169556759781
2021-11-15,38701.90234375,38702.3515625,39117.1484375,38606.6015625,38849.44921875,112300,-0.016231120802043808,0.07903830368478038,-0.003738227266844585,-0.010933747674887195,0.19375482642117323,0.16480090978918782
2021-11-16,38306.65625,38307.1015625,38724.69921875,38211.1015625,38710.8984375,129100,-0.034716042203264075,0.07741921732832702,-0.008854146375986804,-0.008908418150099795,0.1930892497625339,0.1652195062875439
2021-11-17,38041.109375,38041.55078125,38456.30078125,37981.19921875,38113.3984375,139300,-0.03790921254789392,0.0858512291571567,-0.009671704064690645,-0.0021795535318194226,0.1938728987628109,0.1627500644270135
2021-11-18,37975.80859375,37976.25,38233.94921875,37748.44921875,38071.8984375,238700,-0.03901871161220316,0.08119289409538366,-0.011547872000244874,0.004306556576253673,0.19380815238866642,0.16285217879020267
2021-11-22,37128.37109375,37128.80078125,38241.0,36655.3984375,38232.1484375,209500,-0.07248023977210172,0.03967000419369393,-0.030586486052530004,-0.007967303800683334,0.19853229287099683,0.16687189117398687
2021-11-23,37272.3671875,37272.80078125,37448.75,36647.55078125,36787.0,188700,-0.07565901832962085,0.047393326952123394,-0.04189947408357597,-0.00482894393128408,0.19635638378635056,0.16676960852469053
2021-11-24,37441.515625,37441.94921875,37891.8984375,37238.05078125,37384.75,157600,-0.0910471193960809,0.05122189475365069,-0.05185628255573094,0.004449336623562283,0.17567839425645929,0.16694719171747874
2021-11-25,37364.31640625,37364.75,37507.94921875,37118.3984375,37362.05078125,140800,-0.09393090180406283,0.04875263644294625,-0.053853479864004794,-0.0009953953145693806,0.17462507095909213,0.16704950715572423
2021-11-26,36025.08203125,36025.5,36868.8984375,35904.1015625,36830.8984375,211400,-0.11862821982841087,-0.008862978799135668,-0.05358493264047903,-0.014497504306887787,0.20736481614991326,0.1790046955413492
2021-11-29,35976.03125,35976.44921875,36347.8515625,35327.8984375,36224.44921875,187200,-0.08941012276589633,-0.012303562002758728,-0.044425548923339386,-0.007736139046670254,0.18019811012817058,0.17895875885156332
2021-11-30,35694.88671875,35695.30078125,36774.19921875,35526.3515625,35958.80078125,227300,-0.08744083293171268,-0.02403326874947731,-0.04848288861654948,-0.01858413435228823,0.17951363642702056,0.17940476665051566
2021-12-01,36364.4765625,36364.8984375,36445.3515625,35805.0,35902.8984375,173900,-0.08547613246990038,-0.012663205856346949,-0.04293486795094337,-0.008761069779097519,0.18298082326668397,0.18298219028259108
2021-12-02,36507.82421875,36508.25,36563.5,36166.69921875,36281.8515625,131700,-0.08588714098442296,-0.006879503177926294,-0.05864692568914753,-0.011384962955913958,0.1826991564513926,0.18314267138326962
2021-12-03,36196.7265625,36197.1484375,36844.0,36062.8515625,36497.30078125,138900,-0.08133846538960088,-0.010800156538860017,-0.04586295175380983,-0.0003787249216095079,0.18027825074098636,0.18373508401476546
2021-12-06,35735.484375,35735.8984375,36344.55078125,35696.75,36252.75,136000,-0.09697857054090242,-0.020096694381209645,-0.04091103965105369,0.005813167876008052,0.17973129324312345,0.18544881386992412
2021-12-07,36617.97265625,36618.3984375,36820.69921875,36013.94921875,36086.94921875,146700,-0.07150042312982952,-0.004074194125166963,-0.022141093026527225,0.006113997377988012,0.20806640570713955,0.19150913797786392
2021-12-08,37284.265625,37284.69921875,37384.80078125,36905.1484375,37052.75,165000,-0.052937898059942534,0.016397152178934116,-0.021099500786572856,0.010611064696745665,0.22192547332283324,0.19499756682286112
2021-12-09,37082.01953125,37082.44921875,37397.55078125,36884.44921875,37331.75,123200,-0.04973447319866997,0.016743029530198905,-0.02196380788603358,0.007434701765604235,0.2210169785999115,0.1949537166226029
2021-12-10,37105.21875,37105.6484375,37153.25,36824.3984375,37083.1484375,170900,-0.03772155773880759,0.013454154891191505,-0.017451503802108248,0.005899449410754265,0.21842418772804906,0.19481200684044836
2021-12-13,36924.8203125,36925.25,37581.05078125,36861.8984375,37358.19921875,157300,-0.04668074126202204,0.001980883121112109,-0.0061067953145831355,0.010611246830730336,0.21730817559357743,0.19463936685583105
2021-12-14,36893.51953125,36893.94921875,37039.05078125,36545.3984375,36778.94921875,132200,-0.04672590348495054,-0.020564935028572595,-0.0034032812092437137,-0.003287099050524489,0.2173036443180989,0.18922653114200433
2021-12-15,36789.125,36789.55078125,37083.5,36743.19921875,36929.5,105800,-0.03961539034150208,-0.027039030217278937,0.0035975781173811505,-0.006353964015404334,0.21532497781659,0.18909417271347892
2021-12-16,36548.22265625,36548.6484375,37159.30078125,36385.75,37092.94921875,112700,-0.03924399276818713,-0.0160732142295662,-0.0029144379800456477,-0.007537210880370404,0.21521178640667163,0.18608045324994574
2021-12-17,35618.234375,35618.6484375,36550.75,35535.05078125,36491.80078125,152100,-0.062080946973437356,-0.043431345252989306,-0.018196325237468503,-0.010587661091162603,0.2311430007897527,0.1931753470481352
2021-12-20,34439.453125,34439.8515625,35231.1015625,34018.44921875,35124.3515625,200100,-0.07242219415036744,-0.0677986387998093,-0.026353855328435927,-0.014657375304116704,0.24631402905571337,0.20415850415958056
2021-12-21,34607.44921875,34607.8515625,35050.0,34389.94921875,34863.3515625,159600,-0.0714984965683233,-0.0837623861697876,-0.029649363896730896,-0.02473177364533652,0.24674790243547198,0.19873204133503136
2021-12-22,35029.09375,35029.5,35112.1015625,34687.6015625,34865.25,128600,-0.06443172081281245,-0.07403591098694551,-0.03804066584127985,-0.02375080583575473,0.2515264659350236,0.2005844371363656
2021-12-23,35190.73828125,35191.1484375,35477.30078125,35046.25,35350.5,114200,-0.05817251721207828,-0.07807188820119859,-0.031732976795797674,-0.034246873660862986,0.25308047698778174,0.1998289844815106
2021-12-24,34856.64453125,34857.05078125,35327.94921875,34583.3984375,35282.19921875,132500,-0.03243394869606253,-0.08137960782052966,-0.031100774734870273,-0.03941293857516781,0.22191707057167512,0.2003167847849898
2021-12-27,35057.4921875,35057.8984375,35143.69921875,34233.0,34573.6484375,335100,-0.02553200221803087,-0.07114171005219516,-0.027426037484330812,-0.03585063860747628,0.2234675023223266,0.2006771383563857
2021-12-28,35183.390625,35183.80078125,35352.3984375,35037.8984375,35308.30078125,181600,-0.01432961731110216,-0.05988763390546914,-0.02905303767667944,-0.03804082353712235,0.22270441257090035,0.20034180135580823
2021-12-29,35044.9921875,35045.3984375,35378.30078125,34890.80078125,35168.8515625,122500,-0.03628499065569546,-0.058574811932636806,-0.03900529645857076,-0.04041086888636325,0.2108422936223069,0.20023402785598896
2021-12-30,35063.1953125,35063.6015625,35179.05078125,34751.25,34977.6484375,328000,-0.03957046523730934,-0.06695237926944753,-0.028209406519481672,-0.039407644937503816,0.20994669941933242,0.1990734697219075
2021-12-31,35481.28515625,35481.69921875,35596.94921875,35113.75,35114.3984375,210300,-0.01976534753795134,-0.059863299362762024,-0.02891545015348318,-0.03359003612097988,0.21397783029340586,0.2005556387919143
2022-01-03,36421.4765625,36421.8984375,36492.1015625,35526.6015625,35585.19921875,219000,0.019196383188735844,-0.029307220007002255,-0.02298896877507728,-0.028156773376037725,0.2295680123771988,0.20786300263191348
2022-01-04,36839.71875,36840.1484375,36887.80078125,36374.3984375,36551.25,190500,0.006055699032782247,-0.024184726066778905,-0.030537523753809692,-0.025022280749636083,0.216224528210144,0.20885973707604832
2022-01-05,37695.4609375,37695.8984375,37862.3984375,36756.3515625,36943.55078125,237400,0.011028631781028642,-0.0021006230931628345,-0.015045009799417475,-0.0037798880671182644,0.22221264719102737,0.21427900015740825
2022-01-06,37489.8125,37490.25,37752.5,37058.44921875,37242.55078125,199000,0.010997137185960293,-0.020983834585660888,-0.002078888832292014,-0.009836537461026862,0.22222380747823312,0.21264445375492752
2022-01-07,37739.1640625,37739.6015625,38134.8515625,37427.80078125,37667.05078125,183300,0.017085084123184657,-0.020297715236945568,-0.0001265691551781689,-0.010334925890408408,0.22327132922282808,0.21273767932961776
2022-01-10,38347.453125,38347.8984375,38400.3515625,37929.3515625,37930.55078125,206500,0.03852779432772957,-0.007450394065082189,0.0019639043992680794,0.0012739424525991527,0.22840455857754352,0.21526225110611028
2022-01-11,38441.75390625,38442.19921875,38504.6015625,38031.75,38370.0,159500,0.04196487588846032,-0.022843891584676035,-0.00022004828983290814,-0.00742278308906108,0.22818019731754896,0.21197252149388568
2022-01-12,38727.1015625,38727.55078125,38851.44921875,38604.6015625,38719.6015625,156100,0.052678001194505386,-0.024121325574406716,-0.004863731549218153,-0.009795382813908793,0.22816220363406797,0.21174978804103584
2022-01-13,38469.50390625,38469.94921875,38717.55078125,38376.1484375,38717.55078125,159200,0.05256831273899287,-0.02707479119510381,-0.005953078680795754,-0.018336455599582968,0.22821784087881897,0.21203854223214555
2022-01-14,38369.953125,38370.3984375,38448.05078125,38007.75,38302.3515625,148600,0.07725587917319476,-0.029044865503522477,0.0024524715188745105,-0.02845090660547822,0.2035419389142324,0.21208358387203163
2022-01-17,38215.703125,38216.1484375,38617.5,38138.25,38212.55078125,140300,0.10964904619716309,-0.04531705603903924,0.007694063695608433,-0.05246851866679125,0.15203834028093346,0.2103561583454705
2022-01-18,38209.85546875,38210.30078125,38855.55078125,38095.3984375,38337.3984375,168800,0.10409340817485191,-0.052409634002379524,0.02406161472744639,-0.05230752969404129,0.1532247316455082,0.20968729214301035
2022-01-19,38040.91015625,38041.3515625,38330.5,37769.25,38145.75,165300,0.08598043256398169,-0.07649583405008542,0.02800785046406218,-0.06617882057893909,0.1542214531039045,0.20461542057501922
2022-01-20,37850.41015625,37850.8515625,38167.94921875,37591.8515625,38106.1015625,149600,0.07557875326869978,-0.08214327832562363,0.035491103684908376,-0.054149563512615684,0.15757174188507764,0.20468913873725783
2022-01-21,37573.86328125,37574.30078125,37741.0,37224.25,37522.3515625,157800,0.0779540993600536,-0.08073646810528534,0.04187968103321382,-0.04812977523099937,0.1553022647644854,0.2044754470801167
2022-01-24,36947.12109375,36947.55078125,37694.69921875,36375.3515625,37601.94921875,231000,0.053900901878611185,-0.06483084182568999,0.05022252836921037,-0.025174657887793606,0.17129714229879248,0.19563480862438992
2022-01-25,37706.3125,37706.75,37788.80078125,36415.6015625,36598.05078125,267500,0.07170769395938947,-0.0360176376234147,0.06911391630572572,-0.013738950394299843,0.18250071012120753,0.19959061324104524
2022-01-27,37981.66015625,37982.1015625,38147.6484375,37012.25,37058.19921875,346300,0.08379711048905092,-0.04480584546226152,0.08980684820211238,0.0009005672198562076,0.18080050484358692,0.1971170638578918
2022-01-28,37688.9609375,37689.3984375,38421.69921875,37581.5,38246.6015625,294300,0.07488668470977178,-0.05631292214005479,0.08081555596503176,-0.012319281687706796,0.18524290856345593,0.19732998085580727
2022-01-31,37974.91015625,37975.3515625,38217.25,37647.8515625,38091.80078125,217800,0.07027995836321876,-0.03620875539373991,0.07109827865362284,-0.008762227741484052,0.18332559919635094,0.1963276222601998
2022-02-01,38505.05078125,38505.5,38802.69921875,37690.6015625,38460.44921875,234100,0.05720738489443278,-0.026992655218946227,0.059978883986113285,-0.008018778351890798,0.16760846661336964,0.19831362751045256
2022-02-02,39330.04296875,39330.5,39386.6015625,38752.6484375,38841.55078125,252600,0.06759884713073094,-0.0027321191990009597,0.06901696819053071,0.01323766082062483,0.1775918574705222,0.2031018339656148
2022-02-03,39009.546875,39010.0,39424.8515625,38861.1484375,39255.69921875,193800,0.03486059802179242,-0.009113835680280236,0.05522576900964471,0.01771192772080321,0.16580692678717346,0.20375869722673634
2022-02-04,38788.90234375,38789.3515625,39278.6015625,38562.6015625,39128.0,163100,0.034651717779956126,-0.005993822592941345,0.047589895292566076,0.021807304064898392,0.16592443230408727,0.20328910020202676
2022-02-07,37995.0078125,37995.44921875,38837.55078125,37802.69921875,38592.05078125,241900,0.0067792887486184394,-0.014645930556432152,0.04041257486756755,0.02228003927752442,0.1826448605327547,0.2062315223772081
2022-02-08,38028.0078125,38028.44921875,38222.1015625,37319.05078125,38176.1015625,200200,-0.008330292708755405,-0.01819884712565012,0.03258169283209056,0.027981981753939955,0.17309532466330865,0.2060106886309095
2022-02-09,38609.80078125,38610.25,38648.1484375,38192.0,38283.6015625,124900,0.004371518400748453,-0.0023797407336157983,0.03715604514430659,0.03327283100951117,0.18158562402893316,0.20843683688938305
2022-02-10,39010.49609375,39010.94921875,39197.19921875,38520.0,38801.44921875,147800,0.007317747489397286,0.018373816538994392,0.040619326528259836,0.04022754484070923,0.18340968720411033,0.2083937478882766
2022-02-11,38516.80078125,38517.25,38790.25,38396.3984375,38567.6484375,155000,0.0012295514345765923,0.012504727304241792,0.0495952221870396,0.04177511245570609,0.18770731105563732,0.20958698486401767
2022-02-14,36908.12109375,36908.55078125,37796.55078125,36828.05078125,37664.0,213800,-0.03809831838549049,-0.028114919686646256,0.0392991711041224,0.023785465313625354,0.241425047595027,0.22724721609585585
2022-02-15,38169.65625,38170.1015625,38231.6015625,36651.8515625,36989.80078125,193000,-0.001204906221130786,0.028045634637783756,0.050993323579609506,0.031726131614774666,0.27212549832285765,0.23301075831638515
2022-02-16,37953.359375,37953.80078125,38461.69921875,37762.80078125,38296.5,170100,-0.00671284953940654,0.018270695674218684,0.03694912502529035,0.028620165613845172,0.2728574530486739,0.23323609976088144
2022-02-17,37531.2109375,37531.6484375,38124.5,37425.6015625,38042.1015625,136300,-0.013398659723290463,0.0023956877412001365,0.021933408211888272,0.008737970245131566,0.27524438218028036,0.23424089298276615
2022-02-18,37598.7109375,37599.1484375,37817.55078125,37304.44921875,37344.44921875,113500,-0.0066498669015249146,0.006273250523554985,0.020421103349643643,0.02109678570068807,0.27488027205038895,0.2342264182344097
2022-02-21,37685.1640625,37685.6015625,38054.3984375,37156.80078125,37400.0,143300,0.0029621517615980864,0.04608129137694128,0.026263309491309506,0.03549768879722337,0.2737510127465616,0.2214776159578181
2022-02-22,37371.21484375,37371.6484375,37659.3984375,36818.1015625,36833.0,159400,0.01147836994015905,0.038780903870381245,0.014796351170724309,0.03653802162009612,0.2683924860002258,0.2222268107215421
2022-02-23,37391.6171875,37392.05078125,37774.6015625,37318.0,37628.55078125,137300,-0.008345965079196715,0.047534268177150896,0.004080232962698771,0.042820740400733914,0.2580527651831022,0.22152350052265068
2022-02-24,35227.69140625,35228.1015625,36709.1484375,34991.3515625,36085.19921875,427800,-0.07250783623618773,-0.031260829091927844,-0.022116683871745813,0.022269521431591666,0.33062585534628464,0.2507153609148135
2022-02-25,36430.328125,36430.75,36684.6484375,35768.19921875,35901.69921875,372800,-0.03339529124051177,-0.0021228078584977217,-0.007459719660243724,0.04058865819879187,0.35560921827379277,0.26014745039273435
2022-02-28,36204.87890625,36205.30078125,36270.25,35611.8984375,35938.94921875,238300,-0.046610517307176025,0.00022522060719998294,-0.015125283522055666,0.023648252143729898,0.3542110377687754,0.25986302367557956
2022-03-02,35372.390625,35372.80078125,35553.69921875,34897.44921875,35381.8984375,211300,-0.0813571884211346,-0.010160585633100516,-0.026119736192656284,0.007950593024381503,0.35613057318042934,0.2629261946213667
2022-03-03,34943.89453125,34944.30078125,35804.1484375,34721.1484375,35621.1484375,172500,-0.11152157279337915,-0.045717391466678636,-0.039420941817563615,-0.0062075631313724955,0.3440082933977646,0.2589870874253523
2022-03-04,34407.40234375,34407.80078125,35097.75,34094.1015625,34526.1015625,194500,-0.11797485820943343,-0.07716029625507193,-0.04309816729062754,-0.00707340945789392,0.34561574848266935,0.2576913221748859
2022-03-07,32870.8671875,32871.25,33543.30078125,32376.5,33278.1484375,248900,-0.1525702628197937,-0.1135631358626844,-0.05819243662976936,-0.019156935225730698,0.3728020860023351,0.2731619945736884
2022-03-08,33157.71484375,33158.1015625,33263.55078125,32155.349609375,32531.900390625,276800,-0.12731386931103483,-0.10638668346273927,-0.0575928672372521,-0.020850457190999094,0.3744157868233926,0.27399270977205087
2022-03-09,33815.0546875,33815.44921875,33969.5,32948.8984375,33278.8984375,258500,-0.11078547999066901,-0.08421881453070734,-0.05742278054665084,-0.025323969590946627,0.3852839347023677,0.27742782031806973
2022-03-10,34475.19921875,34475.6015625,35374.1484375,34218.05078125,35153.94921875,273900,-0.10708680823097494,-0.06554862538329087,-0.05733243909284924,-0.023412740989114278,0.38856016618229955,0.2806840277812113
2022-03-11,34545.84765625,34546.25,34880.05078125,34094.30078125,34331.0,169500,-0.11444733614951652,-0.06097657442431481,-0.059045273070117865,-0.026661643090582943,0.38513874052837926,0.2807357141204569
2022-03-14,35311.73828125,35312.1484375,35435.1015625,34625.05078125,34660.25,193300,-0.08321210788672606,-0.03383162039806964,-0.05423619636281929,-0.01196874611205967,0.39667249128347376,0.28439304147161987
2022-03-15,35022.2421875,35022.6484375,35643.80078125,34706.05078125,35467.94921875,224200,-0.05109662405677717,-0.016732807844907382,-0.04042139351850704,0.0022366027931688404,0.37052466414191504,0.2799917237634971
2022-03-16,35747.8359375,35748.25,35806.3515625,35461.55078125,35555.75,173800,-0.06344891586244383,0.03799082685143329,-0.0417171358340932,0.016253372889919238,0.3561722282218715,0.27436282071992657
2022-03-17,36428.12890625,36428.55078125,36611.94921875,36261.6484375,36302.0,182000,-0.04018701601957886,0.05260942637429866,-0.03815791815180036,0.021829759040901342,0.36452387637050687,0.2767734480210934
2022-03-21,36018.08203125,36018.5,36600.19921875,35900.19921875,36545.8515625,128700,-0.040316599469905734,0.028233346179648677,-0.02951022404249104,0.018670025943598123,0.36456906185731647,0.2768690181494709
2022-03-22,36348.12890625,36348.55078125,36468.80078125,35384.75,35975.6015625,202900,-0.03326132926464631,0.03288901883397077,-0.035530288299704504,0.018661520024028766,0.36651812797418837,0.27731198561164316
2022-03-23,36146.9296875,36147.3515625,36827.6015625,36064.75,36627.69921875,197900,-0.04081797652742458,0.03701692347259811,-0.043084542018942296,0.022790626883610443,0.3664441288215553,0.27681287006955774
2022-03-24,35526.6875,35527.1015625,35957.69921875,35421.69921875,35633.69921875,205200,-0.049356850771108074,0.013383663765142106,-0.056994883746220304,0.005394783817816107,0.36983633622577616,0.2790077469236076
2022-03-25,35409.69140625,35410.1015625,35717.3984375,35203.8515625,35700.3984375,157000,-0.053004560523966626,0.006431959487747996,-0.05826440258219123,0.011088655119738444,0.3696638901849922,0.2790099754699845
2022-03-28,35710.0859375,35710.5,35770.80078125,35016.30078125,35488.69921875,197000,0.013693568943650147,0.018978285086018953,-0.046255519586207106,0.01849027613869647,0.3038208263687283,0.2793971732573642
2022-03-29,35846.98046875,35847.3984375,35977.19921875,35506.55078125,35931.75,177100,-0.016012614686768734,0.022353575790065472,-0.05604649399010908,0.015299871959799427,0.27839737141210086,0.2794897654569492
2022-03-30,36333.87890625,36334.30078125,36421.1015625,36070.55078125,36241.55078125,325600,0.003563014177935031,0.02402933290324083,-0.038377785338072234,0.015720078737302856,0.2820859433052513,0.2797972038856693
2022-03-31,36373.1796875,36373.6015625,36590.8515625,36278.1484375,36457.19921875,188100,0.02829294709907426,-0.0013260394727330205,-0.023423505235991016,0.007805468829575002,0.26814729185013797,0.2746088886260958
2022-04-01,37148.06640625,37148.5,37209.80078125,36242.3515625,36298.3515625,245700,0.06307750246737531,0.00836998697285729,-0.007985343261795785,0.015940831597336058,0.27177487819663865,0.27703135545659274
2022-04-04,38634.75,38635.19921875,38765.8515625,37665.55078125,37824.94921875,309200,0.12286162851197546,0.024917851017859816,0.011565114449477498,0.017768696020021624,0.29100760154763483,0.28466258921792914
2022-04-05,38067.45703125,38067.8984375,38759.25,37935.94921875,38731.30078125,220600,0.15809098946647904,0.015407964404078323,0.02607118580643908,0.0034897187617364267,0.23350602808665638,0.2861224424999582
2022-04-06,37632.36328125,37632.80078125,37868.5,37513.8515625,37711.30078125,198800,0.1349504045132257,-0.0028299392899824305,0.022907080093501175,-0.0025464994775767913,0.24276618150645415,0.28680800839408305
2022-04-07,37556.9140625,37557.3515625,37975.8984375,37346.80078125,37421.75,245000,0.11065659129777838,-0.020615129047774183,0.03147803575726549,-0.0004105007732281285,0.23916541202871414,0.28487487935605144
2022-04-08,37751.61328125,37752.05078125,37884.19921875,37405.19921875,37619.69921875,202200,0.09503675266725087,-0.01795288645097559,0.023361166146589563,-0.002921642075915054,0.23331379926639148,0.28504324467073894
2022-04-11,37613.36328125,37613.80078125,37941.75,37524.44921875,37591.75,132100,0.08879547798241494,-0.028758596336002307,0.025988996554217714,0.0007488753604759646,0.2349997296611387,0.2846687307735047
2022-04-12,37746.9609375,37747.3984375,37920.6015625,37264.44921875,37407.3984375,171000,0.06896351844210846,-0.018782213024025385,0.029903104041081097,0.02106376890535966,0.22553093994929999,0.2844903514899983
2022-04-13,37462.96484375,37463.3984375,37988.6015625,37408.19921875,37887.30078125,143300,0.0696906176115053,-0.023638013597314544,0.02092086482839295,0.01909370705919089,0.22508088791578454,0.2848412648626849
2022-04-18,36728.57421875,36729.0,36965.8515625,36441.3515625,36833.1484375,182900,0.027434909401159446,-0.03891413704162605,0.015753218843193917,0.02305019803163766,0.2297970376771482,0.2875203155016251
2022-04-19,36341.1796875,36341.6015625,37123.55078125,35926.30078125,36806.80078125,216300,-0.0023868426518562913,-0.048905640116473026,0.016610058252790272,0.014827433045337735,0.22375534292868196,0.2882381467978624
2022-04-20,36314.4765625,36314.8984375,36513.8515625,36114.05078125,36482.6015625,153400,0.008229061107486446,-0.04538359059518493,0.007121944905012612,-0.0006834171173946135,0.2198482498133201,0.28814072699927684
2022-04-21,36815.671875,36816.1015625,36913.3515625,36395.69921875,36513.1015625,132700,0.012862982737985362,-0.02733756196452808,0.00841034727409462,-0.00681605548116937,0.22284051648851297,0.28951477443520157
2022-04-22,36044.33203125,36044.75,36578.94921875,35991.5,36514.1484375,140100,-0.002838425446539228,-0.04070736512582729,0.0014351838523635196,-0.01543646932238818,0.23515665583335124,0.2922940509031787
2022-04-25,36081.93359375,36082.3515625,36270.1484375,35511.3984375,35792.3515625,183100,0.015628913578080494,-0.023416957293663665,0.031236222587965656,-0.012037328329451702,0.22624280056207555,0.29037032530646245
2022-04-26,36404.37890625,36404.80078125,36604.55078125,36265.8984375,36515.3515625,143400,0.028090832131456134,-0.0345282799167258,0.025304102040510035,-0.030063141344824018,0.22746829351572298,0.2878160205216055
2022-04-27,36028.43359375,36028.8515625,36175.8984375,35747.1484375,36067.55078125,134200,0.008914788717603983,-0.051425537809852484,0.019575548755636718,-0.04723212054805492,0.22952398021433745,0.2880306855594466
2022-04-28,36421.77734375,36422.19921875,36501.1015625,35951.1015625,36189.94921875,137300,0.016034658198478935,-0.033622166213434945,0.02066661241464174,-0.041989724827344754,0.23223975541752415,0.2886603535554494
2022-04-29,36087.73046875,36088.1484375,36718.80078125,35978.94921875,36474.05078125,172700,-0.0067746547603037,-0.04969547475798963,0.015838990532797026,-0.0360103025407692,0.2297485604819601,0.2886896280988021
2022-05-02,36163.328125,36163.75,36235.25,35618.19921875,35627.6015625,170200,-0.005769336922532009,-0.060815987326485854,0.01688488891093254,-0.03192855804967276,0.22985958476555085,0.2871309426404055
2022-05-04,35264.140625,35264.55078125,36309.30078125,35127.8515625,36266.1484375,214600,-0.050714005107877824,-0.10337903710224894,0.005472999369716014,-0.04137676541355373,0.23146528065020308,0.2875154256930609
2022-05-05,35232.44140625,35232.8515625,35934.8515625,35133.80078125,35705.3515625,167300,-0.08806341691125052,-0.09682513297872342,-0.012135892437145301,-0.046851393091536186,0.17124532430918074,0.28721419276614185
2022-05-06,34590.796875,34591.19921875,34797.94921875,34353.19921875,34569.1015625,199200,-0.0913288981386261,-0.1082295056411463,-0.005227883682647483,-0.04514251055866403,0.17451674584460158,0.28913955540094677
2022-05-09,34275.0,34275.3984375,34554.3515625,33927.19921875,34091.75,179900,-0.08921478800543536,-0.09790779837429131,-0.0046555818092747225,-0.04494095699943812,0.17352437495138515,0.28690187838506864
2022-05-10,34482.24609375,34482.6484375,34781.80078125,34176.80078125,34181.19921875,138000,-0.08186687817652216,-0.0932407409214504,-0.0025280676865122587,-0.03377962662301559,0.1774609432062913,0.2872951365812448
2022-05-11,34692.74609375,34693.1484375,34793.19921875,34143.19921875,34686.30078125,179500,-0.08102612389124142,-0.10145237501699678,0.009910572446951815,-0.02720157542775714,0.17813526743040778,0.2856210628859156
2022-05-12,33531.7578125,33532.1484375,34341.19921875,33297.6484375,34289.1015625,382100,-0.10851475413206979,-0.1404426421548518,-0.002887903630598654,-0.03832603606856233,0.20713455426113822,0.2919876038660923
2022-05-13,33120.96484375,33121.3515625,34002.19921875,33007.8984375,33925.94921875,272700,-0.12255273387011145,-0.14009043837501378,-0.022831091187586527,-0.048428710328567104,0.2053486780108158,0.2919275972378913
2022-05-16,33597.2109375,33597.6015625,33821.6484375,33001.75,33256.0,195100,-0.10318863307207138,-0.08970683347534747,-0.009724266972499618,-0.030304541091987325,0.21813762991200153,0.2816219096818408
2022-05-17,34301.5,34301.8984375,34366.05078125,33680.6015625,33796.19921875,161500,-0.06608134069808602,-0.1013411797887458,-0.012839859409015442,-0.03834434284187205,0.22991374451172028,0.27593593182964776
2022-05-18,34163.30078125,34163.69921875,34655.80078125,34134.69921875,34448.19921875,146800,-0.05992862862701476,-0.09986092260810919,-0.017569680869319648,-0.03740352904047117,0.2283682868871497,0.27585712917464944
2022-05-19,33315.26171875,33315.6484375,33633.94921875,33180.6015625,33461.0,150400,-0.08259006988996209,-0.11233186325457412,-0.005144473774021163,-0.025927135465324658,0.2411020010319447,0.27935405094902804
2022-05-20,34276.0,34276.3984375,34358.05078125,33658.05078125,33765.1484375,129400,-0.0689834886697206,-0.08837301210487025,-0.004217482204372014,-0.029902717832075543,0.2605718410456651,0.2861440701807291
2022-05-23,34247.203125,34247.6015625,34819.94921875,34117.3515625,34321.3984375,156000,-0.049858812656489504,-0.09122847606129414,0.005886112467810456,-0.03357924318951089,0.252218411138867,0.2860365182089163
2022-05-24,34289.75,34290.1484375,34586.44921875,34115.80078125,34223.19921875,163700,-0.04966979831942597,-0.08245555464735443,-0.0007845021898138516,-0.02587718133515038,0.2522570514086712,0.2857425920442794
2022-05-25,34339.1015625,34339.5,34722.6015625,34285.80078125,34491.80078125,153600,-0.05673155015076248,-0.0816363563236463,0.011579279763815009,-0.02083608701313977,0.24913925372285906,0.2857748558543514
2022-05-26,35094.4921875,35094.8984375,35222.05078125,34424.75,34670.6015625,191500,-0.02592236733884934,-0.0037811610359893555,0.02503605481900384,0.0010071232554005327,0.26215561627904516,0.2627275141004081
2022-05-27,35612.88671875,35613.30078125,35694.8515625,35291.94921875,35326.6015625,132600,-0.022208940010508327,-0.02243844056875033,0.029550871964530656,-0.004072319684497727,0.2648329751474052,0.2551378951106802
2022-05-30,35826.53125,35826.94921875,36083.69921875,35748.44921875,35958.80078125,127000,-0.007237811582446851,-0.010450170398693115,0.01855660916025581,-0.0025604010825688306,0.26416757413944386,0.2551712404022678
2022-05-31,35486.984375,35487.3984375,35881.94921875,35288.94921875,35615.30078125,149300,-0.018702473125712937,0.0032397111260340505,0.009685012987430852,0.004528311808724261,0.2659469354148003,0.25138714479811197
2022-06-01,35620.38671875,35620.80078125,35768.69921875,35285.44921875,35358.94921875,100800,0.0101022129052446,0.019359380067006215,0.019387098800212055,0.017862280859500368,0.25035027873364873,0.2501914219725566
2022-06-02,35613.234375,35613.6484375,35676.19921875,35385.0,35470.94921875,140700,0.010808006111128865,0.03504576371841561,0.014083887901213732,0.011491306607552598,0.2503106768276534,0.24802251875146467
2022-06-03,35274.640625,35275.05078125,35958.44921875,35175.1015625,35929.55078125,104800,0.019769524559568374,0.0731277569684754,0.009224881022360742,0.027667027361373275,0.24332667977289457,0.2296092241406964
2022-06-06,35309.7890625,35310.19921875,35424.5,35072.30078125,35159.1484375,100800,0.03019077321995023,0.06490412764414422,0.013769251841109442,0.030177033910135265,0.2403598249614938,0.22907482327196366
2022-06-07,34995.59375,34996.0,35154.30078125,34834.3984375,35080.80078125,91600,0.014887242881893359,0.03491158060959321,0.004031376871149073,0.03056783748406966,0.24247125099221828,0.2266455652610693
2022-06-08,34945.7421875,34946.1484375,35449.8984375,34831.75,35165.6484375,124600,0.007292506197752013,0.013648692225049608,-0.004407204646815099,0.028029639685259844,0.24173913914971729,0.22327345746698227
2022-06-09,35085.04296875,35085.44921875,35149.1015625,34659.1015625,34802.25,100900,0.046322733663939575,0.015608039041864252,0.003932829224731593,0.024768922633826018,0.20483367750896078,0.2233757863128286
2022-06-10,34483.3984375,34483.80078125,34752.44921875,34346.6484375,34686.94921875,90000,0.04113507313187559,-0.023457866284066986,0.014544944177599328,0.016224964651325613,0.21021844559675468,0.22158024611200955
2022-06-13,33405.46484375,33405.8515625,33774.05078125,33210.3515625,33728.6484375,131900,-0.005707252633593396,-0.04616432357722089,-0.0014212957397332637,0.0071633850811839705,0.23647779797667998,0.2302116422606205
2022-06-14,33310.96484375,33311.3515625,33618.1484375,33123.8984375,33180.6015625,113200,-0.028877319335687268,-0.06816832816991036,0.0035472131869561663,0.005070222352394516,0.22309655718627502,0.2259198247146294
2022-06-15,33338.61328125,33339.0,33554.55078125,33249.55078125,33317.80078125,90800,-0.024139634688546296,-0.08481124598676626,0.009612784949931452,0.007448585421542697,0.22302125028863004,0.2220822808468122
2022-06-16,32616.720703125,32617.099609375,33756.5,32537.94921875,33648.80078125,129500,-0.02096758913264063,-0.09443481518178154,0.007420633706989643,0.00820808102416326,0.21866069702467492,0.22511936063641055
2022-06-17,32742.669921875,32743.05078125,32889.80078125,32290.55078125,32393.44921875,139800,-0.04473479496528565,-0.09919240031599441,0.015061184247201376,0.017581588306915696,0.19025842567418844,0.22429984593616276
2022-06-20,32684.419921875,32684.80078125,32926.1015625,32426.400390625,32873.3984375,144400,-0.04563241540865204,-0.09578988865237148,0.007686473887705825,0.01412188371142542,0.19019279525373423,0.22415938099015228
2022-06-21,33191.36328125,33191.75,33593.80078125,32797.55078125,32978.05078125,258100,-0.03203247835167666,-0.06573436784285935,-0.0018714830024326723,0.026234115431443494,0.20009624531209133,0.22443796343451666
2022-06-22,32844.91796875,32845.30078125,33106.94921875,32758.150390625,33051.6484375,135000,-0.043512550233695935,-0.07243133083713538,-0.005292928906537875,0.028991172241772056,0.20214281196379988,0.22521731266853603
2022-06-23,33134.61328125,33135.0,33431.75,32652.150390625,32927.3984375,193100,-0.05584567913739247,-0.0721216448943588,-0.017905401206787075,0.024577322088279674,0.18635249989291144,0.22527975540489573
2022-06-24,33627.05859375,33627.44921875,33721.8984375,33390.8515625,33434.80078125,149800,-0.05576151378659988,-0.06192776367357555,-0.015816417638272018,0.03192635186419135,0.18646399294402438,0.2274334080877511
2022-06-27,33810.85546875,33811.25,34147.5,33735.5,34126.19921875,111400,-0.056262094951000874,-0.06943991564444796,-0.0064853315041445425,0.025781046183877776,0.18613939747603617,0.22582663357446647
2022-06-28,33642.05859375,33642.44921875,33745.30078125,33503.30078125,33578.19921875,125000,-0.05198885519881946,-0.07508611263190745,-0.007709658516101059,0.017360089271211687,0.18469114775406137,0.22590854694712578
2022-06-29,33269.51171875,33269.8984375,33422.80078125,33185.25,33273.55078125,140800,-0.06599802060001592,-0.10440802623255319,-0.02220080823373305,0.0014947488587174762,0.18538489142699854,0.22188831322895042
2022-06-30,33424.71484375,33425.1015625,33659.30078125,33179.6015625,33180.69921875,149500,-0.0614524759753492,-0.13485365059853227,-0.010469194762936396,-0.008941061200391509,0.18729209735768534,0.20523645165771862
2022-07-01,33539.05859375,33539.44921875,33666.5,33080.44921875,33264.75,149900,-0.04920195787280157,-0.1189571635057507,0.0009811030557261846,0.0038529614546998214,0.1870880822662566,0.2039341210462835
2022-07-04,33940.50390625,33940.8984375,33978.5,33515.6015625,33558.8515625,152600,-0.03877918594474794,-0.09810331059891342,0.005531078199879191,0.012652501537219751,0.1936936375520669,0.2049689309638963
2022-07-05,33815.50390625,33815.8984375,34361.05078125,33757.0,34084.69921875,115000,-0.03372104133329523,-0.09961972741272151,0.003162919742570991,0.004050779537989602,0.19208136548705873,0.2050079676303816
2022-07-06,34323.8515625,34324.25,34388.5,33876.1484375,33929.3984375,122700,-0.017795907855546522,-0.09079773708485417,0.004608383795198567,0.010108387912908245,0.20096686148008128,0.20737383157181355
2022-07-07,34919.89453125,34920.30078125,34965.75,34553.1015625,34627.3984375,184000,-0.004707035001043747,-0.0716093546532175,0.016241935264532437,0.01563552560302439,0.21049469021833556,0.21086578235687173
2022-07-08,35123.640625,35124.05078125,35262.1015625,34977.75,35258.8984375,109000,0.018566688865344627,-0.06949744260107327,0.017406336008616963,0.00521326477457118,0.20144275275758355,0.2111372053926298
2022-07-11,35469.234375,35469.6484375,35543.1015625,35006.55078125,35017.6015625,130600,0.061779502047381696,-0.053218610247710574,0.033784801872441816,0.018861705074959878,0.16221810201430922,0.21189911079089407
2022-07-12,35131.83984375,35132.25,35419.6484375,35047.5,35298.69921875,113400,0.05466300081170705,-0.04347382177570858,0.03392831164675214,0.021471635978943526,0.16710653226059538,0.2090205229304195
2022-07-13,34827.39453125,34827.80078125,35308.1484375,34757.6015625,35259.80078125,103400,0.04465643184408652,-0.041654762480585195,0.027163609434992297,0.016840458374276723,0.17185121676943357,0.2086735943540426
2022-07-14,34650.796875,34651.19921875,35027.6015625,34558.44921875,34817.94921875,121300,0.06236298241522209,-0.04581313153369604,0.02473093705566476,0.024090106633443464,0.14952700628295162,0.20886611492747673
2022-07-15,34682.24609375,34682.6484375,34899.94921875,34463.8984375,34734.44921875,99100,0.05923692539244674,-0.05794891459048679,0.00982376324431189,0.01929079909431386,0.1496760515020773,0.20670979938097775
2022-07-18,35358.2890625,35358.69921875,35382.5,34804.3984375,34841.8515625,146600,0.08180861971274167,-0.019033306688213902,0.021330410330377303,0.03299626825220381,0.15937232393368517,0.20647801528564125
2022-07-19,35719.9375,35720.3515625,35761.6484375,35110.5,35113.25,183400,0.07618162834138009,-0.010032605534951444,0.031309259057027417,0.026147720721076184,0.15542509297684176,0.20758101129622455
2022-07-20,35971.68359375,35972.1015625,36182.69921875,35876.55078125,36061.30078125,173400,0.09519781237731761,-0.011885773564591418,0.023341051091802845,0.027644430902179162,0.14643030800523613,0.2072668106739912
2022-07-21,36200.578125,36201.0,36331.69921875,35887.3515625,36026.55078125,153800,0.09253055681303768,0.0047780717406817885,0.02512532605674811,0.030200082064099854,0.14574925647818732,0.206590632480914
2022-07-22,36738.5234375,36738.94921875,36823.44921875,36286.3515625,36322.8984375,143600,0.0925285762758683,0.008696619281488571,0.02754462998862528,0.039175019673992506,0.1457475529038392,0.20760953222160397
2022-07-25,36725.97265625,36726.3984375,37011.19921875,36464.6484375,36766.69921875,139700,0.08621829827350358,0.017685861636968392,0.03575419506711075,0.045257817848726845,0.14665419660573134,0.2066955857953937
2022-07-26,36408.078125,36408.5,36695.75,36334.1015625,36688.55078125,114000,0.08221906684809355,0.006767826898482543,0.04224169077369577,0.041054931279697726,0.15024377125999452,0.2074748314435256
2022-07-27,36783.32421875,36783.75,36808.30078125,36248.6015625,36370.55078125,113100,0.10561654010158872,0.043080067237316166,0.05227798330339306,0.04522658885694275,0.1406346397957527,0.20165225672032097
2022-07-28,37377.71484375,37378.1484375,37414.3984375,37028.5,37102.44921875,172500,0.11826581491782107,0.06088910717869167,0.04543112539294025,0.04608635024453123,0.14593919061716068,0.20404817094923594
2022-07-29,37490.9609375,37491.3984375,37754.6484375,37221.1484375,37717.30078125,166900,0.11782987827184388,0.08384211256769492,0.028558944472863557,0.03832455601350193,0.14602275853042582,0.20004786654649045
2022-08-01,37902.7578125,37903.19921875,37939.6015625,37407.19921875,37594.1484375,346400,0.11674118728902605,0.10584270195619072,0.021719529479578448,0.042156605178685025,0.1455026548385155,0.19977606543057286
2022-08-02,38023.55859375,38024.0,38179.8515625,37632.30078125,37767.69921875,317300,0.12444151292557248,0.10269952346957112,0.02738160486945751,0.03463326583140547,0.14172902608965202,0.1995963313069046
2022-08-03,37988.80859375,37989.25,38068.6015625,37692.94921875,37954.55078125,200300,0.10677582175866918,0.09500727696818734,0.019323157996889995,0.01948038527130347,0.13943588704806328,0.19944425581683642
2022-08-04,37755.11328125,37755.55078125,38231.8515625,37249.5,38111.05078125,186300,0.08119202688890792,0.1259508424168505,0.0037664196434268327,0.026381004360170435,0.13711439894764793,0.1859485458974868
2022-08-05,37920.16015625,37920.6015625,38150.44921875,37779.8984375,37868.25,175900,0.07961925572499351,0.14489897826010556,0.0070633441701093425,0.042546030823071845,0.13694206479053297,0.18359594539803237
2022-08-08,38236.953125,38237.3984375,38302.3515625,37681.44921875,37847.3515625,174100,0.07803150360728739,0.13809905050420967,-0.002697382022645911,0.03187711142756222,0.13618998053321416,0.182331523627746
2022-08-10,38287.40625,38287.8515625,38402.94921875,38155.30078125,38298.8515625,163900,0.08982065089767954,0.11620211436001515,-0.0021224696860770997,0.03775776493330785,0.12726668251827591,0.1781708064121755
2022-08-11,38879.3984375,38879.8515625,38932.1015625,38648.8984375,38712.94921875,200900,0.11634529572224594,0.13804571669925148,0.010352519030105034,0.05068894297128024,0.12323865952145223,0.17986298269020207
2022-08-12,39041.84765625,39042.30078125,39088.8984375,38739.94921875,38942.44921875,125300,0.12672293200530693,0.17189076642146617,0.01633090025367734,0.05242070725843617,0.11691057888636726,0.17066211905055886
2022-08-16,39239.19140625,39239.6484375,39444.6015625,39119.8984375,39284.1015625,0,0.13139135000638613,0.14480080248366956,0.020728526745808162,0.04895147292911273,0.11544990453455287,0.16208381273985786
2022-08-17,39461.2421875,39461.69921875,39504.5,39202.80078125,39351.30078125,169800,0.11603933658917698,0.1522470893833121,0.013711112244181978,0.04558154615066612,0.10450460716040287,0.16209975645971952
2022-08-18,39655.6875,39656.1484375,39703.69921875,39291.1484375,39324.3984375,137200,0.11018359850444148,0.15648809481768522,0.011291565211354548,0.04291708524497895,0.10303340615863632,0.16216614868632034
2022-08-19,38985.49609375,38985.94921875,39759.1484375,38848.3984375,39732.6484375,148100,0.08378291857687459,0.1353091692875552,0.008871540612831685,0.027192917045610665,0.12948898349009605,0.16699749175784342
2022-08-22,38297.3046875,38297.75,38732.8515625,38247.25,38693.6484375,124300,0.057919670727327954,0.09126259670487191,0.004596220688936503,0.00959676205124893,0.1504374594398339,0.16680577536699318
2022-08-23,38697.19921875,38697.6484375,38869.8984375,37950.8515625,37955.44921875,176400,0.05331396951740697,0.08660662136304631,0.001993452314738464,0.01169125454916875,0.14659440944718857,0.1655854373621146
2022-08-24,39038.046875,39038.5,39120.80078125,38552.19921875,38552.69921875,214900,0.06295475899807257,0.08964064346202383,0.00439248260158398,0.0330098197615194,0.14773502870674973,0.16601410301730316
2022-08-25,38950.296875,38950.75,39471.75,38803.69921875,39190.05078125,333400,0.06982572750868621,0.09759384218033373,0.006818624557182185,0.041041304226736575,0.14262234703706336,0.1646278809190007
2022-08-26,38986.6953125,38987.1484375,39337.1015625,38846.80078125,39129.6484375,196300,0.05990140857036064,0.09450510888070696,0.004793213163510224,0.03179458002655133,0.1404809638686332,0.1645683161160847
2022-08-29,38276.25390625,38276.69921875,38397.1015625,37943.8515625,38111.6015625,158000,0.024039467411085536,0.07477612932366395,0.0013986022935348341,0.03358654605297606,0.15060806977226665,0.16952127087290536
2022-08-30,39536.2890625,39536.75,39606.55078125,38472.69921875,38516.94921875,176800,0.054555221937365284,0.12081341130245105,0.019525380243136548,0.04996327324125294,0.18702502018901973,0.17964571999171328
2022-09-01,39300.79296875,39301.25,39667.6484375,38803.30078125,38806.69921875,191200,0.036884769889250046,0.11302827142166683,0.025192185907936926,0.054291012165288866,0.18673557020555073,0.18036219709295576
2022-09-02,39420.54296875,39421.0,39595.8515625,39200.44921875,39422.30078125,133900,0.03673995371344407,0.12644302205966396,0.02555546390557617,0.058029541834216936,0.18672262704781362,0.17898593052157438
2022-09-05,39805.2890625,39805.75,39865.19921875,39407.3984375,39412.05078125,214100,0.04781615851852816,0.1390597184462612,0.031848365257739486,0.05899547503777813,0.18847282319067785,0.1795343177774187
2022-09-06,39666.0390625,39666.5,40073.75,39564.30078125,39892.94921875,210200,0.05061372908639994,0.13056839468373815,0.03487333043405849,0.05910991173282332,0.1871094839955427,0.1798670318495827
2022-09-07,39455.44140625,39455.8984375,39572.05078125,39258.25,39337.75,138900,0.040487144500320094,0.14418647433300036,0.02744501829684265,0.05638137841236612,0.18895903748229265,0.17599980719744784
2022-09-08,40208.48046875,40208.94921875,40265.75,39706.3984375,39763.8984375,203800,0.051560798114248074,0.20364987982784633,0.03594602862793872,0.07531856077637178,0.1972224059947901,0.16443950944439323
2022-09-09,40415.23046875,40415.69921875,40685.94921875,40280.30078125,40520.75,207000,0.05557500798331727,0.2132710719623776,0.038545987930279635,0.07970657312410223,0.19737982904414972,0.16402379563306257
2022-09-12,40573.52734375,40574.0,40684.8984375,40377.8984375,40540.44921875,147000,0.04357394304287987,0.21701310777167881,0.02786809280362501,0.07399897886741091,0.19176172167639516,0.16395335287980833
2022-09-13,40872.625,40873.1015625,40904.30078125,40693.94921875,40802.1015625,176400,0.04689274824011491,0.2531188257692909,0.025879230871542758,0.07672915083620135,0.1925387075226659,0.15551820474395228
2022-09-14,41404.91796875,41405.3984375,41626.8984375,40288.8984375,40308.80078125,218400,0.05519290019760392,0.26455530103537006,0.045179015399354316,0.0873394903968634,0.19604375591720533,0.1566519205451936
2022-09-15,41208.71875,41209.19921875,41840.1484375,41153.5,41533.69921875,245300,0.04428344533044548,0.26080619228954016,0.048008850926945734,0.09616611152893073,0.19743085407633512,0.15722988515743724
2022-09-16,40776.328125,40776.80078125,41162.5,40502.05078125,40977.19921875,244200,0.028259233130423667,0.22852217136035313,0.05196376300122252,0.10753783571329234,0.20214927528219262,0.1580906314227062
2022-09-19,40903.921875,40904.3984375,41184.25,40509.8984375,40685.6015625,206000,0.04920873435671891,0.24536531755101487,0.05687827898149367,0.10205076302319638,0.1900666457551181,0.15540879848660485
2022-09-20,41467.8203125,41468.30078125,41677.6484375,41207.30078125,41304.1484375,175200,0.08278686819069003,0.251495421193602,0.06417407420352861,0.10624566931020718,0.1781557193517074,0.15642282166470897
2022-09-21,41202.96875,41203.44921875,41501.69921875,40889.1484375,41282.6015625,151300,0.0647533088553709,0.22529214008226872,0.05674024616869766,0.09668092557361385,0.18010416015466552,0.15607000357500664
2022-09-22,40630.12890625,40630.6015625,41159.19921875,40360.19921875,40889.05078125,209500,0.04078285698733297,0.2016888332285851,0.03937123334723003,0.08813746124956134,0.1885955689263139,0.16001214310331896
2022-09-23,39545.7890625,39546.25,40528.3984375,39412.69921875,40429.3515625,226200,0.015288537447931017,0.17548665208238234,0.02642280337955849,0.08229228255641585,0.21473992018213542,0.17077573641291283
2022-09-26,38615.80078125,38616.25,39229.3984375,38492.19921875,39027.8515625,241800,-0.00951335125457009,0.16069635957992245,0.021388333777181856,0.08365392032897123,0.2317435404357593,0.17701321755974583
2022-09-27,38358.703125,38359.1484375,39050.5,38184.8984375,38811.69921875,168700,0.002154031576202753,0.1476150151937179,0.019799832863515054,0.06985006276108852,0.22331277885202258,0.1779412440242161
2022-09-28,37759.4140625,37759.8515625,38368.80078125,37626.19921875,38081.25,210600,-0.04494295655308034,0.12583397885349323,0.005774196276829846,0.05558599091491945,0.1945357381984006,0.18171908279711568
2022-09-29,37647.3125,37647.75,38283.3984375,37536.6484375,38092.8515625,253000,-0.04207245316624786,0.10921489215513636,-0.0007619930571887146,0.047154374121598064,0.19407490982082348,0.18080406963962348
2022-09-30,38631.5,38631.94921875,38811.0,37386.3515625,37660.0,246100,-0.020016001147865392,0.14241971982945345,0.005361056239956086,0.061241286556712016,0.21755302546393643,0.18702738043077938
2022-10-03,38029.20703125,38029.6484375,38641.6015625,37963.25,38444.8984375,172900,-0.04461922115523509,0.1079527866595773,-0.0005537875236486522,0.051820138618269285,0.21964157496422418,0.1886713116900225
2022-10-04,39109.59765625,39110.05078125,39177.5,38596.8984375,38700.3984375,241100,-0.014028190507103022,0.11998035258188922,0.007568290867708716,0.049230495892246484,0.2444118390644122,0.19369259400233416
2022-10-06,39282.39453125,39282.8515625,39608.3515625,39232.8984375,39343.69921875,158800,-0.004385830303018312,0.11840322197319164,0.012216130778769374,0.04989766739228951,0.2444148200437211,0.1935919996790911
2022-10-07,39177.59375,39178.05078125,39235.05078125,38807.5,39093.5,165000,-0.02563853215590317,0.10455142656078098,0.0015599851205909676,0.03680041579209581,0.23379039346982275,0.19309678117703188
2022-10-10,39092.6484375,39093.1015625,39315.69921875,38518.30078125,38641.55078125,159700,-0.03272484905163808,0.1127411868724606,0.0004909865793530921,0.03909078740942018,0.2325613585152335,0.19185369281950776
2022-10-11,38712.0,38712.44921875,39174.94921875,38622.75,39058.8515625,177600,-0.045880385992261075,0.11153872338650084,0.00724072554243993,0.04784969871654976,0.2332879758663906,0.192118664614347
2022-10-12,39118.09765625,39118.55078125,39164.1015625,38606.3984375,38784.19921875,195800,-0.042926783487841624,0.1289234330476703,0.009450001908747563,0.05457904442572148,0.23524109362973017,0.19238905194216524
2022-10-13,38623.55078125,38624.0,39061.30078125,38437.94921875,38957.6484375,158900,-0.06717477774542913,0.1136404438548726,-0.012219538385573547,0.05350352722868501,0.23094317926418323,0.1947396222953875
2022-10-14,39305.14453125,39305.6015625,39570.8515625,39196.30078125,39446.05078125,185600,-0.04619351242777536,0.11162464770924152,-0.00750213914300335,0.0558947451537235,0.24252331223722595,0.19407806840131744
2022-10-17,39919.984375,39920.44921875,39974.69921875,39146.69921875,39295.6015625,201600,-0.021000950199451807,0.11758276367748155,-0.008505901014393524,0.058144679391977094,0.24843874837913119,0.19537259266507304
2022-10-18,40318.28125,40318.75,40435.3515625,40139.8515625,40252.05078125,245200,-0.014317492980488233,0.12083387538389667,-0.0066396549490223,0.06235627694206025,0.25111837867603454,0.19579117974700083
2022-10-19,40372.73046875,40373.19921875,40643.6015625,40195.19921875,40556.6484375,232900,-0.026408160977629325,0.11525093833733879,-0.009345086537160596,0.060629658922695784,0.2454814991688215,0.19557464146323136
2022-10-20,40099.0859375,40099.55078125,40208.3515625,39848.8515625,40149.5,262800,-0.026791408448340825,0.09147244638082608,-0.01807725650817904,0.04096240930060113,0.24559328533783872,0.19447182751661127
2022-10-21,40783.578125,40784.05078125,41032.25,40355.44921875,40370.75,324200,0.00377669079090448,0.11048326316709778,0.006811325195673179,0.05364357936876929,0.2489893628294589,0.19699246132844933
2022-10-24,41304.41796875,41304.8984375,41427.25,41201.1484375,41348.3515625,74300,0.04447067515883307,0.1344850361179395,0.021189538705815414,0.05884127448620036,0.23060871166420596,0.19702651291217188
2022-10-25,41122.2734375,41122.75,41530.6484375,41021.44921875,41513.6484375,351800,0.0649079079403101,0.1179596968770178,0.027294043660815337,0.05699581193086023,0.21109432517136276,0.19672840626123067
2022-10-27,41298.8203125,41299.30078125,41511.80078125,41178.6484375,41440.69921875,239400,0.07664800871532651,0.10490493798285816,0.03375204511308483,0.057216296313629345,0.20788972907097297,0.19457534688359085
2022-10-28,40990.375,40990.8515625,41482.3984375,40839.30078125,41236.80078125,237100,0.08556707365896443,0.09334015989917677,0.03050905025357853,0.0567075906540615,0.19955350952611361,0.19545351638602837
2022-10-31,41307.41796875,41307.8984375,41353.69921875,41106.1015625,41265.69921875,237200,0.0972209079559867,0.08982617005758597,0.02622004358309593,0.05106339790776038,0.19812452519590604,0.19490022766538112
2022-11-01,41289.0703125,41289.55078125,41677.25,41188.55078125,41552.3984375,304400,0.06879284157916987,0.08588130605012623,0.007307566896734619,0.039762513634518326,0.18219873792397936,0.19490297265432122
2022-11-02,41146.171875,41146.6484375,41474.30078125,41060.44921875,41472.6015625,175800,0.08196236694437631,0.0831129447804313,0.011169730583231896,0.04316049422395607,0.170002433248701,0.19510104468776499
2022-11-03,41297.87109375,41298.3515625,41478.0,40819.1484375,40873.69921875,263600,0.05595238915667955,0.09383522973287972,0.010891321426233613,0.05524938122580347,0.14429800426856842,0.1945269755569111
2022-11-04,41257.96875,41258.44921875,41516.19921875,41051.1484375,41314.8515625,190400,0.05029160505587971,0.0880220122760611,0.004978967362477826,0.04665685115377349,0.14472563300704655,0.19449804406047175
2022-11-07,41686.21484375,41686.69921875,41779.3984375,41337.05078125,41740.6484375,393400,0.06403198697931645,0.09020751730502719,0.012737252717405667,0.051537199476279216,0.14596986349930535,0.1948458655694562
2022-11-09,41782.71484375,41783.19921875,41948.8984375,41667.8984375,41914.8515625,490500,0.06881259221525848,0.09129129772518829,0.015683423373543892,0.055804621268438215,0.14468334559113877,0.19485387330060105
2022-11-10,41603.265625,41603.75,41643.8984375,41318.6015625,41462.8515625,253400,0.07468658892937285,0.07005938366614606,0.013177164253980411,0.0491522417696626,0.13930343640750217,0.19302464153819657
2022-11-11,42136.5625,42137.05078125,42345.5,41918.1015625,42163.3984375,255400,0.07716287898494456,0.07926658875304415,0.005559966201132305,0.04245207346504354,0.1410298700559164,0.19439487396175137
2022-11-14,42076.26171875,42076.75,42231.44921875,41965.44921875,42177.55078125,142700,0.08939390016570004,0.0723019108343661,0.012117905993960676,0.04403300068584093,0.1287323154571307,0.194311281253884
2022-11-15,42372.20703125,42372.69921875,42450.05078125,42079.55078125,42234.8515625,139400,0.07803207518330413,0.07376773067635312,0.007176583278356796,0.04818012514115377,0.11950978959953472,0.19446589275510176
2022-11-16,42534.8046875,42535.30078125,42611.75,42296.30078125,42371.80078125,185400,0.06550155656244083,0.07260292431797,0.0020852994527786883,0.04736691559550188,0.11115867382196094,0.19438969926757832
2022-11-17,42457.55859375,42458.05078125,42622.75,42366.55078125,42399.6484375,165400,0.05305970004650451,0.08906033153170267,0.004054515599799968,0.056092859841840204,0.1094975423113771,0.19076725731044356
2022-11-18,42436.95703125,42437.44921875,42590.75,42223.69921875,42545.75,280100,0.051129215418760365,0.1080924915628203,0.0057095582858961436,0.061384743538702935,0.10996484268967723,0.1865650588667028
2022-11-21,42346.05859375,42346.55078125,42386.80078125,42202.55078125,42286.94921875,259100,0.0560355404542503,0.09429261185323146,0.022102397481839953,0.06115654479306931,0.10591223879430614,0.18584195447534757
2022-11-22,42456.55859375,42457.05078125,42508.75,42347.1484375,42467.3984375,216300,0.04102093754672209,0.08756870221063817,0.0030209939970247124,0.05125789028741079,0.09169117824065585,0.1852407453646474
2022-11-23,42728.60546875,42729.1015625,42860.55078125,42556.3984375,42668.55078125,359100,0.03448024759472568,0.0970033070608396,0.0042220802865182705,0.0544977890278342,0.08439335571528282,0.18535968565691163
2022-11-24,43074.8984375,43075.3984375,43163.3984375,42769.6484375,42838.3515625,204900,0.04748341094649566,0.10486147779065824,0.0006022595016641485,0.052170295645563414,0.08403700388268609,0.1858361130730716
2022-11-25,42983.44921875,42983.94921875,43339.1484375,42864.94921875,43192.44921875,502800,0.04079120967260619,0.12297951746304525,-0.00294803610647576,0.05367572767027751,0.08512235947108555,0.1812732620399582
2022-11-28,43019.94921875,43020.44921875,43159.80078125,42740.0,42757.19921875,238700,0.04951342992119612,0.08811293843702384,0.005888427972112087,0.042871899465587004,0.07759675392471499,0.1698008684414078
2022-11-29,43052.94921875,43053.44921875,43279.6015625,42959.3984375,42959.3984375,223000,0.04225707061546746,0.09547277042714919,0.008621446495269414,0.034179821062459315,0.07519626643809815,0.169109779678338
2022-11-30,43230.49609375,43231.0,43332.30078125,42880.05078125,43122.75,202000,0.04702035217180489,0.09664899419091344,0.013240484791932294,0.027154201314409043,0.07491601169234678,0.169165339476282
2022-12-01,43260.14453125,43260.6484375,43515.05078125,43101.8515625,43512.1015625,268400,0.05137721005906659,0.08679395407698642,0.011026800340085519,0.02188326970160981,0.07207439790583835,0.16831150425077213
2022-12-02,43103.25,43103.75,43131.8984375,42937.80078125,42976.69921875,212800,0.04371599275016469,0.08665372543582106,0.008075871412700275,0.027720581106499997,0.07510458754475194,0.1683277289391749
2022-12-05,43332.4453125,43332.94921875,43372.1484375,42985.0,43269.3515625,242600,0.050280610136389736,0.09826289439059233,0.018051458308674606,0.03717426914591693,0.074962944026257,0.16792718404764392
2022-12-06,43138.05078125,43138.55078125,43306.8515625,43076.3984375,43093.8984375,379200,0.034827692998225634,0.07285944098071306,0.010658378394553525,0.025440380653442896,0.07274649360078542,0.16441565799090802
2022-12-07,43098.19921875,43098.69921875,43327.3515625,42948.44921875,43157.3515625,242900,0.031483946289341924,0.06638509420505789,0.009261112120701798,0.025610343159817583,0.07329721227805035,0.16426139921961294
2022-12-08,43596.34375,43596.8515625,43640.8984375,43095.30078125,43142.25,355700,0.047906776732866696,0.07450218274017839,0.01567114501094835,0.036980612595926,0.07786865613843899,0.16555102803850663
2022-12-09,43632.94140625,43633.44921875,43853.3984375,43361.69921875,43765.30078125,443500,0.035512652398678624,0.06753457777186522,0.027507050297315816,0.0439292856070197,0.06756993135626924,0.1650553994572121
2022-12-12,43708.2421875,43708.75,43767.05078125,43378.80078125,43455.8515625,234200,0.038786265574218604,0.05562925728095158,0.029620537953481296,0.0282238339316494,0.06652241615432879,0.1632062954375489
2022-12-13,43946.0390625,43946.55078125,43983.80078125,43767.75,43793.69921875,277000,0.037143056532107144,0.06642574023264491,0.026025567099055014,0.025558522773101444,0.06513353099962454,0.16303336353048525
2022-12-14,44048.58984375,44049.1015625,44151.80078125,43987.94921875,44078.6015625,349200,0.03558928121926663,0.08024908081446824,0.0219741182310198,0.015822587116695486,0.06473714384818893,0.16123931674673803
2022-12-15,43497.6953125,43498.19921875,44120.6015625,43379.1015625,43940.1015625,421900,0.024498261657347253,0.06341129268074197,0.02062776528045429,0.018431202702163807,0.08167249384656351,0.16367049645726292
2022-12-16,43218.99609375,43219.5,43598.19921875,43080.55078125,43261.75,275200,0.01842831733874495,0.042229828224401356,0.020539477962873587,0.016817634300315243,0.08592201342107246,0.16220699500482633
2022-12-19,43413.24609375,43413.75,43451.44921875,43110.30078125,43346.3515625,175600,0.025201561852412624,0.05364358623268317,0.010856808083440805,0.014018021501557731,0.08601543461773405,0.16170673867884683
2022-12-20,43358.99609375,43359.5,43426.19921875,42955.3984375,43152.6484375,182300,0.02125557951256818,0.06716362378495111,0.013521528770840563,0.0243100482185441,0.08629460062715083,0.1587832247922163
2022-12-21,42617.453125,42617.94921875,43614.6484375,42363.80078125,43525.75,279400,-0.0026013264891006083,0.07767359025824194,0.0011294151728901136,0.027362953048709393,0.10555234565396979,0.1525128853335723
2022-12-22,42408.30859375,42408.80078125,42933.5,42231.3515625,42864.0,344800,-0.015475136166580028,0.09821126549703818,0.003825235912082614,0.032918059740517425,0.10218289076289251,0.14393827100816353
2022-12-23,41667.56640625,41668.05078125,42226.6484375,41597.6484375,41951.3515625,332600,-0.03061371654808287,0.08626110011647725,0.007519419736369715,0.03925800897589027,0.11840596844212463,0.14829455807579112
2022-12-27,42859.0,42859.5,42927.19921875,42394.1484375,42827.75,229600,-0.0037412258977493895,0.13505477978532499,0.019447645295904592,0.05950276470770843,0.15869495912055165,0.1538571007031988
2022-12-28,42827.203125,42827.69921875,43034.94921875,42694.8515625,42733.6015625,230500,-0.005243482324795545,0.13758987505893439,0.021373202046323647,0.06003055379662703,0.15866501506032235,0.15360993242900475
2022-12-29,43251.84765625,43252.3515625,43498.05078125,42489.80078125,42684.8984375,308300,0.0004938947167540952,0.11960054921348595,0.030739071994580924,0.0554477492717107,0.1620470969378599,0.14643011661091174
2022-12-30,42985.94921875,42986.44921875,43422.94921875,42833.1015625,43401.69921875,258700,-0.0063383057964594425,0.13034043134519835,0.03125367925337441,0.058218328111257156,0.1634954035647734,0.14279193868117224
2023-01-02,43203.1015625,43203.1015625,43382.75,42961.75,43038.25,1798102100,0.0023049401154191518,0.10465470382902886,0.028976299438673747,0.05121413629520366,0.16405537172135082,0.1323216263419443
2023-01-03,43425.25,43425.25,43482.80078125,43148.44921875,43151.44921875,197000,0.002130036909882449,0.10545055342811205,0.027182105132151912,0.053479612187288694,0.16398332605384272,0.1323937606111161
2023-01-04,42958.80078125,42958.80078125,43578.3984375,42858.6484375,43417.5,216800,-0.004166806643818188,0.09650173820820629,0.028006600243577706,0.05443916046656527,0.1678115646396897,0.13456257653591056
2023-01-05,42608.69921875,42608.69921875,43137.55078125,42298.6015625,43073.05078125,189100,-0.011369252642938865,0.08992884973911441,0.01925220741336353,0.046361168593879176,0.17018340367242188,0.1358280557885224
2023-01-06,42188.80078125,42188.80078125,42685.8984375,41877.0,42649.69921875,195100,-0.032297074921372126,0.08979931863407553,0.007999894417481945,0.038225978713485986,0.16698371234435475,0.13587020039663733
2023-01-09,42582.75,42582.75,42716.80078125,42186.55078125,42404.8515625,161800,-0.024080132044626334,0.08855643037805061,-0.002703208773573218,0.03146565322394257,0.17129139446660754,0.13556705497786098
2023-01-10,42014.75,42014.75,42674.25,41835.75,42642.0,179300,-0.03875654188234623,0.08778868061309031,-0.0072381735019125815,0.03490386268539214,0.17621250449450246,0.13588863687720354
2023-01-11,42232.69921875,42232.69921875,42318.0,41729.0,42071.8515625,169800,-0.038998545552094255,0.0744702418965808,-0.0007192688297167349,0.033156822467863334,0.17607443095497613,0.1319462508053713
2023-01-12,42082.25,42082.25,42343.5,41742.94921875,42238.5,154100,-0.04465134344929356,0.054152716804465095,-0.0016669579400333534,0.022590521490168713,0.17539876703169988,0.1288583300121911
2023-01-13,42371.25,42371.25,42453.94921875,41885.6015625,42171.25,205500,-0.025907951110404226,0.050906836149434254,-0.0010204539462425055,0.024049641978513447,0.1738159326874408,0.12808602369452807
2023-01-16,42167.55078125,42167.55078125,42715.6484375,42066.55078125,42622.5,312300,-0.02433968969446665,0.044444126232797254,-0.003859620143588094,0.02259658469044834,0.17328099831309082,0.1286014834090451
2023-01-17,42235.05078125,42235.05078125,42383.80078125,41861.1015625,42241.19921875,256300,-0.027150366387377223,0.0532549606764805,-0.007218798316481201,0.02539382555217684,0.1723186249116113,0.1276506030161044
2023-01-18,42458.0,42458.0,42555.8984375,42119.6484375,42271.80078125,170500,-0.02079129141249325,0.041044211810357556,-0.008827866147277375,0.007530400488160449,0.17392619829994913,0.12355519607334967
2023-01-19,42328.8515625,42328.8515625,42506.25,42234.8984375,42416.30078125,143400,-0.006783471789459261,0.02479011361205452,-0.00176948747382899,0.003521999777332363,0.16336667607244473,0.12120314396940175
2023-01-20,42506.80078125,42506.80078125,42709.19921875,42366.1484375,42516.05078125,159100,0.002310841103607242,0.03365657163613811,0.007810774679028465,0.012627265496161666,0.16318174918124853,0.12102324588310046
2023-01-23,42821.25,42821.25,43005.8515625,42727.69921875,42891.44921875,203600,0.02767586189246285,0.036851694579801864,0.010168505920453486,0.015337196353883531,0.1507970528886119,0.12159372715363626
2023-01-24,42733.44921875,42733.44921875,43078.8984375,42615.6484375,42994.44921875,159500,-0.0029410231395606834,0.042511867644247525,-0.0021689203507917476,0.02387445195173843,0.11288139479671307,0.12055217897591226
2023-01-25,41647.6484375,41647.6484375,42733.05078125,41540.30078125,42703.6015625,244700,-0.027553447950184884,0.008224819292466545,-0.01483165011600085,0.01490085027233845,0.1449428358092569,0.13125205624930844
2023-01-27,40345.30078125,40345.30078125,41417.8984375,40148.80078125,41382.3515625,350800,-0.0672113925886616,-0.02286898215489408,-0.03496190709446112,0.006948534659424244,0.17438924455380495,0.14664235324974445
2023-01-30,40387.44921875,40387.44921875,40789.55078125,39419.80078125,39856.1484375,369900,-0.06046091378178675,-0.018451058532827802,-0.03525550195164462,0.0055440749775480525,0.1747931262183614,0.14652885934125964
2023-01-31,40655.05078125,40655.05078125,40811.6484375,40167.69921875,40563.8515625,289900,-0.058978422592272706,-0.015576911835728957,-0.029562276313186087,0.006056907206653639,0.1758540052037768,0.14699076111338333
2023-02-01,40513.0,40513.0,42015.6484375,39490.5,41115.0,400100,-0.06706351719333803,-0.01806779539380332,-0.03326407753217231,0.009577259075368216,0.17318530021223386,0.14713429236521564
2023-02-02,40669.30078125,40669.30078125,40757.6015625,39761.44921875,39943.3515625,348500,-0.053295249363648156,-0.024405828635201465,-0.029321960801958924,0.008138635139582462,0.1727698956663548,0.14572781920626
2023-02-03,41499.69921875,41499.69921875,41539.94921875,40609.75,41019.3515625,308800,-0.026027548841762838,-0.006785023772731602,-0.018352001095843673,0.009899958258991703,0.18949384471324485,0.15165395392585024
2023-02-06,41374.6484375,41374.6484375,41724.5,41261.19921875,41530.1484375,197800,-0.0192978309094729,-0.005506752696571859,-0.013986938719392272,0.00911476363883934,0.18691506084816978,0.151525007967592
2023-02-07,41490.94921875,41490.94921875,41630.75,41095.1015625,41513.1015625,171900,-0.025639508515772236,-0.01533333611443688,-0.004663040925896089,0.018901514891082383,0.18357669298083776,0.14928403471938662
2023-02-08,41537.6484375,41537.6484375,41791.94921875,41403.05078125,41542.05078125,136500,-0.011355573042800438,-0.012812338464829098,-0.008985872501645176,0.012145237970845546,0.17800678273041223,0.1492900796833415
2023-02-09,41554.30078125,41554.30078125,41634.0,41252.94921875,41634.0,142900,-0.016063345465705203,-0.019314286146251858,-0.015937616933251908,0.00839533061211517,0.176765584229826,0.14853669827969077
2023-02-10,41559.3984375,41559.3984375,41678.8984375,41424.8984375,41452.3984375,155000,-0.012424515383564372,-0.02294335118890678,-0.012329364762318273,0.007103411182348696,0.17648682702620183,0.14828784919833451
2023-02-13,41282.19921875,41282.19921875,41662.55078125,41157.8984375,41563.5,147000,-0.025702587987137537,-0.02769443111173797,-0.015361029853099284,0.0035421100707927478,0.17542630012641783,0.1488242789265303
2023-02-14,41648.3515625,41648.3515625,41718.0,41195.75,41410.44921875,143100,-0.0123127667870353,-0.018594370556592188,-0.01426863681466961,0.0020418538189543867,0.17846124304472338,0.15003926529267134
2023-02-15,41731.05078125,41731.05078125,41795.44921875,41455.6015625,41674.6015625,116300,-0.011933216384902412,-0.014534831967295103,-0.00985873857451236,-0.006599809262153533,0.17852980089378082,0.1500625479526305
2023-02-16,41631.3515625,41631.3515625,41979.1015625,41521.94921875,41925.69921875,111700,-0.01946979220641576,-0.019447870343237472,-0.01234083500026506,-0.008027823517566257,0.17725782741701676,0.1500066719758341
2023-02-17,41131.75,41131.75,41516.30078125,40882.69921875,41514.0,138800,-0.028280983733575682,-0.0373832237067645,-0.01924344508844178,-0.01969852670803729,0.18149676952714625,0.15124302074080392
2023-02-20,40701.69921875,40701.69921875,41292.6015625,40580.1015625,41221.55078125,143700,-0.04246618257133672,-0.05510568224212953,-0.032312292447907565,-0.020508378964470775,0.1829477424502969,0.15146823780200086
2023-02-21,40673.6015625,40673.6015625,40946.19921875,40508.25,40784.8984375,170200,-0.05015380068307207,-0.05374907839417897,-0.03404591401908885,-0.016690792550638656,0.1795791612839902,0.1514490131057618
2023-02-22,39995.8984375,39995.8984375,40529.25,39899.0,40494.1484375,155200,-0.06406107700870667,-0.07030495580998686,-0.03293233006883556,-0.01597845684027599,0.18651100468832657,0.15485007735503323
2023-02-23,40001.55078125,40001.55078125,40147.80078125,39600.25,39983.69921875,200500,-0.039524384161095494,-0.07088627027287941,-0.018246701439358137,-0.011438544286190955,0.16682143756218867,0.15482119043709236
2023-02-24,39909.3984375,39909.3984375,40348.1015625,39818.8984375,40259.1015625,144600,-0.010804290346314138,-0.07683378969952115,-0.002934142843039278,-0.007928536570055322,0.12455206342264818,0.15443387067333592
2023-02-27,40307.1015625,40307.1015625,40371.44921875,39745.3984375,39820.3984375,165200,-0.0019894214119543507,-0.06827329181778408,0.012529856581534604,0.00719784605597007,0.12991714558960227,0.15609857871307994
2023-02-28,40269.05078125,40269.05078125,40391.44921875,40073.0,40302.69921875,327800,-0.009494515259049208,-0.06576456152306931,0.010786207300369832,0.00869751450945877,0.12749167646784432,0.15601521418056813
2023-03-01,40698.1484375,40698.1484375,40725.3515625,40341.94921875,40473.8515625,169800,0.004570099412534168,-0.0608036339264425,0.013959152919218454,0.0060455717812080145,0.13277154272661387,0.1573206050755988
2023-03-02,40389.80078125,40389.80078125,40773.25,40312.8984375,40604.55078125,149200,-0.006872505664736184,-0.06371910855185092,0.009509858938034799,0.007131469253193967,0.13483702975467085,0.15774034945058446
2023-03-03,41251.3515625,41251.3515625,41390.1484375,40605.3515625,40671.3984375,213800,-0.0059843242463260005,-0.04286318821070856,0.00856146007213987,0.009190926205659533,0.13666954527618197,0.16417396877314286
2023-03-06,41350.3984375,41350.3984375,41671.19921875,41259.1484375,41418.3984375,180200,-0.0005861076991779957,-0.05152787516730439,0.0024058196053332592,-0.0032779142888943458,0.13659325044696108,0.16232978268565437
2023-03-08,41577.1015625,41577.1015625,41625.3515625,41100.3515625,41178.3515625,157600,0.002076412937572991,-0.04712778139405849,0.00021988890602941957,-0.0070015293031705506,0.13764837089406098,0.16281575051049849
2023-03-09,41256.75,41256.75,41659.0,41208.1015625,41532.6484375,119200,-0.006762502165298501,-0.05609860725827209,0.009022208953778366,-0.0070342507447423985,0.14034284781030945,0.1633414325011107
2023-03-10,40485.44921875,40485.44921875,40839.0,40341.69921875,40805.25,145300,-0.02572180357760423,-0.07875706968968077,0.001134328085454217,-0.01453202619360383,0.15491276501605913,0.1668356742394884
2023-03-13,39564.69921875,39564.69921875,40690.05078125,39454.6015625,40356.1015625,174500,-0.04799634484001902,-0.10180462676150637,-0.00867177290542942,-0.021098532167723616,0.1728096286875683,0.1724234531486481
2023-03-14,39411.3984375,39411.3984375,39768.5,39132.6015625,39522.3984375,205700,-0.04531737205512776,-0.09395333265861672,-0.0043740549816245755,-0.019470192360270144,0.17218342998924363,0.17101269878263728
2023-03-15,39051.5,39051.5,39914.1015625,38934.6484375,39777.8984375,164300,-0.06235184503288227,-0.09643795046217563,-0.008938166746967013,-0.0254516014898728,0.16854298964424494,0.1714328437988426
2023-03-16,39132.6015625,39132.6015625,39381.3984375,38613.1484375,39061.69921875,196300,-0.062266565785050854,-0.09861273070167864,-0.00508080866905658,-0.02071834320137378,0.16858052948309432,0.1711329986566554
2023-03-17,39598.1015625,39598.1015625,39705.1484375,38926.80078125,39442.3984375,173400,-0.04883939443924945,-0.08674911928181828,0.0030460918778782986,-0.016842729645226373,0.17685140725042084,0.17337299898976893
2023-03-20,39361.94921875,39361.94921875,39512.1015625,38941.8984375,39512.1015625,173800,-0.043027607170859516,-0.0763997343768833,0.01023745171938506,-0.009874508143914773,0.17377470467657985,0.17051854133356342
2023-03-21,39894.69921875,39894.69921875,39970.8984375,39366.30078125,39599.6484375,187900,-0.01982718204620415,-0.05928254315579584,0.021479410733145743,-0.003022271723310155,0.17929417251907034,0.17299984131802496
2023-03-22,39999.05078125,39999.05078125,40085.6015625,39837.80078125,40036.0,0,-0.016584486136873577,-0.04005466943394975,0.021268782145975496,-0.0032765643340942896,0.1797528165084536,0.1696430273479014
2023-03-23,39616.8984375,39616.8984375,40201.6015625,39552.5,39836.1484375,153200,-0.009475971657250004,-0.07565654201518912,0.01771966527378166,-0.017451000238805525,0.1729575276516853,0.15954907553365863
2023-03-24,39395.3515625,39395.3515625,39767.8984375,39294.8984375,39555.25,166100,-0.015154392940039285,-0.08014317179913588,0.017179062338710138,-0.015171494671256225,0.17388683356382034,0.1597864009916357
2023-03-27,39431.30078125,39431.30078125,39695.19921875,39273.75,39484.69921875,194200,-0.011979575612965587,-0.08834319160031223,0.015508517748055839,-0.022085108963293965,0.17388337784670563,0.1581367989714433
2023-03-28,39567.8984375,39567.8984375,39645.19921875,39326.1015625,39545.05078125,202300,-0.018339277604811022,-0.07952624241778228,0.007016188758028452,-0.01581000945165123,0.17017369852875813,0.15816463542167591
2023-03-29,39910.1484375,39910.1484375,40055.0,39609.55078125,39611.55078125,259600,-0.008912609976818975,-0.07622029451372214,0.0039890691241629694,-0.01485180343699799,0.17350821524077456,0.15895376221349403
2023-03-31,40608.6484375,40608.6484375,40690.3984375,40180.19921875,40231.25,188000,-0.00219911724331745,-0.06486091761129753,0.003024131333241309,-0.016990447279325638,0.1807143106707902,0.16299402642725105
2023-04-03,40813.05078125,40813.05078125,40857.6015625,40535.8984375,40695.80078125,167500,0.010479130666979808,-0.049949020013997814,0.006082939203702731,-0.014206612845338862,0.1793209672667169,0.16220297412084309
2023-04-05,40999.1484375,40999.1484375,41071.1484375,40802.6484375,40972.30078125,177400,-0.006113814831445907,-0.03777516823469973,-0.0039938826399698035,-0.013592421874280669,0.16300021227648628,0.16184417989060285
2023-04-06,41041.0,41041.0,41274.69921875,40820.55078125,40940.69921875,196500,-0.007482356862114625,-0.02720629076899761,-0.001141891621917579,-0.012631438827218733,0.1627701720448493,0.16071854932812873
2023-04-10,40834.6484375,40834.6484375,41139.8515625,40727.25,41116.1484375,153900,-0.01785726029708734,-0.04105187106281294,-0.010515440437948054,-0.01469182542529801,0.16203928848924104,0.15968430333108471
2023-04-11,41366.5,41366.5,41403.25,40990.19921875,41232.0,219200,0.002660170759936298,-0.015429105254702202,-0.00488412671254701,-0.004719716018168785,0.16701745999904608,0.15984986853726657
2023-04-12,41557.94921875,41557.94921875,41610.1484375,41332.0,41426.0,143000,0.02649099912922037,-0.015976956540358467,0.003548238817153715,-0.011322272355807295,0.1516746044583717,0.15977311689357676
2023-04-13,42132.55078125,42132.55078125,42196.19921875,41502.6484375,41680.1015625,232600,0.06490259279623367,0.0011952968591271151,0.025629688156111774,0.0028863530725830033,0.1277406041822854,0.1621628822924812
2023-04-17,42262.55078125,42262.55078125,42603.55078125,41799.0,42603.55078125,229100,0.07234334372253892,-0.002565400330412748,0.03341022644428282,0.011343134995485338,0.1250230437659175,0.16166912090146135
2023-04-18,42265.19921875,42265.19921875,42500.69921875,42114.3515625,42406.94921875,214200,0.08229387395490573,0.00231572466721075,0.041756877512779234,0.015431186594705437,0.116629258048013,0.16136238173909156
2023-04-19,42154.0,42154.0,42339.8984375,42022.1484375,42280.1015625,170000,0.07720924029736231,-0.0019190406960747364,0.039933524091527506,0.02215139309968417,0.11881318517423656,0.1614207325111332
2023-04-20,42269.5,42269.5,42378.1484375,42108.8515625,42218.5,180200,0.0674627906917098,-0.004439681567666831,0.03679630646845844,0.02533681061423121,0.11490423106209005,0.16114928033808984
2023-04-21,42118.0,42118.0,42382.1484375,41962.3515625,42252.55078125,144100,0.07001814788016536,-0.004981272931269376,0.032601417875627536,0.02173635718835132,0.11264370671451558,0.16119599995609274
2023-04-24,42635.75,42635.75,42714.1484375,42269.1015625,42469.94921875,201000,0.06870714242562181,0.003033613830728088,0.031536288085420194,0.018801059606569193,0.11126717346505721,0.16293462691186456
2023-04-25,42678.5,42678.5,42865.55078125,42601.5,42731.6015625,262400,0.06698782012112203,-0.0033336252444755576,0.03099474674060998,0.01594500169799906,0.11154990351436857,0.16223384197147347
2023-04-26,42829.8984375,42829.8984375,42875.6015625,42432.25,42559.05078125,178000,0.08110175522874052,0.0022569958782470145,0.03796165357689518,0.019074310898777203,0.10071120522586642,0.1623447476741922
2023-04-27,43000.8515625,43000.8515625,43043.3984375,42736.6015625,42753.8984375,181400,0.09152094998517635,0.032491705432798446,0.03427709674908441,0.031200534626445453,0.094250089722683,0.1533686931341824
2023-04-28,43233.8984375,43233.8984375,43302.05078125,42810.3515625,43045.5,238700,0.09643601861742734,0.0715968799417761,0.03289428463578514,0.04543002908693472,0.09340388881485864,0.13808720657391244
2023-05-02,43352.1015625,43352.1015625,43483.8515625,43269.3984375,43395.05078125,241600,0.09563821366397285,0.07340528805601454,0.02508769501436281,0.0451485819091586,0.09355785054191691,0.13812478818560833
2023-05-03,43312.69921875,43312.69921875,43354.94921875,43078.1484375,43154.8515625,175900,0.085255277528683,0.0653706830130365,0.02617394966844966,0.04115510284353352,0.09419981291011892,0.13772241738523774
2023-05-04,43685.44921875,43685.44921875,43739.80078125,43213.94921875,43236.1015625,175400,0.07576713088556608,0.07830694391306503,0.024150559146341788,0.042005338488579236,0.08219836183442354,0.13823745879654878
2023-05-05,42661.19921875,42661.19921875,43588.0,42582.19921875,43110.6484375,251200,0.045283270966576694,0.0489779366558063,0.006718650872865606,0.022936529350885637,0.1269819702866559,0.14728314486249686
2023-05-08,43284.0,43284.0,43418.55078125,42780.30078125,42796.8515625,223400,0.05572924437645521,0.042995511168520295,0.015440609446355724,0.020011953296827478,0.13411270162483718,0.14450298274155862
2023-05-09,43198.1484375,43198.1484375,43533.25,43125.8515625,43438.55078125,229000,0.05256081570868165,0.044072882039216665,0.014672689672768024,0.01585104645613833,0.13503664540424618,0.14440493610863261
2023-05-10,43331.05078125,43331.05078125,43383.6484375,42822.1484375,43275.25,249100,0.061134414994925335,0.044349468911847545,0.021923859107274568,0.010853455065672035,0.13201606410254976,0.14442231493688323
2023-05-11,43475.30078125,43475.30078125,43774.25,43367.25,43535.1015625,190700,0.05097846763081226,0.0466480991735847,0.018550442294619662,0.022850654059703324,0.12668582924573873,0.14451868665847914
2023-05-12,43793.55078125,43793.55078125,43905.94921875,43347.75,43447.1484375,144900,0.053794799900553025,0.05388732232044657,0.025589707964183583,0.030339511199800384,0.12763556992086442,0.14513459978440527
2023-05-15,44072.1015625,44072.1015625,44151.69921875,43666.6015625,43821.05078125,161300,0.04603449696933959,0.06046052684758618,0.01401466247444394,0.030087855306410782,0.12165745757546846,0.14555575624079442
2023-05-16,43903.69921875,43903.69921875,44144.1484375,43815.69921875,44144.1484375,222500,0.03883221450580554,0.06350194635002238,0.006096273137776942,0.034488244284200054,0.12349014352108253,0.1450285015485934
2023-05-17,43698.69921875,43698.69921875,43992.75,43446.3984375,43948.5,203600,0.03391679269227388,0.04922998340458018,0.004381392492517122,0.035180764023883926,0.12555885183740054,0.14456558780356593
2023-05-18,43752.30078125,43752.30078125,44079.19921875,43673.69921875,44006.8984375,226500,0.03791575606704001,0.04843515708710977,0.008901256244407962,0.042101866576312874,0.12454817893238909,0.14454744763603203
2023-05-19,43969.3984375,43969.3984375,44020.8984375,43531.8984375,43930.0,192000,0.04021572144217456,0.056160724724249045,0.007366401461208927,0.04687085012012138,0.1250015504041253,0.14464056652871443
2023-05-22,43885.1015625,43885.1015625,44026.75,43684.8984375,43935.30078125,183800,0.04195597042832033,0.06693981079093403,0.0027850886631897165,0.04630912299249634,0.12415301770397189,0.14222416497980064
2023-05-23,43954.44921875,43954.44921875,44095.25,43852.19921875,43978.8984375,142000,0.030929424690547158,0.07991681090556435,-0.0031451943827196516,0.051706573542741774,0.1182033539730192,0.1401591699671348
2023-05-24,43677.8515625,43677.8515625,44010.44921875,43639.80078125,43751.94921875,148600,0.023415808018088624,0.07386240422755774,-0.0056315851259665095,0.04813127104096426,0.1214384377288023,0.140968276592771
2023-05-25,43681.3984375,43681.3984375,43719.8515625,43390.30078125,43630.25,170200,0.019880971729189678,0.0921469486617279,-0.008611348317281164,0.04846251947648317,0.1211583380414836,0.1359215064886391
2023-05-26,44018.0,44018.0,44067.6015625,43588.80078125,43765.3515625,143200,0.023654146384092245,0.10040733772333232,-0.008960822742120289,0.04398077711943493,0.12306484675246829,0.13648315044254875
2023-05-29,44311.8984375,44311.8984375,44483.3515625,44193.94921875,44276.80078125,148600,0.024934138233182468,0.11031236180857307,-0.004606431411157352,0.04545134435146658,0.12371357520984377,0.1366246260439884
2023-05-30,44436.3515625,44436.3515625,44498.6015625,44207.5,44277.3515625,157600,0.025010321551236725,0.10244472660970683,-0.001780982462486591,0.031084302617150783,0.12372579986149569,0.13558123208482303
2023-05-31,44128.1484375,44128.1484375,44339.05078125,43822.69921875,44318.0,305700,0.018827023793451136,0.0958328438684446,-0.005747574163383895,0.02472473112954887,0.12693919318116983,0.13662473083917887
2023-06-01,43790.19921875,43790.19921875,44179.94921875,43706.1484375,44172.05078125,182900,0.0023978235745150123,0.07597522000290624,-0.010307684199662104,0.016559970006291946,0.1270843256855503,0.13657731207082072
2023-06-02,43937.8515625,43937.8515625,44088.8984375,43812.55078125,43997.30078125,123900,0.029925374043139774,0.08784521618381191,0.00418517760863879,0.017864487082860148,0.09089701020288186,0.13539482187539825
2023-06-05,44101.6484375,44101.6484375,44266.1484375,44074.19921875,44103.25,124500,0.01889031599436275,0.06909584212486974,0.0008525369430940621,0.012287831474255828,0.07748715762818283,0.12913183152012053
2023-06-06,44164.55078125,44164.55078125,44236.19921875,44009.69921875,44156.69921875,123600,0.022371383466775363,0.0680562328317953,0.004137960321805467,0.017944535573820142,0.07672385676647119,0.12910588298142006
2023-06-07,44275.30078125,44275.30078125,44346.30078125,44143.5,44318.69921875,119200,0.021791532468642405,0.06489627985957558,-0.000665390508695074,0.010149288769228493,0.07655733202216326,0.12881998601858513
2023-06-08,43995.25,43995.25,44459.25,43917.8984375,44208.30078125,160200,0.01195964626826096,0.06637701709417243,-0.006488775945763248,0.006969685768787537,0.08039274406944724,0.12844628136083988
2023-06-09,43989.0,43989.0,44220.1015625,43932.6015625,44045.75,132300,0.004462968068660977,0.08653851813079072,-0.009110731822713491,0.020466814153237367,0.07640870519779806,0.12157702379547608
2023-06-12,43944.19921875,43944.19921875,44124.94921875,43874.05078125,44035.19921875,91400,-0.002902115833269714,0.11069210903856752,-0.01391641264679111,0.02632847118444892,0.07298234082015731,0.1105924312942997
2023-06-13,44079.8515625,44079.8515625,44138.1484375,43889.69921875,43889.69921875,160000,0.004012243771813528,0.1184543890875478,-0.019483252393390327,0.020301476641423122,0.07247755364823534,0.10999699919525077
2023-06-14,43988.0,43988.0,44212.3515625,43956.1484375,44181.6484375,154600,0.006620352239818272,0.12640999705517064,-0.024958037663518784,0.021311352573131437,0.0707243814783447,0.1078977445268852
2023-06-15,43443.6015625,43443.6015625,44077.44921875,43397.5,44054.3515625,228200,-0.007055611093309433,0.11016389986530184,-0.037841708941160124,0.009931936369569572,0.08387217976932522,0.11187993750505064
2023-06-16,43938.1484375,43938.1484375,44083.25,43536.94921875,43583.3515625,234700,-0.0007107215725141725,0.10960239768439028,-0.03491310112878909,0.008669994568811124,0.0918797597000606,0.11168982888374251
2023-06-19,43633.75,43633.75,44040.3515625,43501.3984375,44015.30078125,234900,-0.005727491871974633,0.10852614939138072,-0.029809570384944695,0.004511128112500318,0.09493426285331134,0.11199342359650145
2023-06-20,43766.5,43766.5,43823.94921875,43345.94921875,43597.55078125,161900,-0.004275999861006685,0.09705050688614558,-0.029820975812064,-0.0028588439102887886,0.09545439411282522,0.10933853130673965
2023-06-21,43859.19921875,43859.19921875,43946.69921875,43698.94921875,43894.3984375,180000,0.0041519362734796506,0.09650600107014262,-0.02709972934730631,-0.0028969327109971132,0.0929686370381393,0.10932254176645992
2023-06-22,43724.8515625,43724.8515625,44042.1484375,43663.3515625,43874.80078125,263800,0.0009947741270732724,0.1036919417475537,-0.0235724391634915,0.004473139118408076,0.09369438983402435,0.1072812699812255
2023-06-23,43622.8984375,43622.8984375,43824.1015625,43519.55078125,43641.6015625,161300,-0.008975909003135052,0.10731080463371612,-0.017957326952055763,0.0057797298107531425,0.08953279684338783,0.10654331680042588
2023-06-26,43641.05078125,43641.05078125,43773.1015625,43541.75,43714.75,120700,-0.015139221741903075,0.10676163140937467,-0.020115326253854704,0.00635363654052945,0.08561929323259238,0.1065638124201094
2023-06-27,44121.5,44121.5,44194.6484375,43693.1484375,43804.55078125,137300,-0.007085450344796129,0.115083230151652,-0.01693584546431315,0.0050233979307394705,0.09453630841986918,0.10818788272368135
2023-06-28,44327.80078125,44327.80078125,44508.3984375,44163.19921875,44419.5,243800,0.004524376182081902,0.1106899502182539,-0.01909112847548422,-4.3244389420715734e-05,0.0927537534593042,0.1074283935304748
2023-06-30,44747.3515625,44747.3515625,44787.1015625,44447.19921875,44666.0,191300,0.02185768415824363,0.1019167907390417,-0.01607558415455812,-0.0034591957382981153,0.09327284140407154,0.10367330261821463
2023-07-03,45158.1015625,45158.1015625,45353.19921875,44882.1015625,44957.94921875,228200,0.02777218176597085,0.10646228836306859,-0.014768388776564834,-0.0041535515489545816,0.097310434227748,0.10458971288355311
2023-07-04,45301.44921875,45301.44921875,45655.5,45000.25,45310.55078125,463000,0.02720534999843216,0.10493634490502957,-0.015558811664147187,0.0005936941047923749,0.09715321321245052,0.10446651179625469
2023-07-05,45151.80078125,45151.80078125,45418.8984375,45073.3984375,45169.69921875,366300,0.022353901093433937,0.10016327041860573,-0.020632280959364646,-0.0020774383336479296,0.09854284581076901,0.10495589273415382
2023-07-06,45339.8984375,45339.8984375,45417.5,45042.6015625,45060.55078125,244900,0.024044955934005685,0.11032909973243843,-0.01712154561163759,0.004039687425880345,0.09902751047611878,0.10416336828104278
2023-07-07,44925.0,44925.0,45227.25,44844.80078125,45118.05078125,220900,0.021132963217620038,0.08602371484171978,-0.016284091166195225,-0.00479406439960961,0.10236052704246298,0.10387809218735848
2023-07-10,44860.8515625,44860.8515625,45184.30078125,44721.8984375,44958.6484375,220900,0.019819763179431238,0.07947702920479549,-0.022871768723324637,-0.007176086947498828,0.10266004967007668,0.10381112875151541
2023-07-11,44745.05078125,44745.05078125,45139.55078125,44663.05078125,44998.0,209000,0.01822428390408115,0.06200668963918088,-0.026820491550855197,-0.028379242076378874,0.10321360868842726,0.10078990371968415
2023-07-12,44639.44921875,44639.44921875,44937.25,44562.3984375,44872.6015625,233100,0.012695089398305992,0.056241244164432214,-0.023004046197424133,-0.03849334775229485,0.10349815549418366,0.10092784244223262
2023-07-13,44665.05078125,44665.05078125,45085.1484375,44612.19921875,45009.30078125,336800,0.015391715496271718,0.05678079381760859,-0.019682559567794078,-0.04251618670560986,0.10300162586161747,0.10091491353479928
2023-07-14,44819.30078125,44819.30078125,44923.8515625,44547.80078125,44860.6484375,196300,0.03166632528776092,0.06322770748327566,-0.015229849761806413,-0.04720861745464555,0.0906656715117584,0.10076947086482972
2023-07-17,45449.75,45449.75,45556.44921875,44695.05078125,44951.19921875,245900,0.03440294177735281,0.07523746436555911,-0.012630374845934211,-0.04317758362242108,0.09483972712813266,0.10415789752700956
2023-07-18,45410.8515625,45410.8515625,45905.8515625,45281.30078125,45754.80078125,307300,0.040727683559171446,0.07818157468303344,-0.012259625337513791,-0.04240359867625876,0.08980632799180789,0.10376974974403536
2023-07-19,45669.30078125,45669.30078125,45707.3984375,45433.0,45622.5,261100,0.04347619255023827,0.07115040268436701,-0.010542376809798748,-0.0466257819247653,0.09069568833430385,0.10166223386937961
2023-07-20,46186.8984375,46186.8984375,46256.19921875,45640.94921875,45689.05078125,315200,0.05307208659101326,0.08220528925571413,-0.006444789477830781,-0.042161264798339815,0.0963255597461408,0.10375654333596702
2023-07-21,46075.19921875,46075.19921875,46369.5,45925.8984375,46063.94921875,235600,0.05375313059417541,0.0757718532997631,0.001878588408652293,-0.032650949108377736,0.09584845211640333,0.10392995453378022
2023-07-24,45923.05078125,45923.05078125,46191.5,45858.75,46131.8984375,225800,0.05272809524670863,0.06795677556530944,-0.0012136480430504637,-0.030133866185156677,0.09657488858615976,0.10417495841933631
2023-07-25,45845.0,45845.0,46156.1015625,45622.8515625,46154.69921875,228100,0.05050174501519811,0.06039477486108891,-0.0024322791234183683,-0.02903780799941491,0.0974889915783585,0.10393712751643265
2023-07-26,46062.3515625,46062.3515625,46096.6015625,45804.69921875,45935.1484375,298400,0.04398879372868092,0.06251715377840861,-0.007075666328391073,-0.02733747508679074,0.09269073407548599,0.10416169784686508
2023-07-27,45679.30078125,45679.30078125,46310.1015625,45570.6484375,46285.8515625,320400,0.030488767233669334,0.05463990019526421,-0.005764509705174392,-0.032151909308576476,0.09929071000214924,0.10585026562773547
2023-07-28,45468.1015625,45468.1015625,45727.75,45238.80078125,45560.8984375,194700,0.016107098517178287,0.040806547159983886,-0.00770856621838778,-0.035347329443878195,0.09692963262494513,0.10521389711476034
2023-07-31,45651.1015625,45651.1015625,45694.8984375,45359.75,45546.3515625,247900,0.010917199415871659,0.07008481708212067,-0.011401282490692832,-0.02315779630268211,0.09269896099558712,0.09231424160996847
2023-08-01,45592.5,45592.5,45782.75,45471.05078125,45740.0,175200,0.006424756520361674,0.05333379539783745,-0.011345669043102191,-0.02710412532246753,0.09237285026266313,0.08812620708057539
2023-08-02,44995.69921875,44995.69921875,45404.8984375,44720.8984375,45234.6484375,233600,-0.0034572610571231843,0.04161175527813965,-0.010058327183369964,-0.027401989773006896,0.10348653661841552,0.09254624423697158
2023-08-03,44513.44921875,44513.44921875,45038.44921875,44279.3984375,44862.8515625,245800,-0.018227857741879183,0.027287555140750097,-0.012296247416812123,-0.03094585903648217,0.10864523803325207,0.09532663113069749
2023-08-04,44879.5,44879.5,45118.05078125,44520.55078125,44754.75,245200,-0.0010127991096271494,0.032298780997867205,-0.01059282845327858,-0.03437881642247498,0.108610475559964,0.0964682735153264
2023-08-07,44837.5,44837.5,45011.3515625,44773.8515625,44993.69921875,200800,-0.0005205331973573424,0.023837967009447514,-0.012992202598070102,-0.046187364705488454,0.10854161562527272,0.09547295559331542
2023-08-08,44964.44921875,44964.44921875,45096.8515625,44817.8515625,44888.94921875,229400,0.004903300670561217,0.020247449624895664,-0.0018586989852200642,-0.04345218512850857,0.10854958904927617,0.09480731967454906
2023-08-09,44880.69921875,44880.69921875,44975.0,44533.75,44973.44921875,177300,0.005404412559343763,0.022253250122093338,-0.007402342907437243,-0.05135573909126068,0.10840508765066108,0.09452403191040723
2023-08-10,44541.80078125,44541.80078125,44980.3515625,44418.3984375,44797.6484375,232000,-0.002759428184770818,0.019293516227555152,-0.009422211489129917,-0.05558099306747977,0.11190847788077893,0.09536829395170676
2023-08-11,44199.1015625,44199.1015625,44571.25,44120.8984375,44568.1484375,196900,-0.01383777095892269,0.010212052241181269,-0.00687622229936069,-0.06140158257017525,0.11416380541393016,0.09675812984194145
2023-08-14,44090.94921875,44090.94921875,44212.75,43776.8984375,44066.6015625,172300,-0.02989677129687185,0.002764440396490153,-0.015849177209441345,-0.06486854927609098,0.10021430877991054,0.09638431469809774
2023-08-16,43946.3984375,43946.3984375,44002.80078125,43600.3515625,43726.25,0,-0.03224896857493276,0.0013967581893983283,-0.01785601694385819,-0.06142810010975652,0.10037216632874575,0.09654361731573824
2023-08-17,43891.3515625,43891.3515625,44071.8515625,43745.1015625,43897.25,266400,-0.03893094898181482,-0.0014355237608820737,-0.015339115036655304,-0.05687753378922311,0.09661860694731178,0.09652317372367103
2023-08-18,43851.05078125,43851.05078125,43957.6484375,43672.44921875,43724.75,167600,-0.050573814983720156,0.003965378619920523,-0.01708890762179749,-0.05207659902938455,0.08319467056873803,0.09565119605344435
2023-08-21,44002.0,44002.0,44113.80078125,43862.0,43952.8515625,126300,-0.044995990335432445,0.007339544382003238,-0.02719905994166183,-0.05119658440272512,0.08591079041991448,0.09590030887667736
2023-08-22,43993.25,43993.25,44151.30078125,43938.69921875,44125.0,160700,-0.04202248649468909,-0.0005622699804624931,-0.027997705718450838,-0.04905584560975773,0.08613655066543671,0.09459989763653874
2023-08-23,44479.05078125,44479.05078125,44521.6484375,43952.05078125,44064.5,212400,-0.02979494424146578,0.003772177443170488,-0.01777297265162181,-0.04168002428223616,0.0979604584074217,0.09630235394152574
2023-08-24,44496.19921875,44496.19921875,44949.8984375,44433.75,44704.19921875,220400,-0.03400070319086845,0.0013468175074144995,-0.014201147767419653,-0.03905544102515557,0.09547098063545978,0.09613563922980661
2023-08-25,44231.44921875,44231.44921875,44359.1015625,43983.75,44276.19921875,152500,-0.03169600974046216,0.0023409271611816163,-0.011650149815203847,-0.03712085067949533,0.09363615658099136,0.09584889399232564
2023-08-28,44494.6484375,44494.6484375,44610.3984375,44201.44921875,44253.6484375,163000,-0.021409583676193278,0.01608691513895577,-0.004103306512108329,-0.0281748680012317,0.09657695152641738,0.09522169585553468
2023-08-29,44495.25,44495.25,44673.0,44429.80078125,44655.75,140300,-0.0253192480123956,0.012686064923022489,-0.004505512206410489,-0.03093897207856,0.09480287468173823,0.0950031217145172
2023-08-30,44232.6015625,44232.6015625,44779.6484375,44149.80078125,44706.55078125,153100,-0.02982723995174641,0.0029693476239460725,-0.010261497993798496,-0.03756016214443636,0.09622185761055353,0.09553454260510896
2023-08-31,43989.1484375,43989.1484375,44399.6484375,43895.05078125,44265.8515625,705100,-0.02236993309864077,-0.0039715640858384305,-0.008401772359166837,-0.0391777999721763,0.08734193018014211,0.09616534957492841
2023-09-01,44436.1015625,44436.1015625,44568.55078125,43830.75,43996.1015625,320800,-0.001737624417058603,0.003631839387031377,-0.004505726696467649,-0.03422382832473536,0.08821270404305011,0.09827348345909857
2023-09-04,44578.30078125,44578.30078125,44656.05078125,44310.94921875,44647.6484375,238600,-0.006711287308236447,0.013252584796086042,-0.0073159284544166425,-0.03473622966461942,0.08366132995260878,0.09755974416304584
2023-09-05,44532.1484375,44532.1484375,44668.69921875,44401.69921875,44625.05078125,225500,-0.006810182603847248,0.012347369512832662,-0.005667148117871945,-0.042141569944123436,0.08367154026794751,0.09759107948220161
2023-09-06,44409.1015625,44409.1015625,44577.0,44207.25,44494.6484375,252000,-0.012350816387147523,0.01057937912204876,-0.01440495162794675,-0.04369316778277077,0.08321652077119127,0.09775029494998329
2023-09-07,44878.3515625,44878.3515625,44915.55078125,44341.19921875,44418.05078125,169100,-5.230881628104367e-05,0.018114852289550454,-0.00486574345617774,-0.035897344103750894,0.09190574924091169,0.09985679324820401
2023-09-08,45156.3984375,45156.3984375,45383.3515625,44812.1484375,44953.6484375,179100,0.013798222017748163,0.026561754057924825,-0.000367883406091174,-0.030169664107254635,0.08981145566674587,0.10044777928502119
2023-09-11,45570.69921875,45570.69921875,45636.19921875,45231.30078125,45340.80078125,228100,0.031032251963549085,0.04896227706144152,0.0017940373342379967,-0.021042165730789097,0.08880524649498717,0.09833559258786033
2023-09-12,45511.3515625,45511.3515625,45893.80078125,45322.55078125,45893.80078125,271400,0.03221528156953268,0.035804948113319135,0.003470164494896233,-0.026194372971882096,0.08821527306574492,0.09593981164125243
2023-09-13,45909.44921875,45909.44921875,45990.5,45299.3984375,45449.3515625,441700,0.04466920728536672,0.05215456427077658,0.013587779080897144,-0.017934441112034127,0.08969492703430783,0.09605253554955548
2023-09-14,46000.8515625,46000.8515625,46153.8984375,45801.5,46013.30078125,238600,0.0480618601365268,0.05105163909611243,0.009960125876705694,-0.017313188107117794,0.08878014501337528,0.09597439760036423
2023-09-15,46231.5,46231.5,46310.3984375,46028.75,46122.1484375,278400,0.05428488431496925,0.05408901264745003,0.008599107617015322,-0.016734058420372122,0.08837796911565418,0.0963211199104107
2023-09-18,45979.8515625,45979.8515625,46252.94921875,45906.8984375,46100.94921875,348800,0.04494912873278478,0.05157250212220199,0.006807618813325478,-0.020987971008250117,0.09284565178376192,0.09686237769016777
2023-09-20,45384.6015625,45384.6015625,45745.1484375,45276.3984375,45493.69921875,334000,0.031626478209725306,0.04038482512857433,0.005593302437178371,-0.02582826268718197,0.10728866625427032,0.10076055774358056
2023-09-21,44623.8515625,44623.8515625,45276.80078125,44592.44921875,45179.6015625,257700,0.003255482720666336,0.02252009893566198,-0.012088562196788999,-0.03371761905787074,0.11973807374830449,0.10699882460967493
2023-09-22,44612.05078125,44612.05078125,44996.75,44548.8984375,44707.3515625,249400,0.0026036282768884256,0.01111818005394194,-0.012228746126067946,-0.03441678182112606,0.11974424855562026,0.10470731793692022
2023-09-25,44766.1015625,44766.1015625,44936.55078125,44400.8984375,44615.0,266500,0.012087606289041819,0.009887717719472278,-0.009128745143274886,-0.027137766351246206,0.11803681450298731,0.10451432371052222
2023-09-26,44624.19921875,44624.19921875,44773.80078125,44532.44921875,44722.5,188500,0.0029116036602014894,-0.0027521705631670113,-0.01566539282466839,-0.027539662290728906,0.11700283558243885,0.10292531490578499
2023-09-27,44588.30078125,44588.30078125,44668.0,44182.5,44465.8984375,221900,0.002091252015664624,-0.012617908227638419,-0.017233857034860023,-0.033003334663273765,0.11705111179330756,0.10113770670422888
2023-09-28,44300.94921875,44300.94921875,44756.80078125,44248.19921875,44700.3515625,389900,0.0015451873467904331,-0.022085386168747556,-0.007556868459581034,-0.029024928241572434,0.11743856882055599,0.10168799693957296
2023-09-29,44584.55078125,44584.55078125,44755.05078125,44344.8984375,44445.3515625,156000,0.013535209589154773,-0.01256317555856068,-0.006434873428139198,-0.024924996382335696,0.11751431030971521,0.10242918944238312
2023-10-03,44399.05078125,44399.05078125,44566.30078125,44243.1015625,44561.5,192600,-0.0008337990945918028,-0.020750987290960476,-0.005642019960417355,-0.02236399101403197,0.11315528353995842,0.10233398767633865
2023-10-04,43964.05078125,43964.05078125,44161.3515625,43857.5,44108.1484375,310300,-0.013779125476634513,-0.02139007721202002,-0.009032230215968773,-0.02678527186073365,0.11758935487534432,0.10258339975123057
2023-10-05,44213.3515625,44213.3515625,44391.8515625,44108.30078125,44181.3515625,243400,-0.007158802936432007,-0.014433520039134895,-0.005669631086599236,-0.024241878500565694,0.11971021675068161,0.10329294849448077
2023-10-06,44360.6015625,44360.6015625,44500.69921875,44242.94921875,44395.3984375,157500,-0.0010921184688175156,-0.008591994243776768,-0.0032566745256803475,-0.019605688343017236,0.12003773624789485,0.1034304779816352
2023-10-09,43886.5,43886.5,44113.19921875,43796.75,44057.80078125,162300,-0.022100891141660917,-0.016867350111339108,-0.011217299151363602,-0.023473150834822376,0.11893089903792603,0.1056022955054445
2023-10-10,44360.1484375,44360.1484375,44487.25,44004.55078125,44027.55078125,175300,-0.017633160029404737,-0.00682641883120827,-0.011069086229865244,-0.021048277533159188,0.12364587648594907,0.10798097305113791
2023-10-11,44516.8984375,44516.8984375,44710.55078125,44411.3984375,44554.8984375,213700,-0.02312452517332486,-0.006747145503807395,-0.013872836559455815,-0.019364365947723727,0.11913825791028228,0.10799234091539589
2023-10-12,44599.19921875,44599.19921875,44693.05078125,44530.05078125,44571.55078125,112100,-0.020042304006229195,-0.018714091524155818,-0.01007895514092172,-0.022902052558064878,0.11961530303006224,0.1040259129295878
2023-10-13,44287.94921875,44287.94921875,44563.05078125,44203.69921875,44322.05078125,169900,-0.03531952631960045,-0.024727621374915687,-0.01942768682034779,-0.02481880363500144,0.11561435304515875,0.10492149944761305
2023-10-16,44225.8984375,44225.8984375,44356.94921875,44044.3984375,44204.75,140400,-0.038585223201540564,-0.03160552754384638,-0.02011296685347852,-0.02649285564715509,0.1147646860856361,0.104166000644899
2023-10-17,44409.5,44409.5,44589.8515625,44336.94921875,44589.80078125,120500,-0.039410358738089846,-0.03848274072581803,-0.020549274379775384,-0.03009147346233776,0.11411177611257198,0.101711246346063
2023-10-18,43888.69921875,43888.69921875,44412.5,43861.44921875,44404.19921875,217200,-0.045479754124641225,-0.04745503084249758,-0.022522705159006895,-0.04371229138314081,0.11877455698094605,0.10419150947118085
2023-10-19,43754.5,43754.5,44058.80078125,43558.1015625,43616.75,156600,-0.03591750299394292,-0.047221400676964675,-0.022013899908536638,-0.04479919938575283,0.11193432132863256,0.10416761252108286
2023-10-20,43723.05078125,43723.05078125,43877.5,43567.44921875,43584.25,152400,-0.02018653141108495,-0.046285292152906554,-0.010071260295879458,-0.03927589094115247,0.09673468451319334,0.10415102143366738
2023-10-23,43151.19921875,43151.19921875,43831.30078125,43029.44921875,43822.69921875,201400,-0.03274567155998087,-0.06320025454627487,-0.012795737000849017,-0.03809441826934179,0.10581201455362944,0.10653001370165066
2023-10-25,42832.0,42832.0,43397.44921875,42758.3984375,43308.30078125,188300,-0.04320460113775404,-0.06233240729505063,-0.01512770135148589,-0.034979776339889135,0.10588324514349567,0.106276988005485
2023-10-26,42280.1484375,42280.1484375,42716.19921875,42105.3984375,42708.3984375,307100,-0.05252869120988257,-0.07011405832763595,-0.011467843557551927,-0.029963455540697015,0.11256426624672869,0.1088118790831619
2023-10-27,42782.0,42782.0,42840.1484375,42482.75,42555.6015625,213900,-0.04051064403893079,-0.06284846289134927,-0.006569480935708194,-0.02708062311842585,0.12371547531035829,0.11154393984633994
2023-10-30,43039.1484375,43039.1484375,43112.5,42390.5,42721.3984375,189000,-0.028482477317121502,-0.05600376295443332,-0.00888305122335531,-0.025971134909200222,0.12572903833320664,0.11248054418674153
2023-10-31,42845.94921875,42845.94921875,43356.8515625,42797.1484375,43356.8515625,157400,-0.03899560569826732,-0.0477767883892376,-0.010546037780027162,-0.024887381197867375,0.12264040339143026,0.1098299774277123
2023-11-01,42700.94921875,42700.94921875,42815.1484375,42589.6484375,42694.25,145200,-0.038246348347994896,-0.04071803088304682,-0.010615311575287945,-0.020466917479935676,0.12248772705657904,0.10799705971977486
2023-11-02,43017.19921875,43017.19921875,43271.5,42796.44921875,43018.69921875,144700,-0.021536949977862818,-0.041495577741507805,-0.005955140074556886,-0.021833232094123467,0.12301953785981268,0.10772464116842968
2023-11-03,43318.25,43318.25,43416.1015625,43221.0,43318.30078125,124100,-0.020245051118431556,-0.03388346807917475,-0.0041213213753927835,-0.01517164771328805,0.1240635201932486,0.10886627823726179
2023-11-06,43619.3984375,43619.3984375,43648.69921875,43415.19921875,43627.75,149900,-0.016708590481031127,-0.029913649663679598,-0.00440798244683871,-0.021784232057875386,0.12637581603943598,0.10973446691266153
2023-11-07,43737.8984375,43737.8984375,43799.3515625,43283.8515625,43598.8515625,198200,-0.0033860426896653584,-0.02546307880988996,0.0020284969603540093,-0.013959145112405369,0.12131706507236752,0.10989333789644885
2023-11-08,43658.6484375,43658.6484375,43797.55078125,43547.75,43791.80078125,163400,-0.015813743296832272,-0.019827495257483285,-0.0033022404533720184,-0.014731087248222474,0.11433373796131756,0.10892204009159144
2023-11-09,43683.6015625,43683.6015625,43876.75,43542.6484375,43626.1015625,108900,-0.01871866424319557,-0.01166313299991073,0.0022818650659293116,-0.009964579926661665,0.11332794371631681,0.10783952473893688
2023-11-10,43820.1015625,43820.1015625,43908.69921875,43504.94921875,43543.25,90000,-0.017468870963998406,-0.006142930942725555,0.0011554793757510007,-0.00566948692137581,0.11383276323540766,0.10794626146703994
2023-11-13,43891.25,43891.25,43970.75,43681.3984375,43915.1015625,169600,-0.008957272254594528,-0.001254902323302609,0.006611519674790567,-0.00015296455037683288,0.11177913757416007,0.10779688484533026
2023-11-15,44201.69921875,44201.69921875,44408.55078125,44164.55078125,44398.44921875,202500,-0.0005471730276819242,0.007070815666454733,0.0023061360427248934,-0.008947527435235081,0.11480799959989921,0.1087300322508539
2023-11-16,44161.55078125,44161.55078125,44420.94921875,44064.1484375,44251.69921875,144300,-0.005583247250025347,0.007080788133194904,-0.0032461813413359186,-0.016484477746138815,0.11376994460928448,0.10872963113066997
2023-11-17,43583.94921875,43583.94921875,43872.8515625,43513.8515625,43656.25,227400,-0.006943700893960569,-0.009500722268306006,-0.01002950560647764,-0.026939525723416513,0.1156954811836581,0.11184402648426067
2023-11-20,43584.94921875,43584.94921875,43724.0,43450.05078125,43591.5,124300,-0.0038750478522209253,-0.009280986998005392,-0.007406351974517333,-0.024621463901497997,0.1152530534845364,0.11184461342506868
2023-11-21,43689.1484375,43689.1484375,43790.94921875,43586.44921875,43790.94921875,108200,-0.0007753883396567351,-0.01775897484042044,-0.013094597617201331,-0.03521425105030518,0.1155925259588717,0.1095525982529379
2023-11-22,43449.6015625,43449.6015625,43692.5,43230.94921875,43663.6015625,150900,0.006915273483762974,-0.023521057407729806,-0.02057702412278206,-0.0454510613670327,0.10692357289668186,0.11005805792926322
2023-11-23,43577.5,43577.5,43649.6484375,43451.3515625,43452.75,72300,0.017405211057153425,-0.014784711563843311,-0.018147778302678663,-0.04261637165615806,0.10319943330902007,0.1096453380217127
2023-11-24,43769.1015625,43769.1015625,43806.5,43566.1484375,43607.3515625,96800,0.035216364653994026,-0.016306385160434478,-0.014496569031988926,-0.04161702186375116,0.08987815810867505,0.10931843167031491
2023-11-28,43880.94921875,43880.94921875,43960.30078125,43739.80078125,43851.55078125,151200,0.025687186638072124,-0.013805985610823579,-0.01854225429172085,-0.042087985082320256,0.08176535324241756,0.10947064561543773
2023-11-29,44566.44921875,44566.44921875,44630.3515625,44003.44921875,44081.75,152300,0.035486315057276174,0.007547547384891606,-0.014443374729840253,-0.031173339392213117,0.0949545179895084,0.11344664212904988
2023-11-30,44481.75,44481.75,44764.80078125,44254.6015625,44711.19921875,343200,0.03817865658427633,0.011198251841585183,-0.017040048358165194,-0.0344732298240682,0.09311995360597367,0.11291895490709443
2023-12-01,44814.19921875,44814.19921875,44951.1015625,44531.75,44580.1484375,204900,0.049489532168808914,0.008508794492653626,-0.017851553329746306,-0.03433075909831729,0.09294036089375371,0.11204782306345666
2023-12-04,46431.3984375,46431.3984375,46484.44921875,45484.19921875,45671.5,311200,0.07936823597901377,0.041569499594507286,-0.0018281515270293092,-0.01772753625378809,0.14920917112280777,0.13328922657214537
2023-12-05,47012.25,47012.25,47230.55078125,46653.6484375,46895.8984375,326100,0.08527583639689973,0.05569238515363284,0.0008010913032496791,-0.009707652302656022,0.1519723754752526,0.13539049902896394
2023-12-06,46834.55078125,46834.55078125,47259.8515625,46750.19921875,47256.75,244200,0.07370923164740173,0.05461603890672051,-0.004900333113632138,-0.013031964879410163,0.15406516116238528,0.1355246826249496
2023-12-07,46841.3984375,46841.3984375,46927.69921875,46507.1484375,46735.3984375,208100,0.07095677000656075,0.04374151025280315,-0.006050203463256354,-0.015775729419482243,0.1545201731229527,0.1340371642119301
2023-12-08,47262.0,47262.0,47303.6484375,46793.8984375,46797.19921875,218300,0.08253465673950977,0.04662908547532463,0.004055967685327122,-0.01136557229037738,0.15439678969490042,0.13463634693887297
2023-12-11,47314.25,47314.25,47588.0,47186.6015625,47233.30078125,182500,0.08311238789012099,0.03826034735347261,0.0005254331328374828,-0.011786287134794904,0.15425278723487668,0.13350430364208368
2023-12-12,47097.55078125,47097.55078125,47454.0,47004.05078125,47421.69921875,182000,0.07479328212134373,0.03485282603773476,-0.0014499161238616942,-0.010822764040844701,0.15723026417153957,0.13387664213626566
2023-12-13,47092.25,47092.25,47201.94921875,46886.8984375,47190.75,202300,0.07293025375217166,0.025763776333150412,-0.0033314766697689624,-0.016904365638698016,0.15764069210754222,0.13280259567627425
2023-12-14,47732.30078125,47732.30078125,47943.6015625,47510.8515625,47567.6484375,193100,0.07987479270937947,0.037639503616526016,0.003269172007025034,-0.016063638205023434,0.16117977688271906,0.13545081607183393
2023-12-15,48143.55078125,48143.55078125,48219.94921875,47632.8515625,47939.8984375,313900,0.0901689349571182,0.041358181786228077,0.004591696237944198,-0.02125467930760938,0.16098887831659403,0.13614219292255625
2023-12-18,47867.69921875,47867.69921875,48076.6015625,47806.69921875,48068.5,157300,0.09828733000994583,0.041058150300547824,0.012798446958890652,-0.02278382093608311,0.1522181884901736,0.13619891108974738
2023-12-19,47870.8984375,47870.8984375,48017.0,47646.05078125,47940.3984375,189800,0.09833553315019605,0.05478282918438926,0.009013932186704654,-0.023186519117399662,0.15220042902520778,0.1331829877515694
2023-12-20,47445.30078125,47445.30078125,48166.1484375,47202.6484375,48085.3515625,242500,0.0859744920211345,0.06322737997634054,0.016888795274700552,-0.008081294477559453,0.15959368098521304,0.12958678029380033
2023-12-21,47840.1484375,47840.1484375,47932.3984375,46919.69921875,47172.44921875,208000,0.10104918611703329,0.07235931995322531,0.028203833445262783,-0.007989398867060071,0.15603246966767473,0.13040686627770257
2023-12-22,47491.8515625,47491.8515625,48071.3984375,47415.8515625,47837.75,165800,0.08982506023750791,0.06088870607136654,0.01168141865458705,-0.024239011862155158,0.16179708043870106,0.13146094748085665
2023-12-26,47724.8515625,47724.8515625,47838.44921875,47411.6484375,47576.3984375,118700,0.09037768331505269,0.06948365232394305,0.007191251814984589,-0.020863541439945843,0.16181067309510863,0.1314104054745719
2023-12-27,48282.19921875,48282.19921875,48347.6484375,47806.69921875,47818.5,184900,0.10029979019048607,0.08284456623772796,0.011557835782946002,-0.015464249905835503,0.16367750453071586,0.13308645189917587
2023-12-28,48508.55078125,48508.55078125,48636.44921875,48343.1484375,48479.05078125,391100,0.08845446813926294,0.09497768415127261,0.004753760453854117,-0.02053144954923214,0.15870741758363702,0.13225654952930754
2023-12-29,48292.25,48292.25,48477.69921875,48091.8515625,48374.8515625,174000,0.08566434549000435,0.08316107606290535,0.006280346016964922,-0.023421445138390284,0.16027821545441034,0.13241962002543808
2024-01-02,47761.6484375,47761.6484375,48223.55078125,47689.80078125,48194.80078125,183200,0.06577043147335337,0.07573580058765694,-0.003200718161445737,-0.03369520658126057,0.16841001998555266,0.1343760359488844
2024-01-03,47704.94921875,47704.94921875,47798.75,47481.3515625,47796.30078125,233300,0.027428654404288322,0.08508993987186075,-0.012720077964120557,-0.02199172989876086,0.11797085680952657,0.1324898845921417
2024-01-04,48195.8515625,48195.8515625,48281.19921875,47738.1484375,47805.3984375,175700,0.025176450021005214,0.09007460098043762,-0.013351296911395139,-0.018023047325460118,0.11546798934883042,0.13345371571493936
2024-01-05,48159.0,48159.0,48381.94921875,47822.8515625,48245.55078125,181000,0.0282793193626667,0.0856254943285295,-0.008644583040500642,-0.019053101405054784,0.11421332182212592,0.13346986143758935
2024-01-08,47450.25,47450.25,48154.5,47387.3515625,48096.6484375,231400,0.012998150841127876,0.08120378704157316,-0.016275338796525762,-0.021328733678727785,0.1279257309729996,0.13530155443717878
2024-01-09,47242.6484375,47242.6484375,47939.30078125,47156.05078125,47705.3984375,161000,-0.00040945289027127796,0.06497949401727587,-0.027851783525880358,-0.02923148457327529,0.12518239557349498,0.1343437011671464
2024-01-10,47360.8515625,47360.8515625,47423.44921875,47010.80078125,47073.8515625,165200,0.0009849371489560887,0.06388479936428637,-0.02861913298163765,-0.02734319090447035,0.12544612835825975,0.13427919290815715
2024-01-11,47438.3515625,47438.3515625,47662.1015625,47237.0,47538.6015625,132500,0.007236061654944503,0.06365926728470028,-0.028198007064852648,-0.02996502385150257,0.12433368104351357,0.13427440013301056
2024-01-12,47709.80078125,47709.80078125,47873.69921875,47408.5,47572.69921875,191600,0.013113639319633164,0.07726371671893317,-0.0331534445219388,-0.03126215482785355,0.12574740219734062,0.1335515524381345
2024-01-15,48158.30078125,48158.30078125,48248.05078125,47825.3984375,47891.05078125,167100,0.008924774063422847,0.08891627943539171,-0.03425905206532209,-0.03097674671535522,0.1208991404623048,0.13445933484639283
2024-01-16,48125.1015625,48125.1015625,48305.3984375,48002.8515625,48109.94921875,224500,-0.0003832126723229967,0.08366681819205346,-0.027211742761834024,-0.028429730845122014,0.11704290183924745,0.13440603066358073
2024-01-17,46064.44921875,46064.44921875,47212.75,45979.6015625,46573.94921875,499600,-0.03767154113172122,0.04957426487296024,-0.04482880012466417,-0.04705732396150841,0.19412440408289297,0.1610698913429034
2024-01-18,45713.55078125,45713.55078125,46184.05078125,45430.69921875,45492.75,275000,-0.04506595294146443,0.0447736982767486,-0.04549248294373054,-0.04886089763564905,0.19500626989446856,0.16181249361500596
2024-01-19,45701.1484375,45701.1484375,46249.8515625,45558.05078125,46103.5,296600,-0.036761329679235066,0.045241528688073185,-0.05908977611001465,-0.06117955332635505,0.19352143925897586,0.16179797088753456
2024-01-23,45015.05078125,45015.05078125,46580.30078125,44886.1015625,46495.44921875,422600,-0.059052861425394676,0.043193505539705246,-0.058288337258069034,-0.058304065025725826,0.19505802152664492,0.1625658866043273
2024-01-24,45082.3984375,45082.3984375,45485.5,44489.3984375,44489.3984375,348700,-0.05073403217032135,0.0525401204123086,-0.05563107031715897,-0.0694021706214556,0.19500853770727378,0.1616860953593341
2024-01-25,44866.1484375,44866.1484375,45139.05078125,44429.0,45057.94921875,386800,-0.05989967556538689,0.06116345603239104,-0.05576047716524535,-0.07116493805343804,0.19309284838987575,0.15955769028606695
2024-01-29,45442.3515625,45442.3515625,45660.3515625,45110.8984375,45171.5,336800,-0.05881769476538612,0.062183898894394796,-0.06264362715319949,-0.07906219224080835,0.1942936451824322,0.15984772869724637
2024-01-30,45367.75,45367.75,45678.69921875,45206.05078125,45481.5,232100,-0.0647473637259024,0.054104266627893915,-0.052965227116288705,-0.07029945368592605,0.19225259220264163,0.15959596194830214
2024-01-31,45996.80078125,45996.80078125,46179.75,45071.19921875,45295.6484375,373100,-0.04753245538880457,0.07353907708785545,-0.04727010819660704,-0.0651482991438137,0.20151889560174258,0.1613490512123079
2024-02-01,46188.6484375,46188.6484375,46306.8984375,45668.3515625,46164.8984375,305700,-0.03293437415708966,0.08167732292982732,-0.03439512965002256,-0.060946163240575224,0.20012432639904001,0.1611771325354934
2024-02-02,45970.94921875,45970.94921875,46892.3515625,45901.25,46568.19921875,337000,-0.03634842984632014,0.06866439595427076,-0.051984703736130955,-0.07352528856090568,0.20040381301095214,0.16113878606760684
2024-02-05,45825.55078125,45825.55078125,46048.6015625,45615.1015625,45962.25,265900,-0.0491805975909817,0.057880934277123375,-0.054402523819584325,-0.07425741091187432,0.19526174003661279,0.16090184134769503
2024-02-06,45690.80078125,45690.80078125,45932.1484375,45527.0,45891.19921875,178600,-0.05125104796092117,0.04748809974346635,-0.06131975116434174,-0.08220913984724554,0.1951549246436716,0.16060383847555276
2024-02-07,45818.5,45818.5,46062.8515625,45620.5,45944.6015625,283700,-0.03438864916412454,0.04756976527971757,-0.05379551942861571,-0.0824781502777927,0.19051711270869492,0.1606079396028411
2024-02-08,45012.0,45012.0,46181.19921875,44893.75,45973.8515625,319900,-0.047216837143477464,0.030998475924819413,-0.05525122181143438,-0.08597887993960818,0.19870909455296126,0.16497058121269845
2024-02-09,45634.55078125,45634.55078125,45718.1484375,44859.1484375,44986.75,276000,-0.03644995231920356,0.04466090589986482,-0.044026762542268894,-0.07842041393497756,0.2062573086401586,0.16718319658305336
2024-02-12,44882.25,44882.25,45748.5,44633.8515625,45664.30078125,268800,-0.05388259663981654,0.024238840158439023,-0.05244368358759033,-0.08853653922612192,0.21225274082882586,0.1708329742909208
2024-02-13,45502.3984375,45502.3984375,45750.3984375,44819.55078125,45056.80078125,245900,-0.046267272292143224,0.03670773645088721,-0.039356841346943394,-0.08156794501402653,0.2183193466967758,0.17298928345927173
2024-02-14,45908.30078125,45908.30078125,46170.44921875,44860.75,45014.6484375,280000,-0.046720917546908436,0.03860941078428204,-0.03507258497458632,-0.07140594583777737,0.21798672609443134,0.17332147714204543
2024-02-15,46218.8984375,46218.8984375,46297.69921875,45590.19921875,46027.1015625,277700,-0.03960933199329286,0.046586852586786964,-0.03409239654216456,-0.06196509052819321,0.22034055551811402,0.17373993181639075
2024-02-16,46384.8515625,46384.8515625,46693.3984375,46264.3984375,46454.30078125,291400,0.006955523167735622,0.06426453760975481,-0.014774084817460675,-0.05274953845440322,0.1561113235329964,0.1713812716453707
2024-02-20,47094.19921875,47094.19921875,47136.75,46367.80078125,46444.8984375,171900,0.030202170120337435,0.08051517927409546,-0.0040299918733957,-0.04657678877454874,0.16153934011991247,0.17379479380520674
2024-02-21,47019.69921875,47019.69921875,47363.3984375,46886.94921875,47363.3984375,198900,0.028851589649945497,0.07623290680555517,0.008842229781991673,-0.0385931769702903,0.1617957231594011,0.17387823535176963
2024-02-22,46919.80078125,46919.80078125,47024.05078125,46426.8515625,46934.55078125,177200,0.04231362548619799,0.07986722763748011,-0.00376470292695652,-0.04155503513987635,0.15033498412863053,0.17345828960071888
2024-02-23,46811.75,46811.75,47245.3515625,46723.1484375,47060.69921875,200500,0.0383597950073018,0.07421834662383109,0.002993346048949741,-0.047521842182855156,0.1511316886219376,0.17357707141558743
2024-02-26,46576.5,46576.5,46893.1484375,46513.55078125,46615.8515625,223700,0.03812120322480039,0.06414110267927664,0.0020857234260236446,-0.0534333821249926,0.15126875616492005,0.17391076080045112
2024-02-27,46588.05078125,46588.05078125,46722.25,46324.8984375,46480.19921875,157300,0.025212146364702148,0.061691955408823995,0.004016153785959098,-0.054380709402951366,0.14574061665309349,0.17388907865351896
2024-02-28,45963.1484375,45963.1484375,46754.55078125,45852.55078125,46640.8984375,167300,0.013123825569925751,0.031339701574483625,-0.00681153338841245,-0.06094211810136141,0.15466617666338736,0.17371626913355623
2024-02-29,46120.8984375,46120.8984375,46329.6484375,45661.75,45881.44921875,544700,0.0026979627744150303,0.036849908951423815,-0.009136020560773117,-0.055020978353242045,0.14720819874829297,0.17374289347670288
2024-03-01,47286.8984375,47286.8984375,47342.25,46218.0,46218.0,172500,0.023777487264778685,0.05517669091173749,-0.005779018423264004,-0.04699716871177251,0.1713089533635115,0.1802779207436098
2024-03-04,47456.1015625,47456.1015625,47529.6015625,47191.6484375,47318.5,158100,0.03230632321040394,0.022069185066207364,0.007056764396889514,-0.06101755445916557,0.17004622861333338,0.16540303283244392
2024-03-05,47581.0,47581.0,47737.8515625,47196.75,47265.69921875,176900,0.03830721483588273,0.012097910650947341,0.0114557708293197,-0.05988453968461305,0.16913762860074386,0.1635577460689482
2024-03-06,47965.3984375,47965.3984375,48161.25,47442.25,47451.6484375,301700,0.04978239858696942,0.024145585628265076,0.024945860381490492,-0.049231701266952976,0.16947893787590704,0.16412247558683482
2024-03-07,47835.80078125,47835.80078125,48071.69921875,47747.19921875,48035.80078125,146300,0.044028084316378724,0.021229134417855233,0.018353759460584262,-0.0549580782888317,0.17044361001663633,0.1642451488468676
2024-03-11,47327.8515625,47327.8515625,47853.80078125,47230.6484375,47792.19921875,204200,0.051449648149382465,0.0013933300008464045,0.02314581680308292,-0.0636180663483541,0.16106396458954295,0.16478227447541327
2024-03-12,47282.3984375,47282.3984375,47812.75,46884.44921875,47351.3515625,207200,0.036109649991932447,-0.0006731917445589319,0.0107131519430399,-0.06442483527047382,0.1558399385211855,0.16477873786484193
2024-03-13,46981.30078125,46981.30078125,47468.69921875,46842.1484375,47341.1484375,274600,0.046767949050014135,-0.002468281217847923,0.02911215977739423,-0.05466755071114482,0.14356742685346263,0.16503314764937374
2024-03-14,46789.94921875,46789.94921875,47231.5,46565.55078125,46825.75,220400,0.028296327786292874,-0.00641933186989363,0.009743425592508625,-0.06473340976828179,0.13857861521994058,0.16524076814542354
2024-03-15,46594.1015625,46594.1015625,46802.55078125,46310.5,46572.1015625,339300,0.014938491941093535,-0.02384547151762484,0.006545707969988213,-0.06353117832692945,0.1369738343271997,0.16298077844546247
2024-03-18,46575.8984375,46575.8984375,46739.25,46022.1484375,46458.75,151300,0.007724113124045084,-0.03256204243997185,0.0011086746406521186,-0.06048107067686492,0.13515688764120468,0.1619027279432112
2024-03-19,46384.80078125,46384.80078125,46602.3515625,46258.75,46421.8984375,147100,-1.0947809099270955e-06,-0.030979104107831112,0.010127894221856448,-0.04959833645216016,0.13550076357558044,0.1617132458131676
2024-03-20,46310.8984375,46310.8984375,46655.55078125,45828.80078125,46392.8984375,210400,-0.01663263829185435,-0.0325876482564188,-0.0005110710508606786,-0.05058038623034389,0.12309592148548454,0.16172314090097348
2024-03-21,46684.8984375,46684.8984375,46990.25,46570.1484375,46674.8515625,150400,-0.007120436472645264,-0.01602692640217185,-0.005166164731106426,-0.056773626175380065,0.12700447630780534,0.1617084778612494
2024-03-22,46863.75,46863.75,46974.1484375,46566.80078125,46634.8984375,172200,-0.0011946082531620883,-0.020409603008978983,0.00423802343923485,-0.06000956573842575,0.12765960326617481,0.16095657938914198
2024-03-26,46600.19921875,46600.19921875,46788.3515625,46529.05078125,46552.94921875,171700,-0.004519181215186352,-0.018774849040715358,0.004844831593505794,-0.04946886461656996,0.12897929322098076,0.16068451398381156
2024-03-27,46785.94921875,46785.94921875,46956.1015625,46643.44921875,46643.44921875,285100,0.004496886171137859,-0.019673237590281945,0.004424577803761931,-0.05149496493862338,0.1284879505823672,0.1605685831284657
2024-03-28,47124.6015625,47124.6015625,47440.44921875,46827.8515625,46827.8515625,348000,0.011516918442656676,-0.023975661319927122,0.005725912196151262,-0.055015058709645404,0.13086113288896084,0.15942030318221462
2024-04-01,47578.25,47578.25,47646.80078125,47373.1015625,47391.05078125,134089400,0.03513905416414609,-0.01917807822058437,0.011866943122841533,-0.05055280700428155,0.12336661997495511,0.1604015769088951
2024-04-02,47545.44921875,47545.44921875,47707.3515625,47408.55078125,47490.75,183400,0.030887316368748863,-0.015464195212482323,0.009484220162677248,-0.04868342534255854,0.12347967206993649,0.16017114673800484
2024-04-03,47624.25,47624.25,47676.94921875,47279.80078125,47350.25,283800,0.007134144417314303,-0.002876752415273076,0.002841138290069045,-0.03836353719363106,0.08715555182213908,0.15862491975203874
2024-04-04,48060.80078125,48060.80078125,48254.6484375,47712.69921875,48086.19921875,324300,0.012742286004121306,0.007459426502442135,0.007875164251023081,-0.038889254880486224,0.09196951552900155,0.15971263518201353
2024-04-05,48493.05078125,48493.05078125,48557.3984375,47894.5,48104.6484375,214300,0.01916838194342274,0.006166489627527305,0.012127931063820707,-0.03331434592034754,0.09642239475601254,0.15938664371600467
2024-04-08,48581.69921875,48581.69921875,48716.94921875,48424.6484375,48586.75,263400,0.012848861915596421,0.008777159383500432,0.004294551797173307,-0.0352331933265293,0.0928105090378341,0.15941488200889908
2024-04-09,48730.55078125,48730.55078125,48960.75,48568.25,48810.80078125,147600,0.018704610049105952,0.026981960711482067,0.012071632436946533,-0.02553279780662332,0.09231023605031313,0.15642625364816315
2024-04-10,48986.6015625,48986.6015625,49057.3984375,48669.25,48879.55078125,247100,0.035048073074043895,0.03691480437019057,0.016190016226398374,-0.019198428898745235,0.08255140682728355,0.1564010236738621
2024-04-12,48564.55078125,48564.55078125,48882.6484375,48477.55078125,48671.19921875,208000,0.027116905785665724,0.0254154893554126,0.01889235144886703,-0.016247571070249656,0.09004309096495233,0.1574900317256594
2024-04-15,47773.25,47773.25,48255.5,47725.80078125,48057.5,197100,0.016856689908127498,0.007059655879036342,0.004364438854173258,-0.02182633417127877,0.10693614249275539,0.1612008479627621
2024-04-16,47484.80078125,47484.80078125,47609.0,47316.55078125,47436.69921875,186100,0.014850444894724424,-0.004716012146678827,0.014794002950775598,-0.016287366677138704,0.10836086431417236,0.16126142186293524
2024-04-18,47069.44921875,47069.44921875,47829.75,46982.1484375,47592.69921875,186400,0.01020188479463191,-0.02260984180994885,0.011450559518857095,-0.018012043739717654,0.11228641048285297,0.16101350277378856
2024-04-19,47574.1484375,47574.1484375,47668.69921875,46579.05078125,46744.94921875,164600,0.021432758862172996,-0.011448352462892553,0.01729320380456767,-0.016654309838329828,0.11783459376300649,0.16259445541058795
2024-04-22,47924.8984375,47924.8984375,48146.30078125,47628.44921875,48145.69921875,177700,0.03320263599951789,0.0403879618730516,0.009416575279412642,0.004950683390560595,0.11818278242119028,0.13559243050933725
2024-04-23,47970.44921875,47970.44921875,48302.69921875,47899.30078125,48299.6015625,141100,0.03583499429383097,0.04937044703221116,0.01161694501134325,0.007168441184734808,0.11760481134415483,0.13448306523674067
2024-04-24,48189.0,48189.0,48246.19921875,48028.69921875,48120.8984375,112200,0.03221816075092532,0.05443739703614536,0.014480014619713488,0.018363696341092473,0.11576736867601269,0.1346808554540718
2024-04-25,48494.94921875,48494.94921875,48625.44921875,47737.19921875,47772.6484375,337400,0.034807270411565394,0.07730522074517965,0.013374271921968495,0.014611058215037387,0.11674713692040935,0.1309122823444969
2024-04-26,48201.05078125,48201.05078125,48679.6484375,48088.25,48660.0,208100,0.03435289096051508,0.06917671756247712,0.015481921815607702,0.02415004251302988,0.11712368522921002,0.13176691357262757
2024-04-29,49424.05078125,49424.05078125,49473.6015625,48342.69921875,48359.8984375,327100,0.056386620482261174,0.10158889279518402,0.032893662004656266,0.04113720050178915,0.14351324720345454,0.13999075150520326
2024-04-30,49396.75,49396.75,49974.75,49249.8984375,49477.1015625,402900,0.048215759118652946,0.08702011012923139,0.03576668585335052,0.04712380071216171,0.14295150224274572,0.13810852117015618
2024-05-02,49231.05078125,49231.05078125,49529.3515625,49123.6015625,49262.0,291900,0.034738578683537025,0.08515522108215645,0.026449057770439266,0.032832277233106,0.14164976691703945,0.13831429567755343
2024-05-03,48923.55078125,48923.55078125,49607.75,48659.69921875,49375.05078125,223000,0.02898493094806076,0.06362942531414162,0.02798067645805591,0.029101174551211306,0.1442600700950386,0.13672291616809984
2024-05-06,48895.30078125,48895.30078125,49252.6484375,48784.0,49174.55078125,340200,0.0266891506165452,0.05859994685517789,0.026330382907449934,0.024252591436275228,0.14443115258050804,0.13660386144653913
2024-05-07,48285.3515625,48285.3515625,49023.5,48213.75,48965.05078125,230300,0.0046722230507987295,0.05034488917635915,0.014094993866433425,0.02981302731666058,0.1493040441633771,0.1389152347230923
2024-05-08,48021.1015625,48021.1015625,48223.05078125,47851.1484375,48124.19921875,286000,-0.009732306199478846,0.04791106148904878,-0.00035138586746574774,0.02353075125617221,0.14689733086377013,0.13928045950661133
2024-05-09,47487.8984375,47487.8984375,48258.6484375,47440.6484375,47976.3515625,272900,-0.02251466702152427,0.039331717228021645,0.008756460459336424,0.03805035025608139,0.15135275419118535,0.14122486756629177
2024-05-10,47421.1015625,47421.1015625,47868.69921875,47313.3515625,47555.5,218900,-0.026871217290936777,0.03497717215753471,-0.000922479560316547,0.029291062914699406,0.15053790384524177,0.14121423861472876
2024-05-13,47754.1015625,47754.1015625,47841.6015625,46983.25,47389.80078125,220900,-0.025159940895828514,0.06091934511907926,0.0033957279458982637,0.04314135150600529,0.15168480521433245,0.13652390427558492
2024-05-14,47859.44921875,47859.44921875,47937.25,47607.8515625,47748.8515625,152000,-0.014518852767237522,0.04875469133387744,-0.0011281418238174856,0.028768481790666156,0.14956061665890355,0.13394501397752537
2024-05-15,47687.44921875,47687.44921875,47957.19921875,47534.5,47923.1015625,188800,-0.0017960005076061991,0.06250130549939015,0.0014344055424555524,0.035461213582739015,0.13820476381392638,0.12929078713432293
2024-05-16,47977.05078125,47977.05078125,48052.8984375,47340.3515625,47945.8515625,219900,0.010366474996234443,0.054385096802074484,-0.0011898899067945834,0.024003272126600583,0.137956162206223,0.12700538864096717
2024-05-17,48115.6484375,48115.6484375,48188.6484375,47758.80078125,47842.94921875,143800,0.0222267146974231,0.048081667556546304,0.0008476814547349054,0.019416494824325836,0.13367348141501864,0.1259828976572285
2024-05-21,48048.19921875,48048.19921875,48259.75,47927.1015625,47927.1015625,166800,0.009964461725947116,0.03957906490834451,-0.00728621697771481,0.011360004344466157,0.12900117388895022,0.12544178627746103
2024-05-22,47781.94921875,47781.94921875,48114.05078125,47435.25,48113.8984375,204900,-0.00298277562207927,0.030119696607577184,-0.014685663556283535,0.004843658085801339,0.12804079981747407,0.1259254650997351
2024-05-23,48768.6015625,48768.6015625,48829.69921875,47873.1484375,47899.3515625,184500,0.01663841712447489,0.035554322433055674,-0.010169987320491236,0.000833281974757849,0.1474734054251838,0.1289707727709616
2024-05-24,48971.6484375,48971.6484375,49052.94921875,48644.80078125,48668.0,135000,0.01624122595405586,0.04151343481949854,-0.008519478661425106,0.0006135594543565936,0.14734912222132907,0.1290953190579544
2024-05-27,49281.80078125,49281.80078125,49688.8515625,49051.25,49105.8984375,226500,0.016225433270394607,0.05034121971259298,0.00018227861652975186,0.01815930751555328,0.14734140619104247,0.12947035866939605
2024-05-28,49142.1484375,49142.1484375,49511.1484375,49043.6484375,49390.8984375,155200,0.019524421999034258,0.04978233963695011,-0.0013588176241599026,0.019374005862509813,0.14577393746567488,0.12952979394188258
2024-05-29,48501.3515625,48501.3515625,49022.6015625,48401.55078125,48786.69921875,183600,-0.01866903267062936,0.0413266682232456,-0.021376171486687134,0.014988764777429608,0.12337147472046184,0.1321236636539043
2024-05-30,48682.3515625,48682.3515625,49044.6015625,48313.6015625,48313.6015625,151000,-0.014462458309504211,0.04495360389906855,-0.009322003019688552,0.031876019918347875,0.12448003348452404,0.13226774196824131
2024-05-31,48983.94921875,48983.94921875,49122.55078125,48569.05078125,48895.1484375,303600,-0.005019221783381322,0.06572223365763641,0.00016882866006073804,0.039320481685105824,0.12639382064149762,0.12933675871593986
2024-06-03,50979.94921875,50979.94921875,51133.19921875,50092.6484375,50889.8515625,453200,0.042032894274062205,0.10535464281630724,0.006970781163940121,0.047077282159529554,0.1884261711475146,0.15187286435118874
2024-06-04,46928.6015625,46928.6015625,50667.05078125,46077.8515625,50667.05078125,653100,-0.04022266326878132,-0.0075770855530642445,-0.015350467045447957,0.012757534781556057,0.3555949164061762,0.22449759813638476
2024-06-05,49054.6015625,49054.6015625,49362.8984375,46446.80078125,47486.6015625,546800,0.015931332694228972,0.03368376135774165,0.0016795847119399632,0.02409910378356339,0.3890326792873195,0.24218867000671532
2024-06-06,49291.8984375,49291.8984375,49672.75,48906.75,49426.3984375,250400,0.026463301208241585,0.035957597307748834,0.0031968337438317285,0.01515363631590727,0.3885474654402341,0.24231096295775617
2024-06-07,49803.19921875,49803.19921875,49943.19921875,49080.44921875,49316.94921875,170300,0.04875559579241484,0.038315136350731915,-0.011936668382696247,0.002002162898884663,0.38688189948752383,0.24265431211847197
2024-06-10,49780.8984375,49780.8984375,50252.94921875,49622.75,49808.1484375,195800,0.04976259085609458,0.04066196498193486,-0.004827711777691368,0.006623388994268842,0.3867722585312518,0.24256598746563146
2024-06-11,49705.75,49705.75,49970.30078125,49530.44921875,49751.19921875,128500,0.04086870810344334,0.050243109691125554,-0.011646500064177223,0.008501569728572411,0.3866181828410203,0.2414606834711037
2024-06-12,49895.1015625,49895.1015625,50233.3984375,49697.3515625,49857.44921875,211700,0.04253396929926412,0.05525741526106365,-0.0072053001982075315,0.011056873772250952,0.386670835506159,0.24150819454049113
2024-06-13,49846.69921875,49846.69921875,50186.44921875,49799.6484375,50179.0,125700,0.0452792094224872,0.06099018949776647,-0.008699163509912955,-0.002707434419223498,0.3862706742525812,0.24106500876139625
2024-06-14,50002.0,50002.0,50102.6015625,49693.3515625,49993.94921875,155000,0.04220662141119713,0.06864830663169097,-0.00518478758825025,0.009093060330953362,0.386023754544927,0.24086972325890785
2024-06-18,50440.8984375,50440.8984375,50562.1484375,49900.19921875,50194.3515625,189200,0.04832627379054011,0.08255973923738003,-0.0002714267553256544,0.012881383834223437,0.3867469617713295,0.24111226563561738
2024-06-19,51398.05078125,51398.05078125,51957.0,50441.75,50607.8984375,435300,0.06971856629317297,0.10353321150038197,0.025910718890591822,0.037323531781474184,0.39076684140828083,0.24372282509048626
2024-06-20,51783.25,51783.25,51842.19921875,51281.5,51712.8984375,235900,0.08374084453800101,0.11638401217262961,0.04085174979236661,0.036193575439703585,0.3895535979683169,0.2437104735592967
2024-06-21,51661.44921875,51661.44921875,51934.3515625,51224.94921875,51927.30078125,289400,0.05931783080846875,0.11553545626999595,0.036091718878110246,0.03943341773693554,0.3851903574745525,0.2437611516226519
2024-06-24,51703.94921875,51703.94921875,51783.94921875,51138.8984375,51280.25,176600,0.05579352275096672,0.10750908643336388,0.030496337571579435,0.03818762946192833,0.3852258547300907,0.24342298517962402
2024-06-25,52606.0,52606.0,52746.5,51747.6484375,51759.44921875,204000,0.06745287643820719,0.12253074071110404,0.0330539531058045,0.04901084383712928,0.38854494285064856,0.2454816752547446
2024-06-26,52870.5,52870.5,52988.30078125,52373.69921875,52653.19921875,214300,0.07586871313210475,0.1345552355219779,0.03302338164447716,0.049841441256086805,0.3879087459859903,0.24504982880446274
2024-06-27,52811.30078125,52811.30078125,53180.75,52639.0,52980.30078125,332900,0.08886245599148102,0.12878549357475189,0.029852611009981933,0.041962135970575964,0.38333398308606564,0.2451060414777509
2024-06-28,52342.25,52342.25,53030.30078125,52242.30078125,52874.94921875,244600,0.07517916288002846,0.11072026636829979,0.007502837608661217,0.03530902749087006,0.38618442174777484,0.24587491521350358
2024-07-01,52574.75,52574.75,52656.1484375,52166.05078125,52351.1484375,0,0.07330566110981351,0.10501647286312554,0.001792123764327025,0.030225749919932543,0.3860811859958648,0.2454005318732591
2024-07-02,52168.1015625,52168.1015625,52828.44921875,51996.6484375,52793.75,0,0.02330626769853672,0.09722596840933861,-0.013658695369158869,0.022824932926839736,0.3628609101054726,0.24611771675990238
2024-07-03,53089.25,53089.25,53256.69921875,52482.6484375,52872.30078125,0,0.13127705135843826,0.11475246329338518,0.021519003424969263,0.032208292685366624,0.18722319615141225,0.2482811528933107
2024-07-04,53103.69921875,53103.69921875,53357.69921875,52815.8984375,53357.69921875,163700,0.08254266729882787,0.10492747427270066,0.008193649255668234,0.02553472470798579,0.12220842521228246,0.2478296966146277
2024-07-05,52660.3515625,52660.3515625,52817.8515625,52290.05078125,52560.1015625,199600,0.06833685112110377,0.0859360406102001,0.002501749285407362,0.005533865337401744,0.12973859324372558,0.24819801812392442
2024-07-08,52425.80078125,52425.80078125,52710.80078125,52246.69921875,52533.1015625,158000,0.05265929907395672,0.07912653580087992,0.008417403966239023,0.0061437400652639695,0.1297504014399082,0.24848367738086793
2024-07-09,52568.80078125,52568.80078125,52626.6015625,52292.94921875,52390.5,145100,0.05600345576828469,0.07876475718958709,0.005528803182068387,-0.0003090840509865078,0.12926079077405714,0.24847431019778893
2024-07-10,52189.30078125,52189.30078125,52528.80078125,52075.3984375,52528.80078125,228000,0.04996506000311829,0.0653790856396479,0.0044199725786968624,-0.0036488738032542933,0.13329278896841923,0.24893787972547915
2024-07-11,52270.6484375,52270.6484375,52400.30078125,51749.44921875,52316.8984375,138300,0.04761082351990642,0.07631281658391997,0.0050347328768887145,-0.003465010399116286,0.13322618353497345,0.24811518311063407
2024-07-12,52278.8984375,52278.8984375,52794.55078125,52171.1484375,52272.6484375,171000,0.048793586272912526,0.09431320744349603,0.0016439347259522563,-0.005794566296542181,0.1329157602606399,0.24538807221327735
2024-07-15,52455.8984375,52455.8984375,52662.25,52154.0,52330.05078125,186100,0.049076005709771664,0.10468818599767404,0.0012997021830083444,-0.0054260363489877506,0.13293877209799534,0.2449081975806873
2024-07-16,52396.80078125,52396.80078125,52619.05078125,52331.6015625,52466.69921875,158800,0.038776120258315894,0.11318066497319168,-0.006011385923469392,-0.005803163208172535,0.13129732011465134,0.2440144415759706
2024-07-18,52620.69921875,52620.69921875,52782.75,52168.6484375,52215.05078125,139400,0.023787836676989693,0.1060775851380682,-0.03084941495487792,-0.013751267951515045,0.1157009055936696,0.24337144676965053
2024-07-19,52265.6015625,52265.6015625,52586.75,52146.30078125,52531.55078125,134100,0.009314818256868751,0.09057302710115933,-0.031585609910696144,-0.007674674481100707,0.11646845479299038,0.24368722973911533
2024-07-22,52280.3984375,52280.3984375,52427.0,51874.55078125,52145.6015625,175300,0.011980872161158063,0.08984592158176796,-0.03091713718232092,-0.005882350950420889,0.11599723210279757,0.24369684966658803
2024-07-23,51778.30078125,51778.30078125,52547.55078125,51342.6484375,52511.0,207800,0.0014380248244758587,0.07448381956981875,-0.038548685410095596,-0.01821385364443384,0.12154945798873111,0.24465734739891343
2024-07-24,51317.0,51317.0,51944.6484375,50784.25,51657.6484375,292200,-0.02450290841348901,0.058192674220986396,-0.05368340003716654,-0.023469791027642906,0.1070607091371794,0.24529135247162093
2024-07-25,50888.75,50888.75,51006.1015625,50559.8984375,50762.30078125,188400,-0.03748309548803208,0.055760178983390585,-0.05999360337023241,-0.03282835309784904,0.10723835281684653,0.2456178532077651
2024-07-26,51295.94921875,51295.94921875,51398.6015625,50438.30078125,50456.1015625,215700,-0.02869369888798512,0.03787424154659025,-0.06156398562195764,-0.0589066827379674,0.11283479371040592,0.2408923223365263
2024-07-29,51406.25,51406.25,52340.25,51186.94921875,51546.6484375,513700,-0.017882303492876228,0.04068081402116541,-0.052262952599101964,-0.05802588115961682,0.10992470252215873,0.2408997745544555
2024-07-30,51499.30078125,51499.30078125,51957.75,51260.05078125,51383.8984375,235200,-0.0204556221142278,0.0460735646305539,-0.050086682805235094,-0.051466268058268705,0.10862288795606685,0.24076379199706333
2024-07-31,51553.3984375,51553.3984375,51663.1015625,51335.69921875,51583.44921875,219000,-0.011783122379171784,0.053754227039013225,-0.0460770180320651,-0.05637735082211992,0.10584895261918721,0.24031959493483238
2024-08-01,51564.0,51564.0,51877.1484375,51456.19921875,51672.6015625,156400,-0.02872992178265843,0.05457987119640273,-0.05855720816089316,-0.059853831578946526,0.08167534607336595,0.24030476719624255
2024-08-02,51350.1484375,51350.1484375,51608.69921875,51087.8515625,51172.25,163000,-0.03302125477222595,0.06347260143758016,-0.050120516419676964,-0.04482015582057475,0.08194359309234295,0.23891117355054417
2024-08-05,50092.1015625,50092.1015625,50747.55078125,49719.1015625,50586.25,257800,-0.04877008838332331,0.043126874074401966,-0.03774181759938411,-0.03547864590654193,0.11416091326490535,0.24437779392265163
2024-08-06,49748.30078125,49748.30078125,50688.80078125,49659.05078125,50436.8984375,162800,-0.051072181256172744,0.04759954468663152,-0.03758564458394931,-0.045081807072448576,0.11503446043444139,0.24364641787012642
2024-08-07,50119.0,50119.0,50292.44921875,49782.19921875,50286.19921875,171000,-0.04660180077997489,0.05689236117689567,-0.04104791413847997,-0.04477531178357941,0.11906985564299997,0.24398052083679178
2024-08-08,50156.69921875,50156.69921875,50440.75,49829.6015625,50051.8984375,124800,-0.03894670999750682,0.05031185966519569,-0.030418285905170483,-0.04075512342631549,0.11812138610936292,0.24365177633474197
2024-08-09,50484.5,50484.5,50707.75,50386.44921875,50612.1015625,120200,-0.0341711551490641,0.05484916404390172,-0.03629119499559608,-0.04190414144782051,0.12135975989179783,0.24391648131388913
2024-08-12,50577.94921875,50577.94921875,50830.69921875,50149.25,50412.6015625,163500,-0.03253605698642448,0.06061343282885212,-0.02620394375752344,-0.036071070177390085,0.12185781498041229,0.24374361140396264
2024-08-13,49831.8515625,49831.8515625,50559.25,49785.1015625,50395.3515625,148900,-0.05002386677499182,0.038660166705680066,-0.03181486625943741,-0.03878859414919189,0.12886494185608935,0.24564568780324794
2024-08-14,49727.30078125,49727.30078125,49959.25,49654.6484375,49887.1484375,137100,-0.05094776704296933,0.03349538863314838,-0.03188263885867648,-0.04117936220455043,0.12876711333463173,0.24566288857518315
2024-08-16,50516.8984375,50516.8984375,50603.3984375,49806.05078125,50133.0,130700,-0.03998047940230265,0.051379640837541096,-0.029509095444076094,-0.037931694509511615,0.14262128110333055,0.24758928334620964
2024-08-19,50368.3515625,50368.3515625,50728.25,50283.55078125,50683.55078125,115300,-0.036300165754932334,0.054129276558166683,-0.03800210083824285,-0.03326195361028339,0.1415807650068699,0.24735904103560677
2024-08-20,50803.1484375,50803.1484375,51025.6015625,50398.6015625,50417.25,144200,-0.028256288095547255,0.041718376369529464,-0.035992126988006135,-0.03365717094621368,0.1462386465569332,0.24453362049667066
2024-08-21,50685.55078125,50685.55078125,50772.44921875,50333.3515625,50666.6484375,180800,-0.02110440055992935,0.03499784872337641,-0.03299818026984391,-0.043979881051973146,0.1430555691145275,0.2445006722481857
2024-08-22,50985.69921875,50985.69921875,51080.0,50794.44921875,50894.80078125,133100,-0.006455965493890936,0.03457459773158855,-0.022758421102468063,-0.04736391495521386,0.1419118494081158,0.24446109231000607
2024-08-23,50933.44921875,50933.44921875,51117.8515625,50856.69921875,51040.05078125,88500,0.0008783713247033642,0.036451413668415755,-0.016209602088705255,-0.048090148973211067,0.13873998041130306,0.24438149554873514
2024-08-26,51148.1015625,51148.1015625,51317.8515625,51061.55078125,51100.6484375,100300,-0.0028822481794713584,0.05457064421368418,-0.009958997294700844,-0.0469898463441798,0.13651328371345584,0.2428009631525668
2024-08-27,51278.75,51278.75,51404.69921875,50938.1015625,51214.05078125,111400,-0.0024802431610941866,0.053333463856335195,-0.009794209262133258,-0.059127691679673466,0.13661051914368477,0.24275424518242272
2024-08-28,51143.8515625,51143.8515625,51260.75,51033.69921875,51208.94921875,128100,-0.006902020286834953,0.044094083433420694,-0.01474876237043754,-0.06782656164476175,0.13668710524098374,0.24260253296485376
2024-08-29,51152.75,51152.75,51368.94921875,50984.3984375,51103.75,143600,-0.00777152330676556,0.0033895832361174882,-0.015819201469149946,-0.07776829641530392,0.13660377428981163,0.2284174382012579
2024-08-30,51351.0,51351.0,51466.55078125,51256.0,51437.44921875,478600,-0.0041307889225040695,0.0942367402874813,-0.013126866492119915,-0.058903628038274425,0.13743174823764143,0.14958525750531915
2024-09-02,51439.55078125,51439.55078125,51579.5,51295.80078125,51579.5,150200,0.0017410337938714715,0.04861825685631871,-0.020955253390270823,-0.06890201384158634,0.13677403084125164,0.12008602351600384
2024-09-03,51689.1015625,51689.1015625,51750.1015625,51240.05078125,51479.75,127200,0.03188127369755933,0.04863280175827578,-0.01901124280088129,-0.059092805639591406,0.10102624108583148,0.12008801725335463
2024-09-04,51400.25,51400.25,51503.55078125,51259.8984375,51364.6484375,159700,0.03320614358295049,0.032067232754170893,-0.017065644877432673,-0.04987937540913445,0.09969567621505028,0.1191218884139433
2024-09-05,51473.05078125,51473.05078125,51636.75,51389.1484375,51544.25,129600,0.027016715841297723,0.03399200088512866,-0.007867515432495864,-0.047089913108914416,0.09732008630252453,0.11911802320520423
2024-09-06,50576.8515625,50576.8515625,51380.05078125,50447.30078125,51200.3984375,186000,0.00837679413307435,0.017525166856953156,-0.02210586915941648,-0.05070225811683082,0.11823967890784116,0.12472010632249918
2024-09-09,51117.80078125,51117.80078125,51192.75,50369.3984375,50549.25,172400,0.012544459809446407,0.024505395929867335,-0.01080222699162059,-0.04467329827137467,0.12191001578655751,0.1263192367663752
2024-09-10,51272.30078125,51272.30078125,51366.0,50958.25,51328.30078125,119300,0.013728345518655205,0.028599718433587995,-0.014780284266328492,-0.041583033376747736,0.12213623400226373,0.12639836399443483
2024-09-11,51010.0,51010.0,51420.1484375,50947.69921875,51218.55078125,145100,0.023642477663555095,0.020159193632254713,-0.008647559982992048,-0.041754826616968055,0.10999118391079188,0.12679046399272137
2024-09-12,51772.3984375,51772.3984375,51878.1015625,51025.0,51271.0,127900,0.041126255077595486,0.02639723005032968,-0.01044611419499053,-0.051326165058712236,0.1193464311764549,0.12911114898841541
2024-09-13,51938.05078125,51938.05078125,51994.1015625,51643.94921875,51952.55078125,152000,0.028132216895862427,0.010506234999032138,-0.0050915560893873835,-0.06775962654204637,0.10795362347631783,0.12346882314515821
2024-09-16,52153.1484375,52153.1484375,52208.69921875,51921.44921875,52038.69921875,93800,0.035434887575888085,0.00714320629740306,0.002426661093145599,-0.06994551946319438,0.1071067053116885,0.12281515477333017
2024-09-17,52188.6484375,52188.6484375,52284.6015625,52085.5,52249.05078125,111400,0.027271931811558847,0.010204886365414945,-0.0018671245921784152,-0.07138496277977557,0.10402939557296116,0.12271153978400245
2024-09-18,52750.3984375,52750.3984375,52954.19921875,52154.55078125,52177.1015625,205100,0.04073838844450006,0.020239251247959,0.01621894243050681,-0.05792001998564844,0.10813841400194747,0.12459364896950352
2024-09-19,53037.6015625,53037.6015625,53353.30078125,52847.8984375,52929.25,164900,0.04024466419390427,0.008204417034178624,0.01588899116929876,-0.06322927100958076,0.10792389080258798,0.11998165144126445
2024-09-20,53793.19921875,53793.19921875,54066.1015625,53037.6015625,53235.80078125,271900,0.05614679633648789,0.017452061522966522,0.01715904446392491,-0.06307768335679853,0.1155037323504507,0.1229890210506481
2024-09-23,54105.80078125,54105.80078125,54197.94921875,53741.3984375,53917.8984375,163700,0.05782617787164335,0.02451179919544022,0.02070387027502818,-0.054281720372444386,0.11590966113077973,0.12346621028996753
2024-09-24,53968.6015625,53968.6015625,54247.69921875,53904.6484375,54110.6484375,192600,0.052455482290422406,0.03107148742172905,0.015575651345393293,-0.04930138175462018,0.11745878771128346,0.12209255340635451
2024-09-25,54101.6484375,54101.6484375,54141.30078125,53792.8515625,53794.0,184600,0.057832892608516984,0.029042428875077908,0.019840417008790467,-0.048093064825186715,0.11585395778101991,0.12188884619701353
2024-09-26,54375.3515625,54375.3515625,54467.3515625,54010.8984375,54045.8515625,170500,0.06299957602474948,0.04231033780969784,0.0206926536766896,-0.044417162392505816,0.11567376760166512,0.12101339533616673
2024-09-27,53834.30078125,53834.30078125,54338.69921875,53763.19921875,54338.69921875,217400,0.0483593460935523,0.014033929303013393,0.010990010602144995,-0.0638879292912673,0.12451720166705472,0.11777629832933194
2024-09-30,52978.1015625,52978.1015625,53726.3984375,52926.55078125,53556.94921875,179300,0.029909879808103,-0.00236513949306294,0.008858543818856868,-0.06444603334400412,0.14063169059244737,0.12240176768990639
2024-10-01,52922.6015625,52922.6015625,53235.25,52817.80078125,52844.0,240200,0.023863831305106276,0.004980027520111507,0.0034107515107448805,-0.05557990871145657,0.14031517962664286,0.12118298891293551
2024-10-03,51845.19921875,51845.19921875,52582.94921875,51683.3984375,52314.44921875,272300,0.008656557482697114,-0.011074729500510583,0.006616754150834847,-0.04929544401005359,0.15875254722974727,0.12806269596377443
2024-10-04,51462.05078125,51462.05078125,52358.3515625,51347.25,51643.75,255800,-0.0002137040613106045,-0.021053362137847142,0.004976173967700892,-0.044848870266755436,0.16110495123359345,0.12876323195292294
2024-10-07,50478.8984375,50478.8984375,51784.80078125,50194.30078125,51543.19921875,328700,-0.0019367185179360868,-0.03277304578038143,0.00033271852225968956,-0.05214864508014716,0.16369316531001185,0.13378396337164358
2024-10-08,51021.0,51021.0,51176.05078125,50466.0,50736.1015625,153200,-0.0018936804747183844,-0.023907268703471374,-0.0049715104260233955,-0.05257985580269886,0.16373074133311744,0.13569268843804078
2024-10-09,51007.0,51007.0,51707.1484375,50903.75,51161.75,310000,-0.005174349058020389,-0.02432909788679971,-0.0028122167416402277,-0.043911004800104014,0.16331715968182647,0.13568794543395918
2024-10-10,51530.8984375,51530.8984375,51659.44921875,51047.0,51195.69921875,123700,0.010211692560282204,-0.017633860586757755,0.0070012198981310725,-0.03438072019310934,0.1663068015166781,0.13721910289316755
2024-10-11,51172.30078125,51172.30078125,51560.0,51005.8515625,51491.8984375,109400,-0.011591073127014573,-0.02336974742240716,0.005134755250405187,-0.037640661167176126,0.15926061469326644,0.1378936768329865
2024-10-14,51816.8984375,51816.8984375,51893.0,51220.8515625,51263.25,126600,-0.00233263170118303,-0.015275372489987449,0.006680867056531925,-0.028464421031749954,0.16550962964333024,0.14010437500195141
2024-10-15,51906.0,51906.0,52022.05078125,51698.75,51975.94921875,101400,-0.004738897744518411,-0.006880272143619748,0.008119737824497153,-0.02834092831061452,0.16490814726777492,0.13949728392596253
2024-10-16,51801.05078125,51801.05078125,52031.6015625,51711.19921875,51711.19921875,94400,-0.007426857522746078,-0.009168783532188418,0.010168559456333437,-0.0280208814646018,0.16498787375274315,0.1395492740582862
2024-10-17,51288.80078125,51288.80078125,51930.19921875,51150.25,51849.30078125,107800,-0.027707803154922828,-0.009453767169147032,-0.0029732975564246145,-0.020516239752129017,0.16286155787298842,0.13963410820130234
2024-10-18,52094.19921875,52094.19921875,52199.44921875,51000.8984375,51261.0,139100,-0.01778742469412542,0.015145063404914616,0.0043149676261047265,-0.0029003123605431114,0.17222884883369363,0.1420665002860605
2024-10-21,51962.69921875,51962.69921875,52577.5,51855.1484375,52361.1015625,145700,-0.03402846505849699,0.02110386320650437,0.005126728525492563,0.0057388517543690565,0.16282565881544728,0.1410505416030768
2024-10-22,51257.1484375,51257.1484375,52257.30078125,51179.6015625,52071.3515625,203900,-0.05264966607309107,-0.00075641023981321,0.0039041062390161585,0.01385008046601588,0.16553142820584807,0.14301480204029232
2024-10-23,51239.0,51239.0,51551.55078125,51107.8984375,51117.80078125,208100,-0.050577585549236415,-0.0032534954407295036,0.007436183242431116,0.01287623570368035,0.16574191668054658,0.14294526103353752
2024-10-24,51531.1484375,51531.1484375,51781.55078125,51201.8515625,51272.30078125,171800,-0.0475124155037443,0.0006184094884176261,0.014198887341917765,0.0190395725364344,0.16743265659189555,0.1433812134719029
2024-10-25,50787.44921875,50787.44921875,51501.05078125,50382.1015625,51369.75,271700,-0.06598398429895214,-0.014857395282652175,0.01164975302412452,0.016016917016168586,0.17023558733224084,0.14642462219704694
2024-10-28,51259.30078125,51259.30078125,51589.1484375,51012.55078125,51061.3515625,447600,-0.04783195774127802,-0.005909146279380995,0.022445837320385187,0.02094914308679463,0.1740260117698908,0.14771161274579422
2024-10-29,52320.69921875,52320.69921875,52354.8515625,51278.8984375,51404.1015625,374600,-0.012408944910463404,0.018900642174993765,0.03966218100519936,0.029049224660564033,0.18421963262912136,0.1533511704828062
2024-10-30,51807.5,51807.5,52220.0,51733.0,51988.69921875,247700,-0.021070422269077183,0.034244888595055034,0.03537243556275571,0.022386942643509045,0.1871193392459734,0.14576670297122257
2024-10-31,51475.3515625,51475.3515625,52005.6015625,51318.1015625,51649.44921875,319900,-0.007133691485869398,0.03471577429034367,0.03424238291235193,0.025846403540014773,0.17383357352014758,0.14567031332421676
2024-11-01,51673.8984375,51673.8984375,51825.5,51459.3984375,51550.1484375,51400,0.004116580140781867,0.0310241313174644,0.03250999882791572,0.030742225385784083,0.17235923793589475,0.14513509282132614
2024-11-04,51215.25,51215.25,51764.5,51066.80078125,51764.5,320500,0.014587314408449403,0.02110487328189814,0.04686705551831705,0.02614904920033745,0.16030952686752378,0.14641268853524067
2024-11-05,52207.25,52207.25,52289.55078125,50865.44921875,51052.6015625,245000,0.023250230297328534,0.03412433519198954,0.05522739418448075,0.040452404084982296,0.1698697559970502,0.1509246063295046
2024-11-06,52317.3984375,52317.3984375,52493.94921875,52185.3984375,52440.3984375,219100,0.025690560854392475,0.034391454094488294,0.045620888673900906,0.028762391735676074,0.1698154082292393,0.15093496348643842
2024-11-07,51916.5,51916.5,52377.25,51752.25,52258.94921875,160500,0.007482919455939374,0.04183365402117145,0.039448886719846255,0.039333566636648554,0.16919501969348705,0.14850116592542478
2024-11-08,51561.19921875,51561.19921875,52007.1484375,51494.0,51869.1484375,157200,0.007599784093399453,0.036879106822373275,0.04028856029336536,0.0366948264703153,0.16912862407241155,0.14920246506098414
2024-11-11,51876.75,51876.75,52177.69921875,51294.19921875,51562.69921875,160700,0.0011550587608439855,0.026918746094090062,0.04042003931738625,0.04321177241969165,0.16449021082241327,0.14629926840770913
2024-11-12,51157.80078125,51157.80078125,52169.05078125,51006.8515625,52053.75,131400,-0.014414503501521958,0.01567351708483855,0.03243404229143754,0.04372100731967077,0.17164534215756908,0.14910168164827975
2024-11-13,50088.3515625,50088.3515625,51353.5,49904.3984375,51030.94921875,207100,-0.03306302078663492,-0.014069932612136626,0.02349190249795441,0.03207791824535289,0.18632679757244938,0.15435362192082167
2024-11-14,50179.55078125,50179.55078125,50561.80078125,49939.3515625,50053.44921875,133900,-0.021627528487769165,-0.00998312126830403,0.027550563898050995,0.03997610550542596,0.18407678379497222,0.15434818720278054
2024-11-18,50363.80078125,50363.80078125,50445.80078125,50074.0,50312.44921875,161500,-0.03321672016175625,-0.012197507282028175,0.023122184603673546,0.0425230545038372,0.17436386614863664,0.15403987901387714
2024-11-19,50626.5,50626.5,50983.5,50440.8515625,50580.55078125,185800,-0.025714584477702696,-0.006026476185261087,0.02523551980650518,0.046531332557569915,0.17602192406916517,0.15442641497124976
2024-11-21,50372.8984375,50372.8984375,50652.1484375,49787.1015625,50625.0,254600,-0.01725125230246083,-0.015156048833068536,0.028605018171368735,0.051243767432332055,0.1705537604566233,0.15448523835175035
2024-11-22,51135.3984375,51135.3984375,51271.5,50508.25,50512.80078125,183400,-0.0020219278772029003,-0.0027955354313433656,0.01959620966858089,0.0415929487448915,0.17966264609090052,0.15753727182503238
2024-11-25,52207.5,52207.5,52331.1015625,51774.05078125,52046.3515625,458500,0.013125101671668027,0.02079719076691311,0.02039987060689974,0.05394574695819476,0.19352018027340465,0.1630877630158234
2024-11-26,52191.5,52191.5,52555.5,51999.75,52554.8984375,113100,0.027645625107150407,0.020306826123717592,0.02707909222538496,0.0583734272615829,0.18511615757145564,0.1630928635472582
2024-11-27,52301.80078125,52301.80078125,52444.3515625,52019.6484375,52154.30078125,151600,0.020337772542955435,0.01851572084769537,0.022977552443602556,0.05659639104866854,0.18280361771561943,0.16296999611528026
2024-11-28,51906.8515625,51906.8515625,52760.19921875,51782.8984375,52389.94921875,172000,-0.007909826558695765,0.009084464661000435,0.014679890857894784,0.06306464838472903,0.16980900858285905,0.16373785971253577
2024-11-29,52055.6015625,52055.6015625,52170.8984375,51759.44921875,51984.1484375,139600,0.004788912078367069,0.007090469536539468,0.01340611334151498,0.05253179999342583,0.16637818950301053,0.16354599329170125
2024-12-02,52109.0,52109.0,52197.25,51693.94921875,52087.6484375,102500,0.012309744727641903,0.013788843439477505,0.009388854386623402,0.05040376667382729,0.16450786170020923,0.16311913674174894
2024-12-03,52695.75,52695.75,52780.8984375,52216.8515625,52357.94921875,173600,0.019775004274855235,0.023754162618925045,0.01348803162568557,0.051113339135907654,0.16844620659550363,0.16464785540375335
2024-12-04,53266.8984375,53266.8984375,53387.1015625,52685.1484375,52775.0,228600,0.040059326811838325,0.053187313798601865,0.02038469747488758,0.06866690674441478,0.16760812074478468,0.16166528337736305
2024-12-05,53603.55078125,53603.55078125,53888.30078125,52850.3515625,53354.44921875,155600,0.026745342481168777,0.048627874478351485,0.006297919230292104,0.05777113478972018,0.1558808184248871,0.1607869358208301
2024-12-06,53509.5,53509.5,53868.5,53160.6484375,53634.19921875,209400,0.02278594880676499,0.04363368104534393,0.0148726340644032,0.05814178307729245,0.15622475056414586,0.16080224293313264
2024-12-09,53407.75,53407.75,53775.1015625,53326.3984375,53380.75,121800,0.02872400874481129,0.04700548911978042,0.01138261745128566,0.05902265825102304,0.1532129382371883,0.16043728115687306
2024-12-10,53577.69921875,53577.69921875,53624.05078125,53302.6484375,53450.05078125,121800,0.039108865397892156,0.03486994683913225,0.019983150957811224,0.06554672280783846,0.1501280625207232,0.15782823285521985
2024-12-11,53391.3515625,53391.3515625,53648.05078125,53302.1484375,53459.30078125,101600,0.029196153623733068,0.02798142709226692,0.008464047904362504,0.056167462970641346,0.15044104060016994,0.1579475518933852
2024-12-12,53216.44921875,53216.44921875,53537.44921875,53174.3984375,53201.0,99500,0.04024114418645075,0.020388045843948488,0.012387127209801507,0.05328510720210089,0.14038926630993723,0.15794200746901435
2024-12-13,53583.80078125,53583.80078125,53654.0,52264.55078125,53109.80078125,139900,0.06978567091369325,0.02673286980061973,0.018457202240311554,0.05231458000888456,0.11149663764006804,0.1585095663112316
2024-12-16,53581.3515625,53581.3515625,53738.8984375,53335.0,53502.5,85800,0.06779257144169404,0.0157525468927886,0.019538405156118266,0.043702477418553154,0.11203650828435788,0.15706005662855338
2024-12-17,52834.80078125,52834.80078125,53515.69921875,52709.3984375,53394.1015625,116200,0.04906301672370872,-0.003823717047442554,0.011448677496641135,0.038661695493507175,0.1277379157348489,0.1593710941873788
2024-12-18,52139.55078125,52139.55078125,52827.6015625,52010.6484375,52696.94921875,149500,0.029886537312474593,-0.03074084571128477,0.0009582634270226542,0.030990097026470154,0.13867765321879794,0.15882548955846995
2024-12-19,51575.69921875,51575.69921875,51789.8515625,51263.75,51428.44921875,145900,0.023877934733939732,-0.04676211285975074,-0.001895144296693907,0.02985408945465906,0.14377376111136936,0.1596659928157728
2024-12-20,50759.19921875,50759.19921875,51629.0,50609.3515625,51401.3515625,228200,-0.007356923584154851,-0.059467954529695444,0.006017680353981092,0.031236134659126447,0.14624575830400158,0.16263160857406125
2024-12-23,51317.6015625,51317.6015625,51417.3515625,51030.3984375,51044.3984375,110800,-0.017045413733658976,-0.05145955724835671,0.0022945705087134005,0.03509205616972366,0.1307878259656876,0.16432685667185698
2024-12-24,51233.0,51233.0,51382.1015625,51137.5,51314.94921875,112000,-0.018365059444545584,-0.05778999992097755,0.000930632112419838,0.0371289644718108,0.1307994094769518,0.16386768453383377
2024-12-26,51170.69921875,51170.69921875,51740.0,50951.80078125,51395.80078125,91300,-0.0216264362909947,-0.049477777622175534,-1.1469249661777425e-05,0.04329714545458685,0.13030674997416003,0.16279053849110678
2024-12-27,51311.30078125,51311.30078125,51628.44921875,51240.1015625,51268.19921875,78200,-0.011473452219172064,-0.03146207078189878,-0.007260465416199735,0.04592589780416778,0.12863261034562803,0.15983004849584356
2024-12-30,50952.75,50952.75,51979.75,50718.3515625,51255.3515625,316300,-0.02118603050194079,-0.037221366757143715,-0.0010377891610816592,0.046199508131456124,0.12990049544971993,0.16037860956371308
2024-12-31,50860.19921875,50860.19921875,50945.55078125,50599.80078125,50648.19921875,105300,-0.023965164966704422,-0.018998866140797266,0.0020378289176038455,0.04457707426971014,0.12968392490459268,0.15493458864782456
2025-01-02,51605.55078125,51605.55078125,51672.75,50992.80078125,51084.94921875,134400,-0.0206885606287035,0.002788462523772628,-0.009710176159884787,0.03580714887685943,0.13439757099502925,0.15716042702191896
2025-01-03,50988.80078125,50988.80078125,51671.6015625,50904.3515625,51567.1484375,148200,-0.042767604705255646,0.010101296968303197,-0.023856797345924496,0.042001925100140336,0.1321419866532523,0.15401620159508006
2025-01-06,49922.0,49922.0,51026.1015625,49751.0,50990.6484375,184600,-0.0686810990614034,-0.021540150134258473,-0.024471454078093813,0.03431445384631959,0.14413266772509695,0.1584822549274756
2025-01-07,50202.1484375,50202.1484375,50447.6015625,49969.30078125,50061.19921875,103800,-0.06180868000074757,-0.015779237408590996,-0.02250613439620075,0.03521953842627357,0.1476707749464722,0.15895220956853573
2025-01-08,49835.05078125,49835.05078125,50246.8984375,49389.75,50201.75,131200,-0.06689477124106524,-0.032909336100685915,-0.029117006861927197,0.019473913297753387,0.1483018470639627,0.15807643582747175
2025-01-09,49503.5,49503.5,49798.1015625,49230.1484375,49712.55078125,136400,-0.0760428177797563,-0.03261140804248275,-0.0320140268243333,0.024980949028128197,0.14656547499065917,0.1580242108084189
2025-01-10,48734.1484375,48734.1484375,49483.1484375,48631.19921875,49426.5,142400,-0.08722766868990517,-0.05949314013300744,-0.038111908360776936,0.008019302047675647,0.15231052622655172,0.1586212486834106
2025-01-13,48041.25,48041.25,48606.3515625,47898.3515625,48264.25,168800,-0.09724811209175144,-0.07445671020691247,-0.037662470222679656,0.00421882496969761,0.15607178039226582,0.16082780861588367
2025-01-14,48729.1484375,48729.1484375,49007.3515625,48235.19921875,48266.8984375,151900,-0.09059925337451491,-0.05930193108866266,-0.026313454600407682,0.01259059928956996,0.16544387311761935,0.16392551428970933
2025-01-15,48751.69921875,48751.69921875,49083.6484375,48522.3984375,48832.75,145100,-0.09013681444964017,-0.04946696986191779,-0.03115205544768418,0.012620291874126499,0.16564525501664734,0.1628909829250663
2025-01-16,49278.69921875,49278.69921875,49459.0,49038.44921875,49082.8984375,146700,-0.06730604658136585,-0.05404632458553338,-0.02522027986744413,0.008005934564249917,0.17046442866742528,0.16110171090093203
2025-01-17,48540.6015625,48540.6015625,49047.19921875,48309.5,48959.5,130600,-0.06902532079436763,-0.06585681089898399,-0.027880786789773015,-0.002183268743975675,0.17198490190207302,0.1636722602287295
2025-01-20,49350.80078125,49350.80078125,49650.6015625,48683.6015625,48834.1484375,173100,-0.04313850265148034,-0.0371918398577028,-0.017797953189550575,0.008874890311339367,0.18370621087819886,0.1654957022913974
2025-01-21,48570.8984375,48570.8984375,49543.1484375,48430.94921875,49532.0,134700,-0.043111412609552424,-0.052071694656414036,-0.019249214013897897,0.005666007022495756,0.18367812546987594,0.16843627200286507
2025-01-22,48724.3984375,48724.3984375,48781.75,48074.05078125,48689.55078125,151700,-0.05053243031714416,-0.054467057015121445,-0.025352945692953877,-0.0034801162980043765,0.17828852002756593,0.1680937780318143
2025-01-23,48589.0,48589.0,48892.69921875,48493.0,48770.1484375,124600,-0.0516073624421759,-0.04328725408675105,-0.02959503620458237,-0.0029473505120367616,0.17825441499756403,0.16574032612077502
2025-01-24,48367.80078125,48367.80078125,48858.6484375,48203.0,48546.05078125,139900,-0.054775457054394905,-0.05640927511554494,-0.02707042629067269,-0.005176953861007472,0.17829345435400032,0.16459924043726987
2025-01-27,48064.6484375,48064.6484375,48319.19921875,47844.1484375,47881.6484375,271800,-0.06327363162339439,-0.08134544921610631,-0.021941861113732752,-0.014410014335986765,0.17743770198079512,0.1587299770269282
2025-01-28,48866.8515625,48866.8515625,49247.1484375,48449.05078125,48642.5,299900,-0.040937897120371325,-0.056761056555518,-0.011855499678864345,8.164333290738846e-05,0.19010641744210843,0.16192525909357433
2025-01-29,49165.94921875,49165.94921875,49199.6484375,48849.80078125,48997.19921875,177200,-0.0333119025490447,-0.04486423644811799,-0.01293950963563173,-0.0018055731022134092,0.1923224968950636,0.16215802838001525
2025-01-30,49311.94921875,49311.94921875,49426.19921875,49031.80078125,49206.19921875,197900,-0.044444861604564845,-0.045708748326910076,-0.005618785099321122,-0.0023070681203305465,0.18354232586392166,0.16206061222650006
2025-01-31,49587.19921875,49587.19921875,49674.80078125,49031.80078125,49259.6484375,232000,-0.02748841982993666,-0.03178839859709759,-0.006811278456875125,-0.0114949156232238,0.1817604728042234,0.16167256313022968
2025-02-03,49210.55078125,49210.55078125,49373.44921875,48906.05078125,49074.80078125,122900,-0.014251216272384903,-0.05740005878015031,-0.003453475263017758,-0.022202461901497772,0.16809774180604356,0.1569711742171957
2025-02-04,50157.94921875,50157.94921875,50206.6015625,49482.5,49538.80078125,155700,-0.0008804248448655017,-0.04127592891167453,-0.002202752375286332,-0.010856094060638699,0.18110892653480987,0.16216151889579544
2025-02-05,50343.05078125,50343.05078125,50522.1484375,50215.44921875,50402.30078125,149000,0.010193628621546935,-0.030307305360530834,0.009883291407679184,-0.009519605019604471,0.17943883048922504,0.1617425017277666
2025-02-06,50382.1015625,50382.1015625,50553.3515625,50149.80078125,50468.3515625,158400,0.017748271586857545,-0.02286792538023874,0.01448175895748216,-0.0003051825256100704,0.17742111252830445,0.16121758768139546
2025-02-07,50158.8515625,50158.8515625,50641.75,49871.1484375,50484.44921875,178700,0.02923418528236188,-0.03311499732539147,0.023752281915099926,-0.009033794420553742,0.16775115125776885,0.16085309335279824
2025-02-10,49981.0,49981.0,50155.6484375,49703.1015625,50052.5,98400,0.04037675955559017,-0.02300334969992124,0.027570251673952884,-0.0019909069501941046,0.15842857261576077,0.15854941698521227
2025-02-11,49403.3984375,49403.3984375,49906.75,49177.3984375,49812.1484375,127000,0.013836687519068747,-0.013674898526962243,0.01833486544351226,0.00700717413055707,0.15850707138431558,0.15438167619281243
2025-02-12,49479.44921875,49479.44921875,49702.3515625,48734.3515625,49402.25,136500,0.014927684812268138,-0.0139519296526186,0.022162759011534194,0.006761768092755971,0.1585328489744855,0.15436682755486017
2025-02-13,49359.8515625,49359.8515625,49836.1015625,49276.1015625,49469.3515625,118600,0.0016468036907744121,-0.019933944682025695,0.013675063251508579,-0.001924053894401867,0.15434016935085432,0.15421397261331315
2025-02-14,49099.44921875,49099.44921875,49592.94921875,48719.75,49485.6484375,130600,0.011512994035115964,-0.030163072328721174,0.0233195219266934,-0.005108328191127387,0.1452109437567225,0.15410365839924925
2025-02-17,49258.8984375,49258.8984375,49319.0,48525.6015625,48880.3984375,114800,-0.001862225988132682,-0.022115066524952764,0.014640413791689344,-0.005395492389992151,0.1329508585707493,0.15400095688077123
2025-02-18,49087.30078125,49087.30078125,49328.55078125,48814.94921875,49211.8515625,107800,0.01063192900198251,-0.040052443489870915,0.014078218436514356,0.0001842720984965851,0.12000038114208902,0.15073456881265954
2025-02-19,49570.1015625,49570.1015625,49628.25,48804.0,48895.3515625,113300,0.017356871549369712,-0.05051761600344773,0.026963689088411957,0.0026986873919251364,0.12416275326615234,0.1456669311256173
2025-02-20,49334.55078125,49334.55078125,49455.80078125,49150.94921875,49314.1015625,112000,0.015344023981765487,-0.05473974150484273,0.027935914372072324,-0.0017793740917942946,0.12512873195507018,0.14588026801073586
2025-02-21,48981.19921875,48981.19921875,49306.55078125,48764.0,49127.94921875,95300,0.01268195840191666,-0.06348923962270958,0.025513080518878795,-0.002562110110318594,0.12694413494204082,0.146294279137143
2025-02-24,48651.94921875,48651.94921875,48748.3984375,48281.8984375,48619.80078125,95700,0.012218975907286378,-0.06270660318957777,0.024300055427585177,-0.005803022714334527,0.1272845576988375,0.14614601741749633
2025-02-25,48608.3515625,48608.3515625,48862.1484375,48534.1484375,48691.19921875,106700,-0.005289884486815777,-0.06622246014890631,0.012556295641466098,-0.0005997221154605548,0.11250484460790675,0.14591593581253748
2025-02-27,48743.80078125,48743.80078125,48972.55078125,48627.1015625,48732.19921875,186700,-0.008586195206397251,-0.06457999997601183,0.01809627987456519,0.00672484345169122,0.11061435317718216,0.14607178658374834
2025-02-28,48344.69921875,48344.69921875,48574.5,48078.69921875,48437.55078125,287700,-0.019614921237634197,-0.08256929223419351,0.02876464740900342,0.012799593127409525,0.11315688287156409,0.14449481134064998
2025-03-03,48114.30078125,48114.30078125,48574.69921875,47841.30078125,48478.6015625,151000,-0.029703198823600174,-0.09673170031282619,0.02938630051677027,-0.0007614004868615742,0.11114632450986259,0.14237885594724575
2025-03-04,48245.19921875,48245.19921875,48374.8984375,47924.75,47942.5,139300,-0.01961675996660084,-0.09996262345318918,0.035106822572377516,0.006306902638685052,0.109649479595902,0.14170714349272942
2025-03-05,48489.94921875,48489.94921875,48657.6484375,48190.25,48241.30078125,127800,-0.03325494813843921,-0.09380672182042438,0.025801223339177004,0.001035603099318605,0.08391399281334752,0.14239385574516733
2025-03-06,48627.69921875,48627.69921875,48839.1015625,48299.3984375,48760.0,137400,-0.03407325412108064,-0.08950107018644293,0.014525114591862898,-0.005244976061986262,0.08324580897393294,0.14268771681710446
2025-03-07,48497.5,48497.5,48709.05078125,48359.3515625,48463.80078125,106000,-0.037406172113763736,-0.09481928662162742,0.007115034696544842,-0.011213169773724996,0.08276700718600587,0.142361265161184
2025-03-10,48216.80078125,48216.80078125,48599.1484375,48124.6484375,48312.0,123800,-0.03871800730585162,-0.09691739635383945,0.007956475193663048,-0.008388963737830823,0.08345961478050824,0.1425675310381086
2025-03-11,47853.94921875,47853.94921875,48029.05078125,47702.8984375,47874.80078125,222400,-0.0425571873561954,-0.1007677152219808,-0.004762543982194778,-0.017227695042067337,0.08564325423525067,0.14303818485016936
2025-03-12,48056.6484375,48056.6484375,48222.1484375,47844.94921875,47894.3984375,243300,-0.02726027039827572,-0.10314968821106951,-0.0011981182953213487,-0.01037785046798656,0.08079226494596224,0.1424552262896236
2025-03-13,48060.3984375,48060.3984375,48352.44921875,48006.1015625,48219.1484375,145900,-0.0286795993822877,-0.10303870589303965,-0.0005588030685137468,-0.010974989121481094,0.08025676951213333,0.14246201387361612
2025-03-17,48354.1484375,48354.1484375,48481.3515625,48196.1015625,48219.55078125,131300,-0.020374921989515404,-0.08480494442102815,0.002318026843841081,-0.009720707077175428,0.08447751682033146,0.14105279038704427
2025-03-18,49314.5,49314.5,49400.30078125,48629.44921875,48792.8984375,146600,0.004379902110345446,-0.05418249177294254,0.008520866980543995,0.0022065039913996554,0.11028746818889323,0.1453839724040663
2025-03-19,49702.6015625,49702.6015625,49807.55078125,49324.80078125,49375.3984375,137600,0.009007573028921412,-0.03631744570840545,0.01126809223121239,0.007274434760670134,0.11312952766068773,0.14497409167663958
2025-03-20,50062.8515625,50062.8515625,50155.30078125,49771.6484375,49947.6015625,115700,0.019873791504597005,-0.013718649367359892,0.00918098726925276,0.0031059233671393294,0.11456461346393519,0.14225483445489778
2025-03-21,50593.55078125,50593.55078125,50672.1484375,49891.94921875,49927.1015625,225500,0.02064650235706278,-0.014109209300597891,0.002441216811468472,0.0028588034041359123,0.11536525802154225,0.14212424298050305
2025-03-24,51704.94921875,51704.94921875,51801.1484375,50795.8984375,50982.69921875,180400,0.0480474312619239,0.009211820872289334,0.01552465695783245,0.01213249696575458,0.13448838159716542,0.14903949896872926
2025-03-25,51607.94921875,51607.94921875,52063.94921875,51429.6015625,51874.19921875,185200,0.05362771924527476,0.008544929162112913,0.015342326475313195,0.01197853522890413,0.13076454502717297,0.14907159739897421
2025-03-26,51209.0,51209.0,51875.80078125,51069.1484375,51640.05078125,152900,0.052558033589834796,-0.0019937280811906932,0.01116728604376016,0.011719172046191328,0.13177432887088425,0.1498408528259761
2025-03-27,51575.8515625,51575.8515625,51714.3515625,51050.8515625,51084.69921875,415800,0.06104917991683845,0.0122290075118614,0.014729362406171287,0.01446844058200425,0.13206420412375366,0.14983211382149902
2025-03-28,51564.8515625,51564.8515625,51839.1015625,51335.3515625,51608.3984375,171200,0.05787506792730768,0.013854690987726626,0.014659426606362214,0.0191603466807313,0.13254574191123145,0.1497757610976102
2025-04-01,50827.5,50827.5,51683.8515625,50742.0,51178.1484375,176300,0.051356215290859986,-0.015076881642985818,0.004304728185544393,0.02721366187040808,0.14092230205848194,0.1497056880283904
2025-04-02,51348.05078125,51348.05078125,51404.19921875,50908.3515625,50966.8984375,149900,0.0672097473618527,0.007045664822384001,0.012368555042008955,0.03505680389381782,0.14067972079597094,0.14916679523709026
2025-04-03,51597.3515625,51597.3515625,51661.6015625,50906.6484375,50910.0,291200,0.06948157325562909,0.03355938388886659,0.016614313298208838,0.04905525046133974,0.14077483510364772,0.14271411565943187
2025-04-04,51502.69921875,51502.69921875,51893.6015625,51360.3984375,51711.6015625,189600,0.06213143235949259,0.025906277355224105,0.03674123669287632,0.059795873592633386,0.14179399967790646,0.14240421049405794
2025-04-07,49860.1015625,49860.1015625,50426.25,49156.94921875,49336.1015625,236800,0.025343628498771587,0.0005026739384688117,0.0423365191848617,0.06497786848049136,0.1895450432716013,0.15678899801195834
2025-04-08,50511.0,50511.0,50793.69921875,50030.80078125,50388.55078125,162300,0.0415176040002061,0.020352096316422097,0.04225589867374557,0.06245994876472505,0.19334206712937632,0.15837329184062565
2025-04-09,50240.1484375,50240.1484375,50496.8984375,49910.8515625,50487.1015625,141800,0.04196354016579251,0.030902355910279233,0.04468613908468355,0.07496055147501046,0.19311772336891955,0.15530818486175804
2025-04-11,51002.3515625,51002.3515625,51244.69921875,50634.1015625,50634.1015625,140000,0.06579190213451391,0.061636646891993774,0.05109495775819406,0.0727862182204686,0.19486625779356603,0.15499811832698726
2025-04-15,52379.5,52379.5,52486.3515625,51863.30078125,52299.0,203800,0.08995324690863704,0.07491104769010981,0.05176759099310324,0.06833097926346587,0.21195151857634575,0.1614815288828123
2025-04-16,53117.75,53117.75,53164.44921875,52471.3515625,52690.8984375,200500,0.10522908105052053,0.08955689445119508,0.058794703705278284,0.07990721204899232,0.21401623311928064,0.1635842414712808
2025-04-17,54290.19921875,54290.19921875,54407.19921875,53084.8984375,53153.75,294900,0.12276197540574252,0.10169708371874342,0.06310071520137761,0.07853930133887643,0.22221529235099058,0.16780315748516988
2025-04-21,55304.5,55304.5,55461.6484375,54674.94921875,54891.25,300,0.12146528911374954,0.1393451712540259,0.06491659019058016,0.09959411995267486,0.2212941517976895,0.16764520032569818
2025-04-22,55647.19921875,55647.19921875,55961.19921875,55243.55078125,55414.30078125,276900,0.11960335011387269,0.1275845242189506,0.06461503129807311,0.09235176310563831,0.22116284972286887,0.1651744112579059
2025-04-23,55370.05078125,55370.05078125,56098.69921875,55162.5,56097.1015625,245500,0.1060107255801106,0.13998407611296315,0.05692633989228324,0.08333614417927904,0.22423917647461372,0.16158520501005738
2025-04-24,55201.3984375,55201.3984375,55550.44921875,55088.3984375,55103.8984375,233200,0.09107579098713248,0.1329313487227186,0.052691060398750045,0.08579970839830997,0.22500256153197676,0.16192596278070584
2025-04-25,54664.05078125,54664.05078125,55350.55078125,54176.44921875,55233.55078125,210800,0.05723052835775588,0.12502934370433638,0.04112627737276653,0.08908935512243366,0.22049331604704273,0.16345191128144232
2025-04-28,55432.80078125,55432.80078125,55577.3984375,54582.3515625,54610.30078125,178600,0.07411361273604666,0.14606824965957066,0.04623498009392679,0.09253065588001541,0.22320692987151475,0.16469788718485118
2025-04-29,55391.25,55391.25,55957.75,55262.3984375,55524.3515625,193900,0.08167021422015663,0.15243223035381215,0.04551808553977055,0.08642894935813472,0.2198468853153216,0.1638575022686142
2025-04-30,55087.1484375,55087.1484375,55478.25,54723.69921875,55382.3984375,193500,0.06808025012917107,0.12729072318163026,0.0366182461583382,0.06731188343601624,0.22196683948900092,0.1619241089959973
2025-05-02,55115.3515625,55115.3515625,55691.94921875,54994.3984375,55100.94921875,154200,0.068855041610981,0.12100655917939895,0.03367763989213368,0.0699080607342275,0.22182978964200337,0.16172395289944866
2025-05-05,54919.5,54919.5,55345.5,54786.5,55065.80078125,139400,0.0805075992326989,0.11371586137012457,0.024586508328329426,0.061600745319241756,0.21351736339464483,0.1620934716265625
2025-05-06,54271.3984375,54271.3984375,55036.94921875,54172.94921875,54918.25,198700,0.056932008358094865,0.09446387964131686,0.012047973208063834,0.057404819719169664,0.21914504013514663,0.16428513293930022
2025-05-07,54610.8984375,54610.8984375,54684.30078125,53919.8984375,54013.3984375,268900,0.05840506893749553,0.1097396304352607,0.008327830525126423,0.06464963772737975,0.2193755757536383,0.16344905834189513
2025-05-08,54365.6484375,54365.6484375,54937.25,54108.0,54801.75,302200,0.055588333469476,0.08388898039669224,-0.004197062346941394,0.061371386907007386,0.22033052410044587,0.15987145056930488
2025-05-09,53595.25,53595.25,54054.80078125,53483.05078125,53595.94921875,179300,0.07491257178483601,0.06460075756793948,-0.00840273140491754,0.051446838666106665,0.18918996697790572,0.1629537062136686
2025-05-12,55382.8515625,55382.8515625,55466.30078125,54558.05078125,54658.75,199600,0.09645129897448079,0.09925647888658373,-0.009550899779154465,0.04327503425085388,0.21372215638736183,0.17547244631426595
2025-05-13,54940.8515625,54940.8515625,55499.6484375,54888.5,55233.5,190000,0.09356467429326543,0.09533711101900799,-0.0037246952027349955,0.05211119481819915,0.21555195309396097,0.1761470727208569
2025-05-14,54801.30078125,54801.30078125,55208.6015625,54491.0,55008.55078125,145200,0.07448576589835554,0.09644266383725819,-0.006042762915874356,0.041472054352753585,0.2131288282723623,0.1760351552535983
2025-05-15,55355.6015625,55355.6015625,55490.55078125,54442.30078125,54853.69921875,138400,0.05681805978483956,0.12048165335285788,-0.017492121090961543,0.034216222795635076,0.19684891182730635,0.1747172457621556
2025-05-16,55354.8984375,55354.8984375,55418.8984375,55170.25,55276.0,136000,0.0421167771131119,0.11874524295479683,-0.02540842279362021,0.03306377795658677,0.19247878989619122,0.17475971557009284
2025-05-19,55420.69921875,55420.69921875,55695.55078125,55296.55078125,55326.05078125,138100,0.02082327963920161,0.12278901707343448,-0.025035133100024254,0.03968296205021837,0.17774059765514136,0.174537689867957
2025-05-20,54877.3515625,54877.3515625,55568.3515625,54829.44921875,55445.30078125,143400,-0.007723574709110448,0.11767753886623122,-0.030867071594949058,0.04115299529742722,0.16904581661678847,0.17559117627022802
2025-05-21,55075.1015625,55075.1015625,55336.8515625,54690.80078125,55060.19921875,119500,-0.01028079875145338,0.11807416141024007,-0.037019431353425,0.03732548575310468,0.16796131785453008,0.17560466020727505
2025-05-22,54941.30078125,54941.30078125,54996.1015625,54576.6015625,54875.8984375,148200,-0.0077433557302278855,0.11925691384188042,-0.019283106069450606,0.046719253369803315,0.16730088026440806,0.17548040813212465
2025-05-23,55398.25,55398.25,55441.30078125,54854.5,54959.30078125,88900,0.0035660611519268137,0.11757386516853585,-0.02144563905533392,0.03384045302739214,0.1697283438009001,0.17521759334931927
2025-05-26,55572.0,55572.0,55875.75,55307.5,55534.8984375,90800,0.016609621968619814,0.12643166138082274,-0.023399812432838063,0.035304951853602384,0.16582248544597725,0.1746905966476305
2025-05-27,55352.80078125,55352.80078125,55831.3515625,55037.8515625,55458.94921875,145400,-0.0014431888497876688,0.1300825962640162,-0.021900644868448893,0.041018387641663434,0.15904769731378765,0.1740897391186106
2025-05-28,55417.0,55417.0,55521.80078125,55235.55078125,55328.6015625,128300,0.00046487486742030626,0.13904994331949228,-0.01664972363277295,0.04154338010544634,0.15908416979742274,0.17313757135821325
2025-05-29,55546.05078125,55546.05078125,55782.75,55096.44921875,55571.3984375,185700,0.00833047919099772,0.14272648620535078,-0.012192094251246566,0.04133858601594209,0.15789890995147682,0.1730197147020059
2025-05-30,55749.69921875,55749.69921875,55813.30078125,55356.6015625,55615.55078125,281100,0.011509454957039589,0.14372901425846374,-0.005084170173420333,0.04589608148306423,0.15831934148219876,0.17304114928840825
2025-06-02,55903.3984375,55903.3984375,55966.30078125,55400.55078125,55598.25,211300,0.01791528396107034,0.15635011368151064,0.007472225696406598,0.039200480821035555,0.15771881693767487,0.17166394367842855
2025-06-03,55599.94921875,55599.94921875,56161.3984375,55455.80078125,56104.80078125,212800,0.024479759495786402,0.15558053044422793,0.017797927421630444,0.04602918238334852,0.15238195786352426,0.1717885568996216
2025-06-04,55676.8515625,55676.8515625,55791.0,55408.3515625,55650.3515625,151500,0.019519054904763022,0.15403920937405435,0.01108965156770525,0.03912778419466134,0.15122791272050087,0.17180015105511418
2025-06-05,55760.8515625,55760.8515625,56010.1484375,55580.44921875,55806.75,141300,0.025663321694837427,0.14994658606362288,0.006008401821575138,0.0418941569446587,0.14984437011106747,0.17171837056902742
2025-06-06,56578.3984375,56578.3984375,56695.0,55534.75,55699.44921875,347000,0.05566068704782601,0.16350144766224828,0.014214053373634128,0.05445800739956175,0.14505750110226728,0.1735362266918609
2025-06-09,56839.6015625,56839.6015625,57049.5,56792.69921875,57049.5,207500,0.026303268230167598,0.17201096061652654,0.01914169735489213,0.05891045208088741,0.09243598625886452,0.17324504420702774
2025-06-10,56629.1015625,56629.1015625,57015.3984375,56564.1484375,56993.8984375,146000,0.030728500778322898,0.1744682485139346,0.009331604770935753,0.05675169411421854,0.08783502324438755,0.17286146054370058
2025-06-11,56459.75,56459.75,56782.5,56399.3984375,56639.8515625,135300,0.03026295352677888,0.17983470375477606,0.011026649309961334,0.062334850252821594,0.08812590822594343,0.17195877802350262
2025-06-12,56082.55078125,56082.55078125,56611.05078125,55968.5,56480.8984375,135300,0.013132351527771258,0.16700919861667174,0.020071131332155656,0.05941483183578122,0.08657595602737872,0.17301524561293813
2025-06-13,55527.3515625,55527.3515625,55688.0,55149.30078125,55149.30078125,142000,0.0031154085702951306,0.15536602624529583,0.015153920567589796,0.05171912075714791,0.09441760589578192,0.1748437784798551
2025-06-16,55944.8984375,55944.8984375,55999.8515625,55381.44921875,55554.1015625,107700,0.00945854574445093,0.1569823943815576,0.009416422580390549,0.04868006750867493,0.09791821983393466,0.17499309225083373
2025-06-17,55714.1484375,55714.1484375,56067.30078125,55643.94921875,55975.0,106300,0.015248492341088493,0.12977214485597544,0.00838166832553,0.04134817125951007,0.09183672589104523,0.17174804298348065
2025-06-18,55828.75,55828.75,55933.6015625,55511.80078125,55544.94921875,116400,0.013684013576348075,0.12325609213426181,0.013740371621844716,0.0401198751429539,0.09136606405877382,0.17132149313808978
2025-06-19,55577.44921875,55577.44921875,55942.44921875,55475.44921875,55784.8515625,131300,0.011578692685723535,0.11015348674985903,0.004120219519576418,0.04104806786851256,0.0925950541200151,0.1714630603948319
2025-06-20,56252.8515625,56252.8515625,56328.19921875,55566.3984375,55566.69921875,161500,0.01542650828320391,0.11185814582809117,0.004995235147795096,0.03639905431258006,0.09763003702731535,0.17182797119399834
2025-06-23,56059.3515625,56059.3515625,56233.55078125,55779.25,55832.3515625,86800,0.008769732284243936,0.08421635471157063,0.009939678448440015,0.028694697328949026,0.09830512598579572,0.16701432387486842
2025-06-24,56461.8984375,56461.8984375,56862.0,56276.1484375,56529.44921875,132900,0.02003688414310001,0.09405429380996377,0.011249780297568845,0.03593102965904693,0.09962574353016726,0.16729492929699874
2025-06-25,56621.1484375,56621.1484375,56681.3984375,56420.6484375,56564.5,98700,0.021728863660970488,0.10568744629850224,0.0018398911839727639,0.03084129111541989,0.09983611801207966,0.1661954291086611
2025-06-26,57206.69921875,57206.69921875,57263.44921875,56558.3515625,56693.55078125,176500,0.029896786794797015,0.10917604820206406,0.0010890262655933736,0.02622186908342594,0.1050255551264416,0.16676219901418687
2025-06-27,57443.8984375,57443.8984375,57475.3984375,56993.8515625,57234.69921875,238000,0.030389387610905594,0.11401267911872504,-0.005452087195914057,0.02393998548307419,0.1051712185284342,0.16678437712864924
2025-06-30,57312.75,57312.75,57614.5,57193.80078125,57529.94921875,183000,0.025210480970591753,0.12759333038217502,-0.007174684647877516,0.026091901899634395,0.10589134014497029,0.16357451515088456
2025-07-01,57459.44921875,57459.44921875,57533.8515625,57150.3515625,57375.80078125,283300,0.03344427515003767,0.11901909312069958,-0.007272880039938867,0.02432433631887121,0.10295698019016326,0.1626881521615229
2025-07-02,56999.19921875,56999.19921875,57628.3984375,56833.80078125,57558.19921875,169600,0.0237504028898905,0.10469234355384938,-0.010091775415492998,0.009927124554031552,0.10855845698764012,0.16382299176299397
2025-07-03,56791.94921875,56791.94921875,57193.25,56764.1015625,57050.3984375,149900,0.018491425926203453,0.1026985008598229,-0.00794803204490413,-0.0064877772565159475,0.10987961176905621,0.1640293351626282
2025-07-04,57031.8984375,57031.8984375,57075.1015625,56623.6015625,56825.25,93900,0.008015426603157794,0.14383839282818345,-0.010300307054969204,-0.005040769722395977,0.09838597911259105,0.14794886501032586
2025-07-07,56949.19921875,56949.19921875,57152.19921875,56838.55078125,56938.69921875,103300,0.001928191845776528,0.1274613295866247,-0.012336984452252064,-0.0023518890220937116,0.09729414210580949,0.14642566936815518
2025-07-08,57256.30078125,57256.30078125,57303.30078125,56923.05078125,56942.55078125,105500,0.011075563649156184,0.13965230123629646,-0.005584961959057555,0.0002117619789567815,0.09792440823869115,0.14576904378421737
2025-07-09,57213.55078125,57213.55078125,57290.6484375,57037.8984375,57199.75,91100,0.013351117942427937,0.12178260469301283,3.8445873659309626e-05,0.005807269530715198,0.09716698400394773,0.14338405330604412
2025-07-10,56956.0,56956.0,57363.69921875,56886.6015625,57339.75,102000,0.015574349001294285,0.08737196804093195,-0.0031916041777584336,0.0004956233526485221,0.09525599330608661,0.13436722110565372
2025-07-11,56754.69921875,56754.69921875,57091.05078125,56607.75,56843.44921875,95500,0.02210347912719257,0.06846956467000198,0.004657102438585969,-0.004604456446602345,0.0881394013269424,0.13213129081884198
2025-07-14,56765.3515625,56765.3515625,56896.30078125,56594.25,56780.75,123000,0.014665378755072567,0.045591144983221366,0.009221698028317293,-0.006004881726473954,0.08485908862227938,0.12487456963607893
2025-07-15,57006.6484375,57006.6484375,57134.94921875,56707.80078125,56709.19921875,124600,0.02319877510916135,0.03077775655688053,0.009421972529094269,-0.013583924952657478,0.08369530060474861,0.1195119237884262
2025-07-16,57168.94921875,57168.94921875,57276.55078125,56937.6015625,57111.25,161300,0.024005538700938134,0.027346389779977498,0.007884340033141202,-0.015885702462623552,0.08385533524865982,0.11903036928337639
2025-07-17,56828.80078125,56828.80078125,57262.8515625,56780.1484375,57231.94921875,129800,0.022515455100768467,0.026345469787684817,0.009681348287422065,-0.005817859296702421,0.08531424426149703,0.11923731747647617
2025-07-18,56283.0,56283.0,56705.1484375,56204.8515625,56524.25,141200,0.0005359450527855358,0.019593734816783837,0.00627016391518298,-0.010171189693720661,0.08310951013518993,0.12081774759599571
2025-07-21,56952.75,56952.75,56983.44921875,56255.69921875,56558.8984375,133700,0.01593665307569525,0.04186845259435179,0.011179352819540078,-0.001866075438178294,0.09187008313395209,0.12121455209470684
2025-07-22,56756.0,56756.0,57286.1484375,56692.0,57253.3515625,132800,0.005208850050012925,0.02387032948184653,0.004547991153369679,-0.006234296394183714,0.0898210595660991,0.11828467323982111
2025-07-23,57210.44921875,57210.44921875,57249.0,56715.80078125,56918.1484375,129800,0.010407785739289466,0.03284271827680363,0.011392133351169176,-0.0034801374264761264,0.09355746163639889,0.11927196737070041
2025-07-24,57066.05078125,57066.05078125,57316.6015625,56850.8984375,57316.6015625,179800,-0.0024586008180996766,0.035923121814794845,0.016598911829166396,0.0060104715532594,0.08660743080120507,0.11878257794493187
2025-07-25,56528.8984375,56528.8984375,57170.69921875,56439.3984375,57170.69921875,125100,-0.015928584669362866,0.02564706265906791,0.015306574230680492,0.005508777101557616,0.09106643890161183,0.12055382632288689
2025-07-28,56084.8984375,56084.8984375,56578.3984375,55997.44921875,56215.1015625,145700,-0.021423706984920465,0.02122012104079607,0.01134459362289919,0.012236487953604103,0.09438460315117386,0.12148639098366483
2025-07-29,56222.0,56222.0,56296.3984375,55843.25,55881.80078125,145100,-0.021536043863542575,0.035941612316224836,0.006680493335512683,0.017832209082620176,0.09432675648258251,0.11884915895199269
2025-07-30,56150.69921875,56150.69921875,56321.1484375,56064.55078125,56310.1015625,139700,-0.014886174045071199,0.028195851474815736,0.008621475235273457,0.010147061270072255,0.09069852502967428,0.1183199855799057
2025-07-31,55961.94921875,55961.94921875,56406.19921875,55547.3515625,55728.1484375,182800,-0.014614747537595951,0.029362305557435686,0.010456838009035074,0.008988535805357634,0.09058719195041394,0.11813947420087516
2025-08-01,55617.6015625,55617.6015625,56097.6015625,55562.1015625,55897.1484375,98900,-0.02479834818316451,0.03773378354425061,0.010378997193097206,0.014518621540960064,0.09056012853983178,0.11494175456904153
2025-08-04,55619.3515625,55619.3515625,55752.44921875,55437.30078125,55557.5,131100,-0.023351472443745247,0.004270274883428682,0.005655324482901847,0.012372648235163264,0.09067050919726002,0.0933283822645997
2025-08-05,55360.25,55360.25,55648.1484375,55202.8515625,55545.05078125,105700,-0.033115146374788296,0.007633635547547035,0.0010879770946994327,0.004736729408338913,0.08800499308740276,0.09233771724367984
2025-08-06,55411.1484375,55411.1484375,55559.3984375,55227.69921875,55329.80078125,117600,-0.03150306735272024,0.01112834271369434,0.003898756492131894,0.0148864627209504,0.08843781641138039,0.092182605495438
2025-08-07,55521.1484375,55521.1484375,55614.80078125,54973.55078125,55215.6484375,95500,-0.025192281102956682,0.002990607460260142,0.004746276370347635,0.021582394501745816,0.08860699883218442,0.08994397419678475
2025-08-08,55004.8984375,55004.8984375,55652.6015625,54905.6015625,55609.3515625,97300,-0.030830940967649823,-0.006322837000508175,0.00044355332721079943,0.019916380719082305,0.09286418445615681,0.0919805865617864
2025-08-11,55510.75,55510.75,55582.1484375,54927.55078125,54999.3515625,105200,-0.022101537786102687,0.001624858266305207,-0.0022768014376847168,0.016072320580558075,0.10026919792079501,0.0938883326727318
2025-08-12,55043.69921875,55043.69921875,55566.69921875,55001.5,55441.1015625,74700,-0.03443368927226276,0.003031262470102103,-0.006317877563187357,0.010991916859820483,0.10138606393712976,0.09329989880832512
2025-08-13,55181.44921875,55181.44921875,55340.05078125,55026.94921875,55340.05078125,80100,-0.03476537573561256,0.0019309570610472893,-0.011256729928989517,0.009753312093749966,0.10118667571984435,0.09314868934754077
2025-08-14,55341.8515625,55341.8515625,55472.80078125,55074.30078125,55102.55078125,74200,-0.026165416097265304,0.00729052234938532,-0.0070447180715421664,0.006412756135829145,0.1012040229125812,0.09318745471704107
2025-08-18,55734.8984375,55734.8984375,56156.30078125,55647.6484375,55940.6015625,101700,-0.009738314633192968,0.006076878556633192,-0.006075638192401089,0.005119300633877,0.10036899416488522,0.09276827895560502
2025-08-19,55865.1484375,55865.1484375,55965.55078125,55608.1484375,55622.30078125,89300,-0.019096559209168973,0.0052751104423089945,-0.014710518502787928,0.006095072711232663,0.0900398822680477,0.09267137823750429
2025-08-20,55698.5,55698.5,55812.6015625,55577.3515625,55751.5,69100,-0.018632391289026717,0.006245378984817362,-0.018219412935748136,-0.0027915082375553624,0.08988142437025098,0.0925127050048814
2025-08-21,55755.44921875,55755.44921875,55993.6484375,55708.19921875,55972.05078125,70300,-0.025432416977476557,0.006107317587563443,-0.02003388690732566,-0.007277248049643914,0.08392510429375293,0.09250644635620098
2025-08-22,55149.3984375,55149.3984375,55745.0,55102.6015625,55669.25,77100,-0.033586560091516726,-0.007140963906004494,-0.02592558982196369,-0.008610746803938474,0.0906040847186482,0.09509736884316501
2025-08-25,55139.30078125,55139.30078125,55306.0,55048.3984375,55147.75,79900,-0.02458207562254866,-0.010948909968194198,-0.02984639901104169,-0.01971839075464288,0.08594445756940235,0.09477066190194948
2025-08-26,54450.44921875,54450.44921875,55068.8984375,54396.1015625,54999.05078125,123800,-0.02914241202685608,-0.025990355852415603,-0.030404537400403275,-0.02580631645391862,0.09213402511275154,0.09789488081877601
2025-08-28,53820.3515625,53820.3515625,54382.25,53768.44921875,54256.0,134300,-0.042717235912987817,-0.03200718132400493,-0.02981695253355765,-0.03031217839541167,0.09758392617656733,0.10004774807349887
2025-08-29,53655.6484375,53655.6484375,54086.0,53606.44921875,53660.3515625,103900,-0.044434901363024304,-0.036302396207355536,-0.027206967465660314,-0.0284491043774604,0.0975690956093587,0.10009750372381569
2025-09-01,54002.44921875,54002.44921875,54035.8515625,53658.1484375,53658.1484375,78000,-0.03501486326611858,-0.03153471108272232,-0.029229301031049038,-0.02645006335723321,0.10221271143925868,0.10105116542164302
2025-09-02,53661.0,53661.0,54160.94921875,53578.0,54038.25,77500,-0.03517953862683698,-0.05156382149492511,-0.03575962400020205,-0.03462784133875352,0.1023116806830587,0.0967051315234411
2025-09-03,54067.55078125,54067.55078125,54136.1484375,53561.75,53630.75,100100,-0.027900375276871503,-0.04876970817963766,-0.02758895285218166,-0.03330759778814285,0.10743742235787447,0.09760197202414551
2025-09-04,54075.44921875,54075.44921875,54450.55078125,53971.8515625,54379.6015625,120000,-0.02320800179280258,-0.045094346780896855,-0.0266461983243379,-0.030357829308755635,0.1068609191476483,0.09743629237313073
2025-09-05,54114.55078125,54114.55078125,54308.05078125,53719.55078125,54308.05078125,79900,-0.023399581001510406,-0.04153754167792101,-0.030187219522920694,-0.025611603408615013,0.106812219986034,0.09737140186696404
2025-09-08,54186.8984375,54186.8984375,54518.69921875,54067.1484375,54215.3984375,76300,-0.02403138331156751,-0.03380110778384515,-0.031227631390594812,-0.029178482132475203,0.10658217310683576,0.0966480790610918
2025-09-09,54216.1015625,54216.1015625,54350.6484375,54079.44921875,54330.55078125,93800,-0.014340484164265477,-0.02361448841160907,-0.0350806471110644,-0.029682793346776593,0.1022750426782939,0.09467222990618986
2025-09-10,54536.0,54536.0,54705.19921875,54400.0,54554.75,116900,-0.01755966186729596,-0.02518368031490803,-0.03334359624179606,-0.026249946499543042,0.09868109425696106,0.09415567777411293
2025-09-11,54669.6015625,54669.6015625,54757.44921875,54402.3984375,54413.05078125,96900,-0.006796375635352847,-0.018748323438377068,-0.02795417928581112,-0.024868194642495012,0.09511984458555085,0.09401441967672215
2025-09-12,54809.30078125,54809.30078125,54852.25,54580.3515625,54781.55078125,80100,-0.006744085970354474,-0.018260290956720326,-0.026836021723061654,-0.03042974931435738,0.0951408766402895,0.09407346819983091
2025-09-15,54887.8515625,54887.8515625,55018.69921875,54807.5,54884.05078125,72000,-0.008203556389638988,-0.012407868046188653,-0.02598168517743482,-0.023537882011683275,0.09461825815125338,0.09372686851308193
2025-09-16,55147.6015625,55147.6015625,55185.44921875,54777.75,54778.3984375,98700,-0.010537327445901523,-0.019647892849876336,-0.025094996372284406,-0.0246931779193712,0.09249079434219792,0.0907733423348933
2025-09-17,55493.30078125,55493.30078125,55540.75,55146.55078125,55158.3515625,155300,-0.006656165187961638,-0.010097347997664818,-0.02065098133198806,-0.02444746167621903,0.09510549725224346,0.09152364844134421
2025-09-18,55727.44921875,55727.44921875,55835.25,55490.8984375,55797.1015625,134300,0.0005197486242896066,-0.013007873257449787,-0.014372092732117592,-0.028151009570242302,0.09587081902533334,0.09071253957638989
2025-09-19,55458.8515625,55458.8515625,55688.75,55355.30078125,55647.94921875,190000,-0.005319617372040786,-0.02052761039071782,-0.015019155170416298,-0.023787725117542124,0.09730509689724988,0.0909734343777674
2025-09-22,55284.75,55284.75,55666.3515625,55215.6015625,55429.30078125,118600,0.002454270877558118,-0.03359657601290278,-0.010905144855330784,-0.020028515007579628,0.08961028716151384,0.08839550880990978
2025-09-23,55509.75,55509.75,55662.0,55159.0,55248.69921875,171200,0.006718424308999715,-0.03367021546430016,-0.0013619994376334876,-0.015404187685798654,0.09067858073771884,0.08837831251184136
2025-09-24,55121.5,55121.5,55511.1015625,55040.44921875,55387.1015625,172000,0.012324063269967045,-0.038233202908602326,-0.0016306510687009723,-0.020200147499114363,0.08191492941093366,0.08929811469974214
2025-09-25,54976.19921875,54976.19921875,55276.6484375,54903.30078125,55061.6484375,158400,0.021476033186214938,-0.04321743479555795,0.005560323455840788,-0.017731715231381506,0.06932309983184724,0.08913606812141979
2025-09-26,54389.3515625,54389.3515625,54897.0,54310.94921875,54797.8984375,127700,0.013674294251697416,-0.04578744424520764,0.004346459798270752,-0.014408486635709705,0.07991105745322395,0.09024127897090861
2025-09-29,54461.0,54461.0,54686.05078125,54226.6015625,54460.3984375,218300,0.008491296003863225,-0.041043655849382854,0.00809131269164598,-0.010719260273102882,0.0770269631922222,0.09014187495499
2025-09-30,54635.8515625,54635.8515625,54793.05078125,54502.94921875,54705.5,206900,0.018166854186466797,-0.04201239903710685,0.01688530361198204,-0.008631919455590054,0.07326852103113753,0.08993005854296239
2025-10-01,55347.94921875,55347.94921875,55406.75,54582.55078125,54653.8984375,173000,0.023681458083431917,-0.028117164454751542,0.01877554058914188,-0.003570107516472243,0.08178261930430918,0.09416936581592161
2025-10-03,55589.25,55589.25,55616.44921875,55177.0,55182.6015625,156900,0.02799423404004031,-0.02911558655560087,0.02152753744066649,-0.004500051243621295,0.08244320325566422,0.0939197146728619
2025-10-06,56104.8515625,56104.8515625,56164.19921875,55727.25,55834.69921875,162600,0.03677940133505864,-0.019378262729908058,0.023172417356035924,-0.0037381441536965543,0.08695311312930698,0.09600776077177083
2025-10-07,56239.3515625,56239.3515625,56502.44921875,56025.05078125,56126.3984375,153700,0.03787729477388946,-0.012582492406418955,0.024348519251183642,-0.0028429229385572574,0.08695841083727524,0.09576471388829144
2025-10-08,56018.25,56018.25,56303.6015625,55821.0,56098.5,133600,0.03324009631017999,-0.012976004258457907,0.02610053943770274,-0.008852750228686479,0.08928174251805755,0.09582737068130627
2025-10-09,56192.05078125,56192.05078125,56286.25,55843.8984375,55979.0,118000,0.030366194463290253,-0.01009948437681707,0.022009155283554183,-0.014066425084041989,0.08806311130624936,0.09606523915185154
2025-10-10,56609.75,56609.75,56760.25,56152.44921875,56168.6015625,163000,0.03548861491668198,-0.006962318402828793,0.024297092676574872,-0.010516435571100824,0.09049915032555038,0.09690101008575752
2025-10-13,56625.0,56625.0,56770.8984375,56327.3984375,56337.05078125,123500,0.03312757493471152,-0.009514766777829808,0.028614171678559508,-0.01012157295388183,0.09059140049430306,0.09670864207663438
2025-10-14,56496.44921875,56496.44921875,56721.30078125,56230.1484375,56598.6484375,129800,0.029306988895681396,-0.005848294490311656,0.026263382253753464,-0.00720428079573654,0.09164690761099276,0.09605505083374861
2025-10-15,56799.8984375,56799.8984375,56922.69921875,56491.8515625,56528.94921875,123700,0.029961355130329936,0.009183917657196616,0.02661530978077109,-0.005040076874641697,0.09197547714670419,0.09459297146030593
2025-10-16,57422.55078125,57422.55078125,57525.80078125,56994.69921875,57139.94921875,148600,0.03476545768299033,0.008248956920429595,0.02469643818061673,-0.011463589078702707,0.0965480328865537,0.09412216600130993
2025-10-17,57713.3515625,57713.3515625,57830.19921875,57238.6484375,57362.8984375,147200,0.03563598139858559,0.01686784767249283,0.02437675751219137,-0.009027040724763902,0.0968826042169556,0.09434885388130444
2025-10-20,58033.19921875,58033.19921875,58261.55078125,57872.8515625,57872.8515625,341700,0.04641905816150582,0.014381114136232886,0.026041651655215103,-0.010331513207516796,0.09449625340916898,0.09362643325789141
2025-10-21,58007.19921875,58007.19921875,58155.55078125,57887.19921875,58063.3984375,39000,0.04924412643179177,0.01649226509659285,0.022808099222957123,-0.015687800124212226,0.09291937601595818,0.09346097590223669
2025-10-23,58078.05078125,58078.05078125,58577.5,57951.44921875,58314.55078125,291600,0.04626756166709445,0.027404608732342295,0.017586006982853508,-0.015048199200379031,0.09279413187081152,0.09124860713663127
2025-10-24,57699.6015625,57699.6015625,58232.8984375,57482.05078125,58172.75,132100,0.046771251916221335,0.028790336971001196,0.017308310032307483,-0.016355909007255143,0.09216933847843731,0.09076320140389539
2025-10-27,58114.25,58114.25,58224.55078125,57652.75,57796.44921875,153000,0.05708016970696206,0.033656753584006216,0.013883525608882286,-0.012471386985662525,0.09178785132556544,0.09171066248211386
2025-10-28,58214.1015625,58214.1015625,58313.80078125,57770.3515625,58006.55078125,256100,0.07032166940995599,0.03674758057262051,0.018343748745427435,-0.00675055777419753,0.07692345016553741,0.09166160047320121
2025-10-29,58385.25,58385.25,58469.8984375,58087.05078125,58316.25,151800,0.0720561502726722,0.04330265144585188,0.014454943143780818,-0.008600313488210887,0.07655617737060598,0.09140580558669856
2025-10-30,58031.1015625,58031.1015625,58331.19921875,57999.19921875,58152.05078125,223000,0.06214326130006498,0.043394535761989594,0.010672582618261428,-0.010034380205854232,0.08375908538562912,0.09137767217374605
2025-10-31,57776.3515625,57776.3515625,58254.94921875,57656.94921875,57942.44921875,307900,0.04387520003952261,0.0387814661516892,0.008209710402928838,-0.0016408011678847867,0.07896788694420617,0.09196710697906806
2025-11-03,58101.44921875,58101.44921875,58247.55078125,57718.3984375,57726.8515625,27800,0.04519217688222099,0.04951565823402171,0.010280516182461064,0.00433029814331265,0.07955906353837197,0.09184816330011425
2025-11-04,57827.05078125,57827.05078125,58119.6484375,57732.94921875,57966.6484375,168600,0.030696083685944675,0.04359957178066742,0.009960488767754239,0.001952185317953603,0.07864959490277183,0.09254629703035151
2025-11-06,57554.25,57554.25,57945.05078125,57521.0,57714.80078125,170400,0.023380398261504176,0.03661850699627833,0.007393715570505499,-0.0005234365036770328,0.08159828499623156,0.0931724100586177
2025-11-07,57876.80078125,57876.80078125,58001.3515625,57157.8515625,57391.3984375,142400,0.03317759446698165,0.05221175614046869,0.015364462162545722,0.005871565616330843,0.0807122327084495,0.0913752883431413
2025-11-10,57937.55078125,57937.55078125,58097.19921875,57846.19921875,57846.19921875,123400,0.031063112588559205,0.04371767236526258,0.015474520194591612,0.0034778194185485223,0.08054619538367849,0.0897232202323728
2025-11-11,58138.1484375,58138.1484375,58187.3515625,57594.25,57962.30078125,119600,0.02699885510004907,0.05621804607376224,0.010799766865052574,0.006904978583457622,0.07790108821818845,0.08782789409279253
2025-11-12,58274.6484375,58274.6484375,58507.69921875,58171.8515625,58505.3515625,149300,0.02913286423841055,0.05605505586647341,0.003428571797240876,0.005019947636134781,0.07787397461652973,0.08781654580121712
2025-11-13,58381.94921875,58381.94921875,58615.94921875,58127.1015625,58158.75,121200,0.033373778813947874,0.0549330672974806,0.004197568731626911,0.0042719341134427324,0.0766347391516312,0.08774046203833265
2025-11-14,58517.55078125,58517.55078125,58590.1484375,58050.0,58050.0,114800,0.030240412236652636,0.049926570636356526,0.0070801530349986486,0.0083981037244516,0.07543073996937401,0.08684505739459725
2025-11-17,58962.69921875,58962.69921875,59001.55078125,58605.30078125,58696.30078125,157500,0.026821317000827127,0.055446926534446384,0.010087160105014314,0.014102973836057187,0.0707035988935903,0.0878962813187051
2025-11-18,58899.25,58899.25,59103.6484375,58798.8984375,58990.5,145500,0.020548077791249897,0.05746564090594908,0.012761133296561145,0.023155018057555488,0.0697578581612337,0.0876221738902735
2025-11-19,59216.05078125,59216.05078125,59264.25,58688.55078125,58908.1484375,149800,0.020382325607129825,0.062067503911998445,0.012275728817134679,0.023440887452139014,0.06962083428682755,0.08809202018291777
2025-11-20,59347.69921875,59347.69921875,59440.1015625,59125.25,59308.19921875,120000,0.023109200548450337,0.07612595785623788,0.010601728704758395,0.02296771554860988,0.06952452722718085,0.08453416927178174
2025-11-21,58867.69921875,58867.69921875,59232.1484375,58823.6484375,59116.69921875,121400,0.013596331606826828,0.06761780408299689,0.0067697406409708005,0.023544934456178224,0.07690097995888312,0.08663709082584815
2025-11-24,58835.3515625,58835.3515625,59309.8984375,58649.5,58996.8984375,190400,0.019683844762251157,0.08053014082829746,0.013312507247788208,0.03005075205589791,0.07224872290814387,0.08191431284382397
2025-11-25,58820.30078125,58820.30078125,59166.1484375,58746.19921875,58925.6484375,137400,0.012149357192943189,0.09290071643147302,0.015278442962838978,0.03641706201220374,0.06852697852260628,0.07743925681953903
2025-11-26,59528.05078125,59528.05078125,59554.94921875,58783.05078125,58783.05078125,140200,0.02257097822491194,0.10944611638773472,0.012195457886316596,0.03663888990067954,0.0795019960737104,0.07975978633579694
2025-11-27,59737.30078125,59737.30078125,59866.6015625,59523.0,59605.30078125,137800,0.02315740330391658,0.10619613823938967,0.016952943004253873,0.041607438945781006,0.07970183418371134,0.07924452302412885
2025-11-28,59752.69921875,59752.69921875,59897.5,59598.94921875,59758.69921875,100000,0.02966680986394543,0.11352191011628565,0.01710395729766323,0.04747731886282058,0.07512029870628516,0.07752540690321741
2025-12-01,59681.3515625,59681.3515625,60114.30078125,59527.6015625,60102.05078125,122300,0.03297196774253308,0.10382938934968,0.015335367406079436,0.044727782329792465,0.07262363346173134,0.07682032569152929
2025-12-02,59273.80078125,59273.80078125,59656.55078125,59251.94921875,59354.19921875,207100,0.020177664727193623,0.09613145406284551,0.009742313212297127,0.043657828510273555,0.07689334815652632,0.07871946898459084
2025-12-03,59348.25,59348.25,59414.8984375,58925.69921875,59158.69921875,166400,0.026306014195751404,0.09671519292299857,0.011134715133192419,0.04639386395488887,0.07384972345529547,0.07870371837204285
2025-12-04,59288.69921875,59288.69921875,59548.69921875,59062.1484375,59287.1015625,109600,0.030135901671032084,0.09415192469697264,0.009592704483320169,0.04326620408825854,0.07094433982675358,0.07887535769909304
2025-12-05,59777.19921875,59777.19921875,59806.6015625,59106.55078125,59133.19921875,119500,0.03283523643061592,0.102572805789793,0.005605507601645021,0.04958029193395874,0.07351385628080057,0.0800329130486413
2025-12-08,59238.55078125,59238.55078125,59713.1484375,59030.6015625,59672.05078125,131200,0.022455212249341994,0.08622837724163857,0.007354098134071396,0.04668778407056462,0.08271376124038968,0.08245693273602488
2025-12-09,59222.3515625,59222.3515625,59358.25,58878.44921875,58918.8515625,137800,0.018648738464135173,0.08327754126386222,0.013017235920848913,0.04991886454773975,0.08236955604857403,0.08249485756621666
2025-12-10,58960.3984375,58960.3984375,59440.8984375,58853.8984375,59281.55078125,105200,0.011767552758992217,0.07573710295662206,0.0163200990645489,0.05009403534493129,0.0843094662144488,0.08329223301660546
2025-12-11,59209.8515625,59209.8515625,59423.3515625,58799.8984375,58966.19921875,96900,0.014180793118913293,0.0787423788136179,0.013431139813755877,0.04565988761542661,0.08519909061500766,0.08351896247693018
2025-12-12,59389.94921875,59389.94921875,59545.69921875,59224.8515625,59401.5,107700,0.014908321107990341,0.07692714707532744,0.009624717511232062,0.04491928538936918,0.08541722384887748,0.08329214604472926
2025-12-15,59461.80078125,59461.80078125,59533.0,59052.30078125,59053.69921875,125200,0.008464700041094675,0.0715131366152375,0.007932223075678868,0.04399462490493056,0.08155909971045053,0.0826341576287292
2025-12-16,59034.6015625,59034.6015625,59335.25,58966.3515625,59288.75,123300,0.00229801843826527,0.05934512327611219,0.004225886982280103,0.042176036022274266,0.08584682627140874,0.08412945702121838
2025-12-17,58926.75,58926.75,59127.19921875,58801.3984375,59072.80078125,132700,-0.004885512921466328,0.06253101785910253,0.004100122162296271,0.04312488943755466,0.083785206052284,0.0834688797074214
2025-12-18,58912.8515625,58912.8515625,59211.0,58712.69921875,58712.69921875,97400,-0.007327119028611273,0.06562572070055483,0.007051219662884467,0.04129460945976415,0.08327863393504395,0.08306231874449616
2025-12-19,59069.19921875,59069.19921875,59140.55078125,58897.5,59047.3984375,179100,0.0034229297674983616,0.06412295531415646,0.007326160279648275,0.032461603653416216,0.07862534808261888,0.08289463922313016
2025-12-22,59304.0,59304.0,59371.19921875,59155.5,59224.75,114800,0.007965422574252257,0.07587783351323885,-0.00023582901476149054,0.03135915871268913,0.07970367547862642,0.08137888703110997
2025-12-23,59299.55078125,59299.55078125,59402.3515625,59216.75,59334.3515625,91800,0.008147697200364679,0.07864042301828489,-0.003146560454759584,0.026962766311640296,0.0796866236557795,0.08102850839378718
2025-12-24,59183.6015625,59183.6015625,59478.1484375,59118.25,59322.94921875,82500,-0.005786334580578867,0.08814684974669751,-0.0033745640612257155,0.027817564143658213,0.06726609869000434,0.07739505007986111
2025-12-26,59011.3515625,59011.3515625,59180.6484375,58947.05078125,59092.8515625,72900,-0.012152360572974863,0.08355247906758967,-0.005543687673227438,0.0264221327577423,0.06631205275000958,0.07790051782412678
2025-12-29,58932.3515625,58932.3515625,59140.3984375,58809.55078125,59007.05078125,106900,-0.013729047674428396,0.0786388401960767,-0.003774076300887552,0.024557550813419926,0.06627679376493661,0.07799182897169872
2025-12-30,59171.25,59171.25,59272.69921875,58737.6015625,58885.94921875,295700,-0.0085470846276966,0.06907755093398826,0.0005032917941824033,0.024684916224178233,0.06832735004970847,0.07434201449355013
2025-12-31,59581.8515625,59581.8515625,59766.19921875,59187.1015625,59194.6015625,122600,0.005197081631172384,0.07182326731337452,0.0014555463960377324,0.02219937386910531,0.0686380472410562,0.07500196053422187
2026-01-02,60150.94921875,60150.94921875,60203.75,59738.25,59757.3984375,250400,0.013525238212584112,0.07211671617636672,0.00034311009552112637,0.022235631978277937,0.07607216021157714,0.07512985535477616
2026-01-05,60044.19921875,60044.19921875,60437.3515625,59859.80078125,60360.3984375,318500,0.012742731919493266,0.0676545434920528,0.004424653223569663,0.022171577123703212,0.07634671246691989,0.07532326445562967
2026-01-06,60118.3984375,60118.3984375,60305.0,59844.80078125,59957.80078125,295400,0.0057078488656086,0.07319308328089513,0.006003803461638757,0.027974604174863638,0.0709990258007028,0.07459021981918502
2026-01-07,59990.8515625,59990.8515625,60065.3984375,59760.6484375,60039.69921875,376300,0.012699513599311762,0.06760388219391289,0.005758242581281214,0.02952283997297611,0.0626885010018907,0.07478337271825423
2026-01-08,59686.5,59686.5,60112.8515625,59564.80078125,59893.1484375,312900,0.007837386143138225,0.054350178193685705,0.006397768416595895,0.030957185447376467,0.06585712401566268,0.07465935275605719
2026-01-09,59251.55078125,59251.55078125,59739.6484375,59154.19921875,59558.1484375,272500,0.004938100003829327,0.046385002759381955,0.007838139554648516,0.028311317693965554,0.06935656257672532,0.07651950994107143
2026-01-12,59450.5,59450.5,59541.1015625,58864.19921875,59217.25,262400,0.0040643310386614395,0.05228737065956368,0.008246062370454998,0.02664659994512175,0.06876141809186782,0.07643691621314565
2026-01-13,59578.80078125,59578.80078125,59767.55078125,59312.05078125,59767.55078125,224200,0.003179857281985665,0.04892442451825474,0.01525990684393197,0.03278332315648824,0.0683495537423482,0.07591040114514255
2026-01-14,59580.1484375,59580.1484375,59796.6484375,59324.19921875,59330.3515625,341500,0.0019903140284194265,0.03757404759794314,0.01588730530365645,0.03443557254886942,0.06823738843771172,0.07294008131405987
2026-01-16,60095.1484375,60095.1484375,60235.1484375,59510.5,59590.3515625,478100,0.017964834976944788,0.04126942571374781,0.024374323049446645,0.041872307497791694,0.0688596013614065,0.07421647175636231
2026-01-19,59891.3515625,59891.3515625,60107.5,59594.6015625,60093.30078125,492900,0.016369502178552153,0.0320187818139388,0.025395987949366483,0.04198855665681034,0.06989817737938386,0.07397717317715903
2026-01-20,59404.19921875,59404.19921875,59993.5,59283.94921875,59851.3984375,396100,0.00834024568864633,0.024083217580145533,0.030925500064604594,0.048672859809733904,0.07680363158864582,0.07607273365669998
2026-01-21,58800.30078125,58800.30078125,59447.3515625,58278.6015625,59142.0,331700,-0.004552261433309668,0.012435851243016716,0.026599549308892745,0.04078118519763496,0.0849843083242824,0.07909537029864666
2026-01-22,59200.1015625,59200.1015625,59573.1015625,58823.05078125,59194.25,300700,-0.0017519634004451445,0.02600537888246368,0.031966762693784734,0.0455923939744024,0.0873749406625737,0.07895320520851881
2026-01-23,58473.1015625,58473.1015625,59400.1484375,58346.25,59305.1484375,323400,-0.013936854628101458,0.00617493235308042,0.02917326175814039,0.041505695523560426,0.09762555014629858,0.08192041921080531
2026-01-27,59205.44921875,59205.44921875,59436.80078125,58121.6015625,58366.05078125,388800,0.0003691505023892816,0.017029338762287072,0.037347787765454665,0.046362812865732295,0.1080056635232007,0.08568818488895699
2026-01-28,59598.80078125,59598.80078125,59699.8984375,59240.1015625,59575.6484375,289300,0.009954851112464747,0.02078522882491729,0.03681694702042937,0.0480805811507784,0.10985966701402165,0.08650499295812882
2026-01-29,59957.8515625,59957.8515625,60060.69921875,59339.0,59416.25,617400,0.017401307988065273,0.033202023537755476,0.03756926766087931,0.05093723823595564,0.11131728152289924,0.08621645799777425
2026-01-30,59610.44921875,59610.44921875,59906.8984375,59501.80078125,59542.25,317800,0.007422510404123672,0.03174478150054094,0.03125545704824029,0.0473519529541373,0.11306381080095958,0.08660976986744305
2026-02-02,58619.0,58619.0,58687.05078125,57829.8515625,58239.30078125,282500,-0.016160148388305595,0.008907708640819578,0.023687351547224567,0.03510574689995938,0.12546052633211713,0.09290957503240029
2026-02-03,60041.30078125,60041.30078125,61764.8515625,59793.19921875,61411.19921875,368300,-0.001822887899927239,0.03829090313417738,0.021004042643777643,0.033216203361241314,0.1494607088868267,0.10438578305799785
2026-02-04,60238.1484375,60238.1484375,60389.3984375,59891.75,60163.3515625,255600,0.0032301075086940134,0.04663249781727674,0.02129850166548719,0.036193300594039135,0.14978005205970635,0.10391958125120143
2026-02-05,60063.6484375,60063.6484375,60328.30078125,59881.05078125,60315.3515625,200,-0.0009107029033202929,0.03778452897760132,0.019560078819714,0.03188078567520414,0.15010597851705101,0.10369080606789548
2026-02-06,60120.55078125,60120.55078125,60149.8984375,59644.55078125,59967.1015625,204800,0.0021619832919836934,0.0376784998772588,0.019263664814128223,0.033011729804981016,0.14993774775192698,0.10368920371353758
2026-02-09,60669.3515625,60669.3515625,60876.19921875,60495.69921875,60805.19921875,263400,0.016466898921866813,0.04353773198885258,0.01683590937983004,0.03683012727507351,0.15185379171106386,0.10498191031752065
2026-02-10,60626.3984375,60626.3984375,60797.55078125,60531.55078125,60740.80078125,215900,0.02320357253307659,0.04035631381838822,0.013397605164627624,0.038062680091774936,0.1489453089347388,0.10496531242463635
2026-02-11,60745.3515625,60745.3515625,60779.94921875,60444.6484375,60670.25,235100,0.02178033090554332,0.04048173066121219,0.015436863534153078,0.037595267325960746,0.14875381183736525,0.10497139206225377
2026-02-12,60739.75,60739.75,60864.3984375,60597.6484375,60786.1484375,267000,0.019485944724073168,0.037974918448945516,0.016575266890143325,0.04194448081562485,0.14875167568051628,0.10492499823104315
2026-02-13,60186.6484375,60186.6484375,60621.8984375,60073.55078125,60504.3984375,236600,0.010179565105250088,0.020758025581718798,0.017757802238231535,0.04160684131600767,0.15302255365250894,0.10578384538895452
2026-02-16,60949.1015625,60949.1015625,61011.30078125,59861.1015625,59947.80078125,168600,0.014210017733596647,0.03480267681676752,0.014661463656585383,0.04357536441854126,0.1564329681159179,0.10866862112182932
2026-02-17,61174.0,61174.0,61241.6015625,60560.0,60821.1484375,264000,0.0214162546684471,0.033064501818651504,0.01594829857515201,0.04562560385983805,0.15598846426087523,0.10840614387804694
2026-02-18,61550.80078125,61550.80078125,61596.8515625,61100.8984375,61255.3515625,218100,0.0361355188813397,0.03712193718545986,0.012877831003602624,0.05135523898352212,0.15300309055747513,0.10896161548678959
2026-02-19,60739.55078125,60739.55078125,61678.80078125,60592.8984375,61660.8515625,190600,0.03298027347197485,0.03179760016684652,0.021180626870563657,0.05534360446912123,0.1565163978449974,0.11120997809936421
2026-02-20,61172.0,61172.0,61360.5,60562.3515625,60627.8515625,219800,0.03330903808362873,0.039715041644950544,0.022184059138306456,0.05467103078187541,0.15665938631468254,0.11199606857574157
2026-02-23,61264.25,61264.25,61517.80078125,61029.1484375,61145.55078125,841900,0.04773388725611949,0.041549417229927776,0.0212115158303261,0.04818654697652591,0.14770686488703352,0.11199349582917441
2026-02-24,61047.30078125,61047.30078125,61435.6484375,60801.8515625,61392.1015625,587700,0.03110949391997342,0.025521581507562674,0.021208956246983046,0.05531137087657301,0.14404517193062877,0.10980910503291712
2026-02-25,61043.3515625,61043.3515625,61317.55078125,60816.75,61175.05078125,321600,0.024237916909637836,0.02186323727669892,0.018723519300854363,0.049825677866514595,0.1428619231038317,0.10962380930214781
2026-02-26,61187.69921875,61187.69921875,61284.75,60813.30078125,61193.8984375,602700,0.02051186999200616,0.024015651489593504,0.017457041127196593,0.05097438928673137,0.14181671688163242,0.10970017488455824
2026-02-27,60529.0,60529.0,61086.44921875,60438.94921875,61057.44921875,369200,0.015409224276757838,0.014202902838289733,0.021017295073097908,0.05229539720330312,0.146069254824854,0.11204612727536083
2026-03-02,59839.6484375,59839.6484375,60177.5,59148.0,59204.30078125,387100,0.020823426491410668,0.009546336641010456,0.029700085361946682,0.054356227276751046,0.13863180589464072,0.11367449523308139
2026-03-04,58755.25,58755.25,59058.3984375,58393.55078125,58447.1484375,363100,-0.021419435697029643,-0.009991870021441196,0.027051978929769516,0.04794317192422182,0.1265009997079563,0.11976185781834628
2026-03-05,59055.8515625,59055.8515625,59274.3515625,58506.3984375,59008.25,273500,-0.019627045413367794,-0.003927353092886943,0.01956055581936811,0.04477287677699349,0.12749954506613428,0.12023270738921522
2026-03-06,57783.25,57783.25,58807.1484375,57696.3984375,58629.6015625,256900,-0.03796636562750422,-0.033356350662286816,0.008532126197610568,0.032937478848473645,0.1473292458047399,0.12694281565834847
2026-03-09,56019.80078125,56019.80078125,56274.1484375,55270.6015625,56121.3984375,374100,-0.06820878961872245,-0.054335394055905706,-0.003381672926841328,0.020104474970130015,0.17921630286728826,0.14045360807581442
2026-03-10,56950.80078125,56950.80078125,57097.05078125,56387.19921875,56583.8515625,346800,-0.06129208052305035,-0.03835630840921156,0.0007824739677257941,0.022714594540100053,0.1878383988448002,0.14491569162598628
2026-03-11,55735.75,55735.75,56938.3984375,55631.94921875,56790.3984375,261000,-0.08066862890662707,-0.054691768084271564,-0.0009196877939645631,0.018728155458899498,0.1985117597860361,0.1509530223527511
2026-03-12,55100.94921875,55100.94921875,55636.94921875,54760.55078125,55008.19921875,311300,-0.09291908267157789,-0.06939558595942052,-0.003733884576190616,0.017844831842673603,0.19869678973848956,0.1520792193223637
2026-03-13,53757.8515625,53757.8515625,54713.75,53675.69921875,54592.05078125,327500,-0.11494776382023308,-0.09483250500022133,-0.012026885546652988,0.01634556752776639,0.20970520282209842,0.15922070971389365
2026-03-16,54413.3984375,54413.3984375,54664.1484375,53258.1484375,53721.5,390200,-0.09592243711651682,-0.08490160535706326,-0.014956210304465811,0.015704293887254916,0.2189964282145498,0.1616130685861721
2026-03-17,54876.0,54876.0,54996.0,54113.1484375,54649.1015625,277100,-0.09964218350737075,-0.07044345947007513,-0.017812955353259552,0.017682620984921127,0.21504753037602692,0.162429547349413
2026-03-18,55326.05078125,55326.05078125,55554.1484375,54689.1015625,54927.05078125,223200,-0.09559533819514832,-0.06110466331080533,-0.019888076896904083,0.017937340916714617,0.2180855940430551,0.163556923771503
2026-03-19,53451.0,53451.0,54150.30078125,53240.6015625,53474.55078125,395300,-0.13159537615174965,-0.09271069754119066,-0.022483440283036837,0.016270141739154642,0.2373199123345613,0.17730545718119084
2026-03-20,53427.05078125,53427.05078125,54382.44921875,53297.55078125,53548.19921875,403500,-0.12039107806930527,-0.09551760498065198,-0.028467707593038294,0.014312804614921348,0.23723134597405443,0.17710018653727339
2026-03-23,51437.75,51437.75,52665.30078125,51323.6015625,52576.1015625,397300,-0.15912917674753158,-0.13264282341831912,-0.039518300885968305,0.007189593378686965,0.2563191247597551,0.19163208774348708
2026-03-24,52605.6484375,52605.6484375,52949.1484375,51827.5,52384.80078125,340600,-0.14133204213713546,-0.11288285080679827,-0.0324143892232398,0.011834696797971889,0.2772694645083763,0.19823221013356143
2026-03-25,53708.1015625,53708.1015625,54146.1484375,53024.75,53024.75,348600,-0.12022151880307463,-0.09251718137189868,-0.03690862602654077,0.015953463029138137,0.29484573000739833,0.20363531968102944
2026-03-27,52274.6015625,52274.6015625,53292.5,52211.19921875,53244.25,653000,-0.14364791210754546,-0.11416023903240013,-0.03914873068401947,0.009588472686469562,0.302610433343161,0.21019498188476674
2026-03-30,50275.3515625,50275.3515625,51624.5,50105.25,51527.8984375,564900,-0.17834217981031852,-0.14689724354235079,-0.05420184342597001,-0.0077142447443213635,0.3194171400173501,0.22342444818218316
2026-04-01,51448.6484375,51448.6484375,52025.8515625,51133.55078125,51433.8984375,370100,-0.15001654682053234,-0.13051273316855738,-0.050755865202324224,-0.004853759550392467,0.34000055306399846,0.2291859723040625
2026-04-02,51548.75,51548.75,51731.94921875,49954.8515625,50625.6484375,339200,-0.13855192425068297,-0.13482463790292687,-0.05198288830932363,-0.0040725387098646815,0.34158401973704705,0.2285549171275496
2026-04-06,52609.1015625,52609.1015625,52704.55078125,51111.1015625,51747.6015625,355000,-0.10460594478791252,-0.12538202229897788,-0.0428322882041009,0.002247516036381403,0.35269942782046193,0.2320291783713178
2026-04-07,52716.25,52716.25,52778.19921875,51868.44921875,52258.69921875,279700,-0.10734925320297295,-0.1220425838648157,-0.041038318647907635,-0.0029334575854590428,0.3516396905212755,0.23219258742330937
2026-04-08,55703.8984375,55703.8984375,55778.25,54797.5,54904.44921875,443600,-0.035985368813626795,-0.0734300998485411,-0.017454027924088567,0.009895262926269743,0.406599374583286,0.26015106085738915
2026-04-09,54821.69921875,54821.69921875,55583.1015625,54626.8515625,55505.94921875,298800,-0.02138710859002213,-0.08616567708435752,-0.010859780585855128,0.004330976249039553,0.39565540573300634,0.26188529630837026
2026-04-10,55912.75,55912.75,55978.5,55145.25,55182.25,281000,-0.018227149873400128,-0.06322619017700815,-0.009530278958158944,0.007348475115259934,0.3977136039836692,0.26534202017896724
2026-04-13,55605.05078125,55605.05078125,55752.6484375,54356.19921875,54646.0,303600,-0.002344979994886587,-0.06154269300836468,-0.0013310540203208543,0.010124512320973666,0.39068168430302036,0.26518756368568847
2026-04-15,56301.94921875,56301.94921875,56786.25,56109.19921875,56343.44921875,268000,0.021796357722115633,-0.05296087974449337,-0.003253205432228512,0.007486352009754893,0.390697741675352,0.26648726416230506
2026-04-16,56086.3984375,56086.3984375,56834.25,55898.25,56657.25,402200,0.043315474992388525,-0.05861820476334745,-0.001850863033368455,0.0010558521468254645,0.3793138516861642,0.2664760450148435
2026-04-17,56565.69921875,56565.69921875,56628.69921875,55841.6484375,56072.3984375,290600,0.03955461050134845,-0.05059485915702577,-0.0008041421245752467,0.000526051637738667,0.37826622698387785,0.26718274953664123
2026-04-20,56582.3515625,56582.3515625,57085.1015625,56356.55078125,56704.05078125,596100,0.031094678229098394,-0.058453917934047084,-0.0021394602996804846,-0.006711024254616893,0.3775077362582394,0.2664662103613087
2026-04-21,57371.44921875,57371.44921875,57456.30078125,56696.30078125,56823.6015625,281400,0.03696989769949721,-0.04207456131826215,0.0033755869609324307,-0.0026420549914364377,0.37936677048998574,0.26814351523459096
2026-04-22,57124.44921875,57124.44921875,57438.19921875,57002.1484375,57163.3515625,261900,0.06872554711324397,-0.03837691661501996,0.00890726076246895,-0.004515809288159756,0.35544825519797424,0.26780230599679605
2026-04-23,56305.0,56305.0,56868.69921875,56217.1484375,56608.94921875,336300,0.05386689283174895,-0.042436871038008195,0.008070930070278814,-0.0033054303642529037,0.36085176893784465,0.26858701302750426
2026-04-24,56089.75,56089.75,56460.5,55750.3984375,56170.19921875,241200,0.09043941463224958,-0.05253963220343927,0.028905174812051238,0.0025001722392463677,0.32888664539000945,0.26820147235094766
2026-04-27,56264.30078125,56264.30078125,56474.94921875,55911.1015625,56162.6015625,235500,0.06954865974319824,-0.03777464718352741,0.018035120873305832,0.0003891323801326063,0.32184205540029337,0.2672506972337974
2026-04-28,55400.3515625,55400.3515625,56138.05078125,55263.75,55862.5,292600,0.03150828181909815,-0.06426938240416136,0.0019349223797933135,-0.017410100979810883,0.32157845337296376,0.267535835491332
2026-04-29,55403.6015625,55403.6015625,56178.75,55290.5,55634.5,313100,0.05985698420405816,-0.07039066497575941,0.0003445122721636995,-0.024416979824187446,0.3034843693162469,0.2670636858103865
2026-04-30,54863.3515625,54863.3515625,55111.6015625,54440.25,54880.6484375,299000,0.0912574424128374,-0.08496802115548618,0.01664723608988461,-0.029050983536533126,0.26531303514363136,0.26720219565270226
2026-05-04,54878.5,54878.5,55602.30078125,54723.5,54937.8984375,282600,0.06666553285003385,-0.07938120381185787,0.0031761827867837766,-0.03193575549826322,0.2561816638278807,0.267071953644934
2026-05-05,54547.05078125,54547.05078125,54888.55078125,54221.6484375,54691.30078125,379800,0.05816437413613329,-0.06946466536020746,6.128849077802201e-05,-0.027389459570305585,0.2582792112339147,0.26533127381194327
2026-05-06,55981.05078125,55981.05078125,56078.80078125,54587.19921875,55113.3984375,653300,0.06409440797509336,-0.06762428440371093,0.004764715083819482,-0.013340004707804942,0.26400940010395035,0.26616154149772026
2026-05-07,56047.3984375,56047.3984375,56334.1484375,55783.19921875,56114.0,463500,0.06319016313755244,-0.06956970140521679,0.01116550527956428,-0.013341054238278582,0.26407240539112387,0.26604711239969725
2026-05-08,55310.55078125,55310.55078125,55797.69921875,55062.5,55783.94921875,429500,-0.007061402653735893,-0.07913434797747754,-0.01451225802570355,-0.021938942407840445,0.18495412461915833,0.2671694103691739
2026-05-11,54439.8984375,54439.8984375,55002.44921875,54360.69921875,54832.44921875,486800,-0.006964409835720997,-0.09448769630237064,-0.00867838793337461,-0.021401699872372837,0.18484507870169065,0.2687627807709989
2026-05-12,53555.19921875,53555.19921875,54365.44921875,53457.5,54178.3984375,364400,-0.04216481538200145,-0.11726105785754415,-0.014263272841522623,-0.02108751346503246,0.17714187006930207,0.2694832545467575
2026-05-13,53456.1484375,53456.1484375,54103.8984375,53194.25,53600.3984375,305900,-0.038645812090052245,-0.11826943682613511,-0.020608774503866,-0.02100565607852667,0.1766958100453758,0.26946860650388804
2026-05-14,54128.94921875,54128.94921875,54393.75,53191.6015625,53639.5,311800,-0.03859546658957125,-0.10892030704509925,-0.01624003562178089,-0.021678913799832444,0.17675260411578878,0.2710095643535011
2026-05-15,53710.3515625,53710.3515625,54325.44921875,53628.30078125,54207.75,315100,-0.04236404799013349,-0.11572978877094486,-0.019499407077614217,-0.03188887289279008,0.17784950422586915,0.27124423335216097
2026-05-18,53537.0,53537.0,53667.55078125,52783.44921875,53282.1484375,311800,-0.05354303510043179,-0.11048378020924754,-0.024651906705236648,-0.03898508488183028,0.1733293667815783,0.2708537148954305
2026-05-19,53409.1484375,53409.1484375,53770.6484375,53337.05078125,53553.75,267800,-0.05608114610604209,-0.1237090118099311,-0.025428397521555457,-0.04331458364316543,0.17296522109757154,0.2691535350965868
2026-05-20,53562.19921875,53562.19921875,53640.8984375,52836.1015625,53015.69921875,221400,-0.06639626594538017,-0.12442869162144043,-0.029059953194247146,-0.04410339602844937,0.16297341653216585,0.2690820744611504
2026-05-21,53439.3984375,53439.3984375,54109.1484375,53156.1484375,53963.1015625,285500,-0.06450916957008401,-0.1317838637482186,-0.03483497829937465,-0.047945563273019354,0.16298651958148208,0.2685180675728041
2026-05-22,54055.3515625,54055.3515625,54213.05078125,53483.55078125,53483.8515625,229300,-0.039954683198650254,-0.11004689914192411,-0.021183779844078487,-0.04188374216674173,0.1654809836969297,0.26900749014982134
2026-05-25,55293.6484375,55293.6484375,55405.19921875,54590.69921875,54610.55078125,262400,-0.014193351949331245,-0.09609546136304192,-0.019790066494822844,-0.035889144454404276,0.18697702910836345,0.27309730656229464
2026-05-26,55092.8984375,55092.8984375,55536.80078125,54979.75,55311.80078125,321300,-0.02081963745189508,-0.10073332428781878,-0.01339000084809383,-0.030757017312747825,0.18668097933992162,0.27304407609939935
2026-05-27,54853.8515625,54853.8515625,55221.69921875,54738.6015625,54992.94921875,268100,-0.009864558339191531,-0.10145328523111785,-0.006174362553781454,-0.04176711544372291,0.17931268106416468,0.2730712833943763
2026-05-29,54239.19921875,54239.19921875,55184.44921875,54116.1484375,54748.30078125,1042600,-0.02101672654685549,-0.11146426547014676,0.0050362761414970425,-0.03553961129571337,0.1833115411597557,0.2737346986595837
2026-06-01,53643.1015625,53643.1015625,54582.75,53470.0,54403.8515625,322900,-0.022241623328642213,-0.1233025224445452,0.0033839572766701798,-0.04039126162296047,0.18415490511226207,0.27420792790397275
2026-06-02,53714.6484375,53714.6484375,53933.55078125,53121.8515625,53265.1015625,406400,-0.021207787430414515,-0.11257994618282141,0.005150771043810565,-0.0452570522597161,0.18429966583757706,0.27370502581811906
2026-06-03,54185.94921875,54185.94921875,54299.3515625,53027.1484375,53541.1015625,339100,-0.0066200015826359815,-0.0944808227717957,0.019477712852892126,-0.03576139580012183,0.18645982953520365,0.2738509392828745
2026-06-04,54307.8515625,54307.8515625,54461.0,53829.3984375,53918.8515625,273700,-0.02988867117353955,-0.07569363482412206,0.007693028959858572,-0.03223254461967362,0.15912793751045434,0.2717490665582281
2026-06-05,54496.25,54496.25,54865.5,54140.6015625,54405.19921875,369000,-0.027675654548528716,-0.07720829421407094,0.011785231206829727,-0.02071120952076977,0.1598449828601922,0.27160445336840383
2026-06-08,54063.75,54063.75,54455.19921875,53843.30078125,53853.44921875,299400,-0.022541825449922337,-0.06436986496951969,0.021019716549476763,-0.010078460878177431,0.15571513777812374,0.268621732238901
2026-06-09,55194.5,55194.5,55318.3515625,54242.30078125,54265.0,409700,0.013861186081497223,-0.014732304823301567,0.03795228547163387,0.01797743010402375,0.1637381356376665,0.2649230002523933
2026-06-10,55100.30078125,55100.30078125,55555.8515625,55026.1484375,55110.5,343200,0.028850636073426195,-0.032492958388905424,0.03589104348074079,0.010647247017030015,0.1512533847343384,0.26262957506379425
2026-06-11,55176.75,55176.75,55600.1484375,54753.1484375,54779.6484375,339400,0.03218715924720428,-0.010029469415949399,0.04290788245555288,0.019519885088005506,0.15075987662606452,0.25897191790882323
2026-06-12,56814.80078125,56814.80078125,56867.1015625,55726.55078125,55934.1015625,337400,0.049619503080426286,0.031103848242178822,0.05243505166925111,0.03179126719469938,0.17639579876793343,0.2647678823956135
2026-06-15,57198.80078125,57198.80078125,57804.5,57119.19921875,57679.6484375,350700,0.0649492903558948,0.06400830983264805,0.05605042214158651,0.0336511867107121,0.17276338366748104,0.25978375074315047
2026-06-16,57297.1484375,57297.1484375,57399.69921875,57076.25,57320.1015625,375400,0.07023457492014873,0.05299705739409588,0.05589199985846216,0.028205116328928304,0.17122581109632495,0.2587603232564508
2026-06-17,57585.05078125,57585.05078125,57646.1484375,57222.3984375,57434.05078125,583400,0.07818702349536033,0.0493667683732415,0.05838436371256761,0.027970491271951836,0.16992004568032312,0.2584233732324084
2026-06-18,57963.80078125,57963.80078125,58021.25,57583.19921875,57596.44921875,409600,0.08217738678958453,0.04767645553501043,0.060663375208368064,0.03126622389333189,0.17016560200075398,0.25824820510466595
2026-06-19,57685.75,57685.75,57804.8984375,57464.55078125,57754.94921875,285800,0.07946106592996771,0.07922676844212462,0.06430972592303519,0.035276563718568354,0.17161638570697402,0.24789923453627832
2026-06-22,57935.6015625,57935.6015625,58009.1015625,57720.1015625,57906.8984375,293500,0.07178290192995163,0.0843870420568349,0.05561043492037454,0.041625987713241,0.16925748789388814,0.24795070815249798
2026-06-23,57183.75,57183.75,57970.8984375,57078.44921875,57886.75,267200,0.03418297789910607,0.11170784103114939,0.04282155178792313,0.05345396172353434,0.1629260098589395,0.2360668109329882
2026-06-24,58150.3515625,58150.3515625,58256.3515625,57074.8984375,57074.8984375,283200,0.05549632006507199,0.1054012884488551,0.05098212211988917,0.0569886393554031,0.17003119509885745,0.23421821400016732
2026-06-25,58177.05078125,58177.05078125,58706.05078125,58109.8515625,58493.8515625,296500,0.06058278724445776,0.0832081024787199,0.05435663285370396,0.051047442816887445,0.16823465747514374,0.23082859280965543
2026-06-29,57727.3515625,57727.3515625,58318.05078125,57637.25,58191.44921875,529800,0.06431054281760451,0.10430973813316657,0.04738748222795164,0.054937689109040067,0.1647286143870166,0.22397991009140547
2026-06-30,57542.8984375,57542.8984375,58011.94921875,57456.6484375,58011.94921875,398700,0.07269894471810723,0.14455486931732975,0.052036127123125775,0.0758467013325248,0.1579928923659695,0.2076507626368896
2026-07-01,58033.05078125,58033.05078125,58134.1484375,57487.8515625,57573.3515625,260500,0.08039524541940746,0.12798008390344306,0.058154195375901274,0.06949312234786698,0.15872326450278249,0.2035148525650838
2026-07-02,58031.6484375,58031.6484375,58396.1015625,57884.6015625,58134.5,273300,0.07097225893791803,0.12576247605422042,0.03806989274232864,0.061367935699573994,0.1582037783637028,0.20355742719948988
2026-07-03,57938.5,57938.5,58343.25,57799.05078125,58343.25,326300,0.06685310379700216,0.10130183331811193,0.03037041101677218,0.044588779020331204,0.1591737707148037,0.20003013222777846
2026-07-06,58291.5,58291.5,58477.30078125,57938.6484375,57983.8984375,284400,0.06964240658760934,0.10575960922865346,0.024122481814858432,0.04925039910498841,0.15949277631723133,0.2002381176700242
2026-07-07,58200.69921875,58200.69921875,58581.1015625,58110.1015625,58567.8515625,261900,0.07651983480150748,0.044822729670373374,0.021349691708050678,0.028097982316682035,0.15501157510083996,0.1664587196359466
2026-07-08,56742.6015625,56742.6015625,58075.6015625,56549.3984375,57918.25,304900,0.02804811281015329,0.035039088009388486,0.0005139750760190243,0.030540634853262638,0.17315239144648156,0.17152832561501022
2026-07-09,57252.44921875,57252.44921875,57464.19921875,56867.30078125,56871.0,231600,0.03905874209369742,0.023960531698941745,0.006844518601190952,0.027611119607393597,0.17475181147932667,0.16777834999168434
2026-07-10,58045.8984375,58045.8984375,58251.94921875,57576.69921875,57592.5,235600,0.051999228615313475,0.043896150115072974,0.006868460495701445,0.028618905596014654,0.17970716057749891,0.16952038039059336
2026-07-13,58131.44921875,58131.44921875,58219.8984375,57492.05078125,57616.69921875,210300,0.02317439152113554,0.03249443448026712,-0.0017209261430914946,0.0333322261214698,0.14942555312467987,0.16775702837295417
2026-07-14,57462.30078125,57462.30078125,57840.05078125,57286.8984375,57832.55078125,206800,0.004606739938617377,0.024531836275478502,-0.003700094054152947,0.03051194594929829,0.15439587585972062,0.16936080252623892
2026-07-15,57757.8515625,57757.8515625,58148.80078125,57545.19921875,57643.75,231000,0.008040594297682002,0.02107553447080579,0.004316010145259508,0.03236960750847406,0.15530451903434647,0.16881072907296343
2026-07-16,57582.25,57582.25,57931.30078125,57420.1484375,57831.1015625,171400,-4.86372975625482e-05,0.017671560299071798,0.0004889937104639586,0.029660126371017004,0.15476370293946617,0.16895388426136718
2026-07-17,58521.3984375,58521.3984375,58596.8515625,57542.1484375,57662.0,251900,0.009619756619382525,0.020043928372201147,0.0027387246245960117,0.02990285238838497,0.16368382234631818,0.16981712696113238
2026-07-20,57945.0,57945.0,58111.0,57533.1015625,57738.25,540500,0.004494177504843044,0.014364265957433009,-0.004892382093527159,0.020090701225640495,0.16683111398965622,0.17085189210528673
2026-07-21,57835.3515625,57835.3515625,58228.6484375,57803.8515625,57853.75,312600,-0.0017303695361107208,0.027179674318444258,-0.005248569700850303,0.02657369215952854,0.16626427053357512,0.1681585087075193
2026-07-22,57126.80078125,57126.80078125,57824.0,56970.6015625,57768.3984375,308500,-0.0009958986381620738,0.018489131815527804,-0.008221791471369477,0.01437577546221891,0.16552182581490174,0.1699733314445527
2026-07-23,56592.0,56592.0,56930.1484375,56374.75,56796.94921875,194900,-0.026798661067854113,0.005824283145791975,-0.020468921904331028,0.01508433355979344,0.15606282567057558,0.17102354305081574
2026-07-24,56693.5,56693.5,56831.44921875,56023.6015625,56169.3984375,218000,-0.02550061856569974,0.02334188143266802,-0.01350565758922817,0.03285400266402805,0.15634015217030955,0.1679420009050047
2026-07-27,57087.19921875,57087.19921875,57330.05078125,56928.6484375,57116.80078125,398400,-0.011089238054805328,0.0303878738704515,-0.013164686976870454,0.03790312737686563,0.15696757351164084,0.16847302565281566
2026-07-28,56755.6015625,56755.6015625,57054.19921875,56672.3984375,56883.55078125,282600,-0.013681912040894528,0.034490237036364,-0.018693261333290523,0.03499867108391408,0.15782803760346237,0.1676303372575534
2026-07-29,57205.8984375,57205.8984375,57315.94921875,56939.3515625,57126.6015625,176200,-0.014253125290067392,0.042410022823145654,-0.02443187810869596,0.03698289876647487,0.15739438438910805,0.168301482688896
2026-07-30,57147.5,57147.5,57236.6484375,56768.6015625,57127.05078125,202900,-0.015235625065040614,0.047673507210840516,-0.021086590143448602,0.0358417772363282,0.1573759008167396,0.16775429848162512
2026-07-31,57264.8515625,57264.8515625,57411.25,57139.6015625,57225.8984375,158800,-0.011626956816279344,0.022932773917848426,-0.016272447263241285,0.020768847218908704,0.15765269140800597,0.15937735307262652
2026-08-03,58247.94921875,58247.94921875,58247.94921875,57465.94921875,57569.6015625,152700,-0.0007471206136400177,0.039262318012920794,-0.014825968332749628,0.02086067276226533,0.16822088931391577,0.16298379508348418
2026-08-04,57907.19921875,57907.19921875,58068.94921875,57352.6484375,58068.94921875,168700,-0.00504289474078079,0.04694671090457203,-0.013904070901715304,0.02879866032948386,0.16942851670069428,0.16099203635512604
2026-08-05,57739.94921875,57739.94921875,57931.8515625,57456.3515625,57810.05078125,240400,0.017576699495377435,0.06061823912178377,-0.013517766226051275,0.02665762908620395,0.14175519973684786,0.1574236571011334
2026-08-06,58063.6484375,58063.6484375,58076.8515625,57714.69921875,57815.0,211700,0.01416881251054547,0.08418322188168736,-0.013924698965656956,0.03044184633063729,0.13970634184910055,0.15346204151167314
2026-08-07,57746.44921875,57746.44921875,57994.44921875,57686.55078125,57882.0,180000,-0.005158835108262205,0.08025832213232009,-0.020185542126930023,0.03079560545107274,0.1323512399766241,0.15396404701740016
2026-08-10,57686.94921875,57686.94921875,58015.8515625,57527.75,57812.30078125,172000,-0.007646463419952565,0.06573192443882747,-0.023044455293481092,0.027985352668103092,0.13221515082307722,0.1522401069907414
2026-08-11,57446.25,57446.25,57607.25,57158.1015625,57604.3515625,162300,-0.00027932715940326425,0.06955639516067458,-0.01772683886294346,0.0345277733935927,0.12638790391274157,0.15152859497096982
2026-08-12,57885.8515625,57885.8515625,57885.8515625,57254.0,57391.80078125,269700,0.0022161489137366708,0.08123076680613406,-0.012629012485436908,0.04799602314009488,0.12803284375202117,0.15182942092397023
2026-08-13,57635.25,57635.25,57799.1484375,57548.6015625,57799.1484375,144700,0.0009204225260388554,0.07912692274892619,-0.012501376370015915,0.046192313155607456,0.1285371102494439,0.15208399905968986
2026-08-14,57491.1015625,57491.1015625,57681.44921875,57380.44921875,57589.75,144900,-0.017605472570863867,0.07335214761634812,-0.018908128399562463,0.04346922779725171,0.11368778625968017,0.15224151421199345
2026-08-17,57497.80078125,57497.80078125,57757.25,57119.6015625,57418.30078125,155600,-0.007717649818793637,0.07594401251534477,-0.009745431679263561,0.04918606619686905,0.10860509256395771,0.15208653272674838
2026-08-18,57262.3984375,57262.3984375,57584.69921875,57217.6015625,57325.55078125,129700,-0.009906624746299553,0.059328943061112804,-0.008550612013200287,0.040964168593589756,0.1092921941115199,0.15095090918816606
2026-08-19,57239.75,57239.75,57356.8515625,57001.75,57260.6484375,139400,0.0019771668849881685,0.03519575245065876,-0.0014421499353483025,0.03325658193775394,0.09997328399918717,0.14403827708160377
2026-08-20,57495.8984375,57495.8984375,57702.94921875,57431.80078125,57507.6484375,135300,0.015972194612312585,0.04361723685178909,0.0007959869704499134,0.030313130794640486,0.0944552025113311,0.14398297712291802
2026-08-21,57761.94921875,57761.94921875,57772.44921875,57481.55078125,57613.19921875,147500,0.01884606204855932,0.05301537765195108,-0.0015410975826786188,0.038590839229746265,0.09537935142264395,0.14380943701350554
2026-08-24,57525.94921875,57525.94921875,57873.75,57245.94921875,57828.1484375,148600,0.007685610890083572,0.060597317942404194,-0.001611856797740785,0.03208925321222833,0.09421595214262954,0.14196465438078637
2026-08-25,57514.19921875,57514.19921875,57653.8515625,57231.25,57360.6484375,198900,0.013366040273833146,0.07216394174635399,-0.0011928958084872487,0.03145199406824695,0.09137313553468263,0.13976156707128926
2026-08-26,57783.75,57783.75,57996.05078125,57611.8515625,57628.6484375,170600,0.010101258406619129,0.07575403881186382,0.011851727273579193,0.044915464803361616,0.08866017411644918,0.1399468771479163
2026-08-27,57509.94921875,57509.94921875,58012.3984375,57509.94921875,57985.0,193600,0.0063423460125113795,0.06134431615437674,0.01564856724381347,0.032067134136551934,0.09047914033360759,0.1395807198905093
2026-08-28,57496.30078125,57496.30078125,57596.3984375,57264.0,57429.75,165000,0.00404173262367391,0.05871064914215185,0.012569973821911384,0.026293423545339145,0.09026143487611014,0.13957818473363223
2026-08-31,58024.94921875,58024.94921875,58024.94921875,57187.3515625,57353.75,309200,-0.0038284609671410674,0.06475123001582683,0.024180417941367494,0.034207713141936935,0.07359527885406886,0.14049952237533464
2026-09-01,57409.6015625,57409.6015625,57766.25,57150.69921875,57560.30078125,198500,-0.008593018881301373,0.061887152898198794,0.014120849568393545,0.021546332881332564,0.08017268116331688,0.14134349559871445
2026-09-02,57172.0,57172.0,57221.1015625,56823.19921875,57006.44921875,198900,-0.009836330416542305,0.03582784516573212,0.019004735775625226,0.006899752580508123,0.08080480866854955,0.13560923200360347
2026-09-03,57380.6015625,57380.6015625,57753.6015625,57380.6015625,57497.8515625,213200,-0.011763760862103512,0.041384543258717654,0.01918894173775032,0.013019200143163934,0.07913758940833662,0.13566578537967455
2026-09-04,57369.6484375,57369.6484375,57677.1484375,57324.55078125,57492.6484375,133200,-0.006525090050517823,0.03974316061565797,0.02086332503725563,0.007962125549450638,0.07700445759081274,0.13566900896058376
2026-09-07,57088.30078125,57088.30078125,57426.8515625,57002.94921875,57343.30078125,130200,-0.010377536784445196,0.0048138864563309625,0.022353382156238055,-0.0018004579897901163,0.07869181186506136,0.12231202058141492
2026-09-08,56777.55078125,56777.55078125,57044.0,56720.44921875,56990.3984375,145800,-0.01164043290467176,-0.007364664892381634,0.022545979812186312,0.001807871995380017,0.07960470997136933,0.12203042978347768
2026-09-09,56295.55078125,56295.55078125,56743.05078125,56295.55078125,56498.8515625,186000,-0.027473048047551574,-0.017480759227355702,0.013632341792564562,0.005765182439796068,0.07814367363721823,0.12317069028029437
2026-09-10,56471.94921875,56471.94921875,56575.1484375,56231.8515625,56262.75,182900,-0.020183842028099086,-0.01932969663825379,0.017447510961230983,0.005909281561173763,0.07890187930170549,0.12288426821916504
2026-09-11,56606.55078125,56606.55078125,56645.8515625,55699.44921875,55970.1484375,358500,-0.015385872895275488,-0.023415476240458033,0.024337528181019308,0.008440713374942455,0.07958509171872413,0.122181604729171
2026-09-15,55794.75,55794.75,56996.3515625,55794.75,56884.25,253200,-0.0296194073183641,-0.03278105944709053,0.018514140490824227,0.004469441927200002,0.09306436181745883,0.12522651018062347
2026-09-16,56292.44921875,56292.44921875,56368.69921875,55812.19921875,56007.6484375,335500,-0.01693867608093058,-0.028361703329815136,0.021865076619030255,0.008368348527111769,0.099447054595502,0.1263285444559289
2026-09-17,56055.75,56055.75,56570.44921875,56038.5,56126.6015625,187800,-0.02068492612214412,-0.019725883664502564,0.012859848453641742,0.0035068936104124537,0.10013466055724325,0.12384119994895204
2026-09-18,56358.69921875,56358.69921875,56497.44921875,56073.55078125,56172.8515625,237800,-0.019778788568478034,-0.030810688080266102,0.016761930898823052,-0.0027006294864764246,0.1008608272102431,0.11924422474140571
