Date,Adj Close,Close,High,Low,Open,Volume,Return_20D,Return_60D,Relative_Strength_20D,Relative_Strength_60D,Volatility_20D,Volatility_60D
2019-01-02,8839.9501953125,8839.9501953125,8884.099609375,8765.2998046875,8856.0,17507000,,,,,,
2019-01-03,8722.2998046875,8722.2998046875,8867.5498046875,8704.5,8856.5,17524000,,,,,,
2019-01-04,8788.0498046875,8788.0498046875,8804.0498046875,8683.7998046875,8744.7001953125,14335000,,,,,,
2019-01-07,8732.650390625,8732.650390625,8847.150390625,8711.5,8840.599609375,11250000,,,,,,
2019-01-08,8864.75,8864.75,8873.150390625,8754.150390625,8764.099609375,24541000,,,,,,
2019-01-09,8906.7001953125,8906.7001953125,8930.4501953125,8831.7998046875,8898.5,18627000,,,,,,
2019-01-10,8934.7998046875,8934.7998046875,8945.25,8866.349609375,8878.7001953125,14214000,,,,,,
2019-01-11,8902.4501953125,8902.4501953125,8968.650390625,8867.4501953125,8943.599609375,14555000,,,,,,
2019-01-14,8949.2998046875,8949.2998046875,8961.25,8879.7001953125,8915.7001953125,15814000,,,,,,
2019-01-15,9027.5,9027.5,9035.400390625,8958.599609375,8984.9501953125,12386000,,,,,,
2019-01-16,9054.2001953125,9054.2001953125,9069.5,8989.75,9019.400390625,15568000,,,,,,
2019-01-17,8930.5,8930.5,9097.5498046875,8905.400390625,9069.599609375,17945000,,,,,,
2019-01-18,8689.599609375,8689.599609375,8912.5498046875,8616.849609375,8911.75,95831000,,,,,,
2019-01-21,8734.7001953125,8734.7001953125,8833.7001953125,8694.2001953125,8694.2001953125,58197000,,,,,,
2019-01-22,8892.599609375,8892.599609375,8903.2998046875,8783.0498046875,8791.849609375,46973000,,,,,,
2019-01-23,8946.2001953125,8946.2001953125,8969.5,8855.099609375,8905.2001953125,35863000,,,,,,
2019-01-24,8894.5,8894.5,9001.0498046875,8845.9501953125,8956.4501953125,26561000,,,,,,
2019-01-25,8891.0,8891.0,8960.650390625,8851.75,8928.7998046875,23387000,,,,,,
2019-01-28,8663.900390625,8663.900390625,8886.150390625,8638.25,8886.150390625,19762000,,,,,,
2019-01-29,8756.900390625,8756.900390625,8786.5498046875,8562.349609375,8635.150390625,19234000,,,,,,
2019-01-30,8734.599609375,8734.599609375,8784.0,8692.900390625,8771.5,13831000,-0.011917554240674755,,0.00111929498911445,,0.1925751154007088,
2019-01-31,8825.349609375,8825.349609375,8866.5498046875,8713.7998046875,8748.4501953125,27553000,0.011814522201142319,,-0.0030558374055478232,,0.19006592890100135,
2019-02-01,8969.5498046875,8969.5498046875,8991.9501953125,8806.400390625,8810.650390625,13284000,0.02065304635656351,,0.005150542261361357,,0.1966603499810949,
2019-02-04,8811.900390625,8811.900390625,8998.25,8772.900390625,8992.099609375,16734000,0.009075137152528168,,-0.003963556274672486,,0.2062481744729285,
2019-02-05,8800.599609375,8800.599609375,8887.4501953125,8764.5,8828.5,16548000,-0.007236570757776617,,-0.019474802403276925,,0.19897131225631026,
2019-02-06,8906.900390625,8906.900390625,8955.0,8703.400390625,8803.400390625,27887000,2.2476934005810634e-05,,-0.0190744307298929,,0.2030785383213008,
2019-02-07,9056.150390625,9056.150390625,9088.5498046875,8937.9501953125,8937.9501953125,39478000,0.01358179126451553,,-0.009316928905774624,,0.211308441956298,
2019-02-08,8984.849609375,8984.849609375,9060.7998046875,8921.599609375,9060.7998046875,21851000,0.009255812978980371,,-0.0045144602851843185,,0.2130019283744044,
2019-02-11,8838.0,8838.0,8957.2998046875,8772.599609375,8924.9501953125,17150000,-0.012436705341931087,,-0.02651808300668279,,0.2203602606237293,
2019-02-12,8904.9501953125,8904.9501953125,8948.0498046875,8795.25,8839.900390625,19299000,-0.01357516529354752,,-0.008486487715528068,,0.21975000017225962,
2019-02-14,8920.900390625,8920.900390625,8944.650390625,8809.7001953125,8835.5,19214000,-0.014722427361006596,,-0.0014766946826545446,,0.21953328612406323,
2019-02-15,8643.2998046875,8643.2998046875,8893.4501953125,8252.099609375,8890.9501953125,35522000,-0.03215947542830744,,-0.015580247037322414,,0.24161284755397752,
2019-02-18,8573.9501953125,8573.9501953125,8744.25,8560.5,8703.599609375,19995000,-0.013308946241634478,,0.011079172823429073,,0.2234035725238096,
2019-02-19,8552.7001953125,8552.7001953125,8636.9501953125,8539.75,8611.099609375,16696000,-0.020836433527240072,,0.011776675823781502,,0.2223969617287201,
2019-02-20,8606.349609375,8606.349609375,8621.0,8551.4501953125,8600.9501953125,14220000,-0.03218968722017146,,-0.015042008779531546,,0.2128519853124714,
2019-02-21,8706.349609375,8706.349609375,8721.9501953125,8606.0498046875,8632.25,13874000,-0.02681033072154737,,-0.022965028535792853,,0.2163728447416322,
2019-02-22,8772.599609375,8772.599609375,8778.400390625,8698.849609375,8718.599609375,13066000,-0.013705142574062634,,-0.008345650683956318,,0.21793884662960503,
2019-02-25,8816.2001953125,8816.2001953125,8858.2001953125,8738.099609375,8795.349609375,17237000,-0.00841297994460688,,-0.017647184738523336,,0.21886124414112668,
2019-02-26,8829.4501953125,8829.4501953125,8869.7998046875,8659.099609375,8733.9501953125,16631000,0.01910799954101927,,0.002811119332889689,,0.19713028840649752,
2019-02-27,8866.2001953125,8866.2001953125,8975.400390625,8799.4501953125,8859.5498046875,23524000,0.01248156308875159,,-0.0020178072272949432,,0.19419767475090502,
2019-02-28,8884.849609375,8884.849609375,8934.400390625,8871.400390625,8918.9501953125,27134000,0.01720170433899848,,0.003992650668032782,,0.193892217364347,
2019-03-01,8972.650390625,8972.650390625,8993.7998046875,8882.2001953125,8909.0,16222000,0.0166906454440654,,0.01368538698561661,,0.19357415989051815,
2019-03-05,9054.650390625,9054.650390625,9066.400390625,8937.900390625,8975.2001953125,16054000,0.009487720988295978,,0.0008772184180809717,,0.18763610294320845,
2019-03-06,9155.0,9155.0,9193.0498046875,9026.599609375,9088.4501953125,23513000,0.03893593823870556,,0.026037590052034654,,0.1781562252786735,
2019-03-07,9045.650390625,9045.650390625,9209.150390625,9021.5,9129.650390625,24337000,0.027844782415615832,,0.016518037765772986,,0.1846623680887444,
2019-03-08,9021.849609375,9021.849609375,9085.2001953125,9007.7998046875,9038.849609375,15833000,0.012905636496282069,,0.015350827589568294,,0.1807525146790592,
2019-03-11,9155.0498046875,9155.0498046875,9168.4501953125,9047.150390625,9052.9501953125,14435000,0.010920690337130612,,0.002008788103830872,,0.17857388493092763,
2019-03-12,9274.7998046875,9274.7998046875,9345.099609375,9202.7001953125,9212.599609375,24788000,0.03227101263998455,,-0.0004056749858269981,,0.1808566097652674,
2019-03-13,9100.25,9100.25,9318.150390625,9070.599609375,9298.7001953125,21196000,0.02967300294184194,,-0.011920230357390205,,0.18438231040634384,
2019-03-14,9184.900390625,9184.900390625,9209.2001953125,9077.349609375,9102.099609375,20140000,0.031437592481972976,,-0.015818495458236992,,0.18522997704819757,
2019-03-15,9221.75,9221.75,9256.25,9178.599609375,9203.9501953125,22485000,0.03372413054753576,,-0.029629363718843837,,0.1854349937550243,
2019-03-18,9204.9501953125,9204.9501953125,9240.900390625,9133.7998046875,9224.0498046875,15522000,0.06498101457968652,,-0.0038153542441095034,,0.13884093902075673,
2019-03-19,9244.599609375,9244.599609375,9312.2001953125,9216.2998046875,9230.7001953125,15987000,0.07821942031213958,,-0.00555601129407135,,0.13239451455954035,
2019-03-20,9264.5,9264.5,9300.7998046875,9231.650390625,9259.2998046875,12715000,0.08322515561548838,,-0.0032205227222072974,,0.13050316885116134,
2019-03-22,9199.349609375,9199.349609375,9338.2998046875,9188.099609375,9298.5,14419000,0.06890261573316026,,0.0017000129370974282,,0.13589257302026694,
2019-03-25,9170.150390625,9170.150390625,9181.7998046875,9081.5498046875,9159.9501953125,14738000,0.053271554906384466,,0.0009630973228229589,,0.13412221673100563,
2019-03-26,9245.0,9245.0,9259.7001953125,9164.400390625,9210.599609375,13186000,0.0538495328249291,,-0.010237014120273225,,0.13440651582230115,
2019-03-27,9148.7998046875,9148.7998046875,9322.0498046875,9120.2998046875,9267.400390625,14889000,0.03772595925757671,,-0.014199134776093914,,0.1417928169296242,
2019-03-28,9199.400390625,9199.400390625,9235.25,9126.900390625,9172.2001953125,26760000,0.04189957326096061,,-0.02590659810078222,,0.14237610180081448,
2019-04-01,9375.400390625,9375.400390625,9416.9501953125,9353.650390625,9367.599609375,18363000,0.057431614907783146,,-0.022380349838317715,,0.1544496356902306,
2019-04-02,9296.9501953125,9296.9501953125,9425.9501953125,9272.400390625,9419.25,12633000,0.04638239295605695,0.051697123841526915,-0.03892686767053566,-0.033612136785065694,0.1594911869181268,0.1805324273468275
2019-04-03,9180.2998046875,9180.2998046875,9341.25,9163.5,9312.25,14753000,0.023142483549728032,0.052509087082040384,-0.04869902197910703,-0.03854014764470426,0.1651832901474619,0.18027920259949604
2019-04-04,9263.400390625,9263.400390625,9278.7001953125,9181.650390625,9193.2998046875,15405000,0.023054451689944466,0.05409056576852245,-0.032513472972683255,-0.027071177097031995,0.16512861467451717,0.18054207469041056
2019-04-05,9271.5498046875,9271.5498046875,9332.099609375,9259.4501953125,9314.2998046875,17343000,0.012730726891043043,0.061710865539863935,-0.04272482321413196,-0.02129758307945573,0.16095007075009526,0.17991724052662605
2019-04-08,9243.900390625,9243.900390625,9329.400390625,9219.0,9292.099609375,11970000,0.021916610905664546,0.042770567768408485,-0.02748562409086519,-0.031506273449368516,0.1546047281446674,0.17769614950912482
2019-04-09,9333.2998046875,9333.2998046875,9349.849609375,9207.4501953125,9231.9501953125,13960000,0.0345217675751166,0.047896482425614284,-0.023160761572468713,-0.027348887310849834,0.15680246511805013,0.17845288874212312
2019-04-10,9407.900390625,9407.900390625,9520.2998046875,9305.5,9308.2001953125,19982000,0.027618701299477078,0.05295032863403337,-0.00965280153938819,-0.017529103505717458,0.1511631001014476,0.17899739897372063
2019-04-11,9391.150390625,9391.150390625,9422.0,9355.900390625,9386.75,13254000,0.012544808339549851,0.05489502154921588,-0.013602856943166541,-0.019375816712561722,0.14505746683269435,0.17883970751706102
2019-04-12,9426.4501953125,9426.4501953125,9448.4501953125,9383.75,9398.25,18468000,0.035845190551083705,0.05331706402048075,0.00923983202426304,-0.031045420975383875,0.1253848347466388,0.1787101661426833
2019-04-15,9417.75,9417.75,9447.4501953125,9358.75,9431.7998046875,10236000,0.025351348351329905,0.04322902243145932,-0.005248313066253285,-0.030580528502095694,0.12248465106121877,0.1779950664906454
2019-04-16,9417.7998046875,9417.7998046875,9474.099609375,9410.2001953125,9460.099609375,11477000,0.021259501145389992,0.04015811463537555,-0.010271567658945768,-0.042195043865501436,0.12211482870069565,0.1779385707128897
2019-04-18,9409.900390625,9409.900390625,9450.9501953125,9338.650390625,9442.5498046875,11801000,0.02226521501624945,0.053681248600302434,-0.003087649566751116,-0.02404310255276787,0.12185715711712133,0.17542116552103013
2019-04-22,9285.4501953125,9285.4501953125,9410.650390625,9260.9501953125,9392.25,8009000,0.004418859405882047,0.06857054556284181,-0.0009616166949948379,0.005537343092047786,0.1313917114857193,0.16798004562390392
2019-04-23,9388.7998046875,9388.7998046875,9422.0,9290.5498046875,9294.0,17093000,0.013416785005936571,0.07488518148865886,0.008651560347098464,0.01886356033703329,0.13683029447485096,0.16902078030098727
2019-04-24,9459.0,9459.0,9474.599609375,9358.349609375,9383.400390625,12745000,0.028224863892594376,0.06369345472699273,0.004723743099022348,-0.009859486668260198,0.13565395839421768,0.16593341401615036
2019-04-25,9442.5498046875,9442.5498046875,9534.5498046875,9423.5,9435.4501953125,21485000,0.029705010546063004,0.05548161214132796,0.004379709034514567,-0.019327952987001407,0.13510609943428226,0.16569987016840254
2019-04-26,9461.7001953125,9461.7001953125,9578.400390625,9440.150390625,9493.599609375,21921000,0.023439718259870235,0.06376976730704365,-0.00019473980949169523,-0.019628138850319,0.13283024496595774,0.165124252636948
2019-04-30,9402.5,9402.5,9471.849609375,9307.2001953125,9468.599609375,21185000,0.02773043467215386,0.057530086604431485,0.001247318293458921,-0.032224202691349735,0.12874395600312913,0.16577976646185147
2019-05-02,9291.2998046875,9291.2998046875,9419.7001953125,9271.849609375,9379.150390625,17481000,0.009989717825104494,0.07241535402939236,-0.0033853902129248326,-0.02730750191459519,0.1359391460834624,0.15843845843153798
2019-05-03,9220.4501953125,9220.4501953125,9324.2001953125,9193.0498046875,9307.349609375,15816000,-0.01652731497925608,0.05293537484836186,-0.0202207809071292,-0.046579259241408044,0.11989410539568658,0.15819179793304142
2019-05-06,9189.75,9189.75,9226.849609375,9110.9501953125,9121.349609375,15766000,-0.011530684048038697,0.05210890149291769,-0.0017169530952882983,-0.03674464557581336,0.11696418376082059,0.1582722505680935
2019-05-07,9148.2001953125,9148.2001953125,9229.7998046875,9126.849609375,9215.4501953125,14306000,-0.003496575281627501,0.03658218656794543,0.009046402164831768,-0.02499599293482313,0.1091764735060693,0.15739533022540278
2019-05-08,9003.349609375,9003.349609375,9146.75,8973.400390625,9144.099609375,16197000,-0.028072928976834888,0.003768283294423025,-0.0075047444029859856,-0.03899055217255354,0.11701086333744651,0.15757623065565715
2019-05-09,8976.900390625,8976.900390625,9011.599609375,8881.599609375,8963.5498046875,16034000,-0.031779952679921064,0.018724678297038277,-0.0005651450964531124,-0.016973716139260464,0.11679932684287514,0.1532994719725754
2019-05-10,8944.599609375,8944.599609375,9012.75,8914.9501953125,8964.7001953125,12716000,-0.03237819195385805,0.016362521463492152,-0.004320144698482964,-0.015148340504428148,0.11691615523752072,0.1534761917706988
2019-05-13,8553.5,8553.5,8906.400390625,8244.650390625,8904.7998046875,36660000,-0.08355027921591651,-0.03967714638382769,-0.03867774367251264,-0.04742859371114183,0.18607308318397242,0.17714148070381525
2019-05-14,8683.900390625,8683.900390625,8762.2001953125,8516.099609375,8573.650390625,30903000,-0.07695659710868841,-0.04110466190859152,-0.04568582493362627,-0.05489487715744845,0.19394414043241867,0.17654645426679888
2019-05-15,8595.75,8595.75,8756.5498046875,8562.75,8690.7001953125,22504000,-0.08469680044939254,-0.04330619056428109,-0.04678082539553785,-0.06280620867917874,0.19496534099307716,0.17700933960965512
2019-05-16,8577.349609375,8577.349609375,8606.7998046875,8293.0498046875,8592.099609375,53500000,-0.09007638807233431,-0.029492010706607785,-0.056894592345407946,-0.06331573887625896,0.19279714876884954,0.1739763068180675
2019-05-17,8448.9501953125,8448.9501953125,8542.7001953125,8387.900390625,8540.900390625,32723000,-0.1028695606368294,-0.05120747337138787,-0.07864451791245353,-0.10436311153783717,0.19562974364877256,0.17567939173717306
2019-05-20,8505.9501953125,8505.9501953125,8675.2998046875,8415.25,8640.0,23975000,-0.09682193593891719,-0.046514384999587266,-0.10030875064925537,-0.14722117633052245,0.19951936290691694,0.17628913383874928
2019-05-21,8488.25,8488.25,8725.7998046875,8471.599609375,8517.0,26575000,-0.09794475524344892,-0.017938728054233688,-0.09422647568124021,-0.10975730838351716,0.19921633026109828,0.16421379573014014
2019-05-22,8510.849609375,8510.849609375,8584.9501953125,8413.2998046875,8498.0498046875,24917000,-0.0834208971718502,-0.007359569918192199,-0.09579321262415985,-0.11044718664209363,0.19860636051664013,0.1635194821626174
2019-05-23,8497.599609375,8497.599609375,8626.099609375,8472.2001953125,8613.2998046875,25849000,-0.09492163150262878,-0.006442478361126103,-0.10192750212289459,-0.10571308279139102,0.19049194145080678,0.16347354012728776
2019-05-24,8608.4501953125,8608.4501953125,8620.2001953125,8515.650390625,8529.400390625,15482000,-0.08991963259197588,0.0002440739724554053,-0.09997828055578684,-0.10302587688126641,0.19618356603321482,0.16515753779315065
2019-05-27,8525.0,8525.0,8607.4501953125,8493.4501953125,8593.7998046875,20507000,-0.09717182579561368,-0.020829580422514038,-0.12147650377148567,-0.12601180554258584,0.19663189302127623,0.16456232996573253
2019-05-28,8513.849609375,8513.849609375,8599.150390625,8492.400390625,8552.349609375,46666000,-0.1001776178035193,-0.029495247876522468,-0.11498874391866554,-0.13486371036515443,0.19537876637467053,0.16373871390558922
2019-05-29,8484.650390625,8484.650390625,8567.0498046875,8431.599609375,8554.5,53112000,-0.09761761333421959,-0.03760688248252142,-0.10723182620981697,-0.12777149817728095,0.19544642365011827,0.16344724815340372
2019-05-30,8474.7001953125,8474.7001953125,8531.2998046875,8459.7998046875,8479.650390625,29266000,-0.08788862985166213,-0.04017803964603983,-0.10675047258818093,-0.1426764112607357,0.1942291327183723,0.16338953932305317
2019-05-31,8455.099609375,8455.099609375,8544.25,8403.599609375,8503.2998046875,21532000,-0.08300577192278413,-0.04636716709316424,-0.10098265976990994,-0.14965073542538154,0.19403986770423204,0.16310918742371502
2019-06-03,8536.599609375,8536.599609375,8547.349609375,8371.9501953125,8459.849609375,19182000,-0.07107379315269735,-0.03919593637606855,-0.11334739517778736,-0.15928394236981425,0.20024857629141274,0.16439419570260422
2019-06-04,8432.9501953125,8432.9501953125,8602.0498046875,8342.849609375,8524.7998046875,16639000,-0.0781847778502367,-0.0601494733235568,-0.12373657271767602,-0.16675879726381537,0.2025236912721195,0.16458948667394888
2019-06-06,8279.099609375,8279.099609375,8466.5,8262.099609375,8464.349609375,19430000,-0.08044228330818715,-0.08565220608108615,-0.12307637178610908,-0.16358655749710593,0.20460925211124714,0.16699513978737668
2019-06-07,8179.60009765625,8179.60009765625,8289.849609375,8096.5498046875,8274.7001953125,23026000,-0.0888168809137515,-0.10654286208014752,-0.13914962399610253,-0.18051828871771203,0.20643637750744176,0.166313707682907
2019-06-10,8246.7001953125,8246.7001953125,8265.400390625,8185.39990234375,8215.0498046875,16512000,-0.0780246679047566,-0.08832423991762273,-0.13510468301178113,-0.1665015187451897,0.2113989474247156,0.1662028670868017
2019-06-11,8243.5,8243.5,8277.2998046875,8114.5,8237.849609375,31241000,-0.03624247384111767,-0.0862738399636126,-0.10956367365292163,-0.17056613438187773,0.14714658734466152,0.16620350603390574
2019-06-12,8179.14990234375,8179.14990234375,8262.599609375,8137.2998046875,8243.900390625,21120000,-0.05812485928859468,-0.10659689714020748,-0.1190896921428587,-0.17269173048480624,0.13400044266744318,0.16322835663613425
2019-06-13,8148.5498046875,8148.5498046875,8193.7001953125,8062.5498046875,8163.4501953125,16851000,-0.052025733102114446,-0.12143119244803446,-0.1198799774946483,-0.17565991141446746,0.13132706019573478,0.16029200189394427
2019-06-14,8083.5498046875,8083.5498046875,8142.9501953125,7954.60009765625,8138.0498046875,26955000,-0.05757020841820171,-0.11172222689623912,-0.10786737331500729,-0.1541849618549752,0.13265791512604166,0.1569066636235006
2019-06-17,7975.25,7975.25,8131.2001953125,7962.5,8098.2998046875,17733000,-0.056066160216604155,-0.13169989212508892,-0.079297203108595,-0.16069514398191997,0.13083411333281997,0.15687600380938901
2019-06-18,7916.9501953125,7916.9501953125,8032.35009765625,7878.7998046875,7980.14990234375,17433000,-0.06924564410506295,-0.14149156122075524,-0.05768433960101549,-0.16465195972708302,0.1265890362625265,0.1566344675036939
2019-06-19,7790.5,7790.5,7958.10009765625,7753.75,7943.4501953125,22718000,-0.08220186728713219,-0.1536619063982324,-0.08069454267197829,-0.17366242951714927,0.13394447244740146,0.15906855401634232
2019-06-20,8029.0,8029.0,8043.2998046875,7737.0,7758.7998046875,21698000,-0.05661592337905086,-0.13149294298719583,-0.06461135750711322,-0.1574502111391367,0.18037358232508335,0.17226247137804285
2019-06-21,7911.5498046875,7911.5498046875,8033.2998046875,7895.10009765625,8011.5,26019000,-0.06896651191248626,-0.1460359647377084,-0.07471837930697389,-0.16366020976135942,0.18506428999833532,0.17384732093022848
2019-06-24,7902.0,7902.0,7935.75,7867.7998046875,7921.5498046875,26137000,-0.08206473630958322,-0.1410262316863009,-0.06986885620775907,-0.16221433594865786,0.1748263627758441,0.17362441523924554
2019-06-25,7947.2001953125,7947.2001953125,7961.5498046875,7847.10009765625,7889.2998046875,24324000,-0.06777710318914953,-0.13336206531168449,-0.05701798415625581,-0.17230785171875662,0.1770115330600848,0.17443583970228385
2019-06-26,8086.2998046875,8086.2998046875,8121.25,7915.0,7927.5,28569000,-0.05021815328012191,-0.1253326333491076,-0.04341105318057248,-0.1570570845878685,0.19185848142330764,0.17780169820613578
2019-06-27,8088.0,8088.0,8140.9501953125,8018.25,8080.14990234375,23371000,-0.046749173196726335,-0.11594961386563363,-0.0451009445053453,-0.15059341243063484,0.19207821809859754,0.1770356768002053
2019-06-28,8065.14990234375,8065.14990234375,8202.650390625,8031.35009765625,8116.7998046875,22235000,-0.048326227893616736,-0.12329613236936088,-0.03517939290299088,-0.14221139679243788,0.1920285967985903,0.17633633919654404
2019-07-01,8178.7998046875,8178.7998046875,8192.4501953125,8085.35009765625,8085.39990234375,12208000,-0.03267848014246211,-0.1276319448856872,-0.02788093290108251,-0.14446686535323272,0.20073846439398924,0.17407541918184757
2019-07-02,8101.64990234375,8101.64990234375,8198.2998046875,8068.0,8185.39990234375,14259000,-0.05095116638170338,-0.1285690756492831,-0.03620580793259631,-0.14539621136697345,0.1979525519455109,0.17425085270296226
2019-07-03,8092.2001953125,8092.2001953125,8120.75,8032.25,8120.75,16080000,-0.04040697408475247,-0.11852549835239712,-0.0316810182287407,-0.14195395691771462,0.19470331068245836,0.17292600294859412
2019-07-04,8046.7998046875,8046.7998046875,8138.89990234375,8035.14990234375,8099.4501953125,16011000,-0.02805858313680043,-0.131334125119838,-0.03675515305764476,-0.16140396474736007,0.18553655183312945,0.17150393153492988
2019-07-05,7926.5,7926.5,8082.7001953125,7911.2001953125,8058.64990234375,16991000,-0.030942844959959914,-0.14507281231531233,-0.025930482701613022,-0.15751930770416134,0.18808536739582993,0.1733254853195109
2019-07-08,7801.75,7801.75,7922.0,7791.10009765625,7862.7998046875,19677000,-0.053954937705315564,-0.15601102669686961,-0.023416504299043295,-0.1520556308913631,0.19090196622061478,0.1754403513012599
2019-07-09,8012.0498046875,8012.0498046875,8053.4501953125,7795.25,7810.14990234375,28912000,-0.028076690157396778,-0.14156300854456894,0.006163066488730884,-0.1316203851829557,0.21754843241185282,0.18383372083194272
2019-07-10,8009.5,8009.5,8060.7001953125,7963.25,8011.7998046875,20169000,-0.02074175242773535,-0.14864107107453117,0.013467298151462415,-0.14126907488120544,0.21624199476960057,0.1825917595226808
2019-07-11,8110.0498046875,8110.0498046875,8152.89990234375,8049.7001953125,8068.2998046875,23320000,-0.00472476709633074,-0.1364157246609955,0.02307009858672282,-0.13522574781800722,0.2211674324975483,0.18521109487628074
2019-07-12,8144.2998046875,8144.2998046875,8189.0,8083.89990234375,8132.39990234375,25154000,0.0075152626590822,-0.13601624832883286,0.030419173509768527,-0.12820497299490174,0.21972155511250432,0.18527959061164953
2019-07-15,8231.849609375,8231.849609375,8276.5498046875,8151.75,8198.75,30224000,0.03217449100341674,-0.12592183808499902,0.03935404048191804,-0.11719669269514665,0.21622464143687506,0.18720412320112118
2019-07-16,8347.9501953125,8347.9501953125,8360.150390625,8194.900390625,8227.349609375,23479000,0.05444015553554804,-0.11359867820109171,0.056912070227845835,-0.10303202068656114,0.2178123257926842,0.1900985940231322
2019-07-17,8330.75,8330.75,8363.75,8288.5,8351.9501953125,19418000,0.06934728194595974,-0.1146824457036918,0.06968515237661721,-0.10912633943346883,0.20722583015380266,0.19008294943148246
2019-07-18,8223.150390625,8223.150390625,8329.9501953125,8207.2001953125,8328.0,16074000,0.024181142187694515,-0.11440477115732872,0.04403024391609478,-0.1146160959956114,0.18901379757955586,0.1900045100941315
2019-07-19,8040.10009765625,8040.10009765625,8288.0,8029.9501953125,8253.75,31688000,0.016248433763582648,-0.14364985249316864,0.04225039720060697,-0.13011314987536082,0.19943389889536012,0.19256646898125637
2019-07-22,8120.85009765625,8120.85009765625,8189.2001953125,7976.0498046875,8028.5,24478000,0.02769553247991019,-0.1414684324287715,0.05790585360161837,-0.10906647759658139,0.20188219367750054,0.1932022024916983
2019-07-23,8063.64990234375,8063.64990234375,8165.0498046875,8043.25,8142.0498046875,18083000,0.014652922308404426,-0.14603046114294593,0.054105501933581324,-0.11933785302277555,0.20332785116369975,0.19341621767479308
2019-07-24,7920.64990234375,7920.64990234375,8071.25,7890.2001953125,8057.14990234375,16878000,-0.020485253619674793,-0.16287245010492035,0.028153495277755902,-0.1217525043919454,0.20359655309798302,0.195662571493469
2019-07-25,8094.35009765625,8094.35009765625,8116.60009765625,7931.39990234375,7942.5,26922000,0.0007851258229785163,-0.1391278811320128,0.05055896656037806,-0.09690846926648145,0.21903457484932304,0.20193512620806503
2019-07-26,8178.89990234375,8178.89990234375,8210.099609375,8050.0498046875,8113.39990234375,23004000,0.014103891604909213,-0.11972489594863134,0.056902792380287726,-0.08215904633030258,0.22174866950454622,0.2026683710315712
2019-07-29,8039.7998046875,8039.7998046875,8184.0,7994.14990234375,8177.14990234375,17180000,-0.01699515861976908,-0.12804693541159407,0.04000991793178399,-0.083388581578001,0.22452895029446882,0.2046999967238868
2019-07-30,7877.75,7877.75,8205.25,7853.60009765625,8039.4501953125,29028000,-0.027636333961922666,-0.1427677575559727,0.041622998514145415,-0.09854991353855624,0.2332269913817811,0.20802077379002912
2019-07-31,7987.5,7987.5,7999.60009765625,7801.85009765625,7857.60009765625,23028000,-0.012938408935205148,-0.1268774371495759,0.05408909436896758,-0.09383658814946128,0.23942430947707696,0.21066878974298214
2019-08-01,7878.75,7878.75,7963.14990234375,7790.10009765625,7945.0498046875,16885000,-0.020884054377692585,-0.12490902365981416,0.06003753517595167,-0.09150510104135146,0.24333869171460373,0.21009310136412154
2019-08-02,7868.2001953125,7868.2001953125,7963.9501953125,7781.85009765625,7841.9501953125,19838000,-0.007355050108812211,-0.1235059037159828,0.061546009850253824,-0.09656769913141505,0.23767097466318016,0.2100953638806816
2019-08-05,7807.9501953125,7807.9501953125,7881.85009765625,7735.0498046875,7819.89990234375,17966000,0.0007947185327010775,-0.12707661200073805,0.061009625486955765,-0.09016691630061213,0.23231276799201292,0.21037855591594215
2019-08-06,7818.5,7818.5,7905.89990234375,7783.75,7790.89990234375,20752000,-0.02415733918357099,-0.0859297363652306,0.02842622160222208,-0.06799408829563702,0.21027075112188628,0.19096945148819514
2019-08-07,7879.75,7879.75,7959.9501953125,7823.75,7833.7001953125,25438000,-0.01619951307821965,-0.09260244296366504,0.0397536971217366,-0.05993908724282426,0.21269641522572416,0.18882293351561985
2019-08-08,7964.7998046875,7964.7998046875,7994.10009765625,7854.2001953125,7919.10009765625,33151000,-0.017909877682384612,-0.07340257630951341,0.02961277871186574,-0.06223919863742411,0.21133950056770173,0.18963180148513936
2019-08-09,7924.0498046875,7924.0498046875,8049.10009765625,7896.39990234375,8014.9501953125,23404000,-0.027043454352359886,-0.07616569621616531,0.011290205840239098,-0.06306736504148125,0.21094059568808643,0.18978918356184832
2019-08-13,7851.9501953125,7851.9501953125,7984.85009765625,7789.14990234375,7909.2998046875,32145000,-0.04614994589184962,-0.07065966613594399,0.011019540905824798,-0.028466763897576186,0.207619060815352,0.18833386229402832
2019-08-14,7744.2998046875,7744.2998046875,7866.2001953125,7550.5498046875,7859.10009765625,36683000,-0.07231121131555851,-0.08954324597911867,-0.018018065708381714,-0.0220058157273908,0.20193088795576705,0.18933132436822858
2019-08-16,7684.2998046875,7684.2998046875,7756.60009765625,7636.2001953125,7738.35009765625,24315000,-0.07759807884194103,-0.09471330313227111,-0.022864372291138912,-0.038235877305436095,0.20231504752761478,0.18975729876334527
2019-08-19,7741.35009765625,7741.35009765625,7851.14990234375,7727.5498046875,7770.2998046875,27026000,-0.058590718895040306,-0.09041394772986222,-0.011767862639504578,-0.03214117515238257,0.20328505569208366,0.19046482280213894
2019-08-20,7749.7001953125,7749.7001953125,7772.10009765625,7676.4501953125,7764.85009765625,24849000,-0.03611894115950165,-0.088013021140391,-0.000893335274701812,-0.03310634960587244,0.19010181901126663,0.1905426884500144
2019-08-21,7677.25,7677.25,7765.0,7660.64990234375,7732.9501953125,21929000,-0.054624835124622795,-0.10817280395251172,-0.01694702293718975,-0.030041122813152188,0.18651857812375602,0.1887779225581893
2019-08-22,7670.85009765625,7670.85009765625,7746.35009765625,7630.2001953125,7667.7998046875,21415000,-0.04871240808375499,-0.1001935369318182,0.0033304480926029667,-0.0009545264179710022,0.18594203938013731,0.18808058300501468
2019-08-23,7780.5498046875,7780.5498046875,7793.0,7554.7001953125,7669.0,19976000,-0.017687954824867846,-0.08613022760938005,0.02152226963644066,0.006033694899265085,0.18559351255742934,0.19090354873953908
2019-08-26,7824.2998046875,7824.2998046875,7858.0,7690.75,7834.9501953125,20960000,-0.03336281353174286,-0.07782885039873244,-0.01609493365947534,-0.010107473253808008,0.16753548482733277,0.1914110235352083
2019-08-27,7812.10009765625,7812.10009765625,7896.2998046875,7804.2001953125,7869.25,23417000,-0.04484708323455455,-0.07818566821074635,-0.02898874922980188,-0.007822551680019663,0.16135569392187873,0.19141113828964962
2019-08-28,7738.64990234375,7738.64990234375,7897.10009765625,7701.35009765625,7824.5,17741000,-0.03745738820115507,-0.08473580917211809,-0.024668217979904705,-0.011204406341063122,0.15409830967341043,0.1921202768336648
2019-08-29,7912.5,7912.5,7933.4501953125,7742.14990234375,7802.0,33595000,0.004411158008314597,-0.07310868940012205,0.016778829098792025,0.0212161070744602,0.16045987157840327,0.19690881783249756
2019-08-30,8072.0498046875,8072.0498046875,8112.5498046875,7875.85009765625,7916.2998046875,26149000,0.010585265062597715,-0.04279645702468493,0.019107481288537675,0.04025373643324459,0.16862340169024448,0.20027996165058742
2019-09-03,7976.4501953125,7976.4501953125,8104.7001953125,7939.7001953125,8032.89990234375,23724000,0.012400469022687544,-0.036555836786863805,0.028985132900192112,0.051748088015246996,0.16672369713843835,0.19826189228073743
2019-09-04,7967.64990234375,7967.64990234375,7985.0,7768.0,7931.60009765625,48471000,0.012639447975726137,-0.02591204860653662,0.02652454067295451,0.060519609831512944,0.16668907007868197,0.19682030753120977
2019-09-05,8071.75,8071.75,8086.5498046875,7969.10009765625,7998.9501953125,21299000,0.03378605115153932,-0.021214569605906508,0.03513924645271882,0.06893277848476054,0.16914141878854033,0.19796255023057932
2019-09-06,8068.75,8068.75,8084.64990234375,7966.2001953125,8028.5,26419000,0.03200741830274345,-0.021198520046096903,0.03219464499993252,0.06399565720715206,0.1692938092002849,0.1979625422030747
2019-09-09,8077.89990234375,8077.89990234375,8130.89990234375,8047.5,8067.39990234375,15735000,0.02514672449554234,-0.012379037089292888,0.011554554195924549,0.0634764311381415,0.16768721440306153,0.1973676118154631
2019-09-11,8082.89990234375,8082.89990234375,8157.85009765625,8053.10009765625,8107.64990234375,19803000,0.014827754689671568,-0.00805663632392406,0.01453316917671077,0.065667212726079,0.16389272715183892,0.1972358720111082
2019-09-12,8102.14990234375,8102.14990234375,8168.5,8040.25,8113.25,21037000,0.02247589326746713,0.0023009813888279496,0.03389394707450177,0.07338942656779335,0.16248986057232226,0.19661250556005616
2019-09-13,8033.0498046875,8033.0498046875,8141.7001953125,7974.64990234375,8141.39990234375,20151000,0.023064284014831626,0.007247397221090246,0.009330726752497798,0.058330529295785305,0.1620206105427646,0.19542116727161782
2019-09-16,8070.64990234375,8070.64990234375,8119.39990234375,7978.14990234375,8005.2998046875,17790000,0.042140684876212475,0.019414004539557883,0.0444889893812348,0.07826017483421643,0.15240475989379193,0.1950129361031381
2019-09-17,7933.85009765625,7933.85009765625,8106.0,7919.2001953125,8082.0498046875,14025000,0.032475345745427875,0.01840062867033576,0.053312091466945044,0.0931433313581389,0.16356552604289445,0.19538095258020471
2019-09-18,7923.4501953125,7923.4501953125,7984.0498046875,7882.5498046875,7973.9501953125,13304000,0.023523041247208498,-0.013146071078278698,0.04281487421694119,0.07062003362939351,0.16238741872227522,0.18522523436241523
2019-09-19,7799.60009765625,7799.60009765625,7938.75,7777.75,7922.39990234375,14945000,0.006438946163870085,-0.014150161446866094,0.03477698694743181,0.0727904001867482,0.1731395931506001,0.18557739284944746
2019-09-20,7983.5498046875,7983.5498046875,8018.39990234375,7745.5498046875,7839.5498046875,31980000,0.039897073130026994,0.010320147391483125,0.007338252607358875,0.04668449855649026,0.18715390678164281,0.1917305495975792
2019-09-23,7857.25,7857.25,8073.7001953125,7802.2998046875,8063.10009765625,21305000,0.024299771207978882,-0.011318476079859585,-0.0556576472888457,0.005317884583790122,0.19754176298292744,0.19418045435376993
2019-09-24,7891.9501953125,7891.9501953125,7976.14990234375,7773.85009765625,7831.0,19666000,0.014317804451027927,-0.02403443034134578,-0.05575570996211465,-0.0021438610970292427,0.19197479882734203,0.1909715306656289
2019-09-25,7789.7001953125,7789.7001953125,7887.5,7759.75,7860.89990234375,19505000,-0.0044220710144914355,-0.03688177604939413,-0.03899937125316877,-0.0029884414779239865,0.19701247518703188,0.19271201259444024
2019-09-26,7857.2998046875,7857.2998046875,7871.14990234375,7788.60009765625,7818.7001953125,19792000,0.005785858663640342,-0.025771386790448658,-0.036162445741313665,-0.007309075260966136,0.19940614193345899,0.19358363249175398
2019-09-27,7695.2998046875,7695.2998046875,7842.9501953125,7683.25,7837.25,21665000,-0.005601764933586217,-0.05911625318459224,-0.0478158312320871,-0.029349597442143494,0.21056336083171326,0.19564329435732597
2019-09-30,7547.75,7547.75,7692.9501953125,7509.10009765625,7688.14990234375,27825000,-0.04609794628751973,-0.06836877784406736,-0.09415567214553189,-0.03177443374506628,0.203238074040777,0.19849650389750606
2019-10-01,7466.4501953125,7466.4501953125,7601.39990234375,7388.60009765625,7552.35009765625,23157000,-0.07502426571046716,-0.07732754812003695,-0.10556429615747698,-0.03059923634249695,0.1871334972308886,0.19947911925622497
2019-10-03,7461.75,7461.75,7497.2998046875,7323.2998046875,7418.7998046875,22005000,-0.06452747559496741,-0.07270589785851156,-0.11232376845789194,-0.01974170257527552,0.18499825881948895,0.1992834331009644
2019-10-04,7396.89990234375,7396.89990234375,7525.14990234375,7383.0498046875,7490.10009765625,19851000,-0.0716334185105334,-0.06681386458793293,-0.1020723536061603,-0.012932543160501297,0.18575692315785614,0.1978268235504062
2019-10-07,7148.9501953125,7148.9501953125,7414.14990234375,7126.5498046875,7396.7998046875,50426000,-0.11432462659119769,-0.08367350974941523,-0.13999779743268936,-0.046281504371925575,0.2039084035623732,0.20693646565917928
2019-10-09,7235.60009765625,7235.60009765625,7256.10009765625,7047.10009765625,7154.7001953125,40573000,-0.10325637829202172,-0.09691024468881648,-0.13679309448804045,-0.07591658969553572,0.21307147651048944,0.20056113134173814
2019-10-10,7235.60009765625,7235.60009765625,7272.7998046875,7130.5,7200.25,32159000,-0.10427212702191468,-0.096622748279387,-0.12531174822778945,-0.07363354261994637,0.21264463666064648,0.20057155023512668
2019-10-11,7278.4501953125,7278.4501953125,7292.7001953125,7115.64990234375,7256.60009765625,48444000,-0.09952488794250547,-0.10253939610757346,-0.12393200345017474,-0.07855139857956328,0.21547288940779855,0.19903503616546614
2019-10-14,7361.7001953125,7361.7001953125,7411.7998046875,7281.85009765625,7296.0498046875,31877000,-0.0913892875293576,-0.09609169948834273,-0.12401763297043122,-0.07779699190340439,0.22195934475125967,0.20049478248793126
2019-10-15,7420.64990234375,7420.64990234375,7434.0498046875,7349.25,7371.75,22620000,-0.07623504363017874,-0.0985440387671076,-0.10805181713247414,-0.08473277054665118,0.22595960506017201,0.19985479016942065
2019-10-16,7475.35009765625,7475.35009765625,7486.0,7387.89990234375,7448.0498046875,20011000,-0.07376107400156495,-0.10452866598871513,-0.11561139435418,-0.08749990601865187,0.22750927115971725,0.19807319651848415
2019-10-17,7533.4501953125,7533.4501953125,7545.35009765625,7428.64990234375,7480.14990234375,15309000,-0.050467288569270186,-0.09570564531254688,-0.12153203747472674,-0.0870510664355415,0.22537582388415658,0.19904299947705514
2019-10-18,7608.14990234375,7608.14990234375,7651.9501953125,7500.5,7530.64990234375,21564000,-0.03979330786420299,-0.07478891411038724,-0.11554514831283269,-0.08038948120696299,0.22966846446886624,0.19900350294497654
2019-10-22,7746.14990234375,7746.14990234375,7799.39990234375,7597.7001953125,7607.9501953125,19172000,-0.006852940489674775,-0.03656051438939034,-0.0893906638294989,-0.05136880822436196,0.23410172058001177,0.1978620165668096
2019-10-23,7761.85009765625,7761.85009765625,7785.7998046875,7711.9501953125,7760.64990234375,17734000,-0.027769565225368775,-0.044207194528022464,-0.05703101245420761,-0.06693721952520582,0.21715510980889197,0.19670680211127267
2019-10-24,7728.14990234375,7728.14990234375,7800.25,7652.5,7770.2998046875,23128000,-0.016430697464920985,-0.0416064690386031,-0.01491343175905735,-0.06380651307895646,0.21066255584528998,0.19641281172156402
2019-10-25,7736.5498046875,7736.5498046875,7757.10009765625,7591.7001953125,7719.4501953125,30871000,-0.01969099991498957,-0.023243054537958274,-0.01931994965567152,-0.050977263666837525,0.20989652248696009,0.19314439471380987
2019-10-29,7824.60009765625,7824.60009765625,7852.2998046875,7722.25,7745.60009765625,18519000,0.00448026258632539,-0.03332571444841592,-0.025820729366991646,-0.08084545069327598,0.2091616500496139,0.1892072748175088
2019-10-30,7819.35009765625,7819.35009765625,7871.39990234375,7771.75,7871.39990234375,17770000,-0.004829866235804059,-0.04396065595379972,-0.0284142316824455,-0.09356938794219993,0.2067898504191079,0.18782443549080638
2019-10-31,7878.14990234375,7878.14990234375,7923.5,7829.5498046875,7840.64990234375,23957000,0.023761270164532,-0.020106209889642068,-0.007947999171233455,-0.08161641508628592,0.19339006489542795,0.18540626239638397
2019-11-01,7949.4501953125,7949.4501953125,7979.5498046875,7894.2001953125,7902.75,23683000,0.05322118450034785,0.009101608366919534,0.016953702662089176,-0.0635343984868304,0.17913042470308196,0.1815898140090353
2019-11-04,7966.85009765625,7966.85009765625,8030.14990234375,7925.25,7983.60009765625,32032000,0.06701978708140377,-0.0025852772887323683,0.01583981242754917,-0.07663634804673747,0.17201165667440643,0.17939635382788666
2019-11-05,7879.5498046875,7879.5498046875,8003.85009765625,7847.85009765625,7960.35009765625,26308000,0.05599220084933165,0.00010151415992387669,0.0026777059481031262,-0.08525369488493051,0.17892797592826604,0.17860406899811931
2019-11-06,7926.35009765625,7926.35009765625,8061.9501953125,7861.64990234375,7877.0,56678000,0.07157730972467813,0.007390496034708649,0.0007658996539829932,-0.08069438166043197,0.17397917568113222,0.1789907027463284
2019-11-07,7966.0,7966.0,7982.0,7871.0,7942.2998046875,43837000,0.11428948060419164,0.020242163529985868,0.03469056424587502,-0.08557506592220387,0.10287726335238033,0.17851305824215122
2019-11-08,7787.39990234375,7787.39990234375,7958.14990234375,7771.0,7955.5498046875,29443000,0.07626178855106147,-0.0039777575821768885,0.023682028780969144,-0.09165390588213351,0.1402228492658422,0.1846150729721096
2019-11-11,7784.89990234375,7784.89990234375,7807.60009765625,7675.0,7728.5498046875,26513000,0.07591627470752971,-0.01203719631412803,0.015486582158413364,-0.109494724324123,0.14033903338798878,0.18388520040039408
2019-11-13,7660.4501953125,7660.4501953125,7853.0,7642.0,7795.2998046875,30300000,0.05248370047871154,-0.03821183417515173,0.005124299160284451,-0.11145032478200767,0.1565009237137701,0.1852919397389581
2019-11-14,7591.4501953125,7591.4501953125,7655.60009765625,7553.0498046875,7634.39990234375,38600000,0.03120882322079499,-0.04197343751906368,-0.015607346256059973,-0.11060288956675368,0.15802459667297328,0.18586976591297627
2019-11-15,7720.60009765625,7720.60009765625,7769.2998046875,7554.5,7620.4501953125,45815000,0.0404210142318886,-0.01672834065283091,-0.0004556164663531703,-0.10547206499492034,0.165793607235625,0.18845911116260647
2019-11-18,7816.5498046875,7816.5498046875,7881.0498046875,7750.9501953125,7757.9501953125,63329000,0.045643308015530515,0.009329442534787846,0.008963266145328053,-0.06819966866710803,0.16886582434793657,0.18806528835484235
2019-11-19,7851.4501953125,7851.4501953125,7881.89990234375,7823.75,7839.64990234375,39897000,0.04221173456457805,0.021752195368930805,0.011680116589425138,-0.05901499995161652,0.1678431217202624,0.18753163839883846
2019-11-20,8107.60009765625,8107.60009765625,8187.10009765625,7843.64990234375,7866.0,53414000,0.0656467343208682,0.04731086895435532,0.03672765104535736,-0.03819733949228854,0.19749016856482474,0.19803371109196888
2019-11-21,8068.9501953125,8068.9501953125,8153.0,8058.4501953125,8107.7998046875,31476000,0.04167235298029537,0.04119514199957086,0.008876416193702497,-0.045162341038007536,0.19129811339215327,0.19835830780045974
2019-11-22,8067.2001953125,8067.2001953125,8162.10009765625,7995.0498046875,8076.7001953125,35670000,0.039339860189834486,0.05079295259533034,0.012599243365130075,-0.0403992385539389,0.1914661110976774,0.19725787095698202
2019-11-25,8211.5498046875,8211.5498046875,8226.7998046875,8047.7998046875,8072.14990234375,25645000,0.06255053388614362,0.07048758614074013,0.020146375304380904,-0.05355645293067113,0.19780319413575184,0.20023888992990216
2019-11-26,8177.85009765625,8177.85009765625,8298.400390625,8132.25,8242.7998046875,56365000,0.05704096840446504,0.05106326711377007,0.01786592464677139,-0.060517818502989984,0.19933683644558137,0.19864634096321224
2019-11-27,8246.099609375,8246.099609375,8267.650390625,8165.2001953125,8178.25,40465000,0.05386850528565734,0.05390895226622083,0.027241323609574097,-0.04039967217495044,0.1979086873634113,0.19900103026714752
2019-11-28,8273.650390625,8273.650390625,8288.5498046875,8216.75,8247.099609375,25051000,0.058099495136420654,0.059081461732322316,0.03217512845793036,-0.03508943950316401,0.19753472476037628,0.19899804981073482
2019-11-29,8189.9501953125,8189.9501953125,8320.25,8159.2001953125,8286.25,22403000,0.039577857343890965,0.058317703819637634,0.024540992828518293,-0.033112776714445014,0.20189792476082788,0.19916455652014567
2019-12-02,8128.9501953125,8128.9501953125,8198.9501953125,8056.2001953125,8195.4501953125,26353000,0.022580177948135827,0.02735547492101098,0.009325961078093137,-0.07310764814345605,0.20272123179649054,0.19486903789875767
2019-12-03,8044.85009765625,8044.85009765625,8172.2998046875,8027.0498046875,8167.60009765625,31300000,0.009790569553071782,-0.0033696158583480518,0.005360533335051931,-0.09145164205865197,0.20672355492163874,0.1917932395823327
2019-12-04,8121.5,8121.5,8132.0498046875,8021.7998046875,8032.0,22104000,0.030706093788323452,0.018184756518976553,0.020133140583294518,-0.09714320166155077,0.20438544727344335,0.19115477353064747
2019-12-05,8051.85009765625,8051.85009765625,8115.25,8030.14990234375,8104.35009765625,15365000,0.015833264800795055,0.010567757914128784,0.011458338505820675,-0.09766533008054612,0.20672477640121203,0.1920079323748895
2019-12-06,7957.5498046875,7957.5498046875,8152.25,7942.0,8091.2001953125,24282000,-0.0010607827407105308,-0.014148133343141245,0.0064774647823862,-0.11311655771241624,0.21073336733700282,0.19165998127442857
2019-12-09,7960.35009765625,7960.35009765625,8043.5498046875,7936.7001953125,7987.5,18393000,0.022208978283039915,-0.013434534759876104,0.01974431262025944,-0.10399562326545686,0.1930579312425519,0.19166355310358163
2019-12-10,7940.5,7940.5,8016.9501953125,7926.0,7983.75,21226000,0.019987424322489344,-0.01700935936379755,0.024742586739443073,-0.09460148292542014,0.19342420171424055,0.19169801285232846
2019-12-11,7967.85009765625,7967.85009765625,7980.89990234375,7909.89990234375,7958.39990234375,20289000,0.04012817713139771,-0.014233728745563168,0.03424156013941082,-0.09347203531753134,0.18264307872463995,0.1918418936311359
2019-12-12,8045.35009765625,8045.35009765625,8073.60009765625,7973.85009765625,7991.14990234375,19790000,0.05979093462590579,-0.007010460849541822,0.05139307758351963,-0.09706035865227625,0.1797373070715242,0.19284822430071474
2019-12-13,8045.0498046875,8045.0498046875,8066.0,7947.7998046875,8050.60009765625,18163000,0.04202389748560398,0.001493828656831786,0.025946321869730005,-0.08976735725479612,0.17217356144696475,0.19204286871519421
2019-12-16,8025.85009765625,8025.85009765625,8091.2998046875,7990.10009765625,8017.9501953125,27290000,0.026776557202160323,-0.005550953793013624,0.012518473537513009,-0.10101605083599985,0.16839492494177938,0.19185843985615894
2019-12-17,7999.60009765625,7999.60009765625,8068.2001953125,7973.7001953125,8037.35009765625,22362000,0.01886911317761375,0.00828727530652773,3.3391702692897596e-05,-0.11626904395835647,0.168722484101885,0.18869172086659938
2019-12-18,8091.10009765625,8091.10009765625,8100.39990234375,7988.2001953125,8013.4501953125,18622000,-0.0020351275101456734,0.02115869958303418,-0.020582417598155156,-0.10623218105954146,0.1293917609804172,0.19006138358080082
2019-12-19,8073.0498046875,8073.0498046875,8128.0,8024.64990234375,8087.5,22405000,0.0005080722120929249,0.035059452229277754,-0.023831003619267044,-0.11019318387738997,0.12848389352176298,0.1871662826631375
2019-12-20,8049.4501953125,8049.4501953125,8090.14990234375,8038.7998046875,8059.60009765625,21052000,-0.0022002676976224933,0.00825452239131863,-0.032197531709643235,-0.08023065545657637,0.12891125694106495,0.18118120340440375
2019-12-23,8051.5,8051.5,8096.0,8020.7998046875,8043.0498046875,16008000,-0.019490815801438188,0.024722390149225282,-0.035144610190091186,-0.03239298661429202,0.11042421135118062,0.17805375119146638
2019-12-24,8073.7998046875,8073.7998046875,8083.25,8020.85009765625,8060.39990234375,15425000,-0.012723428740589182,0.02304241725739864,-0.027414740744178157,-0.031008220358299754,0.11053892428035084,0.17792803757982317
2019-12-26,7997.60009765625,7997.60009765625,8097.75,7985.75,8079.64990234375,15458000,-0.03013540018801497,0.026689076232851106,-0.03227160792457329,-0.03330546911227539,0.10946783639603241,0.17692834145165567
2019-12-27,8068.0498046875,8068.0498046875,8075.5498046875,8010.35009765625,8013.75,12047000,-0.024850045171170065,0.026822191495642134,-0.032639382889804947,-0.031477690797318436,0.1142663434061154,0.17695420831414974
2019-12-30,8083.10009765625,8083.10009765625,8125.0498046875,8071.25,8086.5498046875,12685000,-0.013046489308006448,0.05039443592990689,-0.02961906556012317,-0.01418368796469105,0.10971405468581946,0.17132314013105454
2019-12-31,8040.14990234375,8040.14990234375,8121.4501953125,8028.5498046875,8082.2001953125,12246000,-0.010923955841180555,0.06523797189145775,-0.020904699690937112,0.004755771159651756,0.10819756570825272,0.1666124073093661
2020-01-02,8053.9501953125,8053.9501953125,8102.39990234375,8027.14990234375,8056.75,12949000,0.0011311705682248707,0.07868531693532721,-0.022880434650150105,-0.0025037580541549254,0.10193350302043767,0.16476417158296025
2020-01-03,8111.9501953125,8111.9501953125,8189.7998046875,8026.2998046875,8053.0,26218000,-0.0011758671042910729,0.0871377619610012,-0.016408545490215753,0.006472180325417076,0.0994013823093984,0.16515735759589187
2020-01-06,7987.35009765625,7987.35009765625,8085.5,7943.14990234375,8076.85009765625,17516000,-0.00801058132202126,0.0798240077745831,-0.005901266844757336,0.006596436268509143,0.10969366149165481,0.1674872141731141
2020-01-07,8036.5,8036.5,8087.64990234375,7973.9501953125,8014.10009765625,27940000,0.009921420192179342,0.124151068400149,-0.0011048932174166914,0.04087617515900677,0.10329258402634511,0.15063984887457693
2020-01-08,7996.14990234375,7996.14990234375,8041.60009765625,7960.0498046875,7975.7001953125,12772000,0.004497265101196968,0.10511219448596343,-0.0028618644799549564,0.0421730152031452,0.10514293371055199,0.14981472870801887
2020-01-09,8033.14990234375,8033.14990234375,8090.9501953125,8015.14990234375,8057.7998046875,13985000,0.011668018681915582,0.11022579937023358,-0.018618449155344496,0.02287467244496577,0.10573145655284102,0.14989420754719132
2020-01-10,8058.5,8058.5,8171.2001953125,8044.35009765625,8048.5498046875,15905000,0.011376958807296722,0.10717251389449234,-0.01772841792542379,0.022984472581718318,0.10563316840569398,0.14967370144879918
2020-01-13,8078.4501953125,8078.4501953125,8141.2998046875,8042.64990234375,8082.2998046875,15316000,0.004114189843135829,0.09736201977586445,-0.025768535046727825,0.010210418746082972,0.10035168550038318,0.14832143390009106
2020-01-14,8117.0,8117.0,8136.39990234375,8081.2998046875,8104.14990234375,17192000,0.008943412043338483,0.09383950284951648,-0.013858478044237676,0.012112560437933517,0.10163480741529517,0.14787203801714255
2020-01-15,8166.2001953125,8166.2001953125,8178.85009765625,8080.35009765625,8135.75,19694000,0.017487256296655262,0.09241708931771009,-0.006517290319732805,0.01571612938335032,0.10291517815897808,0.14767610264558018
2020-01-16,8203.099609375,8203.099609375,8223.849609375,8175.35009765625,8188.0498046875,20296000,0.02543871058984215,0.08889013621928132,0.00977903118170409,0.022505949952137394,0.10246752422782457,0.14723782371453062
2020-01-17,8345.2998046875,8345.2998046875,8371.599609375,8200.0,8208.2998046875,25016000,0.031417199634556914,0.09688950819918318,0.020723126856116325,0.03767934659283689,0.11173852238294227,0.1497737788030853
2020-01-20,8269.349609375,8269.349609375,8375.2001953125,8251.0,8353.7001953125,18242000,0.024315445765430654,0.06754319418385446,0.02718259504844822,0.012643211290879641,0.1173873522722431,0.1473558388763307
2020-01-21,8274.2001953125,8274.2001953125,8313.4501953125,8214.5498046875,8249.150390625,15648000,0.027921161637956438,0.0660087596655543,0.03622884241299307,0.017254438430416963,0.11640671098066459,0.1473463223275112
2020-01-22,8256.650390625,8256.650390625,8372.2998046875,8245.4501953125,8295.0,25048000,0.025479772790784283,0.06838641783086663,0.03818896195104604,0.023120173729185955,0.11701520985750818,0.14706698559621187
2020-01-23,8300.2001953125,8300.2001953125,8322.4501953125,8208.5498046875,8245.9501953125,19859000,0.02804136789390732,0.07285552408432627,0.030841323345345617,0.021366025846520698,0.1177742235448221,0.14731363401723183
2020-01-24,8294.0498046875,8294.0498046875,8349.25,8273.9501953125,8291.75,22173000,0.03706733312636201,0.05999663895562746,0.027031486387377957,0.02085128579374329,0.11096890582310064,0.14583216477038025
2020-01-27,8416.349609375,8416.349609375,8471.7998046875,8240.099609375,8270.0498046875,31445000,0.04317025961901466,0.07634899374791937,0.05352481438145351,0.053139091797465676,0.11759969778864178,0.14844725456373437
2020-01-28,8420.25,8420.25,8513.150390625,8395.650390625,8427.7998046875,27889000,0.04171046977897852,0.0688105842584914,0.05803327162981664,0.0537947680317572,0.11774407426559995,0.14787795783808017
2020-01-29,8412.7998046875,8412.7998046875,8492.4501953125,8361.25,8446.2001953125,22105000,0.04634862619105151,0.05828700073474513,0.04954954288030289,0.03819546637371585,0.11508135055860493,0.14700783965452607
2020-01-30,8237.0498046875,8237.0498046875,8438.2001953125,8207.599609375,8426.25,30303000,0.0227341372785701,0.03391550031934698,0.04279572125430098,0.026001788952439986,0.14192430690077784,0.15376578530409607
2020-01-31,8138.60009765625,8138.60009765625,8299.349609375,8122.9501953125,8256.2001953125,19900000,0.0032852645420764492,0.03287628092846662,0.024922489194614927,0.02910866661246647,0.14732662587978299,0.15410254196292605
2020-02-03,7967.5498046875,7967.5498046875,8122.0,7944.89990234375,8020.9501953125,21277000,-0.002478956440704949,0.0051978157063024,0.021297265513367858,0.026771302218231652,0.1565707546942417,0.15999214297635123
2020-02-04,8122.39990234375,8122.39990234375,8166.7998046875,7967.7998046875,8002.64990234375,35927000,0.010688720505661609,0.019633429869915897,0.016770202922805177,0.022330672604445434,0.1698779646652,0.16446477341854274
2020-02-05,8125.60009765625,8125.60009765625,8185.0,8091.60009765625,8151.2001953125,25124000,0.016189065599502728,0.043429154731184694,0.010883541575464228,0.028229481057051586,0.16860745843440847,0.15732589287682544
2020-02-06,8227.900390625,8227.900390625,8281.25,8176.60009765625,8194.0,43117000,0.02424335293736135,0.05690509753990258,0.03062439672618611,0.038060850380642774,0.17324094464551146,0.15915458673681482
2020-02-07,8341.849609375,8341.849609375,8363.2998046875,8180.0498046875,8243.0498046875,53299000,0.03516158210274867,0.08895030927548553,0.04808911602982657,0.06716909236157131,0.1788250143741513,0.15725804099105234
2020-02-10,8261.25,8261.25,8371.2001953125,8235.0,8340.150390625,26095000,0.022628078439298704,0.08823081064288374,0.046801694622282675,0.07480434052641605,0.18332345508815123,0.15745167814516395
2020-02-11,8324.650390625,8324.650390625,8359.5,8280.9501953125,8303.2998046875,23370000,0.0255821597418997,0.07823877487866815,0.04616080757294794,0.060378988840791514,0.18436644510888336,0.15469380016104672
2020-02-12,8265.0498046875,8265.0498046875,8375.0,8238.9501953125,8341.7001953125,22810000,0.012104725210109413,0.05737825654626283,0.023617012169309448,0.03073008495195939,0.18579163910803598,0.15388783497573216
2020-02-13,8335.7001953125,8335.7001953125,8351.5498046875,8246.9501953125,8292.0,20839000,0.01616469289071598,0.06167650407934944,0.030801867377786563,0.04203254892625852,0.18744427118134704,0.15450808255170306
2020-02-14,8331.7001953125,8331.7001953125,8384.099609375,8294.2001953125,8349.900390625,18664000,-0.0016296130388702146,0.027640743864640438,0.017710789525609005,0.018110813314838436,0.177171098464525,0.1402630417425496
2020-02-17,8204.849609375,8204.849609375,8377.349609375,8193.599609375,8342.599609375,28572000,-0.007799887904954006,0.016842267057423088,0.0068223274613294915,0.010375286380278625,0.18265805805938817,0.1435778972910387
2020-02-18,8198.2998046875,8198.2998046875,8213.0,8068.2001953125,8190.85009765625,22601000,-0.009173139256166252,0.016250942855140282,0.0053997285332909595,0.009695882859300786,0.1826258686718143,0.14359141620353533
2020-02-19,8378.650390625,8378.650390625,8390.400390625,8276.150390625,8277.400390625,45594000,0.014775967762729048,0.020349457765221457,0.013206614799792904,0.016030137701032565,0.19871125579013774,0.14590087377229383
2020-02-20,8364.349609375,8364.349609375,8473.7998046875,8348.75,8401.5498046875,36971000,0.007728658653164633,0.022805445134314706,0.015897553897634142,0.01922092206409376,0.19814435420759502,0.14567082517315882
2020-02-24,8115.5498046875,8115.5498046875,8281.9501953125,8086.64990234375,8275.9501953125,50488000,-0.0215214526321168,-0.01583170357766206,0.0126752374562632,0.006588470487355669,0.22599366279784056,0.15759966977269613
2020-02-25,7938.4501953125,7938.4501953125,8153.85009765625,7898.35009765625,8153.85009765625,39870000,-0.056782267401316866,-0.04051418412510155,-0.030286714189418196,-0.011442862592241254,0.2296424406425623,0.16360250997669012
2020-02-26,7839.2001953125,7839.2001953125,7931.7001953125,7813.9501953125,7886.35009765625,44449000,-0.06900624146403012,-0.04282687826364939,-0.037710117540273536,-0.01151066683420543,0.23174977949633635,0.16427307790163168
2020-02-27,7885.14990234375,7885.14990234375,7903.5498046875,7740.9501953125,7824.5,40519000,-0.06271989285300128,-0.029991608646997903,-0.02181134795729245,0.004445102554598956,0.23400592062795747,0.164204733727968
2020-02-28,7576.75,7576.75,7786.60009765625,7559.0,7751.4501953125,35181000,-0.08016217217865307,-0.0581863045269948,-0.010864757945934778,0.007883144240602102,0.26098102168441645,0.18196193422390158
2020-03-02,7535.10009765625,7535.10009765625,7768.0,7463.0498046875,7675.5498046875,28891000,-0.07415280180356765,-0.07220339867558334,-0.004821360296006771,0.0033952944082423775,0.259403309896506,0.1808642130950918
2020-03-03,7920.60009765625,7920.60009765625,7966.14990234375,7603.14990234375,7606.7998046875,41206000,-0.005892615444164306,-0.016300601527368785,0.028665296088930092,0.04319987796200797,0.3134292643047531,0.20834755094247356
2020-03-04,8086.5498046875,8086.5498046875,8131.85009765625,7840.85009765625,7970.0,57963000,-0.004413732158878969,0.016211020121295494,0.05641027913240426,0.07245394257232929,0.31470052860550135,0.21131286853202444
2020-03-05,8146.0,8146.0,8281.7001953125,8122.60009765625,8125.89990234375,40817000,0.0025105717852931253,0.023321826309927074,0.0703524270128546,0.07932182630992712,0.3158398083410732,0.21180731148745874
2020-03-06,8018.2998046875,8018.2998046875,8057.9501953125,7860.60009765625,7863.10009765625,27818000,-0.02547437085849047,0.009797847073546917,0.06914621841065438,0.08294993057520983,0.31710019535845113,0.21432013407184075
2020-03-09,7756.4501953125,7756.4501953125,7999.2998046875,7698.25,7921.25,33460000,-0.07017621288743903,-0.026531611382339282,0.06594974372951301,0.09594376864818555,0.33105116684518154,0.2248249309220641
2020-03-11,7623.0498046875,7623.0498046875,7779.10009765625,7596.35009765625,7754.75,36502000,-0.07725225544711756,-0.05248998338702171,0.053496164066243246,0.07392370868540465,0.3340066056652231,0.2264421608621258
2020-03-12,6942.5498046875,6942.5498046875,7423.9501953125,6868.7001953125,7408.39990234375,52330000,-0.1660250606432656,-0.13704079238361222,0.04191768077121305,0.06951267252782156,0.45736387270596807,0.295435777439805
2020-03-13,7268.0,7268.0,7469.7001953125,6242.85009765625,6558.25,51705000,-0.12063445813986817,-0.09442614656826964,0.06344579331464661,0.07968690068956252,0.4972240850881938,0.3115575426451864
2020-03-16,6959.35009765625,6959.35009765625,7406.0498046875,6909.64990234375,7075.35009765625,47250000,-0.16511511515616017,-0.1300377503001401,0.07942989471883466,0.11390796358189859,0.5104998127162055,0.3230856690005313
2020-03-17,6979.10009765625,6979.10009765625,7289.64990234375,6927.0498046875,7014.5,40952000,-0.16234382730396812,-0.13743495774105097,0.0974005345329717,0.12886300382018334,0.5113701268297708,0.3220118421117435
2020-03-18,6705.75,6705.75,7145.39990234375,6666.85009765625,7135.0498046875,44945000,-0.1827089685668466,-0.16936595682756683,0.1142410105128362,0.1398504457133739,0.5228440665898685,0.3310489893355067
2020-03-19,6655.5,6655.5,6871.39990234375,6332.0,6489.5,35701000,-0.18818533616023425,-0.17317334246309768,0.12276315703864005,0.15345760598538638,0.5218033823466816,0.33117306465174845
2020-03-20,6951.89990234375,6951.89990234375,7088.14990234375,6728.75,6740.25,50098000,-0.17028404596970215,-0.13657083744100473,0.1084952682597019,0.15025714198347184,0.5448798107503326,0.34470741925958626
2020-03-23,6432.2998046875,6432.2998046875,6850.5498046875,6380.10009765625,6518.0,33278000,-0.2309862565431272,-0.20331195220458342,0.13907046578422622,0.1736401154778896,0.5951935968999601,0.3773896121763792
2020-03-24,6611.0498046875,6611.0498046875,6828.2998046875,6532.64990234375,6589.4501953125,34382000,-0.18538485206892685,-0.17337079574347403,0.1551523225058754,0.18332587970562897,0.6082707543649919,0.3825504847459446
2020-03-25,6695.5498046875,6695.5498046875,6746.2998046875,6538.5498046875,6539.60009765625,30766000,-0.15656713338819062,-0.17011545952561968,0.13840490960476115,0.1506435156300041,0.6118240534564966,0.38315891522720164
2020-03-26,6775.0,6775.0,6963.25,6743.0498046875,6845.25,43518000,-0.13575366986403092,-0.16183148567410943,0.12430111497027996,0.1330807015069162,0.6157809339849041,0.3842485281505267
2020-03-27,6813.0498046875,6813.0498046875,7058.7998046875,6697.9501953125,6924.60009765625,40900000,-0.13596445355307496,-0.15262154469266087,0.11959930347221415,0.13568141410680234,0.6157125077668941,0.38461127224108294
2020-03-30,6896.0,6896.0,6970.5,6608.7998046875,6708.7001953125,38187000,-0.08984723001286832,-0.1437741936852852,0.1708843869777804,0.18198996276157997,0.6068099258709309,0.38571492716978906
2020-03-31,7176.5,7176.5,7224.35009765625,6951.39990234375,7074.2001953125,39022000,-0.04759062162529071,-0.11531754667984162,0.18011591988511777,0.18148495234372775,0.6270563679323586,0.39495842541271325
2020-04-01,7026.7001953125,7026.7001953125,7208.25,6991.60009765625,7206.2001953125,31879000,-0.11285759807621898,-0.12027141550057208,0.15693087543975082,0.19151333157339645,0.598456330693261,0.3959408408393589
2020-04-03,7361.60009765625,7361.60009765625,7452.7998046875,6956.2001953125,7019.85009765625,90108000,-0.08964882731706181,-0.08397933209030672,0.1918550563654997,0.24533011715711806,0.6203703347199387,0.4080304635958784
2020-04-07,8124.85009765625,8124.85009765625,8159.75,7569.85009765625,7729.25,103931000,-0.002596354326509953,0.016095270459446587,0.21719242947750994,0.284956427854981,0.7204638514306106,0.45659239304391114
2020-04-08,8412.2001953125,8412.2001953125,8564.849609375,8056.2998046875,8122.89990234375,127307000,0.049125176186942454,0.04718576119912288,0.25302074470849234,0.33100850694497375,0.7281879128295594,0.46196519827200316
2020-04-09,8800.4501953125,8800.4501953125,9032.400390625,8706.400390625,8739.5,121943000,0.13459765404423352,0.09207050881832846,0.26276645164212964,0.3486545653564602,0.7304714056693641,0.47081188705660176
2020-04-13,9044.349609375,9044.349609375,9229.599609375,8852.0,9000.25,121649000,0.18644766085793196,0.11956494014445496,0.3264834910564809,0.3901101139872436,0.7284918510471798,0.47378676678480436
2020-04-15,9038.7998046875,9038.7998046875,9382.150390625,8889.2001953125,9265.400390625,115258000,0.30194237837294957,0.11356410061445121,0.37126877669381797,0.3915868030485702,0.6228569786688121,0.4737753403488188
2020-04-16,9199.2998046875,9199.2998046875,9251.0498046875,8989.7998046875,9040.900390625,74190000,0.26572644533399825,0.12650921905735446,0.362399578143337,0.3979520303814067,0.6112025984940966,0.4748091944694738
2020-04-17,9157.75,9157.75,9454.099609375,9066.099609375,9429.5,70422000,0.31589155186834494,0.11637678878529867,0.30835142026271334,0.36636667183333393,0.579408639980688,0.4749651675942243
2020-04-20,9149.2001953125,9149.2001953125,9212.5498046875,9004.75,9176.7001953125,61908000,0.31094268133294456,0.09632971965530279,0.2780667844539739,0.3465250345332447,0.5805014148798628,0.47391421727584515
2020-04-21,9381.650390625,9381.650390625,9561.349609375,8999.9501953125,9031.849609375,125521000,0.399045653450397,0.13450885907508114,0.33851164598203676,0.399802850362305,0.5458893262030977,0.47580942408934224
2020-04-22,9377.0,9377.0,9513.0,9305.75,9369.400390625,79245000,0.40890992412290594,0.13328174067050713,0.2971104230018051,0.37835870549921824,0.5422971245944828,0.47582932924767174
2020-04-23,9388.900390625,9388.900390625,9580.849609375,9358.349609375,9400.150390625,75985000,0.3505517229124149,0.13713188114221375,0.285552187997999,0.36782676669382564,0.5357010027095582,0.47575196375055717
2020-04-24,9518.4501953125,9518.4501953125,9638.7001953125,9305.599609375,9358.400390625,104410000,0.4797895751650112,0.14677356826742582,0.2768855456488981,0.39520233392625226,0.40922521018485514,0.47630272452118005
2020-04-27,9602.0498046875,9602.0498046875,9753.5,9557.400390625,9590.5,75788000,0.45242436350717874,0.1577034176067722,0.26254607313785616,0.3998563941799561,0.4098604827552913,0.47644221208246235
2020-04-28,9386.2001953125,9386.2001953125,9701.0,9352.0,9699.25,51486000,0.4018565269638197,0.11523411347565449,0.2740529682108648,0.341168564286365,0.4352144419657122,0.4785077587047665
2020-04-29,9385.4501953125,9385.4501953125,9498.150390625,9339.75,9453.2998046875,47209000,0.385306301891144,0.11462844871737765,0.279780100449035,0.32220075713772023,0.43908245653783384,0.47851562116387186
2020-04-30,9327.099609375,9327.099609375,9556.5,9253.900390625,9522.5498046875,68641000,0.3690050530612281,0.1086796103454244,0.23048129328235345,0.2957936389018364,0.4448788488371315,0.4787699036358318
2020-05-04,9364.599609375,9364.599609375,9507.4501953125,9140.150390625,9181.599609375,87107000,0.35797558140588737,0.1368875788569155,0.23572123857937854,0.3647328279627934,0.4466706741949656,0.4764154202569585
2020-05-05,9181.5,9181.5,9503.75,9157.349609375,9493.7001953125,52023000,0.27938410088483234,0.1281424188226281,0.2086854169995136,0.35857855378338876,0.4532554750543584,0.4776570816855366
2020-05-06,9227.150390625,9227.150390625,9289.900390625,9128.0498046875,9229.849609375,50167000,0.313155554406664,0.1580913350797566,0.18992739162037164,0.3662413806636263,0.43692199938534626,0.47522164172860737
2020-05-07,9148.099609375,9148.099609375,9373.5498046875,9128.9501953125,9283.2001953125,42005000,0.2426781525782047,0.12628037518015822,0.10471704184494435,0.35839070355113756,0.4254936207028054,0.47444292523866793
2020-05-08,9343.349609375,9343.349609375,9385.599609375,9230.349609375,9275.900390625,44253000,0.14997193758322336,0.1498657941670054,0.09773247595991186,0.3845928261696485,0.2761181143174272,0.4760450587271787
2020-05-11,9307.2998046875,9307.2998046875,9416.5,9281.7001953125,9413.25,47290000,0.10640493433261056,0.13118771045069821,0.05034547494555519,0.37000480504707045,0.25804417058262635,0.4757317117382411
2020-05-12,9246.650390625,9246.650390625,9368.0498046875,9142.7998046875,9291.099609375,54851000,0.050701973809267775,0.1084652473515153,0.041411989235951685,0.3483161277095187,0.21286332703788385,0.47541773475933663
2020-05-13,9147.75,9147.75,9447.9501953125,9131.150390625,9447.9501953125,46760000,0.011432595497836484,0.10730821606899688,-0.03189703666615751,0.32739300976159547,0.19613521988381213,0.4755297385693819
2020-05-14,9172.2001953125,9172.2001953125,9279.650390625,9103.7998046875,9146.099609375,60236000,0.014758639809216545,0.10181205995653442,-0.009604709329856354,0.3467059139661759,0.19621895557314895,0.4753732961824792
2020-05-15,9093.0,9093.0,9211.0,9065.650390625,9177.349609375,70644000,-0.011555206042239807,0.1001748585765243,-0.027573554923131627,0.35132642865852104,0.18826390798804285,0.47550063841109474
2020-05-18,9092.650390625,9092.650390625,9201.4501953125,8999.849609375,9097.599609375,61511000,-0.007108690385192906,0.090808231771359,0.040750591455797736,0.3660851623685383,0.18768951367818323,0.4752919394737816
2020-05-19,9084.599609375,9084.599609375,9231.5,9044.0498046875,9149.4501953125,45405000,-0.007060790512661175,0.09036563923484531,0.03426464837295562,0.35737054153667547,0.18768762360237493,0.47529970074217753
2020-05-20,9456.7998046875,9456.7998046875,9495.5,9074.599609375,9098.7001953125,54446000,0.008010255225199714,0.15258661095774384,-0.001464785834362603,0.3999134840841472,0.21966591748238012,0.48050815132730346
2020-05-21,9520.5498046875,9520.5498046875,9549.400390625,9436.0498046875,9475.2001953125,56821000,0.01530871330782757,0.1612834406524124,0.024130652986572687,0.4019546935187872,0.22076613128053202,0.4805435993216898
2020-05-22,9600.650390625,9600.650390625,9619.599609375,9427.2001953125,9502.2998046875,49964000,0.022553226809332916,0.14584687784172434,0.05204145183925191,0.40039707957448867,0.22241979633925407,0.4790320338722584
2020-05-26,9483.5,9483.5,9679.849609375,9454.75,9624.2998046875,48678000,-0.003671836758647129,0.1338000493631477,0.01002109566605558,0.3864147166560207,0.222035815934916,0.47989577230154007
2020-05-27,9463.7001953125,9463.7001953125,9537.7998046875,9416.7998046875,9528.75,43880000,-0.014408341155183413,0.1661194155750625,-0.01792583049640384,0.37867881100352774,0.21957443585430717,0.4752528238279963
2020-05-28,9464.5,9464.5,9507.5498046875,9362.0498046875,9488.9501953125,39315000,0.008342013067929477,0.19223523069888415,-0.003298577302172978,0.3878463737700576,0.20359480658482468,0.4725108151598199
2020-05-29,9768.599609375,9768.599609375,9812.900390625,9432.599609375,9459.25,105962000,0.040823765092681485,0.2461219723940966,0.038002744569570535,0.42578547329853644,0.2317325439926674,0.4749910250931408
2020-06-01,9802.099609375,9802.099609375,9872.400390625,9677.9501953125,9844.2001953125,75074000,0.05092687114894323,0.24310884774193875,0.0543498266214032,0.3984516519679874,0.2297063860707822,0.4749695414044565
2020-06-02,9833.599609375,9833.599609375,10047.2998046875,9814.4501953125,9869.650390625,65215000,0.05008222663684192,0.2978651281057181,-0.0236897225077215,0.40701328715452745,0.22965313351640637,0.46623335641084124
2020-06-03,9864.0498046875,9864.0498046875,9980.849609375,9835.0498046875,9914.7998046875,37556000,0.07433968356886123,0.309080128577941,-0.018641787669666066,0.4053007564832205,0.21417253679474327,0.46578959401847697
2020-06-04,10077.849609375,10077.849609375,10114.099609375,9869.599609375,9880.849609375,76337000,0.09219522634142074,0.2723593522108372,0.01041253137074527,0.38508751277719555,0.22337024579807574,0.4575195114747948
2020-06-05,10081.2998046875,10081.2998046875,10234.7998046875,10061.9501953125,10161.400390625,57217000,0.10201027920117456,0.24667504042870192,-0.000511242690894198,0.34523068964877124,0.21866510319766463,0.4562433124913562
2020-06-08,9939.099609375,9939.099609375,10158.849609375,9883.7001953125,10158.849609375,39821000,0.06376192959773563,0.2201202564909157,-0.03524365817857089,0.31787070503892356,0.21977057036819103,0.4576391516256315
2020-06-09,10122.0498046875,10122.0498046875,10227.900390625,9948.75,9950.5,69541000,0.08753881545640785,0.2623685882598388,0.00014486595392182444,0.34815994159702823,0.22444841255910714,0.4568824226220536
2020-06-10,10149.25,10149.25,10237.0498046875,10070.7998046875,10159.099609375,44248000,0.09761368400930648,0.30849160949084076,-0.0023804013235189103,0.3405732630816394,0.2209592867909823,0.4503131576809893
2020-06-11,9933.400390625,9933.400390625,10177.349609375,9893.7998046875,10097.849609375,46572000,0.08588454982099414,0.30307431344825253,0.030633583384655605,0.35627560330552,0.2338142040517328,0.4512514393684403
2020-06-12,9982.7998046875,9982.7998046875,9997.5,9687.9501953125,9690.900390625,44285000,0.08837569962649328,0.43791547565813227,-0.0024230633961201953,0.398004735533122,0.23376713912071032,0.40247459379950007
2020-06-15,9989.0498046875,9989.0498046875,10171.7998046875,9894.7001953125,10020.75,44522000,0.09854281366848117,0.3743877001496285,0.024463605311696224,0.3886013771449567,0.229244517709195,0.3939727601551392
2020-06-16,9926.400390625,9926.400390625,10092.349609375,9800.0498046875,10063.25,36885000,0.09169493647964733,0.426340139716205,-0.03192731155820727,0.34842686216601404,0.23201632390972488,0.38152655516786754
2020-06-17,9977.2001953125,9977.2001953125,10020.25,9915.2001953125,9956.7001953125,35988000,0.09825425712943536,0.4295826189200358,-0.014600742288747082,0.3276426714626617,0.23118374855568152,0.38147651892494056
2020-06-18,9975.2998046875,9975.2998046875,10050.2001953125,9953.0498046875,9991.75,28615000,0.05482827285219605,0.4875740677310516,-0.058235749076797516,0.29594708122001756,0.18973094508083166,0.3695541498441871
2020-06-19,10002.150390625,10002.150390625,10098.849609375,9982.4501953125,10022.900390625,40791000,0.0505853754055654,0.5028398152843514,-0.07440025431303443,0.2631154690982742,0.18912839813115348,0.3684762728188877
2020-06-22,10218.349609375,10218.349609375,10291.4501953125,10102.2998046875,10223.0498046875,147574000,0.06433930969439117,0.4698643180880677,-0.07637481983101191,0.29082836624659114,0.19985126680565765,0.3617610213963477
2020-06-23,10360.7998046875,10360.7998046875,10385.2001953125,10217.900390625,10300.099609375,106516000,0.09250801968550637,0.6107457859997647,-0.06719319212571873,0.23483829281622937,0.19460370317237052,0.31670045387037904
2020-06-24,10110.5,10110.5,10404.349609375,10088.599609375,10393.349609375,57067000,0.06834533970210388,0.5293335096086025,-0.03797295385929034,0.20831902275130232,0.21917431600552612,0.32089410210094044
2020-06-25,10193.150390625,10193.150390625,10239.599609375,10040.599609375,10075.5498046875,50195000,0.07698773211738597,0.5223769052526288,-0.007184280203842652,0.2854105168451684,0.21946958719966467,0.32068901600527233
2020-06-26,10137.849609375,10137.849609375,10285.2001953125,10100.25,10239.099609375,41872000,0.03779968621557872,0.4963615659594096,-0.04598685613456266,0.2948271284141706,0.19501102446801505,0.32153335479864154
2020-06-29,10135.900390625,10135.900390625,10264.900390625,10115.2998046875,10132.75,26419000,0.034054008279077674,0.4877185227167016,-0.01543129172853508,0.29694453921449315,0.19504769851576184,0.32183831012915154
2020-06-30,9985.150390625,9985.150390625,10198.400390625,9956.150390625,10189.4501953125,25882000,0.015411526528446018,0.44796264365211713,-0.016956123123688327,0.20391292859832966,0.2036508988424306,0.3246430457227656
2020-07-01,9882.849609375,9882.849609375,10006.599609375,9844.5,10004.650390625,23088000,0.001905891095416612,0.37711274428690866,-0.03471868535187417,0.16399887092614573,0.20713811226617979,0.3186238536124514
2020-07-02,9943.650390625,9943.650390625,9976.150390625,9832.650390625,9845.349609375,28839000,-0.013316255347287642,0.41512375855432015,-0.06542468045944672,0.1367186063818655,0.1928467446462971,0.3138280004394103
2020-07-03,9963.400390625,9963.400390625,10046.099609375,9927.599609375,10020.0,27867000,-0.01169486240332629,0.3534286375861544,-0.05756277017759992,0.04125492402830688,0.19304905536566072,0.30217163141059705
2020-07-06,9901.25,9901.25,10012.9501953125,9852.2998046875,10002.25,27025000,-0.003808152736420767,0.21863786789816375,-0.06244627575249073,-0.005589305223254071,0.1875974948831601,0.2316146054923844
2020-07-07,9878.0,9878.0,10000.9501953125,9866.9501953125,9924.7001953125,27328000,-0.024110709727438895,0.17424689981870412,-0.09906106339980902,-0.06017520512485919,0.17455159280682303,0.22238727646399195
2020-07-08,9948.5,9948.5,10035.849609375,9909.9501953125,9920.849609375,31904000,-0.019779786683745137,0.13045353126354842,-0.0780627882810131,-0.044466028987008244,0.17656126724493032,0.2043115659393531
2020-07-09,9987.5498046875,9987.5498046875,10039.7001953125,9955.349609375,10000.900390625,23681000,0.005451246494967199,0.10428612736672815,-0.08659583442934093,-0.0980299736319794,0.1596663766903242,0.19745022184941305
2020-07-10,10072.25,10072.25,10161.150390625,9982.5498046875,9998.5498046875,40467000,0.0089604316486942,0.11433489153909071,-0.07077057767833961,-0.09212876125968728,0.1614919506571089,0.19787824950789842
2020-07-13,10106.599609375,10106.599609375,10185.349609375,10065.9501953125,10171.849609375,39393000,0.011767866512422342,0.09862705031367569,-0.08900961601882451,-0.10263400630203923,0.16183383194872442,0.19515783748003768
2020-07-14,10155.0498046875,10155.0498046875,10203.5498046875,10105.2998046875,10132.599609375,49859000,0.023034474236849123,0.10890227454205448,-0.046901939861900166,-0.03576544708365037,0.1603601550854889,0.1948484212908199
2020-07-15,10210.75,10210.75,10261.2001953125,10157.2998046875,10192.2998046875,27616000,0.023408351051954046,0.11602651401500363,-0.05118314645088695,-0.03041838016299936,0.16048520623888451,0.19491744217482185
2020-07-16,10382.2998046875,10382.2998046875,10398.5,10166.75,10234.849609375,44529000,0.0408007787203295,0.1066602753671615,-0.023440428574144523,-0.08913215923519013,0.16950332729591616,0.19135456926210395
2020-07-17,10472.150390625,10472.150390625,10497.150390625,10347.0498046875,10394.7998046875,47210000,0.04698989533695985,0.11679112622640497,-0.01717196671687171,-0.06981434296164601,0.17112154043182837,0.19182092242914509
2020-07-20,10304.599609375,10304.599609375,10495.150390625,10283.25,10495.150390625,38480000,0.008440697695532906,0.09752997482690762,-0.06051344794536173,-0.08588403359506414,0.1673885718695811,0.19532429029079956
2020-07-21,10153.7998046875,10153.7998046875,10381.2998046875,10133.25,10355.849609375,25246000,-0.019979152565649194,0.06674927076761805,-0.08599481487106408,-0.15258236469713982,0.16773839072180916,0.19646132212392936
2020-07-22,10175.2001953125,10175.2001953125,10355.5,10110.0498046875,10199.75,37887000,0.006399307186835568,0.05969042051262852,-0.0738797550788921,-0.13964593401376924,0.14319956472768564,0.19582471162054527
2020-07-23,10322.150390625,10322.150390625,10335.2998046875,10207.75,10237.9501953125,27011000,0.012655557414187335,0.09971555856862246,-0.07739777865773645,-0.09584667195254326,0.14925136087572968,0.19134705494877208
2020-07-24,10237.9501953125,10237.9501953125,10476.0,10192.2001953125,10382.349609375,46640000,0.009873946625222452,0.09083208394476117,-0.06824898418716319,-0.0809192753522785,0.15104339945171794,0.1923675881780059
2020-07-27,10062.0498046875,10062.0498046875,10265.5498046875,9994.7998046875,10247.400390625,25864000,-0.0072860410117887575,0.07879729241593769,-0.08674372137953479,-0.050199894540621015,0.16378561099673947,0.19557750800363358
2020-07-28,10128.0498046875,10128.0498046875,10168.5498046875,10033.2998046875,10065.4501953125,23566000,0.014311192968777586,0.08152512944047308,-0.0826059630645326,-0.134437619221226,0.15593628261993042,0.1957974412948849
2020-07-29,10441.150390625,10441.150390625,10469.099609375,10166.099609375,10176.400390625,35072000,0.05649188273798966,0.13719440076512557,-0.017601704460432632,-0.07976593693693967,0.18257915611146391,0.1997275986411889
2020-07-30,10766.0498046875,10766.0498046875,10788.2998046875,10493.5498046875,10505.2998046875,53146000,0.08270598640896187,0.16677948758980432,0.03053901946300641,-0.03074717355864376,0.207618306882896,0.20803742598227126
2020-07-31,11148.900390625,11148.900390625,11194.4501953125,10780.4501953125,10801.0498046875,107239000,0.11898548221704397,0.21871217702959567,0.07504419592951073,0.014951959352561994,0.2346354397986897,0.21699606446961212
2020-08-03,11128.400390625,11128.400390625,11389.9501953125,11090.650390625,11176.2998046875,71286000,0.12393893605605344,0.19105041081400853,0.1120517775079235,0.013771092933124285,0.23218064604455388,0.21402298681951554
2020-08-04,11316.9501953125,11316.9501953125,11337.7001953125,11056.9501953125,11179.5,43606000,0.14567222062284868,0.21592195725906094,0.11830100038116331,0.015033377571268769,0.23316794548917086,0.21541316858627627
2020-08-05,11263.75,11263.75,11413.849609375,11239.0498046875,11397.7001953125,51156000,0.13220586017992653,0.2181438168593568,0.09522569619094856,0.010989979127029592,0.23670842656752542,0.21509081772852706
2020-08-06,11403.650390625,11403.650390625,11478.5,11265.0,11325.900390625,49713000,0.14178658566216873,0.24660713187669092,0.10602554840505629,0.053012956564696845,0.2375152028123418,0.2138552987733557
2020-08-07,11333.0,11333.0,11468.0,11283.599609375,11410.150390625,49863000,0.1251706421107499,0.23558140453495424,0.08375181436667223,0.009030333501895305,0.24169277753901675,0.21480643231895252
2020-08-10,11941.400390625,11941.400390625,12027.9501953125,11582.4501953125,11583.599609375,122096000,0.18154481746244477,0.31325199500989775,0.13827321065479348,0.07976880633389127,0.29205814186475915,0.23537093392627997
2020-08-11,11772.25,11772.25,12045.2998046875,11712.400390625,12021.849609375,48306000,0.15925083839234455,0.2946995094123279,0.09183056688616786,0.01144220626439485,0.302767439316445,0.2383408727664734
2020-08-12,11590.25,11590.25,11766.400390625,11536.75,11766.400390625,40291000,0.13510271037876742,0.2758129690205888,0.07010109215563443,0.0022153196953100807,0.3135650847605173,0.24158827765654925
2020-08-13,11477.9501953125,11477.9501953125,11718.900390625,11456.5,11621.5,50038000,0.10553060605419295,0.21372456141274832,0.053342282104177574,-0.03266468684021451,0.3160272285464572,0.23116305353187713
2020-08-14,11640.400390625,11640.400390625,11800.650390625,11465.7001953125,11529.400390625,77661000,0.11155779438059388,0.22266052165325356,0.0861764143797501,-0.004892026390672211,0.3174350234409062,0.23212295617734718
2020-08-17,11595.349609375,11595.349609375,11751.0,11547.5498046875,11731.5,33234000,0.12525959755153337,0.20776709260216553,0.104855376064235,-0.03648432309880523,0.3093476906778813,0.23234793276189114
2020-08-18,11581.7001953125,11581.7001953125,11694.2001953125,11537.400390625,11620.75,28313000,0.14062719554169356,0.22124745034138238,0.12064022074942504,-0.03972129561283855,0.3009761316825147,0.23030542314807767
2020-08-19,11537.900390625,11537.900390625,11704.849609375,11510.349609375,11647.7001953125,31380000,0.13392367414454087,0.21917433482728876,0.10914951618257285,-0.005566554970057869,0.30285948067574703,0.23050247563212767
2020-08-20,11540.900390625,11540.900390625,11650.75,11503.0498046875,11520.849609375,27481000,0.11807132757016592,0.21938828153890855,0.10944483480214151,0.02738812759558229,0.3020154086366199,0.23049229154673218
2020-08-21,11614.900390625,11614.900390625,11733.9501953125,11594.0498046875,11659.75,32369000,0.13449471515723377,0.18900362949445593,0.11864275564643312,0.002026202774360719,0.29760008531794857,0.222927363953459
2020-08-24,11572.25,11572.25,11696.4501953125,11508.2998046875,11681.9501953125,25941000,0.15008872194301404,0.18058890045679377,0.12002616274354994,0.013656812153678866,0.28697274430486264,0.22332893590900355
2020-08-25,11500.0,11500.0,11674.5498046875,11485.150390625,11649.75,28460000,0.13546045110061855,0.1694598577143931,0.12026648281765251,0.019832090774153377,0.29081298888445334,0.2240911853302746
2020-08-26,11484.5498046875,11484.5498046875,11536.150390625,11444.5,11532.5498046875,22796000,0.09993146109640927,0.1642834365282626,0.06897951475323727,0.01638874499731746,0.2774671555694099,0.22423474341054817
2020-08-27,11588.0498046875,11588.0498046875,11640.849609375,11509.150390625,11516.400390625,32193000,0.07635112366302677,0.14985341653715722,0.03517895491263867,-0.002717646691155595,0.26082163588715157,0.22117889466185403
2020-08-28,11622.900390625,11622.900390625,11697.150390625,11572.7001953125,11658.75,49888000,0.0425154036176143,0.1529168476093432,-0.009333785563327979,0.0044819338319279645,0.2332235169999788,0.22114411844859067
2020-08-31,11079.7998046875,11079.7998046875,11710.150390625,11005.900390625,11675.7001953125,52048000,-0.004367257128746305,0.11476896702358652,-0.049897795195730676,-0.005226683926341957,0.29301460913180244,0.2417121777189251
2020-09-01,11339.5,11339.5,11401.5,11052.400390625,11103.650390625,52475000,0.0019925690489333014,0.1202770405998892,-0.03180567794865574,-0.02142188929453881,0.29873594092024536,0.24334858435126258
2020-09-02,11404.25,11404.25,11467.9501953125,11259.7998046875,11370.75,37628000,0.012473643324825145,0.12365445722590329,-0.026561058194955134,-0.016601426147469622,0.2987965762776758,0.2434685299233821
2020-09-03,11511.849609375,11511.849609375,11567.150390625,11365.150390625,11453.349609375,34025000,0.00948812135094479,0.1589032110534594,-0.019734683100097516,-0.005250514993046407,0.2974405357479974,0.23895434629470005
2020-09-04,11281.4501953125,11281.4501953125,11616.7998046875,11220.2998046875,11397.2998046875,44935000,-0.004548645962013542,0.13008879432954368,-0.015231655826783652,-0.006375941649305217,0.305655101295996,0.24335848636098303
2020-09-07,11269.849609375,11269.849609375,11415.75,11150.75,11343.099609375,25297000,-0.05623718820928436,0.12822038429385607,-0.06377030987313759,-0.028840620087674074,0.2344417289155816,0.2434231229631643
2020-09-08,11093.2001953125,11093.2001953125,11367.2001953125,11058.599609375,11302.5498046875,26847000,-0.05768224465904992,0.11754510787107542,-0.05722736361466929,-0.024007202939394734,0.23548834997206383,0.24557826797464333
2020-09-09,11304.099609375,11304.099609375,11343.4501953125,11006.7998046875,11038.599609375,42975000,-0.024688888559349476,0.13299316322087096,-0.022000586980445158,-0.008371916163033344,0.24262247061166808,0.24795501339604945
2020-09-10,11303.400390625,11303.400390625,11402.4501953125,11233.7998046875,11366.0498046875,31892000,-0.015207402168270878,0.13313891431247127,-0.028375001875866834,-0.001388101272233433,0.24055581595420025,0.2479501201878979
2020-09-11,11313.2998046875,11313.2998046875,11375.900390625,11240.2998046875,11308.2998046875,24026000,-0.028100458314212484,0.1310867526338575,-0.05368996975516971,0.01199244177462866,0.234253195322104,0.24795906101006562
2020-09-14,11233.2998046875,11233.2998046875,11376.5498046875,11186.5,11361.4501953125,23010000,-0.03122370751070569,0.09932623506846117,-0.04837925889852002,-0.010151768266997152,0.23497766116834207,0.24533089099508915
2020-09-15,11450.5,11450.5,11604.349609375,11263.150390625,11269.5498046875,55376000,-0.011328232737849775,0.10517529687423277,-0.023312949939695238,0.0048219586364808276,0.2462552616092808,0.24670130289031106
2020-09-16,11688.5498046875,11688.5498046875,11727.7001953125,11436.2998046875,11506.75,51570000,0.013056917546706126,0.1560802932285743,-0.004136501981564233,0.030004388148256345,0.25698470838867865,0.24357755953643753
2020-09-17,11735.9501953125,11735.9501953125,11785.0498046875,11647.599609375,11701.0,43747000,0.01690074414349363,0.15135652330867866,-0.0011239911460207974,0.03208243451798576,0.2572601979563396,0.24331096786417142
2020-09-18,12320.900390625,12320.900390625,12528.849609375,11926.650390625,11958.2001953125,140543000,0.06078399093029252,0.2153366705332873,0.049057356989755,0.10728021331355309,0.30805374639528205,0.26054851527538087
2020-09-21,11799.5498046875,11799.5498046875,12496.7001953125,11724.0,12341.75,62571000,0.019641798672470845,0.16413434918926972,0.038470676568200135,0.07316140607940258,0.34866734612006395,0.27736769086137025
2020-09-22,11876.849609375,11876.849609375,11952.099609375,11540.400390625,11889.099609375,55403000,0.03276953125000004,0.18945124958018722,0.06054085852886859,0.10679326591294713,0.3481028847055778,0.2750589728568102
2020-09-23,11685.900390625,11685.900390625,12052.400390625,11608.0,12032.4501953125,37581000,0.017532301166504283,0.18244239794356498,0.05370238620225787,0.11515606491262442,0.353730188726369,0.27653211856065124
2020-09-24,11334.599609375,11334.599609375,11717.4501953125,11268.900390625,11581.099609375,42088000,-0.02187168674490647,0.139883158006179,0.04333152240036675,0.11582546069899324,0.3691750163974137,0.2847236564198153
2020-09-25,11595.900390625,11595.900390625,11666.0,11383.349609375,11513.0498046875,45977000,-0.0023230002058503008,0.16384968344101591,0.04896221128907452,0.12209557832190532,0.3786568315489304,0.2878381097261501
2020-09-28,11796.599609375,11796.599609375,11842.349609375,11528.25,11724.75,44513000,0.06469429207414423,0.1914252856331271,0.07874041240894114,0.14832657866782561,0.3381000024358008,0.28878418177620724
2020-09-29,11709.5,11709.5,11874.099609375,11680.900390625,11857.0,37061000,0.03262930464306191,0.18541202672605794,0.05423734364613508,0.1462672410423489,0.33142563654575,0.2893641776574988
2020-09-30,11772.849609375,11772.849609375,12015.7001953125,11691.5,11745.0,57562000,0.03232124947936077,0.1833793646655275,0.05724107568763992,0.1327710649492535,0.33137850841943645,0.28927719714450223
2020-10-01,11822.900390625,11822.900390625,11893.2001953125,11710.099609375,11869.099609375,32261000,0.02702005253757722,0.18376384817386415,0.03660586710435221,0.12795372382875825,0.3302732405226317,0.28928329330021973
2020-10-05,12024.0,12024.0,12073.400390625,11748.9501953125,11881.25,35540000,0.06582042129619414,0.19377497579984615,0.0508652202090194,0.12548964855633615,0.3243594521669211,0.29049602262453095
2020-10-06,12009.4501953125,12009.4501953125,12161.099609375,11979.0498046875,12084.7998046875,32686000,0.0656264823021464,0.1882780222313738,0.03855917821946231,0.10869604922748155,0.324391466204511,0.29061927565233964
2020-10-07,11915.0,11915.0,12119.400390625,11880.25,12009.0498046875,30017000,0.07408140033700605,0.17330788417208143,0.036837698008429065,0.06663656271399021,0.3194347579285252,0.2914242372723508
2020-10-08,12209.2001953125,12209.2001953125,12255.7001953125,11910.900390625,11968.7998046875,47025000,0.08006834840581734,0.19572021597948241,0.03071566092798439,0.08116225025196755,0.32353963929075896,0.29476328873254704
2020-10-09,12043.9501953125,12043.9501953125,12343.7001953125,12017.9501953125,12230.150390625,51543000,0.06551566600274628,0.16004646580084136,0.024906002023664664,0.0507116943498056,0.32924862006879313,0.2952937483989996
2020-10-12,12154.5498046875,12154.5498046875,12184.0,11987.0498046875,12067.900390625,33894000,0.07435938360366268,0.1606546269206215,0.033668378622827344,0.06624274789623263,0.3297904667002207,0.29534226502538463
2020-10-13,11937.099609375,11937.099609375,12331.0498046875,11892.5,12149.650390625,48665000,0.0626529886074807,0.15842439899506355,0.01943200585355065,0.07565509808221305,0.33671765689652566,0.29588577362659624
2020-10-14,11857.25,11857.25,12011.4501953125,11740.900390625,11956.5498046875,33378000,0.03552246626784861,0.16776480018112072,-0.003468837835285399,0.095306307969649,0.332795473473287,0.2943463475362465
2020-10-15,11637.900390625,11637.900390625,11932.2998046875,11571.0498046875,11891.849609375,28609000,-0.00433325048092692,0.14375149060814896,-0.01086515442922853,0.09454914621244037,0.3325015087716812,0.297553511108775
2020-10-16,11814.099609375,11814.099609375,11854.7001953125,11596.7998046875,11637.4501953125,40936000,0.006658976287553964,0.14453860506673588,-0.014732865941472273,0.09576659944286714,0.33662759525767855,0.29767631571039244
2020-10-19,11616.650390625,11616.650390625,11923.9501953125,11592.9501953125,11911.650390625,24583000,-0.05715897196408348,0.13466564781138946,-0.08915386139219894,0.07401795322341331,0.2888575561972353,0.2994981137545603
2020-10-20,11644.400390625,11644.400390625,11746.2001953125,11551.2998046875,11626.5498046875,26570000,-0.013148757082313889,0.15725926790785194,-0.07059039426619118,0.08853722713975753,0.2467837481134091,0.2967461571116027
2020-10-21,11645.7001953125,11645.7001953125,11712.5498046875,11444.349609375,11696.2998046875,29315000,-0.019462182452831822,0.14984626062192108,-0.08975307131366406,0.09346842087528962,0.24535055100164077,0.2966588226807233
2020-10-22,11545.2998046875,11545.2998046875,11645.849609375,11316.349609375,11645.849609375,42742000,-0.01203164336830187,0.10574978548857072,-0.08071749637278103,0.043836914199370636,0.24055352768995034,0.2916092932592267
2020-10-23,11503.0498046875,11503.0498046875,11681.25,11473.4501953125,11573.150390625,36152000,0.014861592038343696,0.06845593447646059,-0.08923304682950506,-0.006142155948377859,0.21363613735443618,0.2854645977766252
2020-10-26,11334.2001953125,11334.2001953125,11578.75,11263.7998046875,11564.5,36284000,-0.022568337644921277,0.016620455667835765,-0.08749899532234928,-0.0460790456114859,0.20359209878753395,0.2783909785142792
2020-10-27,11511.5,11511.5,11539.0498046875,11284.7001953125,11350.5498046875,34132000,-0.024167948291508146,0.03442539771463804,-0.08311674811434899,-0.05718656168856451,0.20171370213985984,0.28009624568090236
2020-10-28,11325.099609375,11325.099609375,11625.9501953125,11295.4501953125,11531.7001953125,31295000,-0.03282807896366202,0.0007201069123619064,-0.07802333141372653,-0.05645297250225245,0.2077324895799893,0.28012149743755754
2020-10-29,11226.0,11226.0,11394.75,11174.099609375,11284.099609375,27525000,-0.046450063282854726,-0.003351459327488593,-0.08408048122717948,-0.054618558725892274,0.2074362716714803,0.2805394535647456
2020-10-30,11243.75,11243.75,11301.9501953125,11135.150390625,11267.650390625,27264000,-0.04898547492493799,-0.014021860119146967,-0.06873244687941538,-0.05350793705345158,0.20652251042479436,0.27937223191097343
2020-11-02,11175.2998046875,11175.2998046875,11281.599609375,11096.25,11256.25,23978000,-0.07058384857888389,-0.013915132384408335,-0.08499710966197527,-0.05449820396549476,0.19363057768695952,0.27936242505253994
2020-11-03,11361.0,11361.0,11400.849609375,11204.0498046875,11214.599609375,65526000,-0.05399499433917476,-0.04860404740139712,-0.06695112723754992,-0.09681543682766258,0.20636303242888604,0.2595401484600274
2020-11-04,11608.650390625,11608.650390625,11681.0,11430.650390625,11456.75,77393000,-0.02571125550776332,-0.013897055310157391,-0.040163301174104604,-0.06565240969302333,0.2225301110516161,0.26199372305661933
2020-11-05,11704.9501953125,11704.9501953125,11721.849609375,11595.7001953125,11677.400390625,39483000,-0.041300821670005705,0.009896265853842623,-0.06544191682680145,-0.061899866757060495,0.20446045643872734,0.26058083150923017
2020-11-06,11623.349609375,11623.349609375,11753.4501953125,11596.7001953125,11735.5,33096000,-0.03492214590037057,0.012667716063263557,-0.0642442660299658,-0.07255894240867056,0.20082828523715435,0.26019634113722323
2020-11-09,11674.349609375,11674.349609375,11809.5498046875,11567.5498046875,11803.5498046875,57052000,-0.03950785533227297,0.0029164992277534996,-0.08393848329543951,-0.11182705702723816,0.1980867605070073,0.25874902334693245
2020-11-10,11168.900390625,11168.900390625,11673.7001953125,11136.650390625,11670.25,64602000,-0.06435392548343,-0.03677760767171778,-0.12272248800175922,-0.15983155473966837,0.24298613553651105,0.27414388012246216
2020-11-11,11570.349609375,11570.349609375,11601.7001953125,11224.400390625,11274.0498046875,61257000,-0.024196199846085675,-0.0009800448764935021,-0.08919472534155382,-0.12076563144530728,0.27842425480666844,0.28385719061831793
2020-11-12,11600.7998046875,11600.7998046875,11788.099609375,11494.5498046875,11548.7001953125,63230000,-0.0031879105931673646,0.005451547676179391,-0.0896964680511978,-0.10695679794222368,0.2708845611650755,0.28379756009149076
2020-11-13,11726.4501953125,11726.4501953125,11744.75,11619.849609375,11640.5,39245000,-0.00741905155370004,0.016077584799035982,-0.08882215924818171,-0.10836770220917469,0.26812847861710737,0.2846409310402724
2020-11-17,11690.7998046875,11690.7998046875,11837.2998046875,11633.0498046875,11816.599609375,39656000,0.006383028805131419,0.006534659059475256,-0.07793822033422138,-0.12560159595769238,0.2612626224871651,0.284430417482812
2020-11-18,11612.9501953125,11612.9501953125,11708.150390625,11523.25,11688.5,29464000,-0.002700885769766237,0.003517051162263085,-0.0902412506082294,-0.12484000613251967,0.262291284222458,0.28466764212368306
2020-11-19,11566.599609375,11566.599609375,11741.349609375,11539.5498046875,11581.5498046875,28529000,-0.006792256765234206,0.00579127038043481,-0.0766594230329366,-0.10747772177999582,0.26264564083775893,0.28449068284514906
2020-11-20,11526.75,11526.75,11670.099609375,11454.7998046875,11600.849609375,26918000,-0.0016066975307101883,0.003674518899754897,-0.08252155814638262,-0.10970172266706069,0.2611042571831606,0.2845690031057575
2020-11-23,11737.2001953125,11737.2001953125,11835.650390625,11525.400390625,11569.7001953125,41520000,0.020355505244320726,0.012871051914591147,-0.063137486876778,-0.10540653489359286,0.26846101309876325,0.28639695888981126
2020-11-24,11880.7998046875,11880.7998046875,11912.349609375,11680.0,11808.900390625,37392000,0.048225688619921936,0.022188903405772953,-0.06117503714541139,-0.09865580524278683,0.2644438262352181,0.28739111812977886
2020-11-25,11635.2001953125,11635.2001953125,12012.4501953125,11600.75,11977.75,38065000,0.010745792929896192,0.050127294754010565,-0.07075537350100913,-0.07904068685960075,0.27187790333559986,0.27302085386264624
2020-11-26,11801.25,11801.25,11834.9501953125,11604.650390625,11665.150390625,29270000,0.04204381480502284,0.04072049032144265,-0.06515510352975218,-0.09151289604764257,0.2683227339326898,0.2704851966120405
2020-11-27,11839.150390625,11839.150390625,11976.099609375,11792.349609375,11840.400390625,79017000,0.05461877700204876,0.0381349400990858,-0.056611850919750184,-0.08617803738791019,0.26525136100873054,0.270335671656907
2020-12-01,12045.150390625,12045.150390625,12085.9501953125,11875.599609375,12021.0,51369000,0.07127518760422458,0.04632624637622884,-0.05469964274463668,-0.09087665474913353,0.2701921476021876,0.27189964545655987
2020-12-02,12088.599609375,12088.599609375,12137.650390625,11986.5498046875,12073.349609375,31968000,0.08172485934600293,0.0715466008437351,-0.04207160920714825,-0.08549627972816909,0.2678288194026561,0.26841214575104116
2020-12-03,12206.9501953125,12206.9501953125,12232.099609375,12083.099609375,12151.5498046875,26527000,0.07446089211447049,0.08315111722147184,-0.037309573084242764,-0.0735061072323715,0.2646899489329492,0.26894561434946646
2020-12-04,12353.599609375,12353.599609375,12393.5498046875,12131.900390625,12248.5498046875,45529000,0.06417190574983733,0.11361909925641567,-0.049196680107953306,-0.057905176507272005,0.2581470337946627,0.26740332706998216
2020-12-07,12555.9501953125,12555.9501953125,12636.900390625,12314.7998046875,12376.4501953125,52174000,0.0727042820174324,0.11074306041140014,-0.029228031144878264,-0.07348729958150635,0.2617913511443943,0.2667512318073599
2020-12-08,12407.2998046875,12407.2998046875,12621.599609375,12327.5498046875,12588.7998046875,33752000,0.06744615120930297,0.09766082558466826,-0.024647933179974713,-0.0721057700711607,0.2649683422969542,0.2681962006216125
2020-12-09,12443.900390625,12443.900390625,12568.9501953125,12408.0498046875,12463.5498046875,28980000,0.06591808597474391,0.09993552769361358,-0.019792975406756286,-0.08015591837561686,0.2649372044123603,0.26820741700750333
2020-12-10,12440.599609375,12440.599609375,12551.400390625,12338.099609375,12453.099609375,23504000,0.1138607359966648,0.10747508084701085,0.04678817529231449,-0.07069284978252521,0.1979927296534288,0.2676274713894879
2020-12-11,12366.0,12366.0,12493.4501953125,12277.5,12460.0,20740000,0.06876632232273394,0.07995284048731488,0.008785916152898698,-0.09294113775010082,0.16709272468130754,0.2655807993118167
2020-12-14,12459.900390625,12459.900390625,12506.900390625,12395.5498046875,12399.75,39249000,0.07405528932499683,0.06599198350749735,0.00571045690418015,-0.10235582996376458,0.16773717204124802,0.2628681476726104
2020-12-15,12432.599609375,12432.599609375,12556.349609375,12400.7001953125,12498.349609375,31233000,0.06021851475093243,0.059360290600138255,-0.006440505217161885,-0.1188033298612301,0.16666560945981898,0.2628768980753502
2020-12-16,12547.5,12547.5,12578.400390625,12437.849609375,12492.900390625,22536000,0.0732798619106454,0.018391481319613545,0.010479844221439771,-0.17089660450689337,0.16651690263809424,0.24407727765640205
2020-12-17,12602.400390625,12602.400390625,12731.4501953125,12561.25,12585.0,30507000,0.08520231109850851,0.06804078115069778,0.02318077068056179,-0.15329510321537,0.16208486300907193,0.22668500989025483
2020-12-18,12762.349609375,12762.349609375,12796.9501953125,12559.400390625,12632.599609375,27911000,0.10337956187493647,0.0745568083392274,0.025954505363045444,-0.15916931026438985,0.16181660018016944,0.2276482855957133
2020-12-21,12278.150390625,12278.150390625,12869.7001953125,11949.599609375,12752.0,55191000,0.06518753253302112,0.05068073320863942,0.028687900517721854,-0.146640543877256,0.22280427447753953,0.23934383937577514
2020-12-22,12550.9501953125,12550.9501953125,12592.4501953125,12020.7001953125,12328.5498046875,31680000,0.06933084436312065,0.10731306158635201,0.027567668764396425,-0.13892614401573167,0.2266488359538825,0.23410052392094016
2020-12-23,12753.25,12753.25,12781.5498046875,12481.349609375,12558.0498046875,27901000,0.0734336248110401,0.09980679122689673,0.031614940045673556,-0.13103410462387588,0.22901803475348673,0.23188745809737107
2020-12-24,12908.9501953125,12908.9501953125,12943.2001953125,12694.5498046875,12815.900390625,30550000,0.10947383617113515,0.09429417143678354,0.04019230951837094,-0.13030516138111148,0.21163215206050345,0.23067146302309202
2020-12-28,12874.349609375,12874.349609375,12995.2001953125,12842.5498046875,12989.400390625,39198000,0.09093101233979461,0.09947902210811743,0.02269352906324884,-0.13672711137665217,0.21060473291243767,0.23009407462999562
2020-12-29,12843.900390625,12843.900390625,13006.2001953125,12802.849609375,12932.2998046875,27309000,0.08486673172051473,0.09097634105485364,0.01056238175001356,-0.14774674542292177,0.21193207548900503,0.2300943780909887
2020-12-30,12823.900390625,12823.900390625,12898.599609375,12753.849609375,12898.599609375,18470000,0.06465257591188878,0.08466619585104063,-0.0019350413166971947,-0.13999975750076787,0.2068770734089355,0.23010093374404048
2020-12-31,12915.900390625,12915.900390625,12986.4501953125,12797.9501953125,12829.75,35016000,0.06843644491363654,0.07417667919369597,0.002246377236579944,-0.14127364395436803,0.20736631055378513,0.2281565061104687
2021-01-04,13149.7998046875,13149.7998046875,13186.5498046875,13028.2001953125,13085.2998046875,33418000,0.07723875286531912,0.09495435601374136,0.001176047173330863,-0.1168802506926061,0.2127182261987959,0.23065909139582572
2021-01-05,13166.349609375,13166.349609375,13247.0498046875,13073.0,13148.0498046875,27961000,0.06579054087063119,0.1050230473667646,-0.00517877396196309,-0.10459292630239725,0.21061139040724808,0.22982583256865086
2021-01-06,13118.099609375,13118.099609375,13205.650390625,12965.650390625,13181.0,24307000,0.04477155494550833,0.07444381282333756,-0.014416435245982129,-0.12088602231479273,0.20604617271289966,0.2251205722865321
2021-01-07,13060.75,13060.75,13200.25,13010.349609375,13168.4501953125,21168000,0.05266659189339684,0.08442411237164027,-0.0029148448480791345,-0.10217250155273971,0.2008817375784994,0.22331028754551835
2021-01-08,13271.5498046875,13271.5498046875,13298.150390625,13104.0498046875,13141.0,32926000,0.06651044994590571,0.09189974272590673,0.006037069288846952,-0.11062392597877269,0.20648444532120733,0.22477297653502537
2021-01-11,13412.349609375,13412.349609375,13423.7998046875,13222.7998046875,13315.4501953125,30583000,0.07811118680065121,0.12358529695449527,0.0034392912428393707,-0.09010191239654586,0.20763059103488413,0.22178892821258328
2021-01-12,13244.7001953125,13244.7001953125,13476.7998046875,13220.0498046875,13445.650390625,23360000,0.07105775475598408,0.1170128145491156,-0.00661075690255597,-0.09954299575332715,0.21296788546745318,0.22308871995461968
2021-01-13,13122.5498046875,13122.5498046875,13304.75,12994.25,13285.9501953125,24099000,0.05318256111911501,0.12757021148406378,-0.021067922150793228,-0.11938301307394195,0.2169779493752714,0.22020796597982895
2021-01-14,13232.5498046875,13232.5498046875,13278.599609375,13020.2998046875,13140.400390625,27373000,0.06434295484825925,0.12006418112362094,-0.011405968495485252,-0.12079970072231871,0.2171213874714296,0.21894230917600266
2021-01-15,13014.25,13014.25,13268.5498046875,12946.7998046875,13262.0498046875,29533000,0.03719864514843585,0.12031003450899291,-0.0176881819602428,-0.09535910128575886,0.22667910631436655,0.21886250255935166
2021-01-18,12653.5,12653.5,13013.4501953125,12592.7998046875,13000.7998046875,25807000,0.004054752094133862,0.08665964545391569,-0.035288192711504296,-0.11377240679096401,0.24997068776389983,0.2273296422410159
2021-01-19,12866.0498046875,12866.0498046875,12914.5,12699.2001953125,12714.9501953125,19727000,0.008125478339531034,0.10478971542356907,-0.0471485184653353,-0.11162640629741061,0.253028716970422,0.22945298272761352
2021-01-20,12881.2001953125,12881.2001953125,12992.900390625,12862.400390625,12919.0,17929000,0.04911568807203737,0.11570945867361648,-0.04964333522481423,-0.11530483171385386,0.2066860373034781,0.2284467882332762
2021-01-21,12697.150390625,12697.150390625,12967.099609375,12655.5498046875,12967.099609375,20327000,0.011648536010214094,0.10380730382049674,-0.07182278283687027,-0.11915347160470469,0.2012382871791542,0.23059516408333702
2021-01-25,12756.75,12756.75,12867.849609375,12390.5498046875,12604.599609375,56442000,0.00027443984866604154,0.12550950046531084,-0.04661888492416155,-0.08448394693329986,0.19361193067088772,0.22810753654130425
2021-01-27,12495.900390625,12495.900390625,12764.5,12403.7998046875,12764.5,39053000,-0.031997164636787145,0.08551451944794342,-0.047870757741865555,-0.089271385736444,0.20122726926273043,0.23096095406196637
2021-01-28,12395.9501953125,12395.9501953125,12513.400390625,12213.599609375,12331.75,33626000,-0.0371591131651523,0.09455551146332009,-0.03314775386509672,-0.08345143377321507,0.20249119048657413,0.22886312301935716
2021-01-29,12170.25,12170.25,12482.5498046875,12101.4501953125,12467.849609375,52734000,-0.05244905131129096,0.08411277391769101,-0.03106036518271804,-0.08415331217340549,0.21079088434122098,0.2315326170799292
2021-02-01,12103.5498046875,12103.5498046875,12218.75,11934.25,12212.2001953125,43558000,-0.05617250321626932,0.07646913215675366,-0.07757509697606724,-0.1501851415454618,0.21097285848666283,0.231955781636182
2021-02-02,12361.5498046875,12361.5498046875,12416.2998046875,12125.349609375,12228.2998046875,45298000,-0.04292001093008391,0.10614927748984648,-0.09056065744250186,-0.1491134553602751,0.22510540550079233,0.2349603398514254
2021-02-03,12706.650390625,12706.650390625,12899.7998046875,12445.599609375,12468.0498046875,67625000,-0.0337000882632853,0.11844471354854336,-0.08019088537690189,-0.13350857678137573,0.23864764954442008,0.23899172510697764
2021-02-04,12739.0498046875,12739.0498046875,12866.5498046875,12661.900390625,12772.25,28542000,-0.032453931223521804,0.09737561008602658,-0.08148033290139789,-0.15346625837977523,0.23890421872095347,0.23544836885928194
2021-02-05,12950.650390625,12950.650390625,13041.0,12669.599609375,12812.75,48932000,-0.01276474670388461,0.10642507439385507,-0.06776165401147505,-0.12491822903070848,0.2472010145207112,0.23704459559780383
2021-02-08,12971.0,12971.0,13118.7001953125,12907.25,13039.5498046875,28592000,-0.006871734012212194,0.11594337569765867,-0.07608203313812845,-0.11663610132373226,0.24690959926805817,0.2363536872304648
2021-02-09,12812.7998046875,12812.7998046875,13013.099609375,12771.0498046875,12954.849609375,27832000,-0.03456642266737908,0.09751722651840722,-0.08768111744773777,-0.11500499604776881,0.2424302631136406,0.23804346420895614
2021-02-10,12905.5498046875,12905.5498046875,12945.7998046875,12689.400390625,12842.7001953125,26713000,-0.03778605683923242,0.15548973966320045,-0.08071051186952294,-0.04048689476914302,0.24046214714897865,0.2182864755589919
2021-02-11,12929.7998046875,12929.7998046875,12961.9501953125,12807.599609375,12833.650390625,32225000,-0.02377557709735456,0.11749430580826958,-0.065650929517023,-0.07264773031086524,0.23742423202010934,0.20723501812781486
2021-02-12,12785.75,12785.75,13013.75,12738.349609375,13012.349609375,29121000,-0.025665728817976463,0.1021438362235767,-0.06675439168527397,-0.09268234006570264,0.23839477672548737,0.20894520537047143
2021-02-16,12804.150390625,12804.150390625,12821.0,12695.150390625,12789.0498046875,24863000,-0.03237466855486493,0.09190336183266234,-0.08155734039771345,-0.11198894593405706,0.23593507499133817,0.20807279579367924
2021-02-18,12517.5,12517.5,12648.099609375,12491.0498046875,12593.5,23394000,-0.038169698599611945,0.07071374149962173,-0.08564539718884434,-0.10364660445936957,0.24188513790357682,0.21368732208663943
2021-02-19,12347.400390625,12347.400390625,12545.7001953125,12236.150390625,12499.900390625,27821000,-0.024190904443434635,0.06324406657741077,-0.07323757420682642,-0.09469846815487526,0.22609075847281054,0.21525748805739583
2021-02-22,12032.2998046875,12032.2998046875,12387.0498046875,11950.4501953125,12365.7998046875,24407000,-0.06480232959274257,0.04026249814466132,-0.07544541230520296,-0.10881710526623078,0.23177769438877438,0.22198774737512597
2021-02-23,12029.5,12029.5,12122.349609375,11935.25,12059.349609375,31169000,-0.06611963034488322,0.04361593684256193,-0.07042832963769619,-0.10015440607391679,0.2314663621401903,0.22183122847524356
2021-02-24,12035.849609375,12035.849609375,12135.4501953125,11916.7998046875,12101.2998046875,11432000,-0.052082613886205054,0.025444689456840974,-0.07892572601926495,-0.13357420386879149,0.22812151628202892,0.21885360445925933
2021-02-25,12141.7001953125,12141.7001953125,12291.75,12058.2001953125,12097.349609375,28226000,-0.04821367548062794,0.02195983392650569,-0.10850268623283532,-0.1344687906120916,0.2303115586137644,0.21818370755722868
2021-02-26,11927.900390625,11927.900390625,12322.099609375,11860.7001953125,12043.599609375,44645000,-0.04545490778928907,0.025156438256251024,-0.08566614033806308,-0.10477807531031491,0.22749170876145977,0.21697503624196018
2021-03-01,12092.7001953125,12092.7001953125,12126.400390625,11949.75,12007.2001953125,18030000,-0.024463634914786425,0.024696552934011295,-0.09278254914658124,-0.11194391866739783,0.23328677793231453,0.2168554454222624
2021-03-02,12257.2998046875,12257.2998046875,12273.9501953125,12099.849609375,12156.2998046875,20640000,0.007152671858630777,0.03531920790478482,-0.08705618185180697,-0.11505143772907389,0.22965571309451852,0.21844833046309917
2021-03-03,12379.599609375,12379.599609375,12399.150390625,12236.0498046875,12347.5,20940000,0.02280734240301885,0.02776629663422958,-0.044721954916056905,-0.13521651573738236,0.23096527377379164,0.21656885849034996
2021-03-04,12351.75,12351.75,12447.2998046875,12265.849609375,12315.849609375,25370000,-0.0007927650531152075,0.021768476012798077,-0.030346617814406063,-0.12822675799730576,0.21874328410146274,0.21653808501461536
2021-03-05,12192.75,12192.75,12336.0,12150.4501953125,12320.7998046875,18527000,-0.040443419377002576,-0.0011632877242304662,-0.050460316804382344,-0.1385329315535564,0.19720448920698744,0.21733205050060506
2021-03-08,12239.849609375,12239.849609375,12347.849609375,12202.2998046875,12224.2998046875,15040000,-0.039186611479359534,-0.009207842539568523,-0.04325154339569992,-0.13724977892274692,0.19766458313416946,0.21605923802125926
2021-03-09,12133.849609375,12133.849609375,12333.25,12053.099609375,12316.7998046875,15421000,-0.06307025181077264,-0.03361757408810706,-0.07473920607145579,-0.16409698487559554,0.1863341270113882,0.21400960081744327
2021-03-10,12313.25,12313.25,12335.900390625,12180.150390625,12218.4501953125,22335000,-0.050709274535502225,-0.007580199251086661,-0.054612475210447986,-0.1406240457068617,0.19637544612788185,0.21492664335899347
2021-03-12,12184.25,12184.25,12377.2998046875,12148.5498046875,12365.7998046875,17072000,-0.04905639784191029,-0.02086567575071685,-0.043870875654396846,-0.13187458464342616,0.1953336542753919,0.2158764141011925
2021-03-15,12024.5,12024.5,12215.150390625,11848.2998046875,12213.75,16756000,-0.06826906393151022,-0.033446909509203704,-0.056552253287085685,-0.1411162903911901,0.19528828384992353,0.2174754437373554
2021-03-16,12013.0,12013.0,12099.900390625,11953.25,12059.2001953125,16718000,-0.07090595512199105,-0.028546013262170433,-0.053582787929723596,-0.1318918862966485,0.19450396002020465,0.21718113832188196
2021-03-17,11787.5,11787.5,12032.5,11747.599609375,12028.7001953125,19771000,-0.07807520090726006,-0.053965149764032105,-0.04892587287884753,-0.1397548320253219,0.2003355767057515,0.2197671643310661
2021-03-18,11514.4501953125,11514.4501953125,11849.2001953125,11466.9501953125,11830.9501953125,19450000,-0.10072516769693662,-0.07385015547111762,-0.051382885174034554,-0.14681676613548833,0.21047534743661583,0.22455122027635027
2021-03-19,11667.099609375,11667.099609375,11705.9501953125,11280.7998046875,11466.7001953125,25594000,-0.06793691956261239,-0.07016540271966532,-0.04313690431891182,-0.1477304877933766,0.20974569332776985,0.2254880810786092
2021-03-22,11850.75,11850.75,11884.75,11669.0498046875,11685.099609375,23238000,-0.04022307327152774,-0.059643430404271,-0.023846507825234786,-0.13210700075799808,0.2165881914511483,0.22784395556040252
2021-03-23,11907.2001953125,11907.2001953125,11943.349609375,11811.2998046875,11869.099609375,16742000,-0.010396982406161825,-0.06700564082920302,-0.019871815145789062,-0.1436159660179095,0.19847397829907684,0.22639945134147302
2021-03-24,11916.2998046875,11916.2998046875,12056.25,11850.900390625,11874.0,25113000,-0.009410216161311769,-0.029471099019424907,0.001359539761801698,-0.12107999162583494,0.19852480527401742,0.21248117768235744
2021-03-25,11816.7998046875,11816.7998046875,11986.349609375,11717.349609375,11929.4501953125,22012000,-0.018199779142876404,-0.0584936103801279,0.025659492608224865,-0.12225281657562848,0.20044067131523433,0.2078245810249459
2021-03-26,11883.2001953125,11883.2001953125,11944.150390625,11765.7001953125,11887.900390625,22201000,-0.021290263788575348,-0.0682218104943838,0.017792742166396813,-0.13484879076352863,0.1987274953002427,0.20527135849378428
2021-03-30,12206.599609375,12206.599609375,12219.599609375,11958.0,11989.099609375,20931000,0.023365320770875053,-0.05440803282303608,0.0016194367889825756,-0.13411053364126246,0.21171301154839245,0.21146978243053943
2021-03-31,12272.599609375,12272.599609375,12327.400390625,12191.900390625,12231.0498046875,21159000,0.014876695126555317,-0.046740225196448826,0.01967630020274469,-0.1056667878129256,0.20717126051769974,0.21183148913495142
2021-04-01,12377.099609375,12377.099609375,12400.5498046875,12273.599609375,12319.0,14702000,0.00977375169053829,-0.03634416081198566,0.013242459679288499,-0.103435014364615,0.20379167665786418,0.21265285672743361
2021-04-05,12331.5,12331.5,12383.5498046875,12129.25,12383.5498046875,16785000,-0.003885392976568869,-0.03839708478903758,0.03598183561795254,-0.08530396116990735,0.20113942319016653,0.2127380753052701
2021-04-06,12548.599609375,12548.599609375,12562.099609375,12321.7001953125,12345.099609375,22715000,0.01593698134879662,-0.02843787658169039,0.04227850945582046,-0.07862830338806304,0.21041315762455087,0.21538339712603335
2021-04-07,12616.349609375,12616.349609375,12695.099609375,12549.5,12597.0,18351000,0.034741925273215735,-0.040567172370361226,0.04271146676782367,-0.0891169671823061,0.20450948194598967,0.2123092479524327
2021-04-08,12611.7001953125,12611.7001953125,12739.0498046875,12592.75,12630.150390625,15873000,0.03038032310892813,-0.04212628636775417,0.035889769997104026,-0.08961386020398077,0.20447073069549054,0.21227167185227563
2021-04-09,12995.349609375,12995.349609375,13074.0,12582.599609375,12603.599609375,64843000,0.07099972619854933,-0.00935730049741923,0.08845526946349314,-0.05803448415916712,0.22402902952103945,0.2212753431743447
2021-04-12,12961.849609375,12961.849609375,13301.599609375,12758.650390625,13026.2998046875,89495000,0.05267493223763009,-0.007572336246004285,0.10961143295727127,-0.019841269257145022,0.22089111625755833,0.22115926681371456
2021-04-13,12807.5,12807.5,13205.5,12733.0,13155.0,38827000,0.051152102099021324,-0.034965758446959816,0.08615656846928998,-0.04594694332123894,0.22208623225941374,0.21987124816245068
2021-04-15,12987.0498046875,12987.0498046875,13054.5,12798.599609375,12914.650390625,46300000,0.08004905024637199,-0.03170956745641518,0.10336194114610076,-0.038385567754142036,0.217486859139618,0.22070740908566944
2021-04-16,13234.25,13234.25,13309.7001953125,12892.0,13016.4501953125,53088000,0.10166070090735047,-0.0007890095780498374,0.12128456082470473,-0.0045243479307712775,0.22297979933530376,0.22277430313857333
2021-04-19,13256.25,13256.25,13342.25,12999.7998046875,13233.2001953125,59334000,0.12460233297985157,0.010188583568167653,0.14918233706751927,0.024290988987464956,0.2050987438046109,0.22195998154221436
2021-04-20,13426.900390625,13426.900390625,13583.0498046875,13324.25,13426.0498046875,71771000,0.16609131681259548,0.014687311879125087,0.18405064636780888,0.035186587466119135,0.1744631845435805,0.2228443455715342
2021-04-22,13378.9501953125,13378.9501953125,13633.400390625,13347.2001953125,13496.5498046875,58910000,0.14672460536481213,0.028023143501354264,0.16963898473099503,0.02993185743573734,0.17757756274923742,0.22021154293846373
2021-04-23,13319.75,13319.75,13476.5498046875,13169.0,13373.099609375,57790000,0.1239583992574309,0.05265341605089491,0.15076622008057594,0.04844863038651237,0.1787008689033417,0.21229420492153822
2021-04-26,13203.849609375,13203.849609375,13418.599609375,13186.25,13418.599609375,57499000,0.10889624704327638,0.026255129570882607,0.13115446942299924,0.02874462865687366,0.18605869840623934,0.21059309618318037
2021-04-27,13296.75,13296.75,13310.650390625,13145.0498046875,13247.5498046875,35540000,0.11584554080868914,0.032260177497956954,0.1087215761586211,0.03169003203484455,0.18541770173517444,0.21102024896642288
2021-04-28,13252.9501953125,13252.9501953125,13367.400390625,13227.2001953125,13347.650390625,39404000,0.12153462987968244,0.04377358600854864,0.08386250655967142,0.024980328639560456,0.18120465484037404,0.2088840368572355
2021-04-29,13298.650390625,13298.650390625,13401.5,13222.599609375,13301.849609375,38814000,0.11911355291909032,0.04247950227330621,0.09239592860886137,-0.0035914710465096977,0.1813877269185706,0.2087988128695139
2021-04-30,13469.25,13469.25,13619.5498046875,13263.349609375,13271.349609375,44769000,0.10343997763760937,0.07789351538887512,0.11785550906758069,0.030383251606881156,0.16573258994390494,0.2054033416084985
2021-05-03,13507.4501953125,13507.4501953125,13580.5,13408.2001953125,13502.650390625,30198000,0.10061850180414922,0.08966638155906037,0.10446786255181073,0.03056758347399935,0.1658852458779463,0.20451141488758817
2021-05-04,13234.75,13234.75,13573.849609375,13200.7001953125,13573.849609375,29093000,0.06929332539065736,0.08746738974137758,0.0942372205110863,0.024253183580723814,0.18761723225818838,0.20538706264334106
2021-05-06,13747.75,13747.75,13960.7998046875,13651.2001953125,13897.5498046875,59022000,0.11484815310383967,0.13584446066192335,0.10890463692238872,0.1047826729054151,0.22212485781341731,0.2181225927194851
2021-05-07,13747.099609375,13747.099609375,13924.7001953125,13718.650390625,13799.25,32932000,0.09550866529398272,0.1120854445097248,0.08599796344326593,0.10011776420682206,0.21822026763511002,0.21454342787374947
2021-05-10,14131.849609375,14131.849609375,14228.400390625,13861.4501953125,13965.5,55079000,0.12012190902460862,0.11216167714833136,0.11180155068095154,0.10185742243144924,0.2330788253967273,0.21457862989637103
2021-05-12,14065.0498046875,14065.0498046875,14224.5,14000.099609375,14135.099609375,52764000,0.11523819840842542,0.1040893960169682,0.12715847480152465,0.11745909692981593,0.23508815217391932,0.21498523797284158
2021-05-14,13885.5,13885.5,14252.349609375,13848.9501953125,14141.099609375,53066000,0.06849761009760247,0.07218553363557234,0.0790841552141941,0.08869893935529027,0.2247739646589542,0.21474798361810982
2021-05-17,13858.7001953125,13858.7001953125,13958.599609375,13741.25,13921.2998046875,34369000,0.0691915593040695,0.06843729822777744,0.02640215589581807,0.08118220200738147,0.22455988290798745,0.21483944475950043
2021-05-18,13832.400390625,13832.400390625,13995.349609375,13804.7001953125,13934.349609375,21811000,0.08002345427483903,0.07957672027034124,0.03843033938796325,0.07965615448158958,0.21819673967856462,0.21312624802145297
2021-05-19,14001.349609375,14001.349609375,14039.099609375,13839.2001953125,13859.599609375,30993000,0.07810086354804024,0.0849091918803404,0.04732887658499152,0.08996328180024249,0.21719520836735653,0.21395008657887502
2021-05-21,13993.7001953125,13993.7001953125,14085.650390625,13974.4501953125,14036.75,20191000,0.05738520847894657,0.08228282005103438,0.019250311061819847,0.08215100956644994,0.21011378933465558,0.21398263272761817
2021-05-24,14034.650390625,14034.650390625,14171.400390625,14015.599609375,14028.849609375,30653000,0.058719501414427056,0.09767908731400188,0.00034331091977723993,0.09541042606822447,0.21007159756131677,0.21240457590810205
2021-05-26,14127.25,14127.25,14228.599609375,14088.2998046875,14138.75,25448000,0.05216018507622211,0.10333365112172954,-0.01814071425691144,0.10411727596439713,0.20731230877329532,0.2126535450568442
2021-05-27,14100.0498046875,14100.0498046875,14169.7001953125,14022.75,14157.099609375,38750000,0.0538980711377226,0.12642698659376883,-0.0107756406788857,0.11194850685577973,0.206748145197973,0.20670565609211233
2021-05-28,13934.099609375,13934.099609375,14098.400390625,13893.5498046875,14092.349609375,43114000,0.04612320872201048,0.12850471909493844,-0.03018068254737538,0.09820783184044557,0.21171260296572472,0.20614283872422287
2021-06-01,14058.0498046875,14058.0498046875,14109.0498046875,13939.4501953125,14086.0498046875,23159000,0.06469326905283745,0.1683593355287587,-0.010546607327901247,0.10709142993678622,0.20878655755583334,0.1982232213024124
2021-06-02,14151.849609375,14151.849609375,14189.5,14052.25,14058.099609375,27733000,0.06430891829770435,0.1764287467787522,0.001308355075044343,0.11738521870814078,0.20870155205317653,0.19830596297701025
2021-06-03,14114.400390625,14114.400390625,14206.9501953125,14079.650390625,14176.25,17816000,0.06500063628226638,0.17269663951525027,0.009445653754165395,0.1254165961715712,0.2084492379924918,0.19856193037430275
2021-06-04,14101.5498046875,14101.5498046875,14156.650390625,14050.4501953125,14150.25,17864000,0.06037450346303652,0.16141475887632528,0.00831980091108031,0.12346767508691325,0.20894008805185288,0.1982814024979185
2021-06-07,14069.0,14069.0,14151.2001953125,14049.0498046875,14126.9501953125,15290000,0.044527349332739385,0.17950347833704616,-0.03205956560644929,0.09536228858180595,0.20637875676664322,0.19402064278637332
2021-06-08,14189.849609375,14189.849609375,14207.2998046875,13920.2001953125,14064.400390625,25967000,0.050520224335109054,0.17342275754718695,-0.02505295136892771,0.10713230582396993,0.2076145880339096,0.19305918863144061
2021-06-09,14118.900390625,14118.900390625,14362.4501953125,14046.75,14220.349609375,33225000,0.0668052203951719,0.15187689096301438,-0.011755094810222522,0.10386796155349987,0.19172231917992744,0.19234339680114437
2021-06-10,14313.900390625,14313.900390625,14369.349609375,14138.5,14140.900390625,25520000,0.0411813126238838,0.1562490583124485,-0.027610807387828507,0.1239675867249117,0.14752878127803273,0.19313546032463436
2021-06-11,14464.0498046875,14464.0498046875,14530.9501953125,14300.099609375,14331.9501953125,29964000,0.052152833374653706,0.1710121889357783,-0.01370355970136905,0.12336206481230971,0.1502498695582839,0.19357436662205366
2021-06-14,14449.599609375,14449.599609375,14525.349609375,14217.4501953125,14447.75,20453000,0.022484671772136977,0.18509766946546113,-0.03570564117934594,0.1266062935308916,0.1177652314728035,0.1909958257120128
2021-06-15,14322.650390625,14322.650390625,14505.0,14309.5498046875,14464.5,13804000,0.018314943033592934,0.17016555331322847,-0.06148296803366793,0.10911730624752902,0.1212978024252708,0.19246728475711905
2021-06-16,14215.7001953125,14215.7001953125,14354.0,14183.099609375,14336.099609375,18971000,0.023780216435310253,0.17157379174445975,-0.05046456238037966,0.12725456608145547,0.11454736923186463,0.19218079551992798
2021-06-17,14081.599609375,14081.599609375,14245.849609375,13987.0498046875,14193.4501953125,18811000,0.016083717153928534,0.143613555265669,-0.03539669950679403,0.10957023393118104,0.12025193858012564,0.19209403578759515
2021-06-18,14030.599609375,14030.599609375,14194.900390625,13855.099609375,14110.5,25168000,0.014328620713172091,0.15153576210066277,-0.023746982100767644,0.10813202477300177,0.12092097681529414,0.19064969898353942
2021-06-21,14082.9501953125,14082.9501953125,14103.2001953125,13899.650390625,13949.5498046875,12754000,0.005828051453187211,0.1711880074275438,-0.04183278964004766,0.11646413857728088,0.11385492851656788,0.18788893544463844
2021-06-22,14095.0,14095.0,14146.099609375,14028.150390625,14126.099609375,15851000,0.007238957764825749,0.17331224506784326,-0.03213095274777933,0.11548033567595994,0.11382696790406215,0.18777769897277777
2021-06-23,14018.0498046875,14018.0498046875,14179.599609375,14003.7998046875,14115.4501953125,12757000,-0.001182828604593511,0.18923010007953334,-0.03337519940494016,0.12363464292312654,0.11521450478639711,0.18312603790944904
2021-06-24,13967.9501953125,13967.9501953125,14058.650390625,13900.0498046875,14019.25,13421400,-0.011276066091242098,0.21308008271196588,-0.043233821320860955,0.12841094413646315,0.11307720447169582,0.17528771463178522
2021-06-25,14069.599609375,14069.599609375,14133.4501953125,13968.9501953125,13982.900390625,12300200,-0.002159580691862284,0.20592092983156607,-0.03622563384188349,0.13020541101882865,0.11626137314695183,0.17426931080498373
2021-06-28,14247.599609375,14247.599609375,14308.900390625,14095.0,14120.349609375,17630900,0.022498762660565053,0.20225298899858668,-0.002058013056363661,0.12908045187252615,0.11588253335335444,0.17344611213010994
2021-06-29,14330.2001953125,14330.2001953125,14353.25,14205.599609375,14241.7998046875,18793500,0.019359042997148412,0.2034903218435733,0.008212830334330512,0.14046528292543425,0.11364954360025649,0.17350152525466184
2021-06-30,14308.900390625,14308.900390625,14422.4501953125,14288.150390625,14379.2001953125,18359900,0.011097544531985415,0.2007838528027237,0.0017692229345764865,0.12022385872006369,0.11190191140786523,0.17369153013923674
2021-07-01,14442.4501953125,14442.4501953125,14465.349609375,14294.400390625,14327.400390625,17441100,0.02324220622970241,0.2221964012272979,0.02390182246724093,0.12759891207045526,0.11534418631276933,0.17249461343011618
2021-07-02,14529.650390625,14529.650390625,14575.2998046875,14461.0498046875,14489.9501953125,21574100,0.030358406832360796,0.22270517636793086,0.027043195185290747,0.13896110221345248,0.116322084663632,0.17252000310626583
2021-07-06,14406.9501953125,14406.9501953125,14539.650390625,14377.0498046875,14519.349609375,12969800,0.024020910890077518,0.18025909396156248,0.01979280731214139,0.11470544890481693,0.12096856178104541,0.16707318640700364
2021-07-07,14453.2001953125,14453.2001953125,14471.400390625,14320.2001953125,14354.0,12764700,0.018559082244501646,0.1776804145286175,0.009693142084448159,0.09674824795347559,0.1181049172843692,0.1669862297148276
2021-07-08,14269.2998046875,14269.2998046875,14484.2998046875,14240.2998046875,14424.150390625,10632300,0.010652346138964708,0.15287912798885928,0.004733016954633129,0.09499720526153221,0.12625459249067153,0.16953194990770237
2021-07-09,14360.2001953125,14360.2001953125,14390.5,14243.849609375,14260.4501953125,10096100,0.003234604365266014,0.16451365975854526,0.006281430964525714,0.09264493535755203,0.11852059214960854,0.1692470760851316
2021-07-12,14372.2001953125,14372.2001953125,14447.849609375,14322.7998046875,14409.150390625,9436700,-0.006350200021105645,0.14532303545449787,0.0004064072215530512,0.07659966504723803,0.11221469601451822,0.1663950501069354
2021-07-13,14460.0498046875,14460.0498046875,14519.9501953125,14372.7001953125,14405.5498046875,17358400,0.0007232169468363026,0.14613578827448448,0.0006915950928247927,0.0791072123685379,0.1144464177675481,0.16645825620492968
2021-07-14,14507.0,14507.0,14547.5498046875,14424.0498046875,14457.0,14913000,0.012871193832648897,0.15028107038192529,0.013835310264584844,0.08438329015793,0.10998369706600657,0.16637793733570586
2021-07-15,14467.4501953125,14467.4501953125,14564.2001953125,14444.2998046875,14530.599609375,10082100,0.017709293002887927,0.1132790290517085,0.007774306745325532,0.03984716997515436,0.10655641470279775,0.15637639908989193
2021-07-16,14635.0498046875,14635.0498046875,14715.150390625,14478.150390625,14486.099609375,18476200,0.039303077112349705,0.12908653052896968,0.02451790853436786,0.016402361373777374,0.10555169982248577,0.15736009191244624
2021-07-19,14669.900390625,14669.900390625,14707.0,14549.849609375,14556.75,11750300,0.045564751261437886,0.14541482651766535,0.04116194299854459,0.05940187889088633,0.10349170033833456,0.15463038887052233
2021-07-20,14479.2001953125,14479.2001953125,14689.400390625,14453.9501953125,14680.599609375,13477600,0.028136860139709396,0.11489525435456693,0.0354019914784196,0.04284141883138615,0.11663326561860816,0.1558335622298948
2021-07-22,14575.400390625,14575.400390625,14590.5498046875,14457.650390625,14549.5,11598500,0.034083035872649825,0.101339357396528,0.030830603374353727,0.018823787217250976,0.11807175124195446,0.15209090225728408
2021-07-23,14597.849609375,14597.849609375,14630.0498046875,14500.0498046875,14557.150390625,15190200,0.04136094626326847,0.10120506247053274,0.030581310497896474,-0.003018956486930513,0.11502391539005713,0.1520909288567965
2021-07-26,14652.5498046875,14652.5498046875,14711.2001953125,14591.849609375,14604.650390625,14243400,0.04901217428486704,0.0912831240573051,0.046858974117712116,-0.015600410464400971,0.11321208809248172,0.1503694867830731
2021-07-27,14018.650390625,14018.650390625,14713.150390625,13866.7998046875,14702.9501953125,32649700,-0.003621227338697741,0.04781393053818439,0.003560166317036928,-0.04522270786590443,0.19892428309310564,0.17691330895385574
2021-07-28,13964.75,13964.75,14092.0,13794.900390625,14075.0,24488700,-0.019852439507696662,0.048424332288518945,-0.013194089783260421,-0.046967720657160594,0.19342558974153343,0.17684402343438146
2021-07-29,13920.349609375,13920.349609375,14072.599609375,13834.849609375,14032.150390625,24202900,-0.02860047873382565,0.05426447749687102,-0.03050542808617074,-0.035031359252352345,0.1918671571331198,0.17592982009794608
2021-07-30,14425.2998046875,14425.2998046875,14479.099609375,13903.7998046875,13962.349609375,53619400,0.008134756052866399,0.0848741086872733,0.0054918908881238515,0.009121960513661653,0.23267526986414172,0.1894479296766609
2021-08-02,14474.9501953125,14474.9501953125,14588.650390625,14381.650390625,14516.0,28923300,0.0022503106855475963,0.0922058848777847,-0.01083326014512842,0.023545844759001122,0.23062928590669093,0.18924348543469602
2021-08-03,14647.849609375,14647.849609375,14690.400390625,14457.9501953125,14498.7001953125,24136600,0.008135035294879911,0.10145384524892309,-0.017850501055770795,0.018482521039675293,0.23353601196083792,0.19040415947717718
2021-08-04,14594.349609375,14594.349609375,14743.2998046875,14562.349609375,14654.650390625,15100500,0.01300757006319575,0.08353097680828547,-0.014843159612179191,-0.02771836457884702,0.2317229156029203,0.1892709575675319
2021-08-05,14579.849609375,14579.849609375,14689.5498046875,14540.5,14640.2998046875,15501200,0.008762724680418943,0.0793931792126581,-0.017368154056998097,-0.034070819340597414,0.23158723937223685,0.18930429745735308
2021-08-06,14517.5,14517.5,14612.5498046875,14490.25,14599.2998046875,18703300,0.017393999615241462,0.09692287349591044,-0.01505151389981596,-0.023223382173561458,0.22705641834604004,0.1842393934197409
2021-08-09,14533.4501953125,14533.4501953125,14595.349609375,14409.349609375,14589.75,12652300,0.012064595036533898,0.05715118439835609,-0.024165962547933795,-0.04698946373625157,0.2261362694959742,0.16781400057595833
2021-08-10,14502.900390625,14502.900390625,14622.150390625,14375.0,14582.25,15099500,0.009093958721443807,0.05497892666279758,-0.028344070325637682,-0.043309843292033134,0.22633627847412613,0.16791788549406877
2021-08-11,14291.150390625,14291.150390625,14480.75,14145.4501953125,14477.75,25388500,-0.011680417173096314,0.011272465080885086,-0.04139772056148072,-0.07839886678142993,0.23144676730170236,0.1614341682050082
2021-08-12,14133.0498046875,14133.0498046875,14291.5,14120.0498046875,14291.5,25887900,-0.025777224464913484,0.004834678934257042,-0.05797425984247018,-0.108654954014064,0.23389927203134825,0.16279118342373705
2021-08-13,14049.0498046875,14049.0498046875,14190.4501953125,13930.2998046875,14083.599609375,42651300,-0.02892011964627761,0.011778459881711223,-0.06690629205326348,-0.1143507849180625,0.23444082841430858,0.16105779765966768
2021-08-16,13965.400390625,13965.400390625,14074.5,13900.7001953125,14036.400390625,22501800,-0.045756551771215404,0.00769914882411471,-0.08592701630350208,-0.10219054254126991,0.22976585423899507,0.16149789964792652
2021-08-17,14041.25,14041.25,14118.7998046875,13969.75,13986.75,24718800,-0.042853078336288375,0.015098580396541328,-0.09758754402845904,-0.08461614474765722,0.23084420941113346,0.16180134156852877
2021-08-18,14071.349609375,14071.349609375,14184.150390625,14024.7001953125,14070.599609375,22384600,-0.02816803279434854,0.004999518043112827,-0.0880928044762157,-0.09737465511950294,0.2276177751653621,0.15994994974745572
2021-08-20,13711.150390625,13711.150390625,14017.7998046875,13601.2998046875,13983.9501953125,28917200,-0.05929511209557525,-0.02019121467116658,-0.09888359943254821,-0.10422251630769852,0.24126845568059246,0.1686029836143856
2021-08-23,13700.599609375,13700.599609375,13911.2001953125,13625.400390625,13856.7998046875,49252700,-0.06146453238042471,-0.023801859822111582,-0.10185286503268343,-0.10925880440890368,0.24082399275245917,0.16846761170538072
2021-08-24,13876.0498046875,13876.0498046875,13902.349609375,13578.900390625,13758.2998046875,30810400,-0.05299418943122036,-0.01778125221203697,-0.1035583104077279,-0.10425340989470155,0.24629371202289366,0.17001941058983652
2021-08-25,13830.5,13830.5,13902.849609375,13767.900390625,13874.400390625,16396300,-0.013421433974188157,-0.0191169398988853,-0.0698278102873019,-0.10366600083486888,0.19159174132455792,0.17009792558411888
2021-08-26,13758.599609375,13758.599609375,13874.2001953125,13729.099609375,13821.9501953125,14875700,-0.014762197004958955,-0.012595001106632142,-0.07380327921924312,-0.0904180904874069,0.19195127935453607,0.16871793191396112
2021-08-27,13948.7001953125,13948.7001953125,13965.7998046875,13738.4501953125,13778.900390625,18367300,0.0020366288730568893,-0.007778433772409832,-0.056698482114764914,-0.080353748316353,0.1983738558835031,0.17012380980546404
2021-08-30,14222.5,14222.5,14246.4501953125,13960.7998046875,13975.099609375,16751300,-0.014058619746786793,0.004992307901448889,-0.08815601784135907,-0.08198979100257198,0.16551280075341593,0.1742691872419994
2021-08-31,14344.75,14344.75,14370.25,14185.9501953125,14251.349609375,21119300,-0.008994863094911598,0.01632018385478151,-0.08749892490480005,-0.07557385581107101,0.1681911572090995,0.17503070729131703
2021-09-01,14319.849609375,14319.849609375,14452.9501953125,14277.75,14375.900390625,16559900,-0.022392365346929233,0.015480554102991873,-0.08100712287525236,-0.07424360473301905,0.1617786604076221,0.17506271235107754
2021-09-02,14458.5,14458.5,14500.400390625,14364.0,14373.5498046875,16425400,-0.009308370226223328,0.02768498116426188,-0.06929745906759655,-0.06643214073950698,0.16585640490938333,0.17602394742739852
2021-09-03,14485.650390625,14485.650390625,14553.400390625,14399.25,14506.0498046875,14047900,-0.006460918409571859,0.020845941950968117,-0.06961067505704244,-0.07975697920569647,0.16604836462237615,0.17524208663335844
2021-09-06,14481.5498046875,14481.5498046875,14562.25,14449.25,14540.9501953125,13765800,-0.002476335134320662,0.025685386540675648,-0.07265656275994559,-0.08575767136384482,0.16538837001817944,0.1748923410923548
2021-09-07,14387.349609375,14387.349609375,14503.2998046875,14341.5,14488.0498046875,11239900,-0.010052711776906365,0.005131321075708017,-0.07794744887191973,-0.09808226468941084,0.16684896293069373,0.1732326148904182
2021-09-08,14349.4501953125,14349.4501953125,14410.900390625,14248.0,14396.7998046875,11626600,-0.010580655674343187,-0.007923065180393762,-0.076513937188596,-0.10629106317081727,0.1669274974069699,0.1719637120832544
2021-09-09,14329.849609375,14329.849609375,14339.650390625,14247.7998046875,14300.2998046875,12769000,0.0027079148768447414,-0.008287426865607128,-0.06405190025926966,-0.10678320244530914,0.15839991705324616,0.1719732697309418
2021-09-13,14377.0498046875,14377.0498046875,14389.7001953125,14258.0498046875,14339.2998046875,8022800,0.017264497286287872,0.003798138792671102,-0.04328769937058907,-0.08984527732655323,0.1529808317774593,0.171149924486283
2021-09-14,14410.9501953125,14410.9501953125,14505.150390625,14373.349609375,14440.7001953125,9801600,0.02575977704230592,0.013734814136301399,-0.025719154704368696,-0.08852902617407699,0.15089965540719952,0.17048113101680346
2021-09-15,14487.900390625,14487.900390625,14505.599609375,14410.349609375,14457.5498046875,13067600,0.03741389329236533,0.02885331159249116,-0.02032899780488817,-0.08764673191013905,0.1490238789750291,0.16957860901531832
2021-09-16,14491.349609375,14491.349609375,14538.7998046875,14456.2001953125,14494.0498046875,17141300,0.032055522789993685,0.032838938664612405,-0.029029331162931493,-0.0912512868992974,0.1485066871069971,0.16936409179196749
2021-09-17,14355.150390625,14355.150390625,14557.9501953125,14288.0498046875,14550.75,32691800,0.020168696616060133,0.019328350348288614,-0.04116934466080413,-0.09743730491637348,0.15353149789571888,0.17045250529602798
2021-09-20,14097.25,14097.25,14372.650390625,14040.5,14281.0,17075700,0.02815953427503759,0.00015963107484928685,-0.0293706557267861,-0.1028122914259828,0.13698677845058937,0.1745875074795321
2021-09-21,14278.9501953125,14278.9501953125,14300.0,14033.400390625,14093.849609375,14450600,0.042213523672478326,0.018611746588156564,-0.022379211838075452,-0.10091752974292989,0.14251505432749184,0.17615082822103165
2021-09-22,14334.25,14334.25,14386.400390625,14242.7001953125,14267.349609375,11558300,0.03302093908294523,0.026224306327382596,-0.02244209779705475,-0.08499482761686927,0.13709464636877197,0.17610986114751456
2021-09-23,14380.5,14380.5,14407.0498046875,14311.2998046875,14393.099609375,10595200,0.039767181229890536,0.02209731614663979,-0.031667973715999054,-0.10164520263207066,0.13594339557390894,0.17563637419466288
2021-09-24,14289.150390625,14289.150390625,14457.7001953125,14247.5,14402.7998046875,10828600,0.03856139405993675,0.0029163355504921995,-0.034547105694644475,-0.12598266337215036,0.13681380680697355,0.1742983218949182
2021-09-27,14156.7001953125,14156.7001953125,14316.150390625,14106.7001953125,14297.5498046875,13335000,0.014911783685041868,-0.012107297709403442,-0.053923096735560616,-0.1458759789406232,0.1348141637834039,0.17492176553833924
2021-09-28,14171.599609375,14171.599609375,14273.75,13956.150390625,14196.9501953125,18593300,-0.0035788638161363684,-0.009595480959526226,-0.05186581532834722,-0.13853353454060935,0.11538867552760508,0.17491953838969804
2021-09-29,14404.9501953125,14404.9501953125,14515.4501953125,14172.5,14203.5,34475800,0.004196670929259794,-0.0025965123294779957,-0.02960526862945212,-0.1321437560316463,0.12600635050837394,0.1771260141895446
2021-09-30,14466.5,14466.5,14604.7001953125,14398.0,14427.7001953125,30810900,0.010241056618987887,-0.004346311778137935,-0.021493099921528813,-0.12493695251287229,0.12657593169720352,0.17690571769697
2021-10-01,14587.650390625,14587.650390625,14603.900390625,14397.5498046875,14424.2998046875,21735000,0.008932488890617929,0.012542570971842082,-0.008352981171605212,-0.09580068958163257,0.12541472248483607,0.1768496365793003
2021-10-04,14812.400390625,14812.400390625,14938.25,14643.9501953125,14649.099609375,32387600,0.022556805610293384,0.0248526409693679,0.0013342884132301336,-0.08923045058562806,0.1360335207133361,0.17943949466491105
2021-10-05,14738.25,14738.25,14849.849609375,14619.650390625,14816.900390625,20244000,0.017726016812745327,0.03286427517336543,-0.007852593829379195,-0.10030037736178277,0.1377073878993944,0.1776912505975761
2021-10-06,14461.9501953125,14461.9501953125,14775.2998046875,14435.75,14750.0498046875,19944500,0.005185151397786969,0.007085555815107281,-0.011166580075502308,-0.11759418641640695,0.15276047560163566,0.18166616141711026
2021-10-07,14562.2001953125,14562.2001953125,14591.349609375,14489.900390625,14564.4501953125,26689600,0.01482635202772431,0.013219966144221162,-0.010347221566939568,-0.120457694168145,0.15411202395112128,0.1821941582839565
2021-10-08,14514.7998046875,14514.7998046875,14656.5,14468.900390625,14624.099609375,17985000,0.012906638963712469,0.0037862940127808553,-0.01737384054749258,-0.12793667321405655,0.15460046330919436,0.18191416633914126
2021-10-11,14615.349609375,14615.349609375,14651.25,14502.7998046875,14588.5,17779700,0.016575014201439586,0.007468781234921007,-0.01745772570578885,-0.12448565268628786,0.15594815305070617,0.1823417536488699
2021-10-12,14629.2001953125,14629.2001953125,14726.099609375,14521.0,14650.5498046875,21325300,0.015144733486830875,0.011180270041807994,-0.020065233069555877,-0.11866920422228522,0.15584460680594084,0.18225163080102136
2021-10-13,14679.400390625,14679.400390625,14725.25,14626.849609375,14680.400390625,20491200,0.013217926327262486,0.003030436283400606,-0.02344422972742577,-0.13753938890876394,0.15524983389125113,0.18085157420485887
2021-10-14,14728.650390625,14728.650390625,14802.400390625,14698.75,14711.0,16605200,0.016375340299324526,0.004004798835413048,-0.023844222436430806,-0.16017020475096988,0.15553117256938948,0.1809158939214478
2021-10-18,14598.2001953125,14598.2001953125,14795.900390625,14570.849609375,14771.25,21819900,0.016931191807382895,0.008218686004391573,-0.03378775974053738,-0.1737754953894377,0.15506443414906257,0.1798157684497107
2021-10-19,14384.349609375,14384.349609375,14682.9501953125,14357.150390625,14626.2998046875,17881300,0.020365646447002117,-0.013107755267765087,-0.03837180599743806,-0.17707969843896787,0.14997248969791263,0.18184878100679072
2021-10-20,14177.349609375,14177.349609375,14424.150390625,14127.599609375,14360.400390625,19647600,-0.0071154100650098195,-0.028805612556108806,-0.04723610300288705,-0.18083274632399549,0.15277075498540216,0.18414087307717983
2021-10-21,14169.9501953125,14169.9501953125,14306.150390625,13990.900390625,14300.900390625,27441000,-0.011462044033521135,-0.03293622037173427,-0.047448924987584906,-0.18167120863437192,0.15195406238067058,0.18393000689443545
2021-10-22,13949.650390625,13949.650390625,14215.0498046875,13891.849609375,14207.650390625,27659400,-0.029960683521087605,-0.004922014464826319,-0.04634131549684739,-0.15533370509574418,0.160260094347435,0.16310406339955105
2021-10-25,13943.849609375,13943.849609375,13983.25,13637.5498046875,13945.099609375,22274600,-0.02416524228596184,-0.0014966534041067625,-0.03941187503451282,-0.1552899198512343,0.15926006213093605,0.16291673309553376
2021-10-26,13970.650390625,13970.650390625,14036.599609375,13882.099609375,14004.25,18729900,-0.013142173113837918,0.0036134711168549494,-0.0362896654433118,-0.1541935482349075,0.15666274953643533,0.16282975506073494
2021-10-27,14094.25,14094.25,14202.150390625,13993.849609375,14002.25,22933800,-0.005458071883701177,-0.022949249524777615,-0.03150799241550373,-0.17824276470066458,0.16016787884231715,0.146234904674805
2021-10-28,13780.599609375,13780.599609375,14129.099609375,13736.75,14092.599609375,24049100,-0.04334277991052471,-0.047969117445554654,-0.05158323726329617,-0.17211648532561463,0.16598610870954777,0.15285236713869202
2021-10-29,13879.349609375,13879.349609375,14092.7998046875,13587.25,13735.5,40581500,-0.04058690012269728,-0.052465038930229024,-0.0436235412464141,-0.14799068966717543,0.1677797718996444,0.15147503434865717
2021-11-01,14049.4501953125,14049.4501953125,14072.5498046875,13830.150390625,13952.099609375,20513700,-0.0368942345683293,-0.03733632732166925,-0.059572677286520714,-0.14010225137565657,0.17145528295339887,0.153704056220007
2021-11-02,13993.2001953125,13993.2001953125,14098.4501953125,13878.2998046875,14060.7998046875,32554000,-0.05530502644466628,-0.040237000365578424,-0.06647999818210704,-0.13808227718095345,0.15906138338697468,0.1538585748006669
2021-11-03,13888.2998046875,13888.2998046875,14053.849609375,13818.2998046875,14022.849609375,22720900,-0.05766968231048464,-0.043340809045117945,-0.058056750040104466,-0.14131958774602205,0.15976291229838638,0.1543248911057806
2021-11-04,13948.2001953125,13948.2001953125,13969.150390625,13931.7001953125,13969.150390625,2619800,-0.03552425454808439,-0.04026917160997057,-0.05087055293015397,-0.14228204392095112,0.1499724371930708,0.15462737146202435
2021-11-08,13851.25,13851.25,13915.4501953125,13639.5498046875,13912.2001953125,20935000,-0.04882161938285612,-0.04493241855582497,-0.06445937681784186,-0.15478746949452493,0.14734387838556143,0.1551396656952452
2021-11-09,13878.7001953125,13878.7001953125,14061.25,13851.2001953125,13920.099609375,27766900,-0.043824208251881935,-0.028860531450502935,-0.052153301402956154,-0.13707653353866645,0.14815832711936666,0.15248106524172306
2021-11-10,13911.2998046875,13911.2998046875,13957.650390625,13823.900390625,13849.7001953125,27125200,-0.04817194412071324,-0.01569017325096045,-0.05214219942075371,-0.11668983035247393,0.14528297702190857,0.1509591208927024
2021-11-11,13717.7998046875,13717.7998046875,13901.349609375,13685.7001953125,13896.2001953125,21351400,-0.06230008328938119,-0.023578107032511064,-0.055722162913101836,-0.10491950080313261,0.15023300339278425,0.15314098954384847
2021-11-12,13774.650390625,13774.650390625,13807.5,13685.150390625,13806.599609375,18649300,-0.06163398884996818,-0.013658756259365856,-0.0583854032235831,-0.10661863660296766,0.1506698948197269,0.1529704430238545
2021-11-15,13974.349609375,13974.349609375,13996.849609375,13770.900390625,13790.4501953125,38957800,-0.05121316354485017,-0.004764560892014602,-0.03872027000965095,-0.09473661225168217,0.16171374331582072,0.15547140786316568
2021-11-16,13798.7998046875,13798.7998046875,14016.9501953125,13776.0498046875,14008.349609375,26344700,-0.054760201937886,-0.019369130343113272,-0.02889830611060873,-0.10569676582154008,0.164167083826662,0.15750800196860712
2021-11-17,13621.900390625,13621.900390625,13800.599609375,13592.4501953125,13796.2998046875,24678700,-0.053005470490864126,-0.006509300639064186,-0.02476796200766085,-0.09454008332804031,0.1625013064584694,0.15057204532347535
2021-11-18,13481.400390625,13481.400390625,13620.400390625,13388.650390625,13603.650390625,22896700,-0.049088809821674406,-0.01599924273387332,-0.02161797020971612,-0.09288558025300331,0.15916176079874939,0.1520297541536074
2021-11-22,13245.349609375,13245.349609375,13544.25,13176.2998046875,13513.349609375,22173100,-0.06525079998117167,-0.04545243092882545,-0.023357046261599956,-0.09308973892320271,0.16771434858240072,0.15368374119100836
2021-11-23,13489.9501953125,13489.9501953125,13534.349609375,13152.5498046875,13206.0,27829900,-0.03295424490505128,-0.02462310145602109,0.0008052993409936038,-0.07684537233942856,0.17772868147918303,0.15846907101711616
2021-11-24,13408.099609375,13408.099609375,13557.7998046875,13379.900390625,13518.400390625,21499300,-0.03842195770956924,-0.025474976374860958,0.0007688791307807197,-0.07224753450494936,0.17833431448015588,0.15859210487417102
2021-11-25,13566.5,13566.5,13583.4501953125,13385.349609375,13414.400390625,25301400,-0.028928530836059396,-0.027400416523465032,0.011148891103998637,-0.07714844828098066,0.18447270573204566,0.15788852663282094
2021-11-26,13797.099609375,13797.099609375,13990.400390625,13455.25,13487.2998046875,63440300,-0.021083093504443262,-0.029910380778695678,0.04396019368348858,-0.0355449062864478,0.19245625916485948,0.1565807253160041
2021-11-29,13648.7998046875,13648.7998046875,13998.150390625,13622.5,13910.9501953125,38164700,-0.009564156018134096,-0.04851602121420728,0.035420417824422845,-0.04394859825811881,0.17919458735780264,0.15682169077312172
2021-11-30,13662.7998046875,13662.7998046875,13777.7001953125,13600.9501953125,13656.7998046875,46887900,-0.015602302037354021,-0.04588384812766044,0.023355642277809174,-0.04043471373047136,0.1770471320237893,0.15685552863343044
2021-12-01,13442.099609375,13442.099609375,13782.650390625,13380.5,13721.25,23890500,-0.043229491367579476,-0.07029777574610085,-0.0006882268486224641,-0.06639563966885142,0.17822487539348367,0.15848870637925463
2021-12-02,13557.0,13557.0,13585.2998046875,13472.349609375,13510.849609375,23524900,-0.031172297203224453,-0.06410829790742534,-0.0039320819079490255,-0.068613757685413,0.18204809507368527,0.1596207704993997
2021-12-03,13443.849609375,13443.849609375,13610.25,13426.4501953125,13608.0,18159700,-0.03200177138763172,-0.07165670866087892,0.0034737422481593283,-0.06123527704362841,0.18244380913942546,0.1603041603859333
2021-12-06,13192.25,13192.25,13467.7998046875,13168.5,13463.5498046875,16128700,-0.05419697055728723,-0.08306600185737167,0.0018705603325614995,-0.05715613960015398,0.19083094353062915,0.1640066196677508
2021-12-07,13234.349609375,13234.349609375,13280.849609375,13132.5498046875,13238.599609375,18509600,-0.044537524817254814,-0.07771033529227256,0.004821805286047476,-0.06752214378911758,0.19128069831540417,0.16425986779620677
2021-12-08,13433.849609375,13433.849609375,13456.9501953125,13280.2001953125,13300.2001953125,31640900,-0.03205275563829435,-0.06252682508362206,-0.00021435836492467164,-0.06831291256581051,0.20044474336835655,0.16762622819850337
2021-12-09,13449.400390625,13449.400390625,13504.900390625,13400.7998046875,13482.2001953125,26635100,-0.033203181625548805,-0.0645229324976011,-0.0054325163129124165,-0.07383126026219577,0.20017622072089383,0.16744600343219262
2021-12-10,13446.099609375,13446.099609375,13527.2001953125,13427.650390625,13428.099609375,26170900,-0.019806397467592274,-0.06695260013120719,0.0004636564691070655,-0.07450730561164443,0.1948327497830004,0.16730078455720432
2021-12-13,13432.900390625,13432.900390625,13552.2998046875,13398.75,13537.599609375,23174200,-0.024810067065846875,-0.07281938524941,0.01576387888159203,-0.06418902153979178,0.1938880463797804,0.16675572621797602
2021-12-14,13575.900390625,13575.900390625,13601.400390625,13402.2998046875,13419.25,34386000,-0.028512898981909784,-0.06317211601587203,0.014809723293797039,-0.04589428003782392,0.19025160147331735,0.1684932151063442
2021-12-15,13512.0498046875,13512.0498046875,13576.2998046875,13406.400390625,13569.0,21662700,-0.02078079282682177,-0.05873157459138212,0.022432175632061457,-0.038046508389507516,0.1861000999425539,0.1677687711804937
2021-12-16,13393.650390625,13393.650390625,13604.5,13316.5498046875,13603.2001953125,22140100,-0.01675610549590334,-0.04991041581691469,0.019573449292238143,-0.04137441246771889,0.18318191236028866,0.1647653358586577
2021-12-17,13230.7001953125,13230.7001953125,13420.75,13152.9501953125,13410.5,25178500,-0.01859600546296636,-0.07341225970128529,0.025288616273002495,-0.040568575539458585,0.18458860488553516,0.16388971349989837
2021-12-20,13184.4501953125,13184.4501953125,13259.0498046875,13005.2001953125,13177.150390625,34667600,-0.004597795895051049,-0.08021346109405791,0.04147054292688046,-0.027072197598365322,0.1741167011906619,0.16359878175846143
2021-12-21,13282.849609375,13282.849609375,13335.900390625,13181.599609375,13217.900390625,21522400,-0.01535221279093113,-0.07632908387225756,0.026496919880661274,-0.017298471347806488,0.16267856517735182,0.16433285474138004
2021-12-22,13547.7001953125,13547.7001953125,13564.599609375,13269.9501953125,13339.4501953125,23618800,0.010411660862057692,-0.05188903294061209,0.036802715833590294,-0.001603927789421311,0.17672150865142766,0.16953869930773022
2021-12-23,13644.5,13644.5,13668.349609375,13588.900390625,13618.150390625,26095400,0.0057494563815281285,-0.03618076163554673,0.03218899679780873,0.007644252904788873,0.17355894967930896,0.1693957026380278
2021-12-24,13491.25,13491.25,13677.7998046875,13467.5498046875,13676.7998046875,21636700,-0.022167674223876555,-0.04800796156595655,-0.020834500262684297,-0.006041292320594693,0.16653975830881557,0.1707614343644606
2021-12-27,13710.150390625,13710.150390625,13723.7998046875,13472.099609375,13491.400390625,27200300,0.004494943644526961,-0.04823340554926692,0.002600908378227018,-0.012942334104548037,0.1730384546741213,0.17066048608049506
2021-12-28,13836.150390625,13836.150390625,13857.5,13705.2998046875,13739.0,21636500,0.012687779109376018,-0.04357305563716174,-0.0020356412562012594,-0.021726245268814948,0.17591560735656683,0.1715735881301701
2021-12-29,14072.900390625,14072.900390625,14112.4501953125,13857.75,13881.7998046875,31937000,0.04692725091919847,-0.03528669704963683,0.04420694511632317,-0.017122754003363272,0.17308194882794797,0.17441137350304128
2021-12-30,14135.5,14135.5,14174.2001953125,14036.599609375,14075.400390625,27760600,0.04267168252563258,-0.045698223972761465,0.05403274124346025,-0.018153489640817755,0.1717396945882987,0.17158417655836897
2021-12-31,14223.0,14223.0,14254.099609375,14133.400390625,14164.599609375,18048900,0.05795589903666154,-0.03496005292351534,0.0488057964211297,-0.008686789681733198,0.16769306316869007,0.1719354922218487
2022-01-03,14156.400390625,14156.400390625,14280.0,14148.0498046875,14247.650390625,15146800,0.07308460578180376,-0.02112784241136001,0.030899253817990635,-0.01997739578039548,0.1499488753597608,0.16788039660330828
2022-01-04,14040.650390625,14040.650390625,14239.4501953125,14017.5498046875,14207.0498046875,19660300,0.06092485124307356,-0.03581531620856193,0.024331628456481624,-0.03665287089141911,0.15564090023236674,0.1679454409779869
2022-01-05,13999.849609375,13999.849609375,14136.150390625,13968.9501953125,14090.2998046875,21530400,0.0421323757863874,-0.03547759543650053,0.016058734205941283,-0.03715686041045596,0.15019119486155233,0.1679233491691778
2022-01-06,13912.25,13912.25,14066.7998046875,13878.2998046875,13988.5,15178700,0.0344141445664472,-0.04810693060150939,0.021338118548194895,-0.036959633476875364,0.15307658070700644,0.16757929831870083
2022-01-07,13857.9501953125,13857.9501953125,13961.75,13841.9501953125,13949.900390625,13698300,0.03062974378460992,-0.052719901956576165,0.013418090506247093,-0.042757112610039005,0.15424023137475548,0.16765598752383679
2022-01-10,13858.9501953125,13858.9501953125,13905.400390625,13800.400390625,13896.0498046875,22788500,0.0317168885570569,-0.05589126077904927,-0.004847001371404591,-0.047166924261367926,0.15405973135440992,0.16742691266308246
2022-01-11,13854.25,13854.25,13974.599609375,13834.150390625,13881.7001953125,21836300,0.020503215357061455,-0.05936731251232419,-0.02168170882123177,-0.043946204016709234,0.15040639452806995,0.16719202413929402
2022-01-12,13833.7001953125,13833.7001953125,13939.25,13765.25,13935.2001953125,18417700,0.02380470730010309,-0.05236946950799326,-0.03373702544362045,-0.03804352674749534,0.14920680795628025,0.16638874482194527
2022-01-13,14051.150390625,14051.150390625,14097.4501953125,13843.599609375,13856.5,26484900,0.049090425748324895,-0.023164010038579486,-0.009430965671463731,-0.014425674443058645,0.15266176064943388,0.16721507249427586
2022-01-14,13964.150390625,13964.150390625,14082.849609375,13935.650390625,14024.5498046875,29361800,0.055435478431621776,-0.015038016598604487,-0.019367929222698477,-0.014444057700560231,0.1463643812272721,0.16507870531072033
2022-01-17,13862.4501953125,13862.4501953125,13970.150390625,13819.7001953125,13954.75,29060300,0.051424214886188535,-0.021700852562045236,-0.05053076761536612,-0.02885231518979725,0.14910203227496252,0.165710902566024
2022-01-18,13697.599609375,13697.599609375,13962.900390625,13676.7998046875,13887.2001953125,27502800,0.03122447458166433,-0.018068609190334484,-0.04880731886574119,-0.017966504881996248,0.15632320474702086,0.16441811770872797
2022-01-19,13682.7001953125,13682.7001953125,13726.25,13536.2001953125,13701.0498046875,27752700,0.009964790927888156,-0.018728645343888295,-0.048007791172031355,-0.008411631872741965,0.14087063766454685,0.16442584911880734
2022-01-20,13454.900390625,13454.900390625,13712.75,13415.75,13695.900390625,18487900,-0.013895680264941923,-0.036916677862477654,-0.05398332984873333,-0.008922963049469712,0.15114899520516067,0.16777586296533628
2022-01-21,13243.0498046875,13243.0498046875,13417.599609375,13150.7001953125,13409.650390625,29965700,-0.018397123714444574,-0.060393436707345205,-0.05447154204128435,-0.027786743833059235,0.15619130821250707,0.16946280166845956
2022-01-24,12998.599609375,12998.599609375,13238.599609375,12846.5498046875,13225.099609375,34613000,-0.0518995606158017,-0.05674644225698289,-0.05557793412520251,-0.017090258319086504,0.15462491255238553,0.16754188426911998
2022-01-25,13092.099609375,13092.099609375,13120.4501953125,12776.0,12910.2998046875,25165600,-0.053775852404303826,-0.05672095754892148,-0.05636963005796758,-0.03444227031980662,0.1527663625343502,0.1675474819477585
2022-01-27,12847.900390625,12847.900390625,12981.0,12767.400390625,12973.7998046875,39921700,-0.08704673279831232,-0.08552290573537091,-0.08103699508525086,-0.03981649305325319,0.1440409505991643,0.16919320126587611
2022-01-28,12983.0498046875,12983.0498046875,13208.7998046875,12834.2001953125,12850.849609375,35243500,-0.08152878888702209,-0.07218866138736335,-0.0755999176317621,-0.028195020935015358,0.15047464028664076,0.17086437745607946
2022-01-31,13179.900390625,13179.900390625,13260.650390625,13068.849609375,13081.099609375,28894200,-0.0733389305614146,-0.05100692122324468,-0.07252061027101053,-0.023560393570988825,0.16152422237392983,0.1735642189930928
2022-02-01,13477.5,13477.5,13495.0,13222.7001953125,13280.0498046875,30349200,-0.04795713400947588,-0.033746303374014186,-0.04518563491779537,-0.014772426506958758,0.1861614755839192,0.17968342283540764
2022-02-02,13643.650390625,13643.650390625,13656.9501953125,13484.2001953125,13517.2001953125,23496600,-0.02827504345988696,-0.014987788782600875,-0.02685692240008719,0.000981991237024915,0.19185763483672721,0.18107239445394363
2022-02-03,13617.599609375,13617.599609375,13667.0498046875,13561.25,13656.849609375,21407700,-0.027303864731805905,-0.01881304317141208,-0.006938693743953617,0.008012720229671366,0.19178846095005814,0.1810431661281192
2022-02-04,13580.2998046875,13580.2998046875,13688.5498046875,13554.400390625,13637.849609375,23543700,-0.023860281069740696,-0.023793606970390124,-0.010922103557130747,0.004007519687449612,0.19100136002806822,0.1810238843219845
2022-02-07,13381.7001953125,13381.7001953125,13590.5498046875,13313.5,13569.150390625,23251300,-0.03436655445342074,-0.02450098515507948,-0.0007332683344716262,0.012424984678877093,0.1968069484549348,0.181262527590697
2022-02-08,13444.7001953125,13444.7001953125,13508.5498046875,13318.2001953125,13390.7001953125,27907500,-0.029890431393577832,-0.023953435183884153,0.011021554147268131,0.02222739369570592,0.1980550984605306,0.18132631602993635
2022-02-09,13570.2998046875,13570.2998046875,13612.2001953125,13447.099609375,13467.400390625,17372200,-0.020495529914105748,-0.028913675124918492,0.012288996829452392,0.006738896618208479,0.20173592856763753,0.17984500465031988
2022-02-10,13613.0498046875,13613.0498046875,13646.5,13505.849609375,13602.7998046875,29500800,-0.015950207645801573,-0.013461315667243734,0.017351371393060977,0.008392412634471103,0.2022679358855756,0.17819112753793964
2022-02-11,13510.2998046875,13510.2998046875,13583.25,13452.7998046875,13524.900390625,27299000,-0.038491552001205465,-0.008192732492325883,0.009874118751257543,0.021077652659138413,0.19389961796482438,0.1769023513009619
2022-02-14,13252.150390625,13252.150390625,13482.7001953125,13218.25,13334.599609375,27989600,-0.05098770638262462,-0.017004909976520044,0.02640978310698827,0.034895475023751565,0.20304548971627617,0.1800248328659419
2022-02-15,13356.900390625,13356.900390625,13368.099609375,13162.5498046875,13192.9501953125,27025700,-0.036469007827955924,0.008421882739210185,0.01572922197278437,0.012102379716201095,0.20552851628914184,0.17707875896279593
2022-02-16,13425.099609375,13425.099609375,13519.75,13332.7001953125,13421.0498046875,18241900,-0.019893996595833796,-0.004807325823933284,0.023767977968863097,0.005542144115693204,0.2033108416843862,0.17332307790369356
2022-02-17,13324.400390625,13324.400390625,13475.75,13310.0,13472.150390625,17706300,-0.02618633746066057,-0.006242437122966904,0.009145730474518166,9.9845380964525e-05,0.2046271548973383,0.17356171852851582
2022-02-18,13208.7998046875,13208.7998046875,13303.75,13189.5,13303.75,19844800,-0.018290777247892187,-0.026366431674529123,0.00878019300327637,-0.011542896497396038,0.19844857620841425,0.17265804042561575
2022-02-21,13029.900390625,13029.900390625,13221.599609375,12999.25,13168.400390625,15612800,-0.016095190851510233,-0.05560583314399614,0.0072059668782011865,-0.06618943572371405,0.19636429479066825,0.17090780149928977
2022-02-22,12954.5,12954.5,12976.349609375,12768.4501953125,12807.2998046875,20826100,-0.003392643107738569,-0.050868927277331166,-7.466187717330985e-05,-0.053111809527616294,0.18592644825770316,0.16998084182893153
2022-02-23,12976.2998046875,12976.2998046875,13077.650390625,12952.5,13010.900390625,14989000,-0.008845014026976794,-0.05024592395509386,0.0035811840149186924,-0.054959451731510844,0.18406552278424393,0.1700174079075614
2022-02-24,12500.099609375,12500.099609375,12808.7001953125,12467.900390625,12677.75,28138500,-0.02707063182897862,-0.07007833801075358,0.023320520535463296,-0.016547987487234073,0.21741911554236854,0.1831859719647821
2022-02-25,12899.849609375,12899.849609375,12925.5,12593.099609375,12622.849609375,20880600,-0.006408370649742201,-0.04847314233421851,0.019527200930525845,-0.005761676276928918,0.24379021213020186,0.19411374773296766
2022-02-28,12927.599609375,12927.599609375,12946.2001953125,12707.900390625,12807.400390625,33550000,-0.01914284431386626,-0.03840045931784264,0.0123423894712541,-0.014977427781312724,0.2372153108420908,0.19356248115529132
2022-03-02,12689.5498046875,12689.5498046875,12938.849609375,12637.7998046875,12841.25,30296500,-0.05846412133648671,-0.0381057208067237,-0.0032266691080083953,-0.01999454214924168,0.22821263008277054,0.19344011743748635
2022-03-03,12643.75,12643.75,12815.2998046875,12617.150390625,12793.599609375,19830100,-0.0732868669305734,-0.044626266254643054,-0.0011862359547578638,-0.005116437919336914,0.22097141468931772,0.1933666042427035
2022-03-04,12600.150390625,12600.150390625,12731.0498046875,12478.099609375,12558.5,22704700,-0.07471575372575501,-0.062059591479138754,0.00016093719305088072,0.008027295318039251,0.22086382084451836,0.19063478354690938
2022-03-07,12546.849609375,12546.849609375,12570.7001953125,12290.900390625,12436.75,20405300,-0.07609921799780772,-0.06710713898287457,0.018278608192216605,0.027299061654079138,0.2208252584069456,0.190686561631864
2022-03-08,12844.849609375,12844.849609375,12873.75,12524.849609375,12534.0,28371200,-0.040118264353699584,-0.044715569381978404,0.02960273772008315,0.040820656889761775,0.23714122697430348,0.19725375806266235
2022-03-09,13059.25,13059.25,13130.5,12864.2998046875,12929.75,29238100,-0.028669303867920215,-0.02781606203867748,0.024693395576097954,0.031078782901083235,0.24521115277231892,0.20041873266090035
2022-03-10,13077.0498046875,13077.0498046875,13227.099609375,13041.5498046875,13170.5498046875,22646400,-0.03634775996839956,-0.036745303927096185,0.013406609169726136,0.005390580467080408,0.24219490779233713,0.19913195428895647
2022-03-11,13399.0,13399.0,13426.5,13031.099609375,13073.650390625,41681600,-0.015723868476099634,-0.008366591769687015,0.03967819460329902,0.025948339564044853,0.25906595487856326,0.20537739265394278
2022-03-14,13351.900390625,13351.900390625,13452.400390625,13315.099609375,13420.349609375,25296300,-0.011724344859285973,-0.0031171487072130244,0.0172515666646208,0.018745725578796946,0.25805544199874786,0.20471033660833104
2022-03-15,13318.849609375,13318.849609375,13556.099609375,13250.099609375,13358.599609375,30223600,0.005033086464004022,0.006662490477543415,0.015708317002274153,0.025631901115619637,0.2486222938808541,0.20319971990113883
2022-03-16,13374.5,13374.5,13447.2998046875,13256.099609375,13446.5,17914200,0.0013176417327596113,0.01441469320844857,0.023049421761110245,-0.007322760753065483,0.2474611701996441,0.2032254076843607
2022-03-17,13546.0498046875,13546.0498046875,13566.150390625,13436.349609375,13439.650390625,26580200,0.009009258689450572,0.019815039923867905,0.011038356557229068,-0.010964627409529415,0.25098852848709474,0.20431689570563982
2022-03-21,13549.5498046875,13549.5498046875,13749.400390625,13530.900390625,13632.099609375,30965200,0.01689752690266766,0.00013652570903799344,0.027703902330082353,-0.00942679452701256,0.24922163322009983,0.200270360528832
2022-03-22,13513.150390625,13513.150390625,13577.75,13400.900390625,13554.5,20482800,0.023041501910680218,-0.009626560839532394,0.020772542875622024,-0.0238540596494744,0.24706761565718618,0.199789782824793
2022-03-23,13569.650390625,13569.650390625,13725.150390625,13541.4501953125,13582.4501953125,24958800,0.04142395442933311,0.005811202862966658,0.039157388937815396,-0.008415093726021006,0.240953448282537,0.19861938955689204
2022-03-24,13724.5,13724.5,13783.4501953125,13474.599609375,13501.900390625,27346600,0.05943880504843868,0.0010466412815437476,0.05180077207332645,-0.006942238665782252,0.24124917565920478,0.19721923832354654
2022-03-25,13607.0498046875,13607.0498046875,13785.650390625,13530.2998046875,13771.7998046875,19668000,0.0486078473442908,-0.01655811620064007,0.043348005286066194,-0.011901420568649623,0.24466359516141392,0.1970626660376956
2022-03-28,13562.25,13562.25,13722.0498046875,13491.900390625,13642.2001953125,20956600,0.08497135413452184,-0.03628608008660261,0.025022265604664584,-0.036774089033925095,0.19633581478341686,0.19383825837777374
2022-03-29,13771.400390625,13771.400390625,13791.7001953125,13564.0498046875,13602.9501953125,22729300,0.06756286372645759,-0.025757816092462194,0.027528984423117242,-0.03281151992272824,0.17345693883020002,0.19631159821108277
2022-03-30,13745.599609375,13745.599609375,13840.900390625,13703.349609375,13831.349609375,21249000,0.06327547454415217,-0.033565379359136616,0.0213346750281449,-0.04187463352507459,0.17438724021470325,0.19584715535977168
2022-03-31,13584.099609375,13584.099609375,13800.650390625,13542.2998046875,13755.349609375,17835100,0.07049499930699321,-0.040426998774985456,0.018778546971927934,-0.031295490472677434,0.16462395266798335,0.19702888976785715
2022-04-01,13579.900390625,13579.900390625,13647.0498046875,13524.0,13609.900390625,15247800,0.07404056475531395,-0.03281543142101484,0.0029777190261428554,-0.025244586796536073,0.1631652822417545,0.19640484714731563
2022-04-04,13789.25,13789.25,13806.5,13571.4501953125,13630.4501953125,15072000,0.09437185847081131,-0.015042990835699599,-0.016924655591686655,-0.02219214583353779,0.1660091957080833,0.19900059329070774
2022-04-05,13809.25,13809.25,13903.5498046875,13777.4501953125,13837.2001953125,17302500,0.1006149296379335,-0.007403547233553187,-0.031404874022106455,-0.019321792875895083,0.16323823819926112,0.1986311974896746
2022-04-06,13758.4501953125,13758.4501953125,13907.650390625,13744.5,13786.5498046875,18277900,0.07112582970770598,-0.0071799940537855544,-0.040917494712018554,-0.006896554241379915,0.1499435973132857,0.1986133956316485
2022-04-07,13815.0,13815.0,13972.4501953125,13779.150390625,13786.7001953125,20186600,0.0578708578210847,-0.003171249964327383,-0.021307697719428198,0.017033378310218672,0.14178753683803044,0.1988016530747802
2022-04-08,13838.599609375,13838.599609375,13923.099609375,13715.400390625,13875.0498046875,13854500,0.05823559717685867,-0.001129645460779205,-0.013439989343802639,0.013901598914281332,0.14174602640253642,0.1988332864068745
2022-04-11,13837.849609375,13837.849609375,13948.25,13818.900390625,13827.0,13514700,0.03275241505895954,0.0002999496883635544,-0.030054066369237686,0.029807421384841826,0.11697179273709091,0.1988098632498088
2022-04-12,13744.650390625,13744.650390625,13879.5,13661.5,13801.0,14906900,0.02941528834919782,-0.021813160593918246,-0.009645126051829545,0.018032821335466798,0.11939450155084082,0.19658794104325825
2022-04-13,13772.75,13772.75,13849.150390625,13698.7001953125,13761.150390625,12069400,0.03407954920562384,-0.013706554661105597,-0.014690203577488514,0.029025165995399838,0.1184969064120402,0.19626751413061375
2022-04-18,13717.2998046875,13717.2998046875,13823.4501953125,13612.2998046875,13699.400390625,12919800,0.025630850101872937,-0.010470760116713107,0.013949159543907408,0.0514935749565506,0.11977807475493181,0.1958772871846243
2022-04-19,13522.4501953125,13522.4501953125,13853.150390625,13413.4501953125,13774.349609375,17937200,-0.0017421764806174744,-0.01278686916374916,0.01725472442402909,0.0509462039980616,0.12381335305166871,0.1965373760956562
2022-04-20,13660.650390625,13660.650390625,13722.349609375,13492.0498046875,13572.900390625,15563500,0.008199577664127489,-0.0016115097438920145,0.007092461461653654,0.0430886637338983,0.12906571280276752,0.1976742072332878
2022-04-21,13821.2998046875,13821.2998046875,13838.099609375,13670.25,13703.599609375,20889300,0.022803669400163207,0.027231670501090877,0.018351033936272465,0.047753176984449586,0.13446928624547105,0.19596889484868368
2022-04-22,13569.849609375,13569.849609375,13786.7998046875,13516.599609375,13786.7998046875,21386900,1.4681199903110453e-05,0.02467708039365868,0.004288290498805858,0.04994797619709779,0.15053019705853762,0.19691861582050205
2022-04-25,13296.75,13296.75,13516.7998046875,13263.099609375,13441.9501953125,16461600,-0.03116689132573136,0.022937116272891744,-0.015559582315846199,0.03431674523710371,0.16052737467596487,0.19764982995610691
2022-04-26,13444.099609375,13444.099609375,13505.650390625,13376.0498046875,13384.400390625,19191900,-0.01197542433161114,0.026886443771626967,-0.014762154422557239,0.03135158234352875,0.1642218298512476,0.19837162381131332
2022-04-27,13358.150390625,13358.150390625,13416.4501953125,13258.7998046875,13365.650390625,13123100,-0.015049096527124939,0.03971466033254156,-0.004388336489092204,0.04390807759433912,0.16526920301341957,0.19482024401936704
2022-04-28,13480.0,13480.0,13547.150390625,13377.599609375,13473.349609375,19847700,-0.021159822702081388,0.03827684579420443,-0.016527868485918584,0.02990928718029462,0.1585885789857033,0.1945429061497189
2022-04-29,13462.849609375,13462.849609375,13765.9501953125,13429.25,13507.099609375,21128100,-0.02057021941823145,0.021468236508924265,0.0020434258748692757,0.0351534087261447,0.15856239490710886,0.1922367483174895
2022-05-02,13460.25,13460.25,13479.5,13323.5,13397.2998046875,16224400,-0.009117248322408233,-0.0012799109627156247,0.013536977511056314,0.027607518314097468,0.15336472292649406,0.18670202767800223
2022-05-04,13108.7998046875,13108.7998046875,13510.7001953125,13068.2001953125,13462.2001953125,17734400,-0.03469101925539364,-0.03920142854913766,0.021495985222200198,0.022800843139557547,0.17897590548267187,0.1925940039049847
2022-05-05,13008.5,13008.5,13284.5498046875,12968.150390625,13181.75,14204800,-0.05662019326649381,-0.04472885287034489,0.01930733120761141,0.005244887016842337,0.16817964438411986,0.1931155211824372
2022-05-06,12820.900390625,12820.900390625,12896.400390625,12726.5498046875,12840.849609375,13509900,-0.0715715632184949,-0.05591919361017195,0.014529451237483726,0.007167801472310331,0.1721945728469317,0.19513097297994353
2022-05-09,12785.0,12785.0,12856.650390625,12665.2998046875,12727.650390625,13439200,-0.070752895965285,-0.04459076100968984,0.01380631023087564,0.008376080365163352,0.17222486846888777,0.193055121919115
2022-05-10,12596.2998046875,12596.2998046875,12869.400390625,12557.75,12753.900390625,17342100,-0.08821572170195435,-0.06310296089166756,-0.00887691121194445,-0.003641846593232745,0.17402787637115688,0.19484891125613069
2022-05-11,12557.650390625,12557.650390625,12632.2001953125,12407.599609375,12530.150390625,23885800,-0.0925635002751447,-0.07462247913732212,-0.0016268039369514709,-0.00037167954808248194,0.1725447558434389,0.19367866624009644
2022-05-12,12424.4501953125,12424.4501953125,12521.599609375,12299.2001953125,12514.7998046875,17446300,-0.10214010514357208,-0.08731324915638805,0.003486745357899057,0.014803356929901423,0.17273805270411308,0.19439347729699025
2022-05-13,12629.5,12629.5,12764.599609375,12521.900390625,12534.25,16704800,-0.0811334125592329,-0.06519468978637322,0.018588230123292027,0.02646703826007346,0.18904135766434035,0.19737968490522262
2022-05-16,12608.25,12608.25,12687.400390625,12536.5498046875,12634.7001953125,13443900,-0.08455101559238354,-0.04858837031313168,0.008913350507188222,0.010813922070228466,0.1878604046521518,0.1937215872675749
2022-05-17,12745.9501953125,12745.9501953125,12759.150390625,12548.650390625,12627.4501953125,15452200,-0.07081201280175187,-0.045740417121124644,-0.017570531512681287,0.017256419825749103,0.19554741499411885,0.19439083228073756
2022-05-18,12881.5498046875,12881.5498046875,12942.900390625,12756.2998046875,12767.7998046875,28170400,-0.047395285718794145,-0.04048758076311987,-0.0050363379610990355,0.021969812804518152,0.1975426382088509,0.19542205582147748
2022-05-19,12600.849609375,12600.849609375,12743.400390625,12574.0498046875,12646.75,24635300,-0.07758055077504344,-0.05430268980502029,-0.00013495465910251525,0.03210203798422917,0.20329406161604724,0.1998013575078261
2022-05-20,13065.5,13065.5,13089.400390625,12707.9501953125,12718.7998046875,34836600,-0.05468369946154916,-0.01084881342789723,0.010082307003799418,0.04762148084489748,0.24317510763917394,0.21309675878115117
2022-05-23,12889.2001953125,12889.2001953125,13253.7998046875,12854.0,13121.0,21154900,-0.050158950442034334,-0.010798255634688836,0.0055859746822656264,0.046850977237094416,0.23969137079507866,0.21308300055236123
2022-05-24,12691.599609375,12691.599609375,12926.2001953125,12666.2998046875,12908.7998046875,25977600,-0.04551115051610355,-0.020294136448724354,0.0033741456135085723,0.0362842368634797,0.2354842916937957,0.2150777603849094
2022-05-25,12543.849609375,12543.849609375,12808.2998046875,12526.0498046875,12749.0,18857900,-0.0669624613144213,-0.033326156286577424,0.0013483686001561912,0.027474113023929103,0.23219327930547884,0.21628726421885505
2022-05-26,12557.5,12557.5,12655.25,12398.400390625,12606.400390625,26659400,-0.05993721939130969,0.004591994657542564,-0.008978797233456515,0.009380278948932452,0.232456631912443,0.20222509946643796
2022-05-27,12669.9501953125,12669.9501953125,12688.0498046875,12555.849609375,12635.400390625,17386300,-0.0600927154812686,-0.017821867775529743,-0.008332903506229616,0.0005442531087228586,0.23234247107722406,0.1923030892431784
2022-05-30,12671.150390625,12671.150390625,12822.650390625,12662.900390625,12731.650390625,19928600,-0.058806214265269,-0.01983734231403833,-0.033011793522566335,-0.011947572997914047,0.23253566679813106,0.19223744177693106
2022-05-31,12604.4501953125,12604.4501953125,12690.5498046875,12527.7998046875,12608.25,58103500,-0.06357978527051877,-0.006706274902169018,-0.035192299157374984,-0.0054176742194788075,0.232413261307911,0.18874367354790708
2022-06-01,12443.75,12443.75,12665.849609375,12393.900390625,12665.849609375,22327700,-0.050733081181824846,-0.015818091942659374,-0.04144819528685739,-0.01731519115016522,0.21904277928258284,0.19041190457063614
2022-06-02,12500.349609375,12500.349609375,12518.599609375,12376.7001953125,12407.400390625,20159300,-0.039062950426644094,-0.007920602386163211,-0.03578706863655923,-0.031475059497026225,0.21957961102062354,0.19054471620536895
2022-06-03,12418.7998046875,12418.7998046875,12622.349609375,12401.650390625,12556.7998046875,14930500,-0.03136289758802957,-0.01020573360437993,-0.0419075411252372,-0.05566646321148205,0.21532355900622682,0.19081540705048525
2022-06-06,12412.400390625,12412.400390625,12463.7998046875,12360.599609375,12406.599609375,14022300,-0.029143497017989795,-0.03366712977584185,-0.04556501839683058,-0.0683942235098508,0.215306119042424,0.18434273837230652
2022-06-07,12279.650390625,12279.650390625,12362.7001953125,12189.650390625,12352.849609375,13785200,-0.025138288145909682,-0.05969711961827828,-0.03599415415665397,-0.06404086274380183,0.21238625891068177,0.18198743446404608
2022-06-08,12317.7998046875,12317.7998046875,12341.150390625,12170.4501953125,12279.900390625,14918400,-0.01909995727517322,-0.058059731463884545,-0.03079966811974033,-0.04367878400367431,0.21282272832292798,0.18211982372264515
2022-06-09,12465.900390625,12465.900390625,12481.9501953125,12228.099609375,12284.7998046875,21435900,0.003336179441416176,-0.06963949618441678,-0.039053724997791806,-0.06047861259245502,0.21428736557952968,0.1764510722596845
2022-06-10,12419.2001953125,12419.2001953125,12447.650390625,12330.2001953125,12363.7001953125,14168000,-0.016651475093036106,-0.06985523918133729,-0.043241604047312365,-0.030172408245944693,0.20584578911857013,0.17646472641908947
2022-06-13,12191.849609375,12191.849609375,12410.75,12130.650390625,12288.25,14765000,-0.03302602586600045,-0.08461691760576051,-0.02874006897214032,-0.03128920894735565,0.21517774405677018,0.17996787635778155
2022-06-14,12218.5,12218.5,12283.349609375,12135.75,12140.2998046875,15454500,-0.041381786938605614,-0.08643313768739014,-0.00895725441596218,-0.013194587165085259,0.21062593390658405,0.17974777493496608
2022-06-15,12261.349609375,12261.349609375,12299.5498046875,12204.75,12248.400390625,12718900,-0.04814639579212854,-0.09483947082993449,-0.01439397615365079,-0.0025796394216255347,0.2064226458300066,0.17760279042609065
2022-06-16,12066.650390625,12066.650390625,12330.5,12022.4501953125,12321.599609375,16234600,-0.042393904800876014,-0.10944270735471129,-0.014005681961245742,-0.006799811148766488,0.1998518493160353,0.17996446575167532
2022-06-17,11803.9501953125,11803.9501953125,12038.25,11745.0498046875,12000.650390625,24864800,-0.09655579998373576,-0.12648421322227643,-0.03675982077124873,-0.009710224599366324,0.15291344611698365,0.1846083790008057
2022-06-20,11847.900390625,11847.900390625,11886.099609375,11726.400390625,11815.0,15746500,-0.08078855079512193,-0.1268824140959094,-0.027469661498764064,-0.01697064173211249,0.1524776461560163,0.1845429397189264
2022-06-21,12098.349609375,12098.349609375,12118.0498046875,11882.7001953125,11887.0,13504700,-0.04674351683469269,-0.11848521917920507,-0.016582521485448698,-0.026516735904902222,0.17050974205151637,0.1885564550524745
2022-06-22,11939.0498046875,11939.0498046875,12147.650390625,11893.150390625,12050.650390625,14561300,-0.048214848194248594,-0.12258351545280521,-0.009995226867090534,-0.02116101237389778,0.17171303256619527,0.18948138968178715
2022-06-23,12127.2001953125,12127.2001953125,12145.0498046875,11947.900390625,11969.9501953125,15785800,-0.034266359123033996,-0.10581207430090878,0.003673918807571397,-0.009113107318270308,0.1831000638872339,0.19294568882220725
2022-06-24,12178.400390625,12178.400390625,12270.5,12150.5498046875,12173.25,20248900,-0.03879650646688082,-0.11567451056643796,0.001148589681447043,-0.021820395028671058,0.1802077646328308,0.1900477785555835
2022-06-27,12221.5498046875,12221.5498046875,12325.75,12200.099609375,12275.7998046875,16653400,-0.03548222316658367,-0.11087546909543633,0.01429454028027266,-0.015654507267110596,0.18114475344346725,0.19039223913984815
2022-06-28,12214.5498046875,12214.5498046875,12235.9501953125,12100.849609375,12224.400390625,21905900,-0.03093355002267384,-0.10082006493402862,0.013345646660044563,-0.008373863030909479,0.18071823858420807,0.18929645457979158
2022-06-29,12210.9501953125,12210.9501953125,12249.7998046875,12099.349609375,12139.4501953125,17976300,-0.01870817114515322,-0.10080708664531635,0.02508904122112965,0.005095688445954316,0.17576903279224412,0.18929693302405792
2022-06-30,12159.349609375,12159.349609375,12252.599609375,12110.2001953125,12176.150390625,19725200,-0.027279237033839165,-0.1182008006689994,0.023704044178573636,0.007711788729141356,0.17489616754985468,0.18597744847391406
2022-07-01,12260.900390625,12260.900390625,12296.2998046875,12084.0,12124.4501953125,11405000,-0.012714547021113964,-0.11212409141517465,0.03746851390741379,0.010686033545275864,0.1770215856426221,0.1870660917344301
2022-07-04,12218.2001953125,12218.2001953125,12344.5498046875,12143.9501953125,12240.2998046875,9979300,-0.015645659920798027,-0.11194938224399453,0.028664604223829104,-0.0011935701078613636,0.17730826659155613,0.18705887385748976
2022-07-05,12233.75,12233.75,12373.900390625,12217.400390625,12254.650390625,12477700,-0.0037379232441375754,-0.11445892146217884,0.03314603783172865,-0.010788414511467725,0.1734411529002561,0.1867556319280683
2022-07-06,12331.150390625,12331.150390625,12350.7001953125,12220.400390625,12264.0,12714500,0.001083845016901508,-0.1089307633215123,0.023488136667646597,-0.008024638323749889,0.17549020214673922,0.18771991813748704
2022-07-07,12389.7001953125,12389.7001953125,12450.849609375,12370.599609375,12408.7001953125,13086800,-0.006112690854629843,-0.10465133347607669,0.01483627941094634,-0.017406453219834805,0.17080907681872226,0.18817977939506192
2022-07-08,12449.4501953125,12449.4501953125,12460.0498046875,12392.349609375,12449.2998046875,11163000,0.002435744615133739,-0.09423304038318314,0.0012753917584060748,-0.019522333007538695,0.17122175421385022,0.18838251593258337
2022-07-11,12564.849609375,12564.849609375,12598.7001953125,12386.900390625,12447.849609375,14386800,0.03059420940635449,-0.08770219387014211,0.0025995092314146095,-0.015621878547471657,0.15912304378206613,0.18955563011192988
2022-07-12,12450.650390625,12450.650390625,12587.2998046875,12428.75,12516.5,10729200,0.018999909205303478,-0.09233955895821844,-0.0017347799596514335,-0.027394101203566334,0.16349276774235985,0.19013005355744914
2022-07-13,12622.2998046875,12622.2998046875,12639.150390625,12442.5498046875,12494.7001953125,16675900,0.029438047752632146,-0.06656710711621128,0.011945225343537924,-0.00807188626134936,0.16950096742501206,0.19080455403416258
2022-07-14,12721.0,12721.0,12855.650390625,12630.5,12664.400390625,27541900,0.054227941325240225,-0.06878518692417901,0.016595895965682894,0.0011180512429604939,0.15762597263034916,0.19026341872742922
2022-07-15,12732.0,12732.0,12800.75,12665.0,12775.400390625,12415600,0.07862196886056338,-0.07881312322868961,0.029208806712428537,-0.0015734095438889595,0.12837706301668256,0.18841798479777758
2022-07-18,12713.4501953125,12713.4501953125,12869.400390625,12668.4501953125,12827.349609375,16223600,0.07305512167982031,-0.06311045727955888,0.012576912297455944,-0.011080882339141174,0.12972022393924518,0.1850615667007438
2022-07-19,12682.2001953125,12682.2001953125,12820.25,12663.150390625,12680.400390625,15392300,0.04825869682961348,-0.046218046115592104,0.0033863275452608033,-0.010037719859564476,0.11370100938773918,0.18069677879181897
2022-07-20,12711.5,12711.5,12786.400390625,12685.599609375,12786.400390625,13274400,0.06469947005407595,-0.05449227770256437,-0.007157291231438823,-0.014962073235793794,0.09764759722571376,0.1791401905762106
2022-07-21,12651.75,12651.75,12756.349609375,12599.5,12710.099609375,17916000,0.04325399071834024,-0.052881601866136,-0.02415124003794933,-0.02745959154271793,0.08946537535149321,0.17895167624537045
2022-07-22,12617.5498046875,12617.5498046875,12711.150390625,12573.900390625,12687.7998046875,12923800,0.036059695853041474,-0.0639799848154674,-0.02892425043420155,-0.03350158442296347,0.09067909980662123,0.17776882514858774
2022-07-25,12488.7998046875,12488.7998046875,12640.7998046875,12454.25,12612.349609375,13113000,0.021867112131515265,-0.07235093854195696,-0.028596991074877565,-0.0447789823301985,0.09986943999592088,0.17875634376239213
2022-07-26,12341.900390625,12341.900390625,12508.7998046875,12325.0,12495.650390625,12520400,0.010426138332878088,-0.08308535200869227,-0.029551237741519687,-0.04879824762747709,0.10984249204456,0.18004874058344789
2022-07-27,12628.9501953125,12628.9501953125,12647.75,12301.849609375,12341.650390625,20886300,0.03423157029667201,-0.03660515199899639,-0.01910698650152365,-0.0344586303793698,0.13562993104631774,0.17922682553068836
2022-07-28,12660.650390625,12660.650390625,12682.2001953125,12500.2001953125,12665.599609375,28727000,0.04122759829715661,-0.0267401782968828,-0.031607091227724204,-0.04154293523104324,0.13382782325882767,0.17872835980186252
2022-07-29,12776.5498046875,12776.5498046875,12835.4501953125,12526.2998046875,12677.75,33384600,0.04205640675922773,-0.0034592411286441527,-0.047214527039752596,-0.048976797682837137,0.1343531503816257,0.17733773129800726
2022-08-01,12766.849609375,12766.849609375,12883.75,12707.7001953125,12835.400390625,20075100,0.04490427438510869,-0.0014196629350802237,-0.05011738342433891,-0.06510575971258592,0.13320259844613971,0.17725197402270848
2022-08-02,12780.400390625,12780.400390625,12792.9501953125,12699.9501953125,12765.5,16528500,0.04468379610708073,0.01461544967903916,-0.05237611194903424,-0.05345080795912649,0.13322412642784384,0.1745389848678524
2022-08-03,12682.0,12682.0,12829.099609375,12618.2001953125,12789.0498046875,21592200,0.02845230155020584,0.009902299037392703,-0.05900036221157334,-0.06562459265949117,0.13583893879172984,0.17517635277317983
2022-08-04,12982.349609375,12982.349609375,12992.25,12681.2998046875,12720.0498046875,37887000,0.04783403994607727,0.044903348260270315,-0.02959156729940382,-0.054666489796409756,0.15651036040346875,0.1800298914475873
2022-08-05,12939.75,12939.75,13068.2998046875,12920.0,13003.849609375,21551200,0.0393832496211044,0.02456550140543956,-0.03317266193377977,-0.07778744603159415,0.15744884587389582,0.17722267429524344
2022-08-08,12940.25,12940.25,12962.9501953125,12878.099609375,12952.0498046875,14135800,0.029877030151232553,0.026331965181527917,-0.05085185547870075,-0.07988997389511954,0.15516369581069822,0.17717112392035875
2022-08-10,12950.7001953125,12950.7001953125,13053.099609375,12915.5,12986.25,21924300,0.040162544846976234,0.016063925942163104,-0.05178057573678041,-0.0623804234845442,0.1500841236810918,0.17583643691940037
2022-08-11,13014.2001953125,13014.2001953125,13033.75,12961.400390625,12998.400390625,21490700,0.031048255602315944,0.010297704285297193,-0.07494452108982497,-0.07705906944267404,0.14409821966418646,0.1747939392755242
2022-08-12,12864.0,12864.0,13017.5,12830.4501953125,13016.5,29623400,0.011241254618347574,0.020883543473863675,-0.09915077713328202,-0.09858651568916632,0.14927826880117498,0.17038870056787617
2022-08-16,12933.849609375,12933.849609375,12962.599609375,12867.849609375,12896.75,29623400,0.015853723639255524,-0.010076184656155562,-0.09480909962132245,-0.10592551421071239,0.15027247190529833,0.15355830525092531
2022-08-17,12979.25,12979.25,13011.900390625,12936.349609375,12987.0,21239700,0.020906976517318654,0.006986454033063305,-0.08142124782767635,-0.09967908919958268,0.15032173541762933,0.15115602302390455
2022-08-18,12935.75,12935.75,12948.349609375,12797.4501953125,12934.349609375,18516500,0.019992572328357827,0.019237164592290856,-0.0788994609647291,-0.09433384498041542,0.1506314419949718,0.14783239392663153
2022-08-19,12799.9501953125,12799.9501953125,12982.0498046875,12771.75,12935.9501953125,17777800,0.0069582815019864075,0.020416426688191214,-0.0679530964620565,-0.08769982555375333,0.1559627663761397,0.14744906724988588
2022-08-22,12588.25,12588.25,12794.599609375,12565.5,12723.349609375,15215200,-0.005019068508309132,0.0024487358152498473,-0.058342518546700584,-0.07921709883837313,0.16653537645326144,0.15150182259095
2022-08-23,12683.5498046875,12683.5498046875,12710.0498046875,12498.7998046875,12499.4501953125,14102500,0.005230809548735005,0.0010733751250286971,-0.0460897076539335,-0.07384199168884886,0.16849340432350518,0.1511841286752189
2022-08-24,12644.0,12644.0,12760.75,12585.849609375,12716.099609375,17987000,0.012427150546063581,-0.0021426934246702167,-0.04613512585042501,-0.058773517125174646,0.1644416843308417,0.1513209043747077
2022-08-25,12593.25,12593.25,12717.599609375,12563.75,12710.75,17392500,0.020365551610344035,-0.0008885905484925516,-0.04264155134115999,-0.05744112850208971,0.15884063476661373,0.15115686530837155
2022-08-26,12580.4501953125,12580.4501953125,12683.25,12569.0498046875,12662.9501953125,11718000,-0.003840382553571331,0.010985450150678089,-0.058948577960421744,-0.051725078703477534,0.13598743856643036,0.14879898933098493
2022-08-29,12545.75,12545.75,12565.900390625,12352.650390625,12380.650390625,13477900,-0.009075394002671655,0.0036319296694671266,-0.031716259120222356,-0.037557653601220764,0.1358863853725743,0.14863822806808372
2022-08-30,12699.400390625,12699.400390625,12715.75,12560.900390625,12588.900390625,15595900,-0.0060383605309624055,0.02259482319954831,-0.04106820222519114,-0.0482553148616498,0.13913958564685974,0.15002879473231387
2022-09-01,12555.0,12555.0,12701.9501953125,12546.349609375,12619.2998046875,15613000,-0.016593726397421737,0.011488479656417194,-0.028286310378734858,-0.047248779599960766,0.1446559381538595,0.15196159932813466
2022-09-02,12506.150390625,12506.150390625,12634.9501953125,12485.4501953125,12587.650390625,14412500,-0.02145863913631174,0.018445150537259813,-0.032643128944179645,-0.04996832968818721,0.14486412003060103,0.15049560049382926
2022-09-05,12565.5498046875,12565.5498046875,12579.7998046875,12444.900390625,12507.9501953125,13545400,-0.00918232103079164,0.02011316987841605,-0.025150114291580317,-0.05995107353006701,0.14403710793268346,0.15066279462699284
2022-09-06,12598.0,12598.0,12624.2998046875,12567.349609375,12597.2001953125,11021900,-0.029605550685327997,0.010596876698480973,-0.045345949337669444,-0.060861606252433864,0.11413000688602525,0.14878813774527302
2022-09-07,12696.2998046875,12696.2998046875,12717.4501953125,12539.900390625,12542.5498046875,14296000,-0.01881413437759616,0.02231219442614263,-0.0318562605810736,-0.0654929014944916,0.11850460868446053,0.14936203972546136
2022-09-08,12689.9501953125,12689.9501953125,12776.5,12638.650390625,12775.599609375,11555200,-0.019342733307895932,0.04085521080857846,-0.034957502794205286,-0.08747610824289609,0.11846043153191961,0.1441269748187231
2022-09-09,12689.2998046875,12689.2998046875,12814.25,12662.900390625,12716.7998046875,15643400,-0.020184267003541145,0.038531718679666094,-0.03721328705657878,-0.09503278015860928,0.11832808942810613,0.14409932976685652
2022-09-12,12715.25,12715.25,12759.75,12695.099609375,12707.849609375,11217300,-0.022971077040921606,0.037018795245667535,-0.038676927280176465,-0.10599533365860037,0.11686390933327781,0.1440062262080094
2022-09-13,12745.599609375,12745.599609375,12762.900390625,12718.349609375,12729.900390625,12626700,-0.009204010465251877,0.05626658573596366,-0.03021752783382403,-0.12012308919712589,0.11066493426939654,0.13981595375257017
2022-09-14,12682.2001953125,12682.2001953125,12776.150390625,12587.2998046875,12587.2998046875,12936100,-0.019456652246837125,0.0744030587615292,-0.02947053704508673,-0.10281275187697747,0.10949104207668015,0.1320304036087088
2022-09-15,12518.849609375,12518.849609375,12732.7998046875,12480.7001953125,12704.4501953125,14592800,-0.03547203348614136,0.05663022110490634,-0.03174662788964111,-0.10800985965570309,0.11595474499871851,0.13506107438091214
2022-09-16,12346.849609375,12346.849609375,12556.75,12315.5,12548.0,25803600,-0.045525028747849916,0.020539991653691247,-0.021820498877051064,-0.10044434399336954,0.12353069257118111,0.13182022579767969
2022-09-19,12369.599609375,12369.599609375,12396.150390625,12185.400390625,12366.9501953125,17082800,-0.033621270346434584,0.036062317498538166,-0.025951725721659824,-0.10725223702928033,0.12038126040383311,0.12876628398107814
2022-09-20,12750.7001953125,12750.7001953125,12763.900390625,12417.2998046875,12422.2001953125,23442900,0.012904906981709097,0.05141335097618005,-0.005707887005452328,-0.09383640090721479,0.15388870359820347,0.13921102961994153
2022-09-21,12573.5498046875,12573.5498046875,12834.849609375,12549.4501953125,12793.650390625,19747300,-0.008672650929264836,0.03244674188628971,-0.01668571361593807,-0.09616447262236516,0.1599442927724739,0.14228948948762563
2022-09-22,12612.849609375,12612.849609375,12644.9501953125,12500.75,12506.150390625,15482100,-0.0024636500019772356,0.032017200022980585,-0.003875273642080179,-0.08153417195604318,0.16008829620247977,0.14225450909636142
2022-09-23,12610.650390625,12610.650390625,12740.099609375,12594.5,12602.849609375,20284800,0.0013817235920037252,0.032428586584950514,0.012515989523631199,-0.06076578294101598,0.1594267937912678,0.14224371238133732
2022-09-26,12475.5,12475.5,12614.0498046875,12441.2001953125,12570.849609375,16879000,-0.008342324295485426,0.021664964679739107,0.02255936073626652,-0.055377474571212115,0.1640054068328339,0.14411311729561224
2022-09-27,12598.0,12598.0,12611.849609375,12457.7998046875,12532.25,15678200,0.004164756989418761,0.03607515243140935,0.021810558276731062,-0.04168980000122002,0.16762467030938938,0.14506240338588877
2022-09-28,12705.400390625,12705.400390625,12750.650390625,12525.7001953125,12548.349609375,24283200,0.00047246325144834067,0.0362534549534288,0.051189616081358524,-0.03399453298514499,0.16462027211878805,0.14510197335653616
2022-09-29,12874.2998046875,12874.2998046875,12962.849609375,12778.25,12782.599609375,36358700,0.025432083208881018,0.053698547976543276,0.06674254331794016,-0.008361970056995016,0.16510677802490165,0.1471155779097975
2022-09-30,12971.900390625,12971.900390625,12998.2998046875,12813.7001953125,12918.2998046875,30571700,0.037241675931639184,0.06033721390620217,0.06261873331946066,-0.020841219366539265,0.16536875725885156,0.1477502307335724
2022-10-03,13118.9501953125,13118.9501953125,13241.099609375,12958.4501953125,12981.5,39277400,0.044041080511937336,0.06388696753600875,0.08810651414352377,0.007754319494700734,0.1684907198007764,0.14857850350128327
2022-10-04,13233.4501953125,13233.4501953125,13246.0498046875,13140.900390625,13244.5,24011300,0.05044056162188437,0.06810092146694746,0.07203704299669611,-0.00264893522269527,0.1700834962382244,0.1492189947096412
2022-10-06,13188.0,13188.0,13310.75,13150.650390625,13310.75,20146100,0.03872783431996174,0.059323889256216455,0.055329795401749426,-0.009181665324685673,0.17009582384359628,0.1493002190944816
2022-10-07,13134.7001953125,13134.7001953125,13200.2998046875,13097.849609375,13169.75,17722600,0.03504741887515728,0.04535275818282125,0.062245936151651415,-0.02239825258586392,0.17122299399627514,0.14863839680566424
2022-10-10,13028.400390625,13028.400390625,13084.5,12933.4501953125,13016.0498046875,11922900,0.026723348896858345,0.046403198377092725,0.05993918452784952,-0.027247201085947692,0.174696147533972,0.1483675581801721
2022-10-11,12826.7998046875,12826.7998046875,13065.75,12805.2998046875,13064.7001953125,17794500,0.00877291478244624,0.01620148492464546,0.061894026317147244,-0.04748753974530562,0.18466087507330411,0.1495961699011004
2022-10-12,12839.349609375,12839.349609375,12884.650390625,12742.900390625,12861.4501953125,16271200,0.007355479763466066,0.009303483167596882,0.05973226516005525,-0.06504090545435193,0.18453162120957994,0.14878255416790498
2022-10-13,12867.150390625,12867.150390625,12936.349609375,12810.75,12847.849609375,17712700,0.014583447072603395,0.010615016542962596,0.06953868643245897,-0.04952190008322499,0.1835232083641577,0.14883281640554286
2022-10-14,12950.4501953125,12950.4501953125,13034.400390625,12933.0,12989.650390625,14539300,0.034476058056827075,0.01864167447538212,0.07316743134159909,-0.0370882280801359,0.1771471468673187,0.1493440170995404
2022-10-17,12982.400390625,12982.400390625,13022.7001953125,12925.2001953125,12932.5498046875,13252200,0.051474732531562095,0.023670986949366757,0.06396978171662038,-0.0357670973361377,0.1673746338027043,0.1492950800730578
2022-10-18,13008.25,13008.25,13064.7998046875,12949.4501953125,13044.25,11795200,0.05163064373894222,0.02334500255673988,0.05930848177040815,-0.03513259588509654,0.16736760327595152,0.14927903197702289
2022-10-19,13021.75,13021.75,13091.349609375,12955.150390625,13027.650390625,14672400,0.021257640798984845,0.02924496611140759,0.03832071523945357,-0.02537631330323542,0.13115238968993673,0.14890523735603392
2022-10-20,13089.2001953125,13089.2001953125,13101.2998046875,12941.650390625,12962.599609375,17215700,0.041010724786150865,0.037380505559786226,0.04972487672631265,-0.01312953152043872,0.11908384831249579,0.14905957474696246
2022-10-21,12979.400390625,12979.400390625,13150.400390625,12956.349609375,13110.7001953125,12546800,0.029061694430856155,0.03928324527656857,0.032096328835624854,-0.01755643852175992,0.12457937800441984,0.1485352909286251
2022-10-24,13061.099609375,13061.099609375,13087.9501953125,13050.7001953125,13080.75,2686000,0.03571974519925414,0.05827297223175698,0.01243860874623648,-0.017370789399982156,0.12557550842406903,0.1466637634046256
2022-10-25,13112.2001953125,13112.2001953125,13148.349609375,13033.849609375,13079.400390625,20697100,0.051036046275700464,0.03826525503120348,0.013422181996205707,-0.022698629914954083,0.11664190596680765,0.13944717731072745
2022-10-27,13228.0498046875,13228.0498046875,13244.9501953125,13121.650390625,13170.599609375,26064000,0.05001189114839666,0.04481597679078564,0.0071159275461549765,-0.0028726648784431763,0.11588347517110517,0.14040200779810166
2022-10-28,13048.2998046875,13048.2998046875,13218.400390625,13026.7001953125,13218.400390625,16412200,0.026988477617400974,0.02126943534476733,-0.02806954578798493,-0.015363133900347936,0.12674763729093777,0.14234764649397297
2022-10-31,13212.25,13212.25,13274.5498046875,13112.0498046875,13121.099609375,23330500,0.026249986441161832,0.03488725913227109,-0.04475087793172894,-0.0038755130175545105,0.12587653487430625,0.1444788867017605
2022-11-01,13492.0498046875,13492.0498046875,13517.25,13246.2001953125,13254.0498046875,25667500,0.04009816591240711,0.05568287317387388,-0.02138710877002814,0.00956408075826598,0.14259474598865718,0.15039870216123213
2022-11-02,13556.900390625,13556.900390625,13736.0498046875,13486.849609375,13511.5,25381500,0.03338302141500482,0.0689875721987856,-0.03740961494613959,0.02903512164231037,0.1387907640109253,0.1495159851076283
2022-11-03,13559.9501953125,13559.9501953125,13576.4501953125,13487.25,13509.75,17780100,0.024672326202251682,0.04449122102831016,-0.020388741528194254,0.005905372521233909,0.1363199715247893,0.14211626600976698
2022-11-04,13422.150390625,13422.150390625,13595.400390625,13388.349609375,13578.2001953125,12828300,0.01775480668979368,0.03728050314921072,-0.027557831003608202,-0.004084657973076888,0.1414158697618171,0.1436524507828276
2022-11-07,13230.0,13230.0,13493.849609375,13196.099609375,13458.849609375,19190400,0.00725557517647113,0.02239137574621819,-0.04403915908543965,-0.01627894208252978,0.1506961247986126,0.1469167853915089
2022-11-09,13079.5,13079.5,13317.7001953125,13053.0498046875,13252.650390625,18936200,0.003922170630538124,0.009945393125085245,-0.04920699821117647,-0.025541283331664832,0.15360368157961438,0.1488917869658411
2022-11-10,12983.099609375,12983.099609375,13235.900390625,12934.0,13076.400390625,42889300,0.012185409226577404,-0.0023897423945192786,-0.04932401544881504,-0.02329688429100274,0.14493855393761548,0.14935489589049758
2022-11-11,13015.650390625,13015.650390625,13165.4501953125,12987.349609375,13061.349609375,24659500,0.013731285977388596,0.011788743052316475,-0.05787162680642366,-0.02502577223568414,0.14509170402326624,0.14747452330473174
2022-11-14,13019.849609375,13019.849609375,13042.0498046875,12811.7998046875,12975.2001953125,27440900,0.011867368773528675,0.006649219110887339,-0.06540862539821068,-0.021619691037637834,0.1449895727823296,0.14707339137326847
2022-11-15,13036.900390625,13036.900390625,13074.599609375,12954.5498046875,13054.7001953125,17005200,0.0066754586912964875,0.004441735125296109,-0.06418003321365084,-0.021145870409903234,0.14337136523979907,0.14692577432151294
2022-11-16,12998.5,12998.5,13099.2001953125,12948.349609375,13010.5498046875,16356900,0.0012401103717789574,0.004850897705969803,-0.06217614673788319,-0.020385111016498314,0.14359167009937765,0.1468875188144422
2022-11-17,12948.25,12948.25,13053.7998046875,12924.5498046875,13021.900390625,10156200,-0.0046124574789075945,0.011585967322107926,-0.053617641925612136,-0.021381504367754545,0.1440552539459667,0.1454528528328699
2022-11-18,12861.400390625,12861.400390625,12991.400390625,12840.2998046875,12980.150390625,12645400,-0.012313983095590064,0.021698837457549747,-0.057733640228454286,-0.02500891056656762,0.1457763475043158,0.14191073117309486
2022-11-21,12794.599609375,12794.599609375,12857.400390625,12754.5498046875,12834.9501953125,10556500,-0.022507149523391168,0.008755419925615682,-0.056440292495801514,-0.024380647134546463,0.14496391222170388,0.141558890317562
2022-11-22,12836.349609375,12836.349609375,12851.599609375,12766.4501953125,12826.0498046875,12842000,-0.011021370552165566,0.015212718235922074,-0.049021314101862945,-0.021098093687305308,0.1430954599184457,0.14153364690395254
2022-11-23,12876.9501953125,12876.9501953125,12908.150390625,12845.099609375,12890.2001953125,11981600,-0.01409907431762647,0.02252795706529298,-0.044357241625833876,-0.019977560967712416,0.14154190228274122,0.1413724792413714
2022-11-24,12888.150390625,12888.150390625,12942.5,12854.7998046875,12918.400390625,14055900,-0.017087125070557985,0.024458599695196037,-0.0639682765153895,-0.02823258244989879,0.14063652256580256,0.14134621717668505
2022-11-25,12968.4501953125,12968.4501953125,12979.150390625,12830.900390625,12908.7998046875,13958300,-0.019624934378687287,0.03369270034174909,-0.06336418015776923,-0.03561108945101865,0.13856590309157005,0.14168395245344295
2022-11-28,12993.9501953125,12993.9501953125,13027.0498046875,12940.9501953125,12965.599609375,11380700,-0.004165263688643561,0.0231939930726921,-0.04779026563772759,-0.022047045898744733,0.13045276732196812,0.13963765324641073
2022-11-29,13087.349609375,13087.349609375,13102.75,12992.2998046875,13006.349609375,28978000,-0.009453377783874783,0.04240140257865388,-0.04308900190407283,-0.018891546786035995,0.1248282342810747,0.13810816430306194
2022-11-30,13144.2001953125,13144.2001953125,13200.5498046875,13059.650390625,13110.099609375,28926900,-0.025781820732246885,0.05101888149096645,-0.05956168811211948,-0.018475911385537946,0.0980509928535799,0.13796991968073094
2022-12-01,13120.650390625,13120.650390625,13215.5498046875,13091.099609375,13215.5498046875,13055900,-0.032179184579808506,0.044176386593957284,-0.07252959429878958,-0.02073429778141933,0.09536596365691137,0.13782878045120087
2022-12-02,13086.9501953125,13086.9501953125,13125.0,13006.599609375,13120.7998046875,15137300,-0.03488213401871565,0.03881173164887275,-0.07052225535618006,-0.020121412680448314,0.09515884829105103,0.13793630373623292
2022-12-05,13052.900390625,13052.900390625,13138.7998046875,13000.5,13123.349609375,12928500,-0.0275104949098105,0.028086969544137697,-0.05973964673752563,-0.0330016557005377,0.0898965419224849,0.1372806410607293
2022-12-06,12955.349609375,12955.349609375,13056.150390625,12914.0498046875,13037.75,11503500,-0.02075966671390783,0.0209141415039229,-0.04492898131757994,-0.026504918823347268,0.07933669634579389,0.1382366864418947
2022-12-07,12869.7998046875,12869.7998046875,13000.9501953125,12855.5498046875,12973.849609375,11032500,-0.01603273789613513,0.014224583135258762,-0.038255572064775256,-0.026550167909981548,0.07251929341153615,0.1389717624385646
2022-12-08,12728.7001953125,12728.7001953125,12892.9501953125,12702.75,12880.7001953125,17792300,-0.019594659343043164,0.0010578003037691186,-0.05183029106496151,-0.03646376984048327,0.07783738936666489,0.14081382345264212
2022-12-09,12774.7001953125,12774.7001953125,12822.2001953125,12711.099609375,12766.9501953125,13202100,-0.018512343838464895,0.002283186890328359,-0.026517945939827703,-0.021322105274517167,0.07858907979592662,0.14092390842295427
2022-12-12,12758.0498046875,12758.0498046875,12799.75,12687.75,12765.0498046875,14215600,-0.020107744140069772,0.005980792623273334,-0.02927347176080708,-0.021424630726028848,0.07845604846852818,0.14056472887117394
2022-12-13,12797.75,12797.75,12803.9501953125,12702.0,12749.5498046875,17960500,-0.01834411428018401,0.02227843606461577,-0.02946160371323614,-0.0185887813949277,0.0794164088951387,0.1380210440575655
2022-12-14,12883.599609375,12883.599609375,12900.849609375,12810.650390625,12846.5498046875,15701000,-0.008839511530176591,0.04347262799673568,-0.022454674518423423,-0.020953865701037078,0.0834233446594335,0.1353842657867752
2022-12-15,12816.099609375,12816.099609375,12944.25,12793.75,12882.849609375,11165000,-0.010206042563666862,0.03609656044659637,-0.014076538940559824,-0.008883529531981793,0.08431456191897252,0.1359105596656093
2022-12-16,12636.2001953125,12636.2001953125,12818.599609375,12616.5498046875,12762.650390625,16587200,-0.017509772534307744,-0.008979899005239989,-0.015398611910179105,-0.0343920929293261,0.09498187904324552,0.12440306644105491
2022-12-19,12646.4501953125,12646.4501953125,12662.2001953125,12529.5498046875,12636.599609375,11277600,-0.011579058242193518,0.005797916400491987,-0.025923812011165337,-0.03382764833063345,0.09374219719751359,0.12102186305512788
2022-12-20,12618.4501953125,12618.4501953125,12647.75,12529.349609375,12640.400390625,11487600,-0.01697518536760312,0.0004440381127939208,-0.024709236109330734,-0.04240953745361309,0.09277694349177132,0.12094645083506224
2022-12-21,12920.400390625,12920.400390625,12943.599609375,12645.400390625,12652.849609375,33575700,0.0033742613470941762,0.024562571350822182,0.007105003009084898,-0.025748065858710367,0.12680274171134276,0.1302860924251189
2022-12-22,12892.75,12892.75,13061.7001953125,12836.9501953125,13027.0,23826200,0.0003568866932486259,0.033445553284437546,0.019657258771911268,-0.03184765247208321,0.12703237440267834,0.12830842654616215
2022-12-23,12784.4501953125,12784.4501953125,13094.099609375,12746.7001953125,12881.099609375,33131400,-0.014188279804359882,0.01479998375238134,0.023944856480092702,-0.03220310738820564,0.1281951517440952,0.1281438766128115
2022-12-27,12694.75,12694.75,12766.5498046875,12640.7001953125,12688.650390625,14012200,-0.023026115293287353,-0.0008382569850264865,0.00016275590036662901,-0.07639027206264304,0.12967614206973918,0.12782848104991387
2022-12-28,12624.150390625,12624.150390625,12745.9501953125,12609.400390625,12685.5498046875,11131800,-0.03539289715453098,-0.019430137394456315,-0.008776212783411785,-0.09698945865676367,0.12667604867659504,0.12530252431810265
2022-12-29,12634.2998046875,12634.2998046875,12747.75,12528.75,12646.849609375,17238700,-0.03879280466276236,-0.02602553024393317,-0.00854762738493553,-0.09017833018570842,0.1250167122464462,0.12424878046863568
2022-12-30,12597.599609375,12597.599609375,12700.599609375,12573.400390625,12699.849609375,10152400,-0.039864699209097965,-0.03974026718416712,-0.002272714159264111,-0.11186237041810831,0.12505754297336424,0.12191649972789267
2023-01-02,12551.400390625,12551.400390625,12622.099609375,12474.150390625,12618.75,10168500,-0.040922430107461105,-0.051539832365794735,-0.01425107078420651,-0.10498039989961994,0.12518154961843786,0.12048436523221519
2023-01-03,12641.75,12641.75,12660.849609375,12515.2998046875,12544.400390625,12064000,-0.031498776388449334,-0.04142023051258725,-0.006446708166179871,-0.0933911717534106,0.1293877933598876,0.12148086038632346
2023-01-04,12622.75,12622.75,12708.5,12591.650390625,12659.0498046875,10239300,-0.02567276217187664,-0.03897692278467113,0.006500644715519255,-0.08103950052631215,0.1274973671115795,0.12129337881081445
2023-01-05,12753.2001953125,12753.2001953125,12768.099609375,12640.150390625,12660.150390625,11285600,-0.00905993963733076,-0.021123099310835558,0.021561520418971636,-0.0646907804560708,0.13217061027654348,0.12231772368822282
2023-01-06,12654.9501953125,12654.9501953125,12805.599609375,12625.599609375,12751.5,13213700,-0.005793993013297527,-0.0133976995035191,0.034502976325556545,-0.06497103942410865,0.12916266924099298,0.11915464448243497
2023-01-09,12770.599609375,12770.599609375,12828.5498046875,12705.2998046875,12729.2001953125,13301400,-0.0003209927336693674,-0.005354632601467624,0.02105593053738375,-0.062445409755575665,0.1327793738606432,0.12065703595129915
2023-01-10,12766.599609375,12766.599609375,12818.25,12736.2001953125,12775.849609375,12371200,0.0006701498127370531,-0.007814533769906151,0.0321885181931707,-0.06069935169760432,0.13269843003580994,0.12056628165305659
2023-01-11,12682.25,12682.25,12806.400390625,12657.400390625,12782.150390625,16501400,-0.009025023929987719,-0.020709719837351814,0.0292542527923898,-0.06202313926606928,0.13419933394600383,0.12049592632139426
2023-01-12,12671.4501953125,12671.4501953125,12721.2001953125,12584.900390625,12721.2001953125,13662500,-0.01646662582622682,-0.023951671952518683,0.02651775968303338,-0.055513867266815065,0.13152153393422156,0.12035685441295925
2023-01-13,12668.7998046875,12668.7998046875,12689.9501953125,12589.599609375,12689.9501953125,12353900,-0.011493341123827605,-0.026094993201429828,0.013394156040334115,-0.052952187372350634,0.1304864532473411,0.12025442922959155
2023-01-16,12659.400390625,12659.400390625,12728.099609375,12592.5498046875,12691.349609375,9103300,0.0018360104267030053,-0.02782649101503254,0.02231607997758156,-0.04967403255738145,0.12029095582916463,0.1202163085887189
2023-01-17,12648.0,12648.0,12678.25,12585.0498046875,12678.25,8847300,0.00012254859376059635,-0.03370719285587076,0.020054116664656618,-0.06156832798017442,0.12030869264595942,0.11964289379568485
2023-01-18,12734.5,12734.5,12743.400390625,12631.650390625,12656.599609375,10133100,0.009196835022625027,-0.018868390160911575,0.021160260287840904,-0.05238220148310868,0.12235024654745567,0.11944707556528864
2023-01-19,12699.0498046875,12699.0498046875,12754.7001953125,12674.4501953125,12719.400390625,7240100,-0.017131867376038223,-0.02771970320382733,-0.012117883060407952,-0.048987817038549486,0.08668003132949954,0.11875269168963898
2023-01-20,12606.4501953125,12606.4501953125,12720.7998046875,12581.349609375,12714.5498046875,10304900,-0.022206263573519958,-0.03857094861782251,-0.016706329998098735,-0.059600254757798954,0.08959099096496746,0.11921393560551263
2023-01-23,12718.4501953125,12718.4501953125,12744.400390625,12586.150390625,12631.7998046875,9145800,-0.005162521578299772,-0.03852416772685707,-0.022669877550309137,-0.060038665952775405,0.09185357968354771,0.11923045350421975
2023-01-24,12593.849609375,12593.849609375,12732.400390625,12575.7998046875,12726.2001953125,11122500,-0.007948198320171684,-0.034828307297878225,-0.007176095531402749,-0.05346572299038732,0.09508221027241578,0.11768935281770798
2023-01-25,12440.099609375,12440.099609375,12594.5,12409.849609375,12567.2001953125,19841200,-0.014579260825875462,-0.058442005761698446,-0.0018574629916914276,-0.05176597478182654,0.10260853149964577,0.11687858285754384
2023-01-27,12508.0498046875,12508.0498046875,12616.7998046875,12447.849609375,12476.7001953125,23304300,-0.009992639240138934,-0.07293183869348985,0.022256846254061546,-0.043114321879171524,0.10483158728885654,0.10845051616001727
2023-01-30,12484.0,12484.0,12586.7001953125,12443.25,12531.9501953125,18137200,-0.009017559923912843,-0.07914053800726772,0.01618785190622929,-0.05514540449689187,0.10458977159879046,0.10771938609763843
2023-01-31,12360.25,12360.25,12549.7001953125,12335.25,12526.849609375,22941900,-0.01522940745064394,-0.08847379068746286,0.01418673882844268,-0.06683997164508027,0.10942810740316353,0.10908791980103061
2023-02-01,12355.7998046875,12355.7998046875,12473.4501953125,12252.849609375,12397.7001953125,20789400,-0.022619510377321128,-0.07944707479081115,0.011179929283844592,-0.05180202032163961,0.10537050253205844,0.10760186808793398
2023-02-02,12306.2998046875,12306.2998046875,12362.0,12224.650390625,12291.650390625,12328000,-0.025069829895426943,-0.06981860886715796,-0.0010965413337377106,-0.037274145092374034,0.10585988033409138,0.10427778056710811
2023-02-03,12184.599609375,12184.599609375,12327.150390625,12086.849609375,12308.7001953125,17575500,-0.04458493376011552,-0.06842007650330673,-0.036909386014196355,-0.05173509447158342,0.10080822965682289,0.10369178431735593
2023-02-06,12193.099609375,12193.099609375,12218.650390625,12086.7998046875,12150.650390625,21067600,-0.03649564627354862,-0.060848335433669964,-0.03118475408346799,-0.046226819098258765,0.09918841990364202,0.10294338087429308
2023-02-07,12191.400390625,12191.400390625,12252.900390625,12121.9501953125,12222.5498046875,16689800,-0.0453541130774161,-0.06332760755418698,-0.024377645487539956,-0.02909275654866772,0.09071345729606771,0.10269624003783995
2023-02-08,12357.2998046875,12357.2998046875,12373.849609375,12144.849609375,12203.650390625,19299900,-0.03206020531786202,-0.05088766956343549,-0.02969050477670676,-0.025930093127760845,0.10665432142746363,0.10694324437154558
2023-02-09,12302.5,12302.5,12463.650390625,12246.25,12246.25,14077900,-0.029943424865461532,-0.05633243858740511,-0.029817696333008237,-0.02862282182903808,0.10557251002647018,0.10709236942593647
2023-02-10,12327.0,12327.0,12347.150390625,12207.4501953125,12293.7001953125,23504700,-0.0271831708291701,-0.0516598069007963,-0.027088020207924002,-0.021613044529540826,0.10629035710993695,0.10717999835929574
2023-02-13,12268.099609375,12268.099609375,12373.599609375,12221.5498046875,12347.7001953125,22384000,-0.031628899460881765,-0.05252836411291106,-0.021287341326843512,-0.021291822930380344,0.10686431598265334,0.10730552814655338
2023-02-14,12248.7998046875,12248.7998046875,12313.0,12209.849609375,12310.5498046875,19132000,-0.03243444185883981,-0.04763093965910903,-0.03439031188647412,-0.026994715283562454,0.10681581314242906,0.10662702053501415
2023-02-15,12237.099609375,12237.099609375,12259.650390625,12135.2998046875,12221.150390625,16220500,-0.03248738066295065,-0.043573071219165205,-0.030412902852560597,-0.035638048514023635,0.1068109101544472,0.10623396010296492
2023-02-16,12298.599609375,12298.599609375,12335.900390625,12257.7998046875,12276.5,14244100,-0.03422987872511685,-0.041892751160910735,-0.027100921518966148,-0.03047270433523952,0.10509349068198984,0.10657663202433397
2023-02-17,12154.0498046875,12154.0498046875,12275.849609375,12142.400390625,12267.5,15008300,-0.0429165967833931,-0.05613909968279229,-0.0338790581382592,-0.03845440268406508,0.11101355529655561,0.10865434851147822
2023-02-20,12055.400390625,12055.400390625,12140.7998046875,11971.2001953125,12132.349609375,20134400,-0.04371173456048705,-0.06461361597749149,-0.03355784443705789,-0.030016312699832737,0.11156035020550428,0.10957299560422284
2023-02-21,12019.5,12019.5,12124.4501953125,11998.4501953125,12103.900390625,12938900,-0.05495561051692477,-0.0731737548450857,-0.03884772385294155,-0.036115469001545386,0.10359591918766231,0.1085633833450354
2023-02-22,11991.849609375,11991.849609375,12065.900390625,11980.2998046875,12017.25,15909800,-0.04780111075424187,-0.07712055001557594,-0.01667236381437076,-0.02279405104586507,0.10022274562917474,0.10837304468254344
2023-02-23,11968.2001953125,11968.2001953125,12020.2001953125,11939.5498046875,12017.25,17265600,-0.03793373275780454,-0.08551383186560613,-0.016656050036067183,-0.026066105878917667,0.09324352308213996,0.10692018078995448
2023-02-24,11996.2001953125,11996.2001953125,12087.400390625,11928.2998046875,11985.650390625,15822100,-0.040921615868780736,-0.08733890103175701,-0.033051468365505876,-0.018433647902291184,0.09059391987004971,0.10653305344543583
2023-02-27,11902.5,11902.5,12006.349609375,11847.2998046875,12002.400390625,13435300,-0.04657962191605258,-0.09284222613654858,-0.03206034392256363,-0.017371088262794432,0.09285771991795301,0.10731675557841146
2023-02-28,11747.099609375,11747.099609375,11937.349609375,11731.5,11916.400390625,70015800,-0.049606633411541035,-0.10238065904899751,-0.029325910852121995,-0.027918583016469434,0.09689747443971455,0.10987147216198251
2023-03-01,11764.599609375,11764.599609375,11802.349609375,11730.0,11737.150390625,15261600,-0.04784799079442936,-0.0986984304404328,-0.038458937287745076,-0.03184922473278229,0.09766924277738467,0.11006351108092487
2023-03-02,11761.099609375,11761.099609375,11791.0498046875,11712.2998046875,11777.7001953125,15182500,-0.04430252829569714,-0.09218199709066854,-0.02792016369292616,-0.021331419285623654,0.097771498897161,0.10943896646803192
2023-03-03,11781.7998046875,11781.7998046875,11814.0,11733.4501953125,11802.2998046875,14339800,-0.03305810757848626,-0.08453899955799804,-0.01851232326002039,-0.03248488514162995,0.0943530316038926,0.10914689924875291
2023-03-06,11807.900390625,11807.900390625,11887.75,11794.0498046875,11818.9501953125,17516900,-0.03159157483252484,-0.07234044250854421,-0.028599647528013583,-0.024090481630134164,0.0950107413617091,0.10755864770593036
2023-03-08,11750.150390625,11750.150390625,11801.4501953125,11696.7998046875,11778.900390625,18980000,-0.03619354511064332,-0.08020147549634427,-0.03805006914218689,-0.04007522340545633,0.09553919394480224,0.10733039247045148
2023-03-09,11700.400390625,11700.400390625,11801.900390625,11680.2998046875,11752.2998046875,19528700,-0.053158814987503855,-0.08290055535556096,-0.03737410386842699,-0.03383619884203126,0.07659010159120042,0.10748882844349802
2023-03-10,11683.9501953125,11683.9501953125,11694.150390625,11596.400390625,11657.0498046875,16788600,-0.05027838282361308,-0.08703090814303294,-0.02342225116055463,-0.022805864646955998,0.07644770973988423,0.10707010501153724
2023-03-13,11597.349609375,11597.349609375,11731.0,11565.4501953125,11680.0498046875,13183600,-0.0591912379836943,-0.09983622892658317,-0.019866666049104698,-0.01913013433280042,0.0763003057606927,0.1063586644239198
2023-03-14,11597.9501953125,11597.9501953125,11669.9501953125,11542.4501953125,11609.4501953125,16561900,-0.05462536459602818,-0.09504837284281265,-0.013682047522524998,-0.020565232544466072,0.07677082608218293,0.10616850620505715
2023-03-15,11633.9501953125,11633.9501953125,11739.0,11596.099609375,11609.75,14746500,-0.05019672287726529,-0.07931577408624724,0.0032169554086499685,-0.008329425113944411,0.0795109716943061,0.10335936894063205
2023-03-16,11743.2001953125,11743.2001953125,11773.349609375,11639.25,11659.0,17498600,-0.040360823220243924,-0.07142320461869978,0.01682493389575035,0.0064711828816050865,0.09001064825674204,0.10558757494799015
2023-03-17,11676.150390625,11676.150390625,11806.150390625,11635.650390625,11790.7998046875,59428300,-0.05061138979396629,-0.07467635011449703,0.001274096523161461,-0.004769960477905122,0.08683419417848012,0.10597117787707225
2023-03-20,11663.2998046875,11663.2998046875,11709.599609375,11602.7001953125,11660.599609375,25498200,-0.040377487988467076,-0.0972957917658378,0.0128875709017775,-0.030770565532869276,0.07977866932751554,0.0923555452473435
2023-03-21,11633.75,11633.75,11701.5498046875,11621.650390625,11696.0498046875,22119200,-0.03497605860962527,-0.0976517810397316,0.006330534169724622,-0.04139150960724591,0.0765180650803516,0.09236704175819728
2023-03-22,11754.7001953125,11754.7001953125,11766.4501953125,11637.849609375,11651.650390625,22119200,-0.022030850258954238,-0.08054706962506408,0.015822418023894835,-0.04376896452520862,0.08756323595488338,0.09452122283477712
2023-03-23,11780.849609375,11780.849609375,11801.0498046875,11747.150390625,11771.0,18695700,-0.017595284036504566,-0.07199042049863136,0.009600352894527098,-0.013784878722247762,0.0882189570417363,0.0940650960142867
2023-03-24,11755.349609375,11755.349609375,11818.7998046875,11734.5498046875,11786.4501953125,22577600,-0.01778467793518912,-0.06882053479774708,0.014548777343560304,-0.0038488576698674226,0.08825309871618402,0.09365309680226214
2023-03-27,11882.75,11882.75,11951.4501953125,11744.2998046875,11797.5498046875,35925000,-0.00945717756167741,-0.059484879756349085,0.018030915799344016,0.006773202880669182,0.09701007949242828,0.09673994645032546
2023-03-28,11873.2001953125,11873.2001953125,11911.5,11817.9501953125,11909.900390625,20633400,-0.0024616513074984248,-0.0575029717187876,0.02289381505534105,0.006213261247343449,0.09305826468125494,0.09666073561669605
2023-03-29,11942.5,11942.5,11973.900390625,11861.5498046875,11892.5,27784400,0.016633926426320222,-0.048512546144237834,0.029535605527302167,0.012855944932486318,0.08149756852291552,0.09748812610533815
2023-03-31,12017.0498046875,12017.0498046875,12062.2001953125,11932.150390625,11970.400390625,22874100,0.021458460440194393,-0.04941564224197603,0.026681709016753152,-0.0015451719100041394,0.08371160510723175,0.09717415544294716
2023-04-03,12067.9501953125,12067.9501953125,12094.7998046875,12001.5,12071.9501953125,18958400,0.026090297347103775,-0.04395237208116298,0.021694105883826698,-0.00820996491250403,0.08427593023170545,0.09771627876868855
2023-04-05,12181.849609375,12181.849609375,12191.25,12043.599609375,12081.4501953125,19091000,0.03395489749607994,-0.044800565911880086,0.03607482968755604,-0.020617819551461025,0.08906370886596934,0.09730439431165767
2023-04-06,12274.349609375,12274.349609375,12289.150390625,12163.099609375,12192.2998046875,16781600,0.03950314647982145,-0.030075233806805324,0.045843611720018496,-0.015500381865026447,0.09148960326166417,0.09767426053110402
2023-04-10,12298.75,12298.75,12317.2998046875,12257.849609375,12315.150390625,10804400,0.04668873087894321,-0.036948117066375796,0.054030550738082495,-0.010588071428860868,0.08785440292381079,0.09575548728113065
2023-04-11,12300.0,12300.0,12401.099609375,12250.150390625,12308.5,14811100,0.05124607614756771,-0.03654846424668623,0.0437017786750844,-0.025839075010152812,0.08487812993734865,0.09576507677220766
2023-04-12,12574.2001953125,12574.2001953125,12581.099609375,12315.0,12337.7998046875,50441900,0.0761942652200931,-0.008519766184036714,0.05325150490802644,-0.0038650819994855423,0.10819362941138674,0.10560772015229579
2023-04-13,12478.900390625,12478.900390625,12606.650390625,12465.650390625,12606.650390625,19896200,0.07601312463128451,-0.015195561811759295,0.036740219991162615,-0.013504505598303407,0.10842431185212677,0.10670344844397485
2023-04-17,12403.599609375,12403.599609375,12520.9501953125,12370.0498046875,12482.7001953125,16248000,0.06946481063422016,-0.02093333223360072,0.030531693355964062,-0.007024796907702635,0.11318174705443436,0.10736263972733859
2023-04-18,12607.349609375,12607.349609375,12615.9501953125,12354.9501953125,12413.9501953125,35284300,0.08366886549460206,-0.0041116308548504454,0.04313186905247557,0.009003831072644242,0.12211877923542493,0.112645032797662
2023-04-19,12625.2998046875,12625.2998046875,12688.349609375,12555.099609375,12609.650390625,33981000,0.07511577719053997,-0.0017947656002925694,0.03784006098470516,0.022275668195466336,0.12076416653207286,0.11267236233903853
2023-04-20,12485.25,12485.25,12650.2001953125,12453.849609375,12642.0,27411700,0.06929506577995448,-0.019572814009187645,0.03862858155670312,0.010203678172710395,0.12767692207473347,0.1140198241222148
2023-04-21,12545.75,12545.75,12562.5498046875,12489.650390625,12508.599609375,19991100,0.07566042287259411,-0.012071753953663,0.03824369286805629,0.014645876165957694,0.12666674344655096,0.11438728273587294
2023-04-24,12454.349609375,12454.349609375,12509.2998046875,12391.099609375,12505.4501953125,18240500,0.07053612200494253,-0.01206529860357164,0.033365267664740905,0.0037021471722694654,0.1308244910869542,0.11438554727044796
2023-04-25,12456.599609375,12456.599609375,12474.150390625,12365.849609375,12459.0498046875,31949000,0.05971223445940388,-0.020588246359922624,0.023719161078891826,-0.0013096194174480047,0.1286345830757185,0.1128260357011702
2023-04-26,12457.849609375,12457.849609375,12476.2998046875,12404.349609375,12454.099609375,25611700,0.05746614399196259,-0.010798922030858638,0.014326042340117251,0.0060183929896715505,0.12900281434786512,0.11107736107416333
2023-04-27,12519.349609375,12519.349609375,12537.75,12402.0498046875,12450.75,27862600,0.0649916867968523,0.006370527768143841,0.007747833560760364,0.0050793569617908485,0.12783665556486698,0.1086408222491069
2023-04-28,12613.9501953125,12613.9501953125,12625.5,12518.0498046875,12551.849609375,36666700,0.061534593870316234,0.008466578905475197,-0.002007140111325967,-0.017700271949366186,0.12576667627885935,0.10916018662612988
2023-05-02,12590.2998046875,12590.2998046875,12669.75,12559.0498046875,12618.75,22723700,0.06039648936923592,0.008514883425785102,-0.010154029280374122,-0.019741822721070834,0.12625210277509308,0.1091563604012247
2023-05-03,12586.7998046875,12586.7998046875,12634.7998046875,12549.2001953125,12581.599609375,17230400,0.05395016158153654,0.01832890149369959,-0.005131166278696808,-0.005886678675803392,0.12625778543368693,0.10711294874574094
2023-05-04,12654.650390625,12654.650390625,12671.5,12589.4501953125,12610.2001953125,17406400,0.053057996455069256,0.024187069284185236,0.0014414247158449633,-0.012114536140300558,0.12597337131027286,0.10760531405045562
2023-05-05,12608.349609375,12608.349609375,12677.400390625,12590.150390625,12665.7998046875,16127800,0.04477971861968788,0.02454432359696357,0.006215098525976792,-0.001497083707957092,0.12771215261014263,0.10754658738568663
2023-05-08,12663.099609375,12663.099609375,12671.5498046875,12580.400390625,12598.349609375,21775400,0.03950549509572299,0.03927088417676328,-0.0007831398343765006,0.01628732630507046,0.12516408235752186,0.10564473847319855
2023-05-09,12716.7001953125,12716.7001953125,12728.0498046875,12623.150390625,12686.5498046875,25410300,0.0360386171174103,0.0429423692671973,-0.0018495089185033287,0.014720533684118964,0.12372547693556048,0.10589953515542269
2023-05-10,12716.900390625,12716.900390625,12760.900390625,12646.2001953125,12755.099609375,21690200,0.03399942194328687,0.043104154007123086,-0.005211133944363899,0.009608140160947576,0.12387747504566023,0.10589475625628364
2023-05-11,12557.0498046875,12557.0498046875,12671.099609375,12464.849609375,12659.25,26226100,0.020898358104674886,0.016164534579328427,-0.011529667231517715,-0.00763291053455295,0.13388570401499753,0.10594965300679678
2023-05-12,12486.7001953125,12486.7001953125,12591.650390625,12435.25,12564.349609375,24910700,-0.006958693089093582,0.01497258242735211,-0.035163785025463024,-0.008575228693294079,0.11021817020971351,0.10619959696000529
2023-05-15,12487.400390625,12487.400390625,12498.400390625,12391.2998046875,12485.0498046875,19657200,0.0006811497595080596,0.013012118976636566,-0.03133868473538759,-0.017360552564538834,0.10682907264677896,0.10613805650110515
2023-05-16,12454.5,12454.5,12609.0,12435.4501953125,12512.150390625,22406500,0.004103678950304612,0.015193909126932414,-0.028632262417723986,-0.013819792938889908,0.10491937889695652,0.10579575560109057
2023-05-17,12398.5498046875,12398.5498046875,12498.25,12341.2001953125,12459.5498046875,18738300,-0.01656175256155612,0.01222568760922127,-0.046097152761312876,-0.0018235317714749844,0.08707558235514844,0.10618106201856467
2023-05-18,12241.349609375,12241.349609375,12451.25,12220.9501953125,12451.25,19362000,-0.030411174487115722,0.0003473045195074853,-0.05942567430974777,-0.005985985991289411,0.09626647626865155,0.10943693239357848
2023-05-19,12124.25,12124.25,12250.5,12101.150390625,12223.349609375,21213000,-0.028914118660018806,-0.014176379011647477,-0.061763438640984436,-0.023466253615775146,0.09436052410577914,0.11067615774873177
2023-05-22,12244.2001953125,12244.2001953125,12258.650390625,12040.650390625,12063.5,29234100,-0.024036012568997456,0.007417312918220231,-0.06320689433412807,-0.013213374880217454,0.10028850983561877,0.10989431942428449
2023-05-23,12314.2001953125,12314.2001953125,12371.400390625,12246.599609375,12253.150390625,24398700,-0.011253049613847543,0.021467541209892804,-0.04532766868711435,-0.006742696152929772,0.10043554170372147,0.10910387769008674
2023-05-24,12440.4501953125,12440.4501953125,12449.900390625,12325.7998046875,12335.0498046875,37671100,-0.001296454455383289,0.03502227175111283,-0.030343847599438423,0.009291138564519352,0.10747386355604421,0.1107150426152159
2023-05-25,12455.5,12455.5,12475.099609375,12403.2001953125,12441.0,22063900,-0.00018860473104698183,0.038663792970062616,-0.028680924777517824,-0.005020636215182117,0.10756847735895374,0.110559113367041
2023-05-26,12601.5498046875,12601.5498046875,12628.150390625,12414.400390625,12447.5498046875,17410900,0.006565851891454866,0.052919369582659526,-0.02604911723475767,-0.0035071910212378654,0.11412006540973746,0.1126954569891501
2023-05-29,12624.2001953125,12624.2001953125,12644.2001953125,12487.0,12634.75,23144700,0.0008125923950301761,0.052349909952769114,-0.028727977249309644,-0.012511107504337371,0.11109682702623014,0.11267061691990411
2023-05-30,12604.7001953125,12604.7001953125,12657.150390625,12561.599609375,12632.25,23023700,0.00114376868290611,0.05899602565112372,-0.025647535330817206,-0.012364398341432326,0.11102728179733917,0.1113269357779477
2023-05-31,12678.400390625,12678.400390625,12748.7998046875,12602.5,12616.7001953125,30324600,0.007277511945759763,0.07927921037689645,-0.01729708601107527,0.008171097638000724,0.11288415479046954,0.10779939496563902
2023-06-01,12812.7998046875,12812.7998046875,12827.650390625,12690.599609375,12708.7001953125,23279600,0.012497335697212453,0.08909782144028155,-0.00020817207696466333,0.02968257144366726,0.11733221946285272,0.10946217390954341
2023-06-02,12900.599609375,12900.599609375,12925.349609375,12776.349609375,12823.4501953125,24471400,0.023179084420588802,0.0968871991434952,-0.0025611120139121812,0.02690647004254343,0.11815789614423199,0.1099571272544993
2023-06-05,12934.5,12934.5,12985.400390625,12888.75,12958.5,17723000,0.02143238219685739,0.09783736054094949,0.003394603145588704,0.041029349890335576,0.11770139168304028,0.10997874983572227
2023-06-06,13012.900390625,13012.900390625,13028.400390625,12891.650390625,12945.599609375,14349100,0.023292221312387396,0.10205031886589433,0.0050587981674175,0.05193862160791918,0.118524158033758,0.11035597848589493
2023-06-07,13045.650390625,13045.650390625,13085.7001953125,13019.0498046875,13047.2001953125,17226100,0.025851425261013805,0.1102539079868825,0.003394502283676326,0.05550691689653542,0.11853840021164998,0.10952735158754079
2023-06-08,12911.349609375,12911.349609375,13087.599609375,12888.599609375,13068.349609375,18916800,0.02821521059470844,0.10349639143291878,0.009766788380684233,0.044089060107533884,0.11518637472256982,0.11164662306165286
2023-06-09,12861.0498046875,12861.0498046875,12949.5498046875,12849.849609375,12917.7998046875,14514000,0.029979866859903614,0.10074500401818232,0.016406166968529146,0.03467330004062896,0.11395665593791712,0.11205423476879763
2023-06-12,12856.0498046875,12856.0498046875,12900.599609375,12796.0498046875,12850.4501953125,14580100,0.029521710086213515,0.10853343545796013,0.01850741327269212,0.024169797603841525,0.11404114657255585,0.11054640746145361
2023-06-13,12993.75,12993.75,13021.599609375,12879.75,12898.2001953125,23721200,0.04329760327592447,0.12034883588753775,0.019802107110720613,0.02219592344141308,0.11742421918110764,0.11199005697953276
2023-06-14,12976.7998046875,12976.7998046875,13036.5,12942.0,13031.7998046875,22054900,0.04663851894851301,0.1154250780544046,0.015060129045175952,0.010326433572365401,0.11556666876284814,0.11215126840140889
2023-06-15,13160.599609375,13160.599609375,13191.7998046875,12999.7001953125,13004.2998046875,25143700,0.07509384417025355,0.12069958703661365,0.04430774632240286,0.020467623540881386,0.10826261616239434,0.11390644738819722
2023-06-16,13241.9501953125,13241.9501953125,13278.5,13203.400390625,13219.900390625,23166200,0.0921871617058787,0.1341024012455947,0.057984782149603786,0.03316999813001553,0.09653583297719001,0.11311011253278234
2023-06-19,13264.650390625,13264.650390625,13347.5498046875,13254.849609375,13272.900390625,14774200,0.08334151508754029,0.13729824430080373,0.05925943657457022,0.033283223021923325,0.09476210362273699,0.11291708568979866
2023-06-20,13238.849609375,13238.849609375,13316.400390625,13206.0,13302.5498046875,10269000,0.07508806088880027,0.1379692368647254,0.049543084937742954,0.03805988606829103,0.0968105802319354,0.11281907774490386
2023-06-21,13247.7001953125,13247.7001953125,13307.7998046875,13178.25,13252.849609375,17738900,0.0648891308052637,0.12701302246699364,0.033637465184477744,0.027610088685853906,0.09409220554651929,0.11155493940465419
2023-06-22,13166.849609375,13166.849609375,13258.900390625,13151.2998046875,13224.150390625,23930400,0.05711128492433071,0.11764856066892193,0.032544071633765936,0.01842975803977631,0.09953209325351084,0.11278547464088
2023-06-23,13186.2998046875,13186.2998046875,13230.349609375,13077.4501953125,13168.900390625,22993300,0.04640302256969098,0.12172757449691707,0.037421604620770266,0.020196499673954094,0.09388482040720403,0.1124774690242703
2023-06-26,13388.599609375,13388.599609375,13406.0,13176.2001953125,13193.7001953125,27132200,0.060550324158066715,0.12672568297532139,0.055574219646115086,0.026317688106476167,0.1044919029512513,0.1143278790729393
2023-06-27,13426.900390625,13426.900390625,13449.650390625,13359.599609375,13421.650390625,23668400,0.06522965104860368,0.13085774431108277,0.05537925592908666,0.020797912090170234,0.10314540771056031,0.11419202735645138
2023-06-28,13622.75,13622.75,13651.650390625,13407.25,13409.2001953125,29452000,0.07448491767725662,0.140694996859954,0.0508694130196905,0.0299618022522794,0.11042995988197472,0.11676402553135556
2023-06-30,13767.5,13767.5,13805.0498046875,13634.7001953125,13640.7998046875,38003400,0.07451144245329022,0.14566388787285378,0.03657817414048847,0.04028790139551397,0.11045060687613516,0.11774032525468525
2023-07-03,13614.0,13614.0,13811.7001953125,13597.400390625,13796.5498046875,19856800,0.055299785453891914,0.12811204717169167,0.012759214911356231,0.017496207259668495,0.12145734474875523,0.12085257852200974
2023-07-04,13675.4501953125,13675.4501953125,13713.9501953125,13578.349609375,13683.150390625,17808800,0.05728479611214188,0.12260868700825567,0.01452063444956253,0.018266036208018477,0.12162668152099365,0.11998870478144402
2023-07-05,13772.0,13772.0,13788.650390625,13682.849609375,13726.25,16922000,0.05833439022724596,0.12201464340571766,0.015348208174447375,0.019773934653463998,0.12202951271122264,0.11988735645478095
2023-07-06,13871.599609375,13871.599609375,13904.650390625,13759.75,13769.400390625,21699500,0.06331223005512654,0.12788694862282757,0.022145728509483265,0.021597536316269483,0.12299859662995388,0.12037616089966963
2023-07-07,13769.0,13769.0,13917.5498046875,13730.349609375,13800.400390625,33461800,0.06642608376139503,0.11943089430894305,0.029009029377579765,0.02861311506761366,0.11914543952050034,0.12186339785815885
2023-07-10,13751.7998046875,13751.7998046875,13821.0,13705.349609375,13811.150390625,20959700,0.06925950941231451,0.09365204872545241,0.026567977509558638,0.00699893257315809,0.11740218050408155,0.1145281128659626
2023-07-11,13895.400390625,13895.400390625,13915.5,13780.4501953125,13795.5498046875,16313100,0.08084525198078629,0.11351160404038252,0.035800476525849945,0.023125672324822766,0.11907277973684058,0.11435895645416866
2023-07-12,13936.7001953125,13936.7001953125,13970.2998046875,13873.75,13918.2001953125,22345500,0.07256951960076963,0.12360126368306323,0.0368703840050395,0.02886667176633617,0.11637459092010162,0.11320446521998591
2023-07-13,13876.5498046875,13876.5498046875,13980.0498046875,13841.4501953125,13979.400390625,16425200,0.06933527630402314,0.10067145233830166,0.034261001239957345,0.0013744718150832114,0.11850375090689502,0.10987778991389892
2023-07-14,13945.650390625,13945.650390625,13961.2001953125,13852.900390625,13931.75,17781600,0.05965159677760923,0.10457974118343571,0.012755421728041894,-0.0058565837544855,0.11180708257975382,0.11009346191547384
2023-07-17,14053.7001953125,14053.7001953125,14076.900390625,13973.9501953125,13979.400390625,18237700,0.0613013935279223,0.12562425224264628,0.014268076904635274,0.007209204254666091,0.11254363869176731,0.10747522129304483
2023-07-18,14017.150390625,14017.150390625,14076.4501953125,13926.7998046875,14063.599609375,14829400,0.056729727345987246,0.11728277628878314,0.0037424184493020096,-0.0033023970705090555,0.11421643465314923,0.10771007289647799
2023-07-19,14092.599609375,14092.599609375,14150.7998046875,14000.599609375,14026.349609375,19633300,0.06448823162062522,0.13154038961350567,0.010469662260588208,0.013764205004373364,0.11316573506342453,0.10622865420492321
2023-07-20,14299.0498046875,14299.0498046875,14329.7001953125,14111.400390625,14137.849609375,24869800,0.07936091501731024,0.14790956224729634,0.019844038948466203,0.0235430081932424,0.11969999085397828,0.10918052126118565
2023-07-21,14274.0,14274.0,14363.900390625,14229.849609375,14295.599609375,16113300,0.08408620311396975,0.14578361816619445,0.03221166092844663,0.03736081575805361,0.11583051310595217,0.10940583035638346
2023-07-24,14332.0498046875,14332.0498046875,14405.150390625,14236.2001953125,14261.25,21208100,0.08688942440036929,0.14479188231592133,0.032947681110610194,0.046701240565455215,0.11543534504014637,0.10933039719008142
2023-07-25,14383.25,14383.25,14425.349609375,14345.9501953125,14406.7998046875,14983100,0.0742908459170386,0.1402653234943796,0.02135682177842213,0.05083274063387577,0.10778585269245496,0.10881434061639005
2023-07-26,14478.349609375,14478.349609375,14505.4501953125,14378.4501953125,14423.2998046875,14203500,0.07830915461949428,0.1499606708320449,0.02724469456242229,0.06010604196684555,0.10826576654735552,0.10884705276554006
2023-07-27,14919.9501953125,14919.9501953125,15105.650390625,14601.0498046875,14658.7001953125,63187000,0.09522307869648206,0.18536486055463453,0.05896980175763833,0.09857305105079384,0.138548878883924,0.1226141955002935
2023-07-28,14962.5498046875,14962.5498046875,15046.7001953125,14883.4501953125,14908.9501953125,33385000,0.08680223749319049,0.182375596545304,0.06298657275762443,0.10622171994144192,0.1367974559812357,0.12249975420350981
2023-07-31,14992.150390625,14992.150390625,15017.349609375,14918.25,14935.599609375,27774300,0.10123037980204197,0.18906525081423142,0.07891189789547748,0.09582263742942865,0.12460600594155992,0.12177296512827668
2023-08-01,15001.2998046875,15001.2998046875,15110.9501953125,14961.7998046875,15016.849609375,18639200,0.09695107586508978,0.18464675059346747,0.07918065030162591,0.10420882987316249,0.12550094782418278,0.12182304174618203
2023-08-02,14943.400390625,14943.400390625,15012.2001953125,14831.900390625,14997.900390625,21450000,0.08505666501778975,0.17510047112168947,0.07845559889154297,0.10608672607054292,0.12865299789728074,0.12255224488862328
2023-08-03,15099.2001953125,15099.2001953125,15253.2001953125,14922.349609375,14925.849609375,40804200,0.08849740624778679,0.18733336988656069,0.09442901657285385,0.12909995570932842,0.13015485488135237,0.12342202947464183
2023-08-04,15241.0,15241.0,15302.25,15079.25,15098.5498046875,33968000,0.10690681966736881,0.2137405072894265,0.09732679032371738,0.14706290986908432,0.12367446833707213,0.1197937475680044
2023-08-07,15479.25,15479.25,15498.099609375,15214.849609375,15276.0498046875,30636400,0.12561629894609672,0.2396589777826892,0.11314462954538396,0.16963364606775322,0.126576013729553,0.12094986498413547
2023-08-08,15578.5,15578.5,15640.25,15478.349609375,15555.2998046875,41615200,0.12112638441930468,0.2475374787930773,0.1143643847635234,0.18383784403967307,0.1254937455715352,0.12085817327299696
2023-08-09,15696.849609375,15696.849609375,15733.150390625,15594.9501953125,15631.5498046875,47958700,0.12629599470429254,0.26033559029868725,0.11348923923751153,0.18672660108533323,0.12521937664108132,0.12038610709203196
2023-08-10,15580.7001953125,15580.7001953125,15750.5,15513.650390625,15711.400390625,34017700,0.12280793241914778,0.25665504762677394,0.11614514911478868,0.18178053833173902,0.12902043539913824,0.12139836320258458
2023-08-11,15355.5,15355.5,15598.599609375,15340.4501953125,15591.4501953125,39776500,0.10109600985858469,0.2543960012579036,0.10805755851814669,0.1827823664465471,0.1479103208680529,0.12249818531249416
2023-08-14,15305.400390625,15305.400390625,15365.400390625,15207.0,15349.7998046875,26959000,0.08906552565636727,0.26237914845248156,0.10311311974379778,0.19474615877990042,0.15017415650168398,0.12020493268668221
2023-08-16,15398.7998046875,15398.7998046875,15416.0,15192.25,15289.5,20634700,0.098568494705356,0.2576403161541485,0.11296144633643057,0.19481545785499366,0.1480542124763979,0.11965411117384009
2023-08-17,15358.4501953125,15358.4501953125,15445.349609375,15324.7001953125,15406.2998046875,17135000,0.08982378134800628,0.2472145938604131,0.1134156152931658,0.19177258383207207,0.15027726155185653,0.12030984005860423
2023-08-18,15271.5,15271.5,15450.599609375,15229.5,15363.5498046875,18409100,0.06800802910650128,0.2275681153206357,0.10149293646842394,0.17152613767133063,0.14913499944769665,0.12103380139669517
2023-08-21,15333.349609375,15333.349609375,15375.25,15241.0498046875,15262.5498046875,13238800,0.07421532922621554,0.23105050856047527,0.09201225961998616,0.1725143797757469,0.14794982630889894,0.12095225662330217
2023-08-22,15302.599609375,15302.599609375,15378.2001953125,15262.25,15334.5498046875,15543600,0.06771884119256044,0.21434266789016454,0.0817436219687987,0.1658490922608693,0.14925047623288187,0.12023865754670744
2023-08-23,15282.5,15282.5,15359.25,15266.2001953125,15344.599609375,15124700,0.06252064032815952,0.21057174027345948,0.07454261191800349,0.16511953854805284,0.15012758975674265,0.12056634537867639
2023-08-24,15193.150390625,15193.150390625,15374.900390625,15171.650390625,15326.9501953125,13896700,0.04937032193138591,0.20535595097098036,0.06916987735483471,0.1649536924384103,0.1526995563225156,0.1216101906121991
2023-08-25,15025.2001953125,15025.2001953125,15182.7001953125,15000.0498046875,15173.2001953125,13728700,0.007054313092349718,0.18510219999226663,0.02710017301760803,0.14564042215158968,0.12037737367751446,0.1249071792136002
2023-08-28,15161.7998046875,15161.7998046875,15196.349609375,15024.099609375,15052.7998046875,14700500,0.01331658056954832,0.18333229550192698,0.03062285773363327,0.1390705123617395,0.12404019116926529,0.12454996519347859
2023-08-29,15121.099609375,15121.099609375,15256.5498046875,15100.2001953125,15208.650390625,14336500,0.008601115609848442,0.17212378240049708,0.029414851415833554,0.1284987453989146,0.12448857177409002,0.12476378189314549
2023-08-30,15125.5,15125.5,15239.400390625,15102.599609375,15178.900390625,14328200,0.008279295589685542,0.16939193629440652,0.027845037547633456,0.1288624265260241,0.12448754183101798,0.12485719632903254
2023-08-31,15095.900390625,15095.900390625,15184.900390625,15034.25,15162.2001953125,23282400,0.010205173923846234,0.16007192381958713,0.024173334663320167,0.12486568793324926,0.12379989683431124,0.12499379308108281
2023-09-01,15011.7998046875,15011.7998046875,15151.2001953125,14991.599609375,15125.0,16528900,-0.005788411935364168,0.15071302351283578,-0.008556514214773214,0.11285735580106904,0.11983134860454925,0.12608067507540174
2023-09-04,15052.599609375,15052.599609375,15093.849609375,15007.0,15063.2998046875,15072000,-0.012361419239223181,0.16584246146082404,-0.012966060385403377,0.11785364700011858,0.11497023386156544,0.12327700640037245
2023-09-05,15218.25,15218.25,15267.150390625,15052.599609375,15099.349609375,22553400,-0.016861282038858505,0.1832820983597594,-0.015718247552883202,0.1287931589028033,0.10736210349590763,0.12370812624210317
2023-09-06,15355.2998046875,15355.2998046875,15426.0,15218.25,15279.7001953125,22681800,-0.014327450994158664,0.19440263828853066,-0.01638158623495789,0.14013009138371113,0.11002064314990587,0.12416119605004501
2023-09-07,15306.150390625,15306.150390625,15405.400390625,15283.599609375,15372.75,17970300,-0.024890295089318615,0.17796251202501212,-0.02970372972921531,0.12395031563171077,0.10582042617189769,0.12374151495111918
2023-09-08,15250.5498046875,15250.5498046875,15345.4501953125,15206.0,15327.2998046875,13862400,-0.021189701777608594,0.17521654292444833,-0.03535580720144793,0.11848512475926887,0.10372617444442668,0.1241583069110806
2023-09-11,15309.9501953125,15309.9501953125,15351.9501953125,15248.150390625,15265.349609375,20835700,-0.002966351124190081,0.16331707138984775,-0.03220456575350117,0.09331262859761713,0.09190468844572221,0.12190784796533992
2023-09-12,15328.650390625,15328.650390625,15536.099609375,15275.5498046875,15358.0,30491600,0.0015190716614144062,0.1575825436989764,-0.027226045413222044,0.09558322261377517,0.09126287901689598,0.1216979218446386
2023-09-13,15448.9501953125,15448.9501953125,15466.349609375,15321.599609375,15368.0,32836500,0.003256772687552756,0.16467074068015308,-0.02782465551691682,0.09458173529734237,0.09296802877839279,0.12218444107014045
2023-09-14,15489.2998046875,15489.2998046875,15530.099609375,15413.099609375,15484.349609375,19297000,0.008519714405489598,0.1699883495707104,-0.02958201985433151,0.10162352236748018,0.09274303972254452,0.12182595794999855
2023-09-15,15583.5498046875,15583.5498046875,15601.0498046875,15513.849609375,15525.5498046875,26630100,0.020433474425400222,0.1763211406460954,-0.025252302272553706,0.10549806957827323,0.09185993566602929,0.12195946366398133
2023-09-18,15503.4501953125,15503.4501953125,15667.4501953125,15482.0,15593.7998046875,15133300,0.011093504698640455,0.17746086993154409,-0.02704800522081885,0.10490039680109198,0.0936184356472744,0.1216758687952453
2023-09-20,15460.2001953125,15460.2001953125,15514.25,15426.099609375,15498.75,17776600,0.01029894200727477,0.17244415979505234,-0.015734233765272165,0.10623107197929604,0.09394447807743551,0.1221763125350475
2023-09-21,15306.7001953125,15306.7001953125,15525.4501953125,15282.0,15432.849609375,19728200,0.001583523331424752,0.14326372002299648,-0.013760521586030583,0.08702600202946376,0.1009514291882782,0.12201590415513926
2023-09-22,15069.099609375,15069.099609375,15312.650390625,14980.4501953125,15279.349609375,26497200,-0.00816491498211891,0.12230665090035409,-0.02299728938507528,0.07677168902528608,0.11374695552450387,0.12738400468719513
2023-09-25,15017.400390625,15017.400390625,15130.349609375,14986.0498046875,15049.400390625,14354800,-0.000519114859443448,0.10237656791947303,-0.021735466291760153,0.06535108384875454,0.10724075661948262,0.12511179607799683
2023-09-26,14981.650390625,14981.650390625,15078.599609375,14964.400390625,15032.900390625,12500800,-0.01188179611808382,0.08818960527510433,-0.0304587926029537,0.06340211354754244,0.10195586961326394,0.12396721274932795
2023-09-27,15159.7998046875,15159.7998046875,15185.5,15001.349609375,15038.400390625,22311300,0.0025593505969967456,0.11354486592386515,-0.0167657584535279,0.0931594394882298,0.11064779034741165,0.12293438205242893
2023-09-28,15023.150390625,15023.150390625,15217.650390625,14983.349609375,15195.7001953125,25060500,-0.006766692629995741,0.09854887232702936,-0.015868748436367208,0.09160933025420448,0.11533868051578017,0.12478359156675528
2023-09-29,15422.75,15422.75,15513.650390625,15108.5498046875,15112.099609375,34937100,0.02165154783201828,0.11986276503049664,0.0016814648147243094,0.10750094420672163,0.14872280954192105,0.13423682164120188
2023-10-03,15281.2998046875,15281.2998046875,15441.0498046875,15260.650390625,15425.650390625,17485900,0.01795254423229431,0.10162491962064468,0.013144323366468758,0.10001191589757319,0.15140944483240656,0.13566794919243735
2023-10-04,15067.150390625,15067.150390625,15260.7001953125,14985.0,15243.4501953125,18063700,0.000966662345880609,0.0942806587715157,0.005713557606546349,0.08888546412280207,0.16024401323688886,0.13823926302673156
2023-10-05,15021.400390625,15021.400390625,15132.75,14988.75,15097.2001953125,12487200,-0.012935101563911755,0.09232250352457427,-0.011445929714078984,0.08251414506314347,0.15524262954409526,0.1384401160541253
2023-10-06,15128.4501953125,15128.4501953125,15161.650390625,15082.0498046875,15086.7998046875,13415800,-0.014773375463874028,0.08873798307527858,-0.01693793152073686,0.07772428897603811,0.15384587742490413,0.13769780205366183
2023-10-09,15103.849609375,15103.849609375,15186.599609375,14993.0498046875,15002.7001953125,13029300,-0.013216960247163678,0.0837464677940809,-0.002333368256866364,0.07714066707059763,0.15361272815394023,0.13779875545931183
2023-10-10,15106.7001953125,15106.7001953125,15142.0498046875,15055.2998046875,15114.25,11768900,-0.009432421205613606,0.08864958566353831,-0.002868347406074112,0.07442772696158739,0.15323029427290874,0.13731571429599215
2023-10-11,15176.599609375,15176.599609375,15257.849609375,15136.4501953125,15136.75,14391400,-0.00871006007441677,0.0882676092021859,0.0005416285394522768,0.07565038875826957,0.15352704133114545,0.1372788236225235
2023-10-12,15186.2001953125,15186.2001953125,15269.650390625,15137.0498046875,15243.7998046875,15167900,-0.009293068318631748,0.0805837597402097,0.0006702805466757278,0.07639579870630064,0.15345695704898205,0.13665472391448552
2023-10-13,15235.0498046875,15235.0498046875,15244.9501953125,15093.7998046875,15106.4501953125,13321800,-0.013845626267207534,0.08688637705400226,0.0020462132320451243,0.08679519479391651,0.15101058362539652,0.13646620054123493
2023-10-16,15164.75,15164.75,15249.9501953125,15147.150390625,15230.0,12828800,-0.020953161781353202,0.07607896487116261,-0.0024809054332911584,0.0811916367678539,0.15109337942730908,0.13675794144902664
2023-10-17,15211.9501953125,15211.9501953125,15293.2001953125,15162.5,15222.599609375,12514700,-0.023845632993275023,0.06384343037435491,-0.004984548634960562,0.07223469763783519,0.1496004454505995,0.13398010672687002
2023-10-18,15331.2998046875,15331.2998046875,15394.150390625,15212.650390625,15231.900390625,33577200,-0.011104005137969275,0.07407172514274207,0.011853043827665055,0.07781446460209884,0.15212407825636218,0.1345644080619313
2023-10-19,15273.400390625,15273.400390625,15310.849609375,15191.9501953125,15296.2998046875,16492400,-0.012082625213620246,0.06568150395553451,0.0018209778717860337,0.06810370524674636,0.15235745449751484,0.13481015582634895
2023-10-20,15107.150390625,15107.150390625,15243.4501953125,15070.0498046875,15239.150390625,20329700,-0.013036761819416154,0.050329403342429524,-0.002921490704210661,0.05733880455418361,0.15318205018784106,0.136921576908085
2023-10-23,14911.650390625,14911.650390625,15218.0,14882.0498046875,15060.7001953125,33988600,-0.010448482180849483,0.029927498156932852,0.009501452378282371,0.05503333443386593,0.1500329398948341,0.13927101722148102
2023-10-25,14800.150390625,14800.150390625,14990.599609375,14754.7998046875,14969.349609375,19617600,-0.01446655175656264,-0.008029504329386983,0.01361034802970551,0.01932312662577451,0.1517653246656068,0.1258519950641308
2023-10-26,14648.5498046875,14648.5498046875,14761.2001953125,14544.25,14751.5,20038600,-0.022233904626818846,-0.020985727974093704,0.0188269430255118,0.019164874812845234,0.15546355644569762,0.1273946147027288
2023-10-27,14738.5,14738.5,14818.9501953125,14667.9501953125,14706.5,12512400,-0.027790591572141476,-0.016918879814840637,0.006150571531081117,0.018848959958082778,0.15040317741338086,0.12800025956891592
2023-10-30,14775.599609375,14775.599609375,14827.650390625,14687.400390625,14786.650390625,15361900,-0.016477954011861695,-0.015045375950820894,0.003121472081904497,0.014987252094412207,0.14819312540479967,0.12811650691042498
2023-10-31,14683.650390625,14683.650390625,14871.25,14629.2001953125,14826.75,16552400,-0.04792268625083074,-0.017382255257174184,-0.019473118332590578,0.005507151934196042,0.10918664825927914,0.12849466960882333
2023-11-01,14735.25,14735.25,14785.9501953125,14642.599609375,14727.150390625,16363500,-0.035733204090400816,-0.02410393865931304,-0.008102167317693865,-0.003852825256201897,0.10807521694545588,0.12682058220552098
2023-11-02,14834.4501953125,14834.4501953125,14894.900390625,14803.849609375,14820.9501953125,17642700,-0.015444207383586539,-0.026674746059149657,0.00013760251971939308,-0.007012400411765318,0.10174988629794074,0.12606703090011323
2023-11-03,14882.349609375,14882.349609375,14960.0498046875,14864.849609375,14921.650390625,13891100,-0.009256845409485459,-0.038561325039972894,0.006866884333553314,-0.019849504674086194,0.10233045016409795,0.12186711854369225
2023-11-06,15072.2998046875,15072.2998046875,15088.7998046875,14929.849609375,14934.4501953125,16585100,-0.003711575865345318,-0.032493513195269164,0.0085890321688471,-0.02436409558946495,0.10947269022082197,0.1240828299207009
2023-11-07,15271.75,15271.75,15295.7998046875,15045.400390625,15078.7998046875,20119500,0.011116397141612389,-0.027081842532345357,0.016530936791631756,-0.015577908834860765,0.11903530811169777,0.12615096299449563
2023-11-08,15497.25,15497.25,15561.849609375,15314.400390625,15335.849609375,27393700,0.025852754052051896,-0.005355997757893194,0.03836425689551215,-0.0002595897486323828,0.12910295852008652,0.12902614970868895
2023-11-09,15491.849609375,15491.849609375,15574.9501953125,15444.599609375,15558.650390625,22245900,0.020772110229834384,0.00887952911823131,0.041772639538959266,0.010578082191480376,0.1286011892705017,0.1254566981342072
2023-11-10,15516.5,15516.5,15529.099609375,15386.2998046875,15491.7001953125,19746900,0.021749996736474708,0.013792491799450302,0.040374347076224115,0.014265935820800046,0.12860704047841953,0.12528675402505154
2023-11-13,15497.150390625,15497.150390625,15607.849609375,15430.400390625,15533.900390625,22648300,0.017203789242412393,0.006386899445732119,0.03277258117179749,0.0074888372186578955,0.1285989876896684,0.12472290655112114
2023-11-15,15516.25,15516.25,15600.75,15472.5498046875,15596.099609375,20101000,0.02317875335894093,0.010274461464585993,0.026032062429347747,-0.00574388163710382,0.12696008497554784,0.12461270908054013
2023-11-16,15651.099609375,15651.099609375,15715.25,15518.599609375,15535.4501953125,20645700,0.028868712323145918,0.024856733744229365,0.031205778231835346,0.0012914678648956457,0.12959545295388633,0.1251998438320896
2023-11-17,15804.5,15804.5,15821.25,15658.7001953125,15671.7001953125,15952200,0.030864975660303884,0.03072716677228393,0.027779170947786813,0.013288363317173424,0.1310381420587408,0.12644864871047493
2023-11-20,15806.75,15806.75,15950.7998046875,15782.9501953125,15809.4501953125,20352900,0.03492016157072508,0.03294540819823433,0.031388857448428675,0.01760493129474172,0.12966445923078382,0.12634295765737993
2023-11-21,15968.900390625,15968.900390625,15997.599609375,15814.650390625,15849.9501953125,13957900,0.05704252474608151,0.044914143014886276,0.04472331546853692,0.027458866805001536,0.12387954298154012,0.12781804180606965
2023-11-22,16069.7998046875,16069.7998046875,16175.25,15987.099609375,16008.900390625,22039000,0.07766742001882188,0.0577003051719569,0.05017512241227684,0.03577030121265401,0.1093282220558474,0.12756738849385565
2023-11-23,15817.4501953125,15817.4501953125,16094.5498046875,15792.0,16092.4501953125,19340900,0.06873577482914617,0.0527280828009975,0.03318278546931408,0.024896422708682753,0.12372539230063544,0.1298143509585582
2023-11-24,15954.5,15954.5,16046.75,15880.900390625,15884.7001953125,28670700,0.08915218316659579,0.05228272405149581,0.03943924948061284,0.02697208734817913,0.11394395653515896,0.12970312207818177
2023-11-28,15900.2998046875,15900.2998046875,16006.5,15884.349609375,15980.7998046875,16707400,0.0788275472190183,0.05153065685973002,0.03459810628922533,0.02324865738823334,0.11686931209521251,0.12979464910190092
2023-11-29,15990.099609375,15990.099609375,16016.599609375,15903.75,15952.5,20373300,0.08219632584178904,0.057161720893524226,0.032266636054672615,0.018440834116419502,0.11694048838020293,0.13015959888735093
2023-11-30,16238.900390625,16238.900390625,16279.099609375,15971.75,15973.2001953125,32805600,0.10591712269266318,0.0757159209072309,0.05069841775022166,0.030044439241577514,0.11720332250923363,0.1333570105369142
2023-12-01,16257.0498046875,16257.0498046875,16385.349609375,16222.849609375,16298.9501953125,15665900,0.10327614425866538,0.08295141263549,0.03593505876011016,0.04011185904451908,0.11792122708401111,0.13260186786917944
2023-12-04,16228.400390625,16228.400390625,16389.099609375,16183.0498046875,16372.0498046875,17996000,0.0939670953058287,0.07811280521390418,0.012770707799785619,0.018815769365608803,0.12002722070729258,0.13271946936638648
2023-12-05,16229.650390625,16229.650390625,16304.7998046875,16174.150390625,16248.2001953125,15021000,0.09053011228826935,0.06645970401491641,0.006055367194619299,0.0010596665586275478,0.12098362109060688,0.1311900204398467
2023-12-06,16169.5498046875,16169.5498046875,16356.650390625,16106.9501953125,16297.400390625,17480100,0.07279910924136179,0.05302729418226226,-0.005810455519672075,-0.01462070960386841,0.11996766093951339,0.1305028225205652
2023-12-07,16294.2001953125,16294.2001953125,16305.900390625,16137.5,16163.2998046875,19038800,0.06695042777104776,0.06455246939770554,-0.010056545698769348,0.005035229725420143,0.11563718204774212,0.1309597713232171
2023-12-08,16163.150390625,16163.150390625,16365.599609375,16079.2998046875,16311.0498046875,18025500,0.042968939045637145,0.05984050395724072,-0.035509750008545504,0.0018458461915387137,0.11401067402742102,0.13194894839285934
2023-12-11,16039.900390625,16039.900390625,16089.9501953125,15909.5498046875,16077.900390625,17800600,0.03537671711700208,0.04767815610112125,-0.04721023764028143,-0.0023684783871462667,0.11893791291269429,0.1329746620239386
2023-12-12,15963.5,15963.5,16167.9501953125,15914.2998046875,16109.7998046875,17426500,0.028808043050945864,0.041415884190513896,-0.04743515519425956,-0.004259705888065568,0.12116785729983685,0.13345583411614964
2023-12-13,16142.400390625,16142.400390625,16168.5498046875,15938.75,15986.849609375,20396200,0.04163668698668266,0.044886557762540136,-0.03462504343525796,0.002218415790691708,0.12545772951787615,0.13438716722497815
2023-12-14,16155.7001953125,16155.7001953125,16210.7001953125,16089.75,16202.2998046875,20964200,0.041211645553049125,0.043023274068420436,-0.03539397514930531,-0.010679867753129013,0.1255009480312124,0.13433048238413653
2023-12-15,16179.7998046875,16179.7998046875,16258.2998046875,16150.5,16250.900390625,23257200,0.033780386586755196,0.03826150058702593,-0.0517968521324188,-0.024351360506811526,0.12303028052293637,0.13387656657567726
2023-12-18,16332.150390625,16332.150390625,16438.75,16161.599609375,16196.400390625,31498800,0.03338608564807499,0.05345263053530225,-0.05210279740298018,-0.010389340701328686,0.12270449226420717,0.13450650944392023
2023-12-19,16391.25,16391.25,16433.80078125,16228.2998046875,16407.80078125,19402800,0.03697787337688019,0.06022236406549197,-0.05234372758661121,-0.017746984236296948,0.12276014636761287,0.13440231826050492
2023-12-20,16121.25,16121.25,16467.80078125,16086.0,16461.75,23821300,0.009540394494816917,0.05321524523861432,-0.05954530225161703,-0.018093429215285672,0.13476647770254474,0.1373648053179431
2023-12-21,16238.150390625,16238.150390625,16278.2001953125,15868.150390625,16048.400390625,19771000,0.010476209285967153,0.07757933861706601,-0.06236914338580335,-0.0027693802032193737,0.13533646080025286,0.13356889827783763
2023-12-22,16394.349609375,16394.349609375,16500.900390625,16281.4501953125,16312.5,29445900,0.036472339532541254,0.09169025150382204,-0.04167130205037961,0.006562533570300344,0.12421662130416847,0.1342803201744864
2023-12-26,16562.599609375,16562.599609375,16580.650390625,16385.69921875,16418.599609375,24416100,0.038114614019555626,0.10552570494765412,-0.04507181748051248,0.015178511183765231,0.12549281162669967,0.1352169878836935
2023-12-27,16655.94921875,16655.94921875,16690.900390625,16530.44921875,16609.0,20504800,0.04752422428159053,0.09869189787056953,-0.04121773012594954,0.0003830817270060738,0.12454780224603443,0.13381905261752597
2023-12-28,16860.849609375,16860.849609375,16894.099609375,16617.349609375,16698.099609375,28726200,0.05445557071386098,0.12232449060063932,-0.029245136971547847,0.006815356900134573,0.1289934593982801,0.13371033986462436
2023-12-29,16831.80078125,16831.80078125,16909.099609375,16769.5,16878.94921875,15391600,0.03651111690834008,0.09136183762623395,-0.042872882564699344,-0.015220683575061678,0.12053502309393266,0.12390187294571489
2024-01-02,17274.30078125,17274.30078125,17301.400390625,16878.5,16903.94921875,52400800,0.062572913830232,0.13042090673145168,-0.0063982358045671095,0.020989899562534164,0.1478291462548251,0.13167978824641785
2024-01-03,17379.80078125,17379.80078125,17423.44921875,17241.05078125,17311.849609375,45015500,0.07094971549322593,0.15348956708256956,0.03080098312481705,0.04640789731194794,0.14707442095957565,0.12753648912452964
2024-01-04,17413.19921875,17413.19921875,17529.849609375,17326.75,17426.5,23777900,0.07292509694532123,0.1592260885088812,0.03439735001292088,0.05112844020298346,0.1466625479320526,0.127040130658287
2024-01-05,17358.599609375,17358.599609375,17484.599609375,17241.099609375,17483.5,25736100,0.07353635809593162,0.1474142681682955,0.03661245569276428,0.042735672434711214,0.146303680605651,0.12717669468254492
2024-01-08,17195.94921875,17195.94921875,17438.44921875,17162.0,17435.80078125,18527100,0.05534171745949923,0.1385143300206344,0.02606822782184559,0.035981809300333456,0.15235823382765418,0.1291869700699335
2024-01-09,17346.30078125,17346.30078125,17414.80078125,17240.349609375,17319.25,13718800,0.0732004814674776,0.14825213693142802,0.045758150831868516,0.05404115834087686,0.1482150881465294,0.12980889904279386
2024-01-10,17401.900390625,17401.900390625,17476.0,17271.650390625,17401.05078125,18500900,0.08491324552090496,0.14662709951677,0.055309175390311216,0.05539910924801328,0.14223646050977973,0.1297335708087776
2024-01-11,17380.55078125,17380.55078125,17470.75,17331.150390625,17449.400390625,14500300,0.08876817623014999,0.1444963557516401,0.053334107510352835,0.05087206461543725,0.13984671637399734,0.12989039527394097
2024-01-12,17347.44921875,17347.44921875,17430.150390625,17271.400390625,17427.0,16536600,0.07465115465881111,0.13865392244484553,0.02838407081723915,0.03012805089805881,0.13898629393498868,0.1301516832516689
2024-01-15,17520.44921875,17520.44921875,17603.849609375,17334.150390625,17423.25,22313100,0.08447476784902674,0.15534045854695933,0.041290941720281804,0.0354474323962124,0.14032245597035709,0.13032523898004655
2024-01-16,17320.150390625,17320.150390625,17531.849609375,17235.69921875,17526.94921875,25982000,0.07047989466514437,0.13858842345948075,0.043651364575633345,0.026491874422305273,0.15066379339175412,0.13339107679958723
2024-01-17,17154.0,17154.0,17319.69921875,17130.44921875,17285.349609375,21665800,0.05032096752224113,0.11888751890137939,0.043163708529298184,0.022255930066910734,0.15570668881789215,0.1350185393103145
2024-01-18,17331.25,17331.25,17382.349609375,16818.69921875,17128.349609375,22609500,0.057347670250896154,0.13473421482737624,0.05692114024863004,0.0410996189149786,0.1581437620518972,0.13557733140826211
2024-01-19,17388.0,17388.0,17460.55078125,17308.099609375,17416.44921875,16428400,0.07857641311933006,0.15097814944573673,0.05624796668855048,0.044557067431308495,0.14057027713999656,0.13283474420489816
2024-01-23,17520.30078125,17520.30078125,17689.94921875,17347.349609375,17361.94921875,32186600,0.07895914003637028,0.17494042056304293,0.07972366420369592,0.07344284999761186,0.14069112107272322,0.12931780435322973
2024-01-24,17763.69921875,17763.69921875,17796.0,17431.599609375,17557.05078125,24343100,0.0835257050143634,0.2002377509624651,0.07862866686752579,0.0782954599287009,0.14375520822791793,0.1295154759763543
2024-01-25,17532.55078125,17532.55078125,17738.900390625,17438.900390625,17721.05078125,40101500,0.05856273741749907,0.19687962392288316,0.06270193581764061,0.06455122983705408,0.15387604036310196,0.13086810758804093
2024-01-29,17623.599609375,17623.599609375,17676.900390625,17432.44921875,17511.349609375,20436700,0.05809638213448043,0.1957525941836007,0.05427044974666706,0.05450650304839755,0.1537785706054171,0.13078619357415353
2024-01-30,17470.150390625,17470.150390625,17750.5,17452.69921875,17674.0,15607800,0.036137015356048074,0.18236490243958214,0.047919151965661766,0.05796118212576218,0.154785328750081,0.1329745757711545
2024-01-31,17938.650390625,17938.650390625,18003.150390625,17451.25,17463.30078125,29613800,0.06575942905693077,0.2216751225620439,0.0660217762491283,0.08298774633037476,0.17706954058959076,0.14018158881337361
2024-02-01,17839.19921875,17839.19921875,18053.099609375,17734.75,18004.599609375,30756600,0.032701667329606554,0.210647883052544,0.031240911836673657,0.06802439688214146,0.1575923648649882,0.14136106303786322
2024-02-02,17972.099609375,17972.099609375,18084.69921875,17884.69921875,17885.349609375,19858400,0.03407972482423349,0.21151100126743883,0.018443450934422678,0.06932131675226239,0.15816519396767956,0.1414444613897214
2024-02-05,18292.94921875,18292.94921875,18379.80078125,17979.55078125,18034.19921875,35021200,0.05052202004630546,0.22917077604644653,0.045300093817702836,0.09703243085744884,0.16808950743131512,0.14453136142962872
2024-02-06,18488.05078125,18488.05078125,18533.69921875,18286.900390625,18301.30078125,43955700,0.06506580008130425,0.22662440508914217,0.05499709687788368,0.09692716549843028,0.1690912893772304,0.14402647555718878
2024-02-07,18564.849609375,18564.849609375,18640.80078125,18440.650390625,18597.849609375,32258500,0.07960598006025665,0.21563341525201762,0.06019910979576548,0.08558549969450735,0.16244602009176937,0.14260037494240133
2024-02-08,18520.30078125,18520.30078125,18729.650390625,18493.55078125,18716.75,25845900,0.06768013623221636,0.1950701434932005,0.05964575156425944,0.07809278762877292,0.162808977482805,0.14105109044824193
2024-02-09,18617.099609375,18617.099609375,18666.19921875,18391.19921875,18569.150390625,38487200,0.06983140872388116,0.20173511096497698,0.06225459850081583,0.0786537911301346,0.1629535177298398,0.1409526735550327
2024-02-12,18669.55078125,18669.55078125,18850.30078125,18605.19921875,18685.650390625,34564600,0.07416335743459657,0.20320631464892203,0.07560227048682278,0.09043093526436108,0.1620685973760214,0.14092036668446878
2024-02-13,18753.94921875,18753.94921875,18780.05078125,18619.349609375,18705.150390625,23249700,0.08107820246447428,0.21015468947731186,0.08798863340967411,0.09187900801239812,0.16078457943079066,0.14065836008993343
2024-02-14,18584.349609375,18584.349609375,18715.69921875,18398.30078125,18714.44921875,25481700,0.060723351173349815,0.19773460787078068,0.07237168374567193,0.08771925124872126,0.16542676587507063,0.1428403914228373
2024-02-15,18567.69921875,18567.69921875,18694.25,18516.25,18627.69921875,24878300,0.07202875263717501,0.18635109878336964,0.07754568808830331,0.07779915566838946,0.157225051786153,0.14256861007988741
2024-02-16,18870.80078125,18870.80078125,18958.849609375,18621.0,18648.5,58210400,0.10008165916112866,0.19401441243000406,0.07835205117593236,0.07700033636584602,0.15536868269488077,0.14449827793007888
2024-02-20,18993.0,18993.0,19076.80078125,18802.19921875,19059.55078125,30848900,0.09588171655247035,0.20157527638508865,0.06164955455873722,0.07448330833644445,0.15415784181921463,0.14455248379175417
2024-02-21,18916.44921875,18916.44921875,19061.349609375,18830.099609375,19015.75,19920700,0.08790253155912131,0.1845805757455563,0.06789317169116749,0.06975449196971084,0.15713444303538573,0.14449276305443515
2024-02-22,18969.44921875,18969.44921875,19002.849609375,18755.650390625,18999.849609375,16427000,0.08271253191331396,0.18044091708078924,0.036634203500159446,0.05901865430343278,0.15669148024739796,0.14431111419806306
2024-02-23,19048.400390625,19048.400390625,19134.80078125,18957.75,18984.94921875,17348200,0.07232171385332675,0.2042649197827089,0.03695526489497469,0.08252473097602264,0.15235198448814655,0.13902878818222167
2024-02-26,18956.44921875,18956.44921875,19119.30078125,18797.25,19065.05078125,21964400,0.08121456228849322,0.18815689734871044,0.04517908248971647,0.0705824125444412,0.1429554392997739,0.1394796080323246
2024-02-27,19064.19921875,19064.19921875,19075.849609375,18897.44921875,18946.44921875,21569500,0.0817426428939445,0.19898363256834717,0.060546650315201456,0.08291096775657181,0.14302371221222887,0.13897412725711938
2024-02-28,18942.55078125,18942.55078125,19112.05078125,18874.55078125,19094.400390625,18650700,0.08428092247077235,0.1846424502661621,0.06434556351243415,0.09236063059031707,0.14048864152393492,0.14019258029596263
2024-02-29,19003.150390625,19003.150390625,19056.44921875,18761.25,18930.650390625,30622200,0.059341141993397795,0.17022396427752273,0.04750715865820965,0.07835307697285687,0.11279159914231086,0.13771008878373547
2024-03-01,18822.30078125,18822.30078125,19060.44921875,18796.900390625,19058.0,22106700,0.05510906349802425,0.15779314250626486,0.025552557809981558,0.05561928288275486,0.11755950068033401,0.13992921145826046
2024-03-04,18960.19921875,18960.19921875,19158.69921875,18933.69921875,18933.900390625,35839800,0.05497964238188202,0.16833444839721445,0.029730083568367593,0.08524770887184152,0.11749468828877385,0.13999847896529713
2024-03-05,19018.5,19018.5,19033.0,18833.849609375,18965.25,17565900,0.039662865324434415,0.17183670271702023,0.012811421317871385,0.09985425238145984,0.10331218680167006,0.1399030809280609
2024-03-06,19140.0,19140.0,19172.349609375,18811.30078125,19022.900390625,22859900,0.035263274991173654,0.18370642542264082,0.010426736785694724,0.11032913852742277,0.0996261592279319,0.13947234883309523
2024-03-07,19194.099609375,19194.099609375,19277.69921875,19123.099609375,19158.150390625,22676900,0.03389469956612179,0.17797126457895973,0.008220374710327327,0.1017840518722728,0.09931144472141727,0.1391029054251781
2024-03-11,19202.05078125,19202.05078125,19397.25,19173.80078125,19313.19921875,21482900,0.036810957232952024,0.18801411341118457,0.008507125886652478,0.12300271706198407,0.09827866108547095,0.13736348549885663
2024-03-12,18958.69921875,18958.69921875,19322.55078125,18910.650390625,19219.30078125,17064600,0.018348701814056012,0.18197113180521862,-0.007047796234836534,0.11821948827930373,0.11001429115483632,0.13941482175345862
2024-03-13,18635.69921875,18635.69921875,19022.19921875,18495.0,18961.19921875,25027500,-0.0018131964125241984,0.16739431946315042,-0.019468985685144102,0.11519504996985352,0.12701031004887695,0.14451556649963065
2024-03-14,18897.099609375,18897.099609375,18919.599609375,18517.599609375,18632.05078125,21832300,0.007633079782570773,0.17064991278185881,-0.010919822411213476,0.11233583488347065,0.13564311276469102,0.1453309276155739
2024-03-15,18718.44921875,18718.44921875,18916.19921875,18588.849609375,18876.80078125,25159500,0.0072157278674607195,0.15862816172963323,-0.0011770561036446026,0.11894245492032862,0.1360339176895787,0.14740260823099566
2024-03-18,18814.349609375,18814.349609375,18851.69921875,18637.349609375,18713.400390625,16468500,0.013283842425448666,0.162829567515677,0.006668403942055701,0.13491053927878394,0.13696615054817765,0.1474882004167274
2024-03-19,18405.650390625,18405.650390625,18833.349609375,18370.30078125,18820.849609375,17045300,-0.024649213142410642,0.1269581745457251,-0.014520224139644267,0.10833894220139606,0.14622564976933347,0.15505113424585962
2024-03-20,18361.400390625,18361.400390625,18497.650390625,18189.94921875,18463.099609375,19088800,-0.033254336301532184,0.12019524994280495,-0.01713276906053851,0.10220251196887986,0.14339030440072503,0.1552730531268304
2024-03-21,18582.599609375,18582.599609375,18611.55078125,18366.849609375,18494.0,18543700,-0.017648640371898505,0.15267734259905397,-0.015694368630359667,0.11193064282584575,0.15097892642551872,0.15173605860379358
2024-03-22,18815.599609375,18815.599609375,18881.25,18583.75,18594.75,21427200,-0.008110388846869099,0.15872800514509788,-0.00267775715447216,0.11912804241565111,0.15784941463584765,0.152827285331721
2024-03-26,18809.44921875,18809.44921875,18890.30078125,18684.80078125,18690.099609375,23818000,-0.012544421944879147,0.1473129259116166,-0.0031804091361870013,0.116618910335762,0.15693105413345268,0.15220337476716056
2024-03-27,18768.400390625,18768.400390625,18913.150390625,18729.75,18880.94921875,21349500,-0.009920044938532047,0.13317962356594326,-0.009992353305907975,0.10135789621760183,0.15626858182847492,0.15156698700652424
2024-03-28,18996.150390625,18996.150390625,19082.05078125,18773.94921875,18824.19921875,25843000,-0.0035694564111600213,0.14050241995458168,-0.009360462657665436,0.1094630225648634,0.16118561366843895,0.15277896702944616
2024-04-01,19207.900390625,19207.900390625,19234.19921875,19091.55078125,19147.5,15683600,0.014008124483301021,0.13920121676104547,-0.009263986558003534,0.10782648797734828,0.16415628172122224,0.15247629871827512
2024-04-02,19185.150390625,19185.150390625,19237.75,19124.55078125,19235.150390625,14635900,0.00957735934615278,0.13981567628797897,-0.011825736859918834,0.10659644615790276,0.16400818293169714,0.15242143727194798
2024-04-03,19153.05078125,19153.05078125,19272.650390625,19058.400390625,19172.69921875,25736400,0.01757224070765462,0.10875982905422421,0.01327923458040936,0.07327304427586623,0.15994411529197744,0.14432061209255098
2024-04-04,19125.19921875,19125.19921875,19222.0,18952.650390625,19220.69921875,19276000,0.008702440206262763,0.10042683799822405,0.003835318453164538,0.05407815661529569,0.15828748437808912,0.1441734191172768
2024-04-05,19160.75,19160.75,19395.55078125,19076.599609375,19084.19921875,19821000,0.007479559376396772,0.10035782392980908,0.00043910849679473785,0.06087698838193423,0.15807788230912465,0.14417287279508337
2024-04-08,19218.849609375,19218.849609375,19288.44921875,19138.19921875,19246.5,21521800,0.0041196243142633815,0.10716590288742656,-0.004434685804159733,0.06315555017739682,0.15683729390928006,0.1438615743368193
2024-04-09,19182.30078125,19182.30078125,19286.0,19138.19921875,19275.849609375,31028600,-0.000614711206314511,0.11551276043163328,-0.00724768881847393,0.06299800191352789,0.15668850921070232,0.14219778717675172
2024-04-10,19117.0,19117.0,19225.400390625,19070.25,19210.19921875,32900500,-0.004429255094619777,0.10207935634691556,-0.0232873119422653,0.04596612307797976,0.15713186998738238,0.141860128477937
2024-04-12,18788.650390625,18788.650390625,19113.55078125,18765.80078125,19068.19921875,32400500,-0.008969435411308346,0.07968957233815055,-0.01719398974810704,0.03802651191248829,0.1627057500108554,0.14702592870776526
2024-04-15,18617.650390625,18617.650390625,18685.400390625,18545.55078125,18613.75,22073500,-0.0009685082332108186,0.07117723856654612,-0.013460759287165058,0.042291248516231006,0.15400868943512058,0.14848963796587697
2024-04-16,18695.599609375,18695.599609375,18726.75,18525.80078125,18571.900390625,18287500,-0.010663012005293848,0.07771461807582924,-0.010719453949242674,0.06614326354536937,0.1459492725674058,0.1484789986387951
2024-04-18,18525.75,18525.75,18815.599609375,18479.19921875,18790.400390625,28575600,-0.01029461450027469,0.057378710368576114,-0.009045939776049505,0.06197650843880731,0.14565171625651574,0.1488567787507474
2024-04-19,18404.599609375,18404.599609375,18470.44921875,18298.25,18413.5,18901700,-0.021778589667315718,0.06261199783444082,-0.025918144724921044,0.05740604045900355,0.14556265564606183,0.14743327132923137
2024-04-22,18643.0,18643.0,18691.650390625,18500.099609375,18512.44921875,20366200,0.012895475266437417,0.08680191209047461,-0.010890585453667834,0.0513646336079836,0.13115165195422454,0.147704112846239
2024-04-23,18463.75,18463.75,18788.599609375,18444.900390625,18781.75,29261400,0.0055741722960989115,0.06534439235485023,-0.018643876986388808,0.02314238650737388,0.1358319134765266,0.1482290317998674
2024-04-24,18586.19921875,18586.19921875,18643.150390625,18490.5,18508.900390625,44326200,0.0001937086010928013,0.06890954789222459,-0.017544437530119028,0.0328358471971717,0.1309516199089212,0.14859984343301158
2024-04-25,18878.150390625,18878.150390625,18907.44921875,18605.099609375,18631.849609375,27269500,0.0033244107309147175,0.07750150104889486,-0.018108587758682182,0.0148073385187526,0.13529071758497793,0.15097530743848553
2024-04-26,18994.650390625,18994.650390625,19056.69921875,18891.5,18937.55078125,64395200,0.00984617729743964,0.06929588013828236,-0.009024791847467739,0.024269205088835122,0.13692262362169738,0.14906128102279964
2024-04-29,19096.900390625,19096.900390625,19153.19921875,18998.05078125,19096.69921875,30387900,0.01750282353119914,0.08922544294284762,-0.005990134946405767,0.028773750649452756,0.13758917826095915,0.14631886804219926
2024-04-30,18970.599609375,18970.599609375,19222.30078125,18938.849609375,19168.80078125,20955700,-0.00134505048257616,0.07643160477178879,-0.013794123747878584,0.03653529535471911,0.1333553410621119,0.14702557526756158
2024-05-02,19124.44921875,19124.44921875,19182.400390625,18990.44921875,18991.55078125,29279500,-0.004344627480249219,0.09469287848905683,-0.012634148393346978,0.04236993464000638,0.13041373296184122,0.14619159130555703
2024-05-03,19133.400390625,19133.400390625,19267.150390625,19057.30078125,19203.849609375,22946200,-0.002697398714439525,0.06660200037258068,-0.0037016532044443773,0.03207374960965037,0.130383097376262,0.1366323227249374
2024-05-06,19203.30078125,19203.30078125,19228.30078125,18969.5,19193.900390625,18285000,0.002623602922266155,0.0764665244091367,0.0022648352131708904,0.042119168990234046,0.1309168486597111,0.13602440259222268
2024-05-07,18846.30078125,18846.30078125,19270.0,18703.849609375,19264.94921875,25453700,-0.014582772932716592,0.04864212812502888,-0.005160002117081897,0.028110266265330308,0.14711605601958724,0.1414118808588369
2024-05-08,18850.849609375,18850.849609375,18885.55078125,18613.44921875,18739.94921875,22698600,-0.01617370878619051,0.030498110717606997,-0.006792788454177412,0.006117800484730429,0.1468500946360965,0.13695444357021427
2024-05-09,18437.05078125,18437.05078125,18920.30078125,18406.650390625,18870.150390625,21623700,-0.040678752579636046,-0.002758538507029784,-0.009407625098775352,-0.004039905478970041,0.16434735055804667,0.14298148580016948
2024-05-10,18609.44921875,18609.44921875,18699.849609375,18449.69921875,18469.599609375,23062000,-0.029863548123483796,0.002402368471246641,-0.003914810392863566,-0.0032837407715886613,0.16924849750547802,0.14401538033596756
2024-05-13,18939.0,18939.0,18971.75,18638.599609375,18680.099609375,27623700,-0.00931108437516348,0.022607582009353422,0.019244584466563297,0.0048295883962794495,0.18201439060406233,0.14831289948387183
2024-05-14,18860.849609375,18860.849609375,18978.75,18795.150390625,18956.75,20324300,0.0038427038264561286,0.01309280205372354,0.017233414769876165,-0.006893407489487746,0.1715321389230987,0.14824710875065003
2024-05-15,18886.55078125,18886.55078125,19032.849609375,18857.55078125,18952.0,37039200,0.014443304336642093,0.011623204143611954,0.017673710386703845,-0.015416887773039178,0.1679659229069307,0.14816833825167652
2024-05-16,18996.150390625,18996.150390625,19024.349609375,18727.25,18961.400390625,26942400,0.016076017219543326,0.012914675679768228,0.0045196523165143,-0.017467148995705672,0.16850158631878298,0.14835009638119434
2024-05-17,18981.599609375,18981.599609375,19039.650390625,18933.55078125,19028.5,27534000,0.024606270157753407,0.021375512641002237,0.0032272369150652125,-0.007289660091218231,0.1645376831921202,0.14709738197509534
2024-05-21,19205.19921875,19205.19921875,19280.55078125,19021.55078125,19080.5,24381000,0.043499974265519326,0.03433381769542243,0.0262492955618574,0.00611475713154408,0.16586198381125195,0.14889831914586388
2024-05-22,19317.400390625,19317.400390625,19422.19921875,19051.55078125,19305.900390625,29246900,0.03617445639784367,0.023666171592396923,0.024471568463639404,-0.0016098669293789225,0.16164249605007994,0.14573246583110924
2024-05-23,19216.349609375,19216.349609375,19285.44921875,18994.30078125,19285.44921875,41527100,0.04076092935481679,0.011759575073711392,0.013952524909850661,-0.022961465384586432,0.15822145337934648,0.14562523800396562
2024-05-24,19119.5,19119.5,19256.849609375,19094.349609375,19252.150390625,52040700,0.028693374851594067,0.010734085393189652,0.0039326702361131005,-0.030165789971952295,0.15912553649978206,0.14576591608693523
2024-05-27,19111.94921875,19111.94921875,19313.400390625,19070.05078125,19258.150390625,41904500,0.012384625786279635,0.007512078941076972,-0.00365852886758522,-0.024669833255962725,0.15010457221465548,0.14566763940141098
2024-05-28,19215.75,19215.75,19341.80078125,19131.19921875,19171.30078125,34224600,0.011640098913540786,0.008785494106757774,-0.009243140709653375,-0.021622839667682525,0.14976699080174874,0.1458397460411394
2024-05-29,19321.349609375,19321.349609375,19415.0,19150.19921875,19208.5,25221400,0.011753175340443622,0.01924940617381421,0.009046036524385848,-0.007088497272001781,0.14981492074643085,0.14586663208740375
2024-05-30,18971.0,18971.0,19287.75,18910.80078125,19274.349609375,27119800,2.1105849748792593e-05,-0.004888703568431962,0.005161561139564452,-0.017966287549152637,0.1624572373604384,0.15031392744536531
2024-05-31,18796.30078125,18796.30078125,19067.150390625,18732.349609375,19015.5,48740800,-0.017158582385644716,-0.007720713101889265,-0.011970531942202656,-0.03412246507441985,0.16267630505989136,0.1509378977692288
2024-06-03,18864.150390625,18864.150390625,19213.0,18831.05078125,19206.900390625,24355900,-0.014072250332038627,-0.007314576643490334,-0.04913436344216071,-0.06559193730026802,0.16339622951251176,0.15097870387676127
2024-06-04,18603.150390625,18603.150390625,18977.80078125,17904.75,18942.400390625,43810900,-0.031252460056813924,-0.01164312446028426,-0.0063802638334805595,0.008691495874336042,0.1690003473786448,0.15240463108374927
2024-06-05,19281.25,19281.25,19354.80078125,18655.900390625,18789.75,31637600,0.02307875820292149,0.0169328801636488,0.00882701022063248,0.007348222589470543,0.2030136604496932,0.16871297077486982
2024-06-06,19232.099609375,19232.099609375,19365.599609375,19056.75,19365.55078125,40199400,0.02022455262761169,0.011231149111391447,-0.003041914836798165,-0.009572811880450116,0.20341963045888004,0.1687092835110195
2024-06-07,19578.0,19578.0,19596.69921875,19270.099609375,19297.94921875,35878800,0.061883499280173115,0.022884012539184928,0.0011912351050620273,-0.013428960912662324,0.19218454234897506,0.17210242911034962
2024-06-10,19774.69921875,19774.69921875,19809.900390625,19629.849609375,19696.55078125,26328300,0.06261603910479785,0.030248858825939307,0.008025736471011902,-0.0037897171617267134,0.19249993969579224,0.1731626137025151
2024-06-11,19689.69921875,19689.69921875,19868.44921875,19666.150390625,19853.650390625,22222900,0.039637743215058974,0.025395643572412974,-0.01287746495256159,-0.01634589639014017,0.18617070540495362,0.1734423867557434
2024-06-12,19739.099609375,19739.099609375,19794.05078125,19658.05078125,19763.150390625,16038900,0.04656471040220023,0.04116318222155191,-0.003174559095271423,-0.0030373592672607863,0.18478207728636264,0.1712986447629161
2024-06-13,19838.5,19838.5,19878.25,19706.55078125,19842.55078125,15582700,0.05040355064171198,0.06454283078575451,-0.0035748222906881733,0.0008452068687645475,0.18499881859957634,0.1674130740759016
2024-06-14,19895.650390625,19895.650390625,19918.650390625,19821.400390625,19860.25,17238200,0.04735169923922711,0.05284148371396702,-3.9709760220274504e-05,-0.006713762586770589,0.18459254323741128,0.1652981472664041
2024-06-18,19826.650390625,19826.650390625,19927.900390625,19710.900390625,19907.5,26093500,0.04451947141655177,0.05920368503417106,-0.004078229129313993,-0.010474670368985528,0.18544000245060768,0.16414291836699726
2024-06-19,19644.5,19644.5,19904.5,19618.25,19894.650390625,21648800,0.022874054897650486,0.044123257399838245,-0.02093379250493066,-0.022086422319069543,0.1860585124421593,0.16522103892813536
2024-06-20,19544.55078125,19544.55078125,19606.849609375,19477.69921875,19594.75,21838800,0.011758848811522338,0.06187775853903554,-0.031130245934112066,-0.018312678193890486,0.18644403653206368,0.1588240739332492
2024-06-21,19528.400390625,19528.400390625,19757.75,19491.5,19593.75,34671900,0.016238816819702295,0.06355724373811111,-0.006987295110656211,-0.012544794794949299,0.18526778561744398,0.15871223022048653
2024-06-24,19521.150390625,19521.150390625,19627.150390625,19442.44921875,19511.849609375,23369100,0.021007368949240268,0.050506968937569896,-0.004289816230147014,-0.01881448803386565,0.18404571537190814,0.15708320682038138
2024-06-25,19532.30078125,19532.30078125,19630.599609375,19455.849609375,19579.900390625,15140400,0.021994175355364076,0.03809079629425671,-0.01240474797703861,-0.03542910057971804,0.1839777829121835,0.1551988802813636
2024-06-26,19545.349609375,19545.349609375,19601.400390625,19433.349609375,19528.849609375,26775500,0.01715257584923835,0.03912397338521889,-0.025692755638389242,-0.045589820880672205,0.18326671221823207,0.1551862620886302
2024-06-27,19514.80078125,19514.80078125,19631.150390625,19414.900390625,19549.05078125,32817000,0.010012301199763707,0.03976899336598949,-0.048997543781735375,-0.04705436423818643,0.1826109877323648,0.15514322912272324
2024-06-28,19731.55078125,19731.55078125,19797.900390625,19555.650390625,19557.650390625,23366000,0.0400901787596859,0.03871312742332966,-0.027586146511681342,-0.03669811145410007,0.17194439107229023,0.15483770257815394
2024-07-01,19758.25,19758.25,19823.349609375,19660.94921875,19794.849609375,24633900,0.051177581692541274,0.028652252364012476,-0.020335955652945215,-0.046138470579180524,0.16681299661669086,0.15330868019704894
2024-07-02,19786.400390625,19786.400390625,19818.75,19697.349609375,19776.69921875,20220600,0.04888902923814342,0.03133934255182114,0.011924066170447833,-0.04306169293067774,0.16680044723810303,0.15328154866808288
2024-07-03,19915.30078125,19915.30078125,19965.80078125,19707.900390625,19813.55078125,24458900,0.0705337732089859,0.03979783736313225,-0.03922427472448309,-0.0427463332448863,0.1556834171764295,0.15369683397176262
2024-07-04,20192.599609375,20192.599609375,20238.599609375,19872.94921875,19955.69921875,33820200,0.04726610615883309,0.05581120376401305,-0.027082911884326544,-0.02358154580070182,0.1069529244177345,0.1559769855314524
2024-07-05,20453.849609375,20453.849609375,20516.099609375,20230.099609375,20237.5,41392700,0.06352660524930087,0.06748689948853781,-0.0023084965863955365,-0.01291527578426055,0.11154853720000875,0.15788049918141694
2024-07-08,20325.80078125,20325.80078125,20575.349609375,20283.0,20493.19921875,21632400,0.038195974116355114,0.05759716082772326,-0.0060459209913625855,-0.015385634907892687,0.10166368623725129,0.15854314008195253
2024-07-09,20645.80078125,20645.80078125,20670.849609375,20308.0,20396.69921875,20688400,0.04405131794237538,0.07629428902660718,-0.006423334643840928,-0.0027795522139664186,0.10929694797524055,0.1612485422500811
2024-07-10,20725.94921875,20725.94921875,20743.099609375,20351.349609375,20731.19921875,20224200,0.05262904163681714,0.08416326927603701,0.0070839542123957155,0.015135309833134825,0.10670799094641646,0.16104506942010194
2024-07-11,20601.69921875,20601.69921875,20804.25,20525.5,20781.80078125,18049100,0.04370004845435371,0.09649702295965112,0.0011239578113360071,0.016719195976614865,0.11096953956043569,0.15706261704939212
2024-07-12,20612.650390625,20612.650390625,20653.349609375,20501.150390625,20631.099609375,16294600,0.039022627246263486,0.10715637892763263,-0.008127024300696783,0.0070486051875944256,0.11056566959401852,0.15549689902622726
2024-07-15,20844.55078125,20844.55078125,20960.30078125,20675.19921875,20705.80078125,22877200,0.04769386132117259,0.11494422306719687,-8.244220559072701e-05,0.004830000720535077,0.11535721530012984,0.15663406521488196
2024-07-16,20765.44921875,20765.44921875,20913.5,20729.849609375,20869.94921875,14584800,0.04735034963691653,0.12089654771061897,0.0025628434551312473,0.0019127195292547583,0.11558168877621174,0.15542108136417618
2024-07-18,20768.349609375,20768.349609375,20805.25,20563.69921875,20737.0,19401000,0.0572093771475477,0.12843256849749363,0.0025721255156800904,0.008603715407910384,0.10768677180591801,0.1544663644439597
2024-07-19,20425.400390625,20425.400390625,20722.19921875,20398.44921875,20706.150390625,15806500,0.04506880814165548,0.09560695116799867,0.004168379974090586,-0.0026407504142613725,0.12526920786243503,0.15742422589910582
2024-07-22,20641.55078125,20641.55078125,20716.44921875,20275.25,20319.69921875,15762200,0.05700161653585267,0.1179500795477626,0.01410360719237369,0.022221807015573747,0.12807716687070214,0.1567340253410055
2024-07-23,20755.349609375,20755.349609375,20788.400390625,20329.44921875,20644.849609375,20708600,0.06322369297163566,0.11670758314248197,0.023236982737064205,0.024009909928229378,0.12786107710059882,0.15660654674235128
2024-07-24,20908.5,20908.5,20962.55078125,20670.25,20790.55078125,23302300,0.0704576093806153,0.10755024021756299,0.041277117756937765,0.025887774968933686,0.12837112674238643,0.15441336366664185
2024-07-25,21105.5,21105.5,21139.30078125,20739.150390625,20817.44921875,30322500,0.07982207644301575,0.11112863706177145,0.05731156856081543,0.022540104980531828,0.12962559986216116,0.15495096083757423
2024-07-26,21603.099609375,21603.099609375,21703.30078125,21159.0,21184.599609375,37681000,0.1070110246849898,0.1312359161689054,0.07414073795101728,0.03445499188434775,0.14501635259016665,0.16097869303782067
2024-07-29,21674.94921875,21674.94921875,21745.25,21474.75,21701.55078125,25966700,0.09849192590309341,0.14255477765913893,0.06411127679686768,0.0438480824783567,0.1433870589811148,0.15997285934516633
2024-07-30,21540.80078125,21540.80078125,21754.94921875,21516.5,21667.400390625,19478300,0.09021804973871683,0.12634881846066226,0.06058698904770954,0.028808985771839657,0.14815828902769748,0.16041759672177583
2024-07-31,21777.150390625,21777.150390625,21824.69921875,21566.650390625,21566.650390625,32594600,0.10061203456406531,0.1381746028424402,0.066318138911172,0.028043024981307063,0.14952127764015813,0.1614211736363454
2024-08-01,21790.349609375,21790.349609375,21875.150390625,21694.900390625,21840.150390625,26436500,0.09415116792463074,0.13471896616080614,0.06432388154639601,0.020285263385456886,0.150092800229359,0.16142161340886105
2024-08-02,21902.849609375,21902.849609375,22005.099609375,21528.650390625,21620.400390625,23537300,0.08469687078854204,0.16218295906462088,0.06759760914109103,0.053890201806465976,0.14604534560052312,0.15554769603791607
2024-08-05,21583.05078125,21583.05078125,21878.80078125,21501.80078125,21526.80078125,29592400,0.055207268726442216,0.14493782659621912,0.06623553951038141,0.06633230661527523,0.15644544035102878,0.1594454488435915
2024-08-06,21562.55078125,21562.55078125,21877.0,21537.44921875,21669.650390625,20225400,0.060846311213522686,0.16952277438963015,0.07433284788574612,0.07684142263055005,0.15351013083396864,0.1512645804799058
2024-08-07,22036.94921875,22036.94921875,22050.30078125,21682.75,21755.650390625,30450900,0.06738166527129352,0.18418062564402038,0.07293555191278844,0.0825129526835453,0.16156840302549869,0.15570842502829435
2024-08-08,22114.25,22114.25,22301.05078125,22033.69921875,22065.650390625,29533100,0.06698370079928861,0.167656687259095,0.07551212489162495,0.07658970416758382,0.16155502518012216,0.15266149433725199
2024-08-09,22209.55078125,22209.55078125,22299.44921875,22155.25,22239.69921875,31725900,0.0780446091085858,0.1775477373092722,0.07592456926205382,0.08079443181754997,0.15782382972197462,0.15205353001245386
2024-08-12,22205.599609375,22205.599609375,22262.5,22109.19921875,22209.05078125,27752900,0.07728017448326296,0.17573610272025175,0.083612287712164,0.07905159971400955,0.15803608112934658,0.1521451543694772
2024-08-13,22191.599609375,22191.599609375,22326.55078125,22152.55078125,22303.80078125,28333800,0.06462354800836922,0.16821562016728508,0.08283254852392363,0.09076685931241313,0.15618844942050827,0.152157216696048
2024-08-14,22012.69921875,22012.69921875,22276.849609375,21945.900390625,22276.849609375,23797700,0.06006371385762299,0.15968620515406617,0.07912884204191584,0.08501145431636736,0.1594250711082295,0.1535823472046247
2024-08-16,22106.5,22106.5,22152.900390625,21933.69921875,22127.599609375,28790800,0.06443219686656998,0.15106850744966316,0.07490358082479653,0.06175717210261045,0.15914312559567975,0.15242161606488583
2024-08-19,22237.849609375,22237.849609375,22292.5,22124.69921875,22200.900390625,17000600,0.08873506438492584,0.1511823102329719,0.08703312930161533,0.06379108006452183,0.14109280881057285,0.15243139224098648
2024-08-20,22374.25,22374.25,22385.0,22179.75,22313.94921875,18579500,0.08394229857593438,0.16433404131471296,0.0762064596834755,0.08895849399896982,0.13934830645023838,0.1517915050099173
2024-08-21,22577.900390625,22577.900390625,22588.650390625,22349.75,22420.900390625,20684500,0.08781113378243321,0.180883411732786,0.07591735407251865,0.10190568195743643,0.14041584519375896,0.15153339783697414
2024-08-22,22546.099609375,22546.099609375,22661.0,22501.94921875,22660.30078125,19003000,0.07832219477126534,0.17968603575274722,0.062019739162688214,0.09774752306594481,0.1412559585584065,0.1516381561553069
2024-08-23,22527.849609375,22527.849609375,22608.099609375,22450.849609375,22565.599609375,15638300,0.06739236736277276,0.1723637958120292,0.050304393949364146,0.08782223317040239,0.14051897784365072,0.15170809594547355
2024-08-26,22554.94921875,22554.94921875,22607.349609375,22437.150390625,22520.650390625,19215600,0.04406078880282216,0.16735888924684694,0.036984039687592674,0.06579839868898296,0.11895461328167505,0.15162055205588465
2024-08-27,22729.0,22729.0,22758.5,22547.5,22597.80078125,20379500,0.04862990776182263,0.19809182436350214,0.04131594166078356,0.08563066882749348,0.12052116030239539,0.14556905516159444
2024-08-28,22989.099609375,22989.099609375,23090.75,22710.55078125,22815.69921875,31534400,0.06723514333718072,0.2230651061036153,0.05938840125357814,0.11114446102543285,0.12007753233162896,0.1442797706561565
2024-08-29,22878.05078125,22878.05078125,23111.5,22774.25,22969.0,25275400,0.050553004910088406,0.21277928279345182,0.04250532674770402,0.1316214031420304,0.11977189858898342,0.1452528231298714
2024-08-30,23217.599609375,23217.599609375,23275.5,22915.30078125,22918.69921875,60547100,0.06549917856232756,0.2480466545642419,0.05650310099271172,0.09490628623848618,0.12713318503451881,0.1426553891073188
2024-09-02,22987.44921875,22987.44921875,23384.849609375,22957.5,23343.05078125,19554600,0.04951865299347902,0.19221778768233388,0.026822365809336723,0.07469751698442884,0.13508367505356558,0.12881887304066658
2024-09-03,23014.30078125,23014.30078125,23219.349609375,22986.30078125,23035.099609375,18221600,0.06631360943854059,0.1966608560009384,0.015421092940099967,0.08893524860307123,0.11921207687070237,0.1283674462497984
2024-09-04,23184.400390625,23184.400390625,23214.5,22902.30078125,22942.900390625,30194000,0.0752160366288992,0.18420678264506085,0.024944248168516037,0.1022601744817555,0.11901634029055033,0.12494893260551267
2024-09-05,23156.69921875,23156.69921875,23404.849609375,23116.900390625,23216.900390625,42005900,0.05081238736291449,0.1710266215727443,0.015928156089120904,0.08994470757870121,0.09879802608788017,0.12430604296789373
2024-09-06,23043.400390625,23043.400390625,23233.150390625,22988.900390625,23154.69921875,21128200,0.04201591239246194,0.17032769950499582,0.01153324909997111,0.10210027453121184,0.10209421835479263,0.12445432264236099
2024-09-09,23009.400390625,23009.400390625,23100.849609375,22884.55078125,23019.0,25519900,0.03601376800697187,0.16567628949482494,0.012667081205904873,0.09649759529358293,0.10246997396546668,0.12473740297993918
2024-09-10,23256.849609375,23256.849609375,23297.5,23109.75,23126.30078125,33430700,0.04734166239564952,0.17230887463139855,0.018833032610665823,0.10212612282106281,0.1069043962990215,0.12575470278571568
2024-09-11,23220.400390625,23220.400390625,23463.099609375,23175.75,23293.150390625,27832400,0.04635991994084887,0.1671093899783569,0.014069882294301728,0.10519536972913412,0.10729796698855183,0.12605003640398113
2024-09-12,23429.599609375,23429.599609375,23488.69921875,23239.5,23358.75,66304500,0.0643674079468688,0.18172253748185563,0.012795038674282777,0.10399914237281371,0.10243108310586069,0.12607879562329896
2024-09-13,23457.650390625,23457.650390625,23521.150390625,23365.05078125,23466.25,41700300,0.061120050239748425,0.19410778541703788,0.027896277254498614,0.11584192387595937,0.10255694336336804,0.12362257299218131
2024-09-16,23448.75,23448.75,23573.849609375,23414.900390625,23560.55078125,20935300,0.05445222500805613,0.19975896414541694,0.021443998525313646,0.1226702383848195,0.10258658216864008,0.12268328837475354
2024-09-17,23383.650390625,23383.650390625,23504.5,23367.55078125,23472.94921875,21509200,0.04511437883392744,0.19741760322831103,0.015975322430190175,0.11582775408312052,0.10345834956587799,0.12301081831326753
2024-09-18,23025.19921875,23025.19921875,23414.150390625,22914.75,23411.650390625,21157800,0.01981135625484165,0.17950011951179956,-0.004708089759151601,0.10134084827819212,0.11754083330260937,0.12853356221783815
2024-09-19,22930.150390625,22930.150390625,23160.099609375,22802.599609375,23108.650390625,25531000,0.017034023086206274,0.17396054092289837,-0.007321649938399233,0.10252685287913899,0.11866959549549405,0.1292348309461379
2024-09-20,23005.25,23005.25,23062.400390625,22857.05078125,23014.400390625,30086300,0.02119156505849218,0.17701910990455993,-0.017796186814070802,0.09648936502479488,0.1187987837570754,0.12917239131909236
2024-09-23,23134.25,23134.25,23292.05078125,23035.599609375,23134.349609375,24894600,0.025683976303011447,0.1854720045222087,-0.01143833129360372,0.10667848495432408,0.11989089120056737,0.12899189882064302
2024-09-24,23188.400390625,23188.400390625,23240.599609375,23094.80078125,23103.30078125,22614300,0.020212081069338694,0.17519401529553824,-0.01666774987569042,0.09482114611918901,0.11757347541430732,0.12785410405194536
2024-09-25,23249.0,23249.0,23278.900390625,23087.69921875,23241.900390625,20101500,0.011305374940348445,0.1766730353143624,-0.02668710065937807,0.09953754161409778,0.11125828648483457,0.12782385006242994
2024-09-26,23250.900390625,23250.900390625,23287.25,23022.150390625,23275.400390625,28665900,0.01629726295041589,0.1750950113008689,-0.02600965939764399,0.08836751109866525,0.10944413323288771,0.12791115474454606
2024-09-27,23519.099609375,23519.099609375,23557.44921875,23257.349609375,23268.55078125,43713700,0.01298583854802371,0.18095628420123733,-0.024383496943383598,0.10303442560695664,0.10443544683090837,0.12894545924157888
2024-09-30,23281.19921875,23281.19921875,23578.5,23250.400390625,23497.75,22325200,0.012778712296638739,0.1529570074742148,-0.008272623692607395,0.09087611362327364,0.10471307471075512,0.12953349335192468
2024-10-01,23296.55078125,23296.55078125,23328.650390625,23084.05078125,23294.25,20875300,0.012264113634508078,0.13898122975207805,-0.008188966159853317,0.07842129352050997,0.10469433275064598,0.12771655124367665
2024-10-03,23178.75,23178.75,23356.0,23090.25,23168.30078125,29684200,-0.00024371519339727588,0.14036097516914414,-0.0022835185252595425,0.10214026065960113,0.10334908354254298,0.12739817694171832
2024-10-04,23094.69921875,23094.69921875,23442.0,22983.5,23140.0,26995400,-0.002677410947662162,0.11861484393107324,0.0025124670813493344,0.09481933580216495,0.10407874377304488,0.12481223784885241
2024-10-07,22977.80078125,22977.80078125,23215.44921875,22852.69921875,23145.19921875,23222000,-0.002846785121248363,0.10864889895912855,-0.0005773480810525866,0.08927329965936281,0.10418369215634257,0.1255431324912826
2024-10-08,23307.94921875,23307.94921875,23345.55078125,22896.05078125,22925.69921875,16330800,0.012975080752066992,0.13136052377354335,0.00989725080076198,0.10268793667431586,0.11584371666430271,0.12707810474344794
2024-10-09,23783.80078125,23783.80078125,23907.900390625,23314.19921875,23319.44921875,21326100,0.022657891362146687,0.15384486373801276,0.025020023678526848,0.13426295682470846,0.1307549846689318,0.13235883522857764
2024-10-10,23305.150390625,23305.150390625,23885.94921875,23254.599609375,23834.0,22404500,0.0036498078661131306,0.11804522127616912,0.0004393352039619991,0.10129836166981754,0.15122925518118535,0.13900022743888762
2024-10-11,23582.25,23582.25,23592.900390625,23261.150390625,23378.05078125,21021800,0.006515279525473483,0.13564843946195926,0.023241107902893243,0.1213775257171903,0.15374398191830785,0.1399660818256037
2024-10-14,23680.0,23680.0,23713.94921875,23475.849609375,23624.099609375,15731700,0.009478767296483559,0.14019652237126534,0.018492266054198514,0.12700747382950284,0.15431820927528972,0.13996421713020876
2024-10-15,23555.69921875,23555.69921875,23808.849609375,23495.55078125,23727.05078125,16143300,0.004560977397515931,0.15325520030254913,0.017419612966531495,0.13179454413555436,0.15564340698376883,0.13528539548762283
2024-10-16,23467.349609375,23467.349609375,23591.80078125,23331.55078125,23561.69921875,18864100,0.0035793906148868793,0.13689857211173528,0.021174807593966394,0.1180464741793219,0.15593238069568066,0.1347761217739624
2024-10-17,23254.0,23254.0,23577.94921875,23200.55078125,23569.19921875,12398900,0.009936972925892462,0.12038584931840335,0.034671478524390675,0.10932337673542136,0.14899581586486152,0.136542228007994
2024-10-18,23356.19921875,23356.19921875,23426.55078125,23075.5,23249.25,16426000,0.018580289307617903,0.11706718409976813,0.04068268162784805,0.0990218083343104,0.14855282927375812,0.13617066743559858
2024-10-21,23122.69921875,23122.69921875,23486.94921875,23074.55078125,23412.69921875,13240500,0.005105322426402603,0.09557694528677363,0.04426051601039216,0.08021193383463832,0.1532079856566984,0.1373948203318976
2024-10-22,22828.19921875,22828.19921875,23206.44921875,22790.849609375,23126.25,15953900,-0.013229336643720835,0.05670943667932482,0.043324435668386396,0.07131592738515391,0.15854582918979235,0.13280158975733194
2024-10-23,22471.599609375,22471.599609375,22896.150390625,22437.94921875,22764.44921875,16707100,-0.03091204089868138,0.03675442939150475,0.02710172789298615,0.052884160535914604,0.16678060642234757,0.13701012571269372
2024-10-24,22570.80078125,22570.80078125,22651.900390625,22464.099609375,22493.150390625,13218500,-0.029171113542518,0.04781623536004087,0.03254018930314406,0.06623739840805765,0.16749737734617562,0.1364824542942903
2024-10-25,22574.55078125,22574.55078125,22752.19921875,22463.0,22606.19921875,34313300,-0.029089179258094955,0.03661637892569636,0.0485445580649817,0.06749069122451712,0.1675080829934476,0.1348413987679922
2024-10-28,22857.25,22857.25,22948.69921875,22430.44921875,22604.05078125,19497400,-0.02814094163329184,0.04896205934052489,0.04213685342837137,0.07582034870670051,0.16854128744347377,0.13700937562010046
2024-10-29,22601.400390625,22601.400390625,23003.94921875,22360.5,22978.650390625,22346800,-0.02919947644181098,0.03189314603844973,0.022871649473851785,0.042041728524019994,0.16933330732944385,0.13889562222207086
2024-10-30,22374.94921875,22374.94921875,22569.0,22216.94921875,22512.80078125,28770600,-0.03955957133541599,0.03669075542313749,0.016883286496416905,0.0248328094715915,0.17179896567618144,0.13703582729866018
2024-10-31,22735.55078125,22735.55078125,22781.099609375,22550.5,22639.80078125,45931900,-0.019120928382678093,0.054399871884359685,0.022255146015543237,0.04553050113403079,0.18274976442629023,0.1405681366555487
2024-11-01,22807.150390625,22807.150390625,22894.55078125,22724.30078125,22886.44921875,3063100,-0.012450858329063896,0.03495044455698437,0.015942560358069957,0.03466853862530406,0.18302088067142164,0.13377034074050215
2024-11-04,22638.30078125,22638.30078125,22817.0,22421.25,22817.0,24876600,-0.014775130276045934,0.02369742502006633,0.01750461083382171,0.02874160093850564,0.18396910812212722,0.1346214829604006
2024-11-05,22661.25,22661.25,22788.150390625,22381.599609375,22613.849609375,24723200,-0.027745865270281445,0.02033806190854337,0.004231298616870771,0.026666130801536125,0.17544476966022823,0.13438205918901108
2024-11-06,22920.349609375,22920.349609375,22979.349609375,22687.599609375,22781.150390625,31576100,-0.036304171053926027,0.032187827060442764,-0.016373843234417595,0.026558764701630544,0.16338883530527948,0.13626391668006757
2024-11-07,22526.94921875,22526.94921875,23032.55078125,22478.19921875,23028.5,25838000,-0.03339181077278297,0.015111556412243932,-0.0014258435088760901,0.012611469027721034,0.1591581788101827,0.14107376355059878
2024-11-08,22542.25,22542.25,22673.349609375,22428.80078125,22603.44921875,24374600,-0.04410096576874556,0.02405660368987994,-0.011412189568779652,0.023872323337821966,0.15132840914680548,0.13999901510337598
2024-11-11,22344.25,22344.25,22678.55078125,22285.94921875,22671.05078125,38076900,-0.056408361486486536,0.010754755388686643,-0.017143380929944274,0.027047781714288233,0.15105988453259098,0.14102134106347894
2024-11-12,22151.599609375,22151.599609375,22537.849609375,22094.19921875,22317.599609375,25734900,-0.05960763874321151,-0.003878522497230974,-0.012759092950252016,0.024168967737601244,0.15224005863065593,0.14164908000656282
2024-11-13,21809.30078125,21809.30078125,22120.650390625,21757.19921875,22089.30078125,20036900,-0.07065343363115129,-0.02524997346279767,-0.014098510346561954,0.020897877394691844,0.1585897173742862,0.14455148766195194
2024-11-14,21752.0,21752.0,22012.0,21693.900390625,21802.650390625,17236600,-0.06459103810097189,-0.03658003518201092,-0.015412945715151727,0.013379191591719075,0.15728978354537979,0.1432540927108243
2024-11-18,21544.150390625,21544.150390625,21851.400390625,21475.94921875,21802.650390625,19208600,-0.07758320654630801,-0.044440024488021646,-0.021244301780878216,0.010280537297843728,0.15601060494736313,0.14442560148238942
2024-11-19,21768.849609375,21768.849609375,21990.05078125,21495.75,21505.349609375,14903700,-0.058550673369360595,-0.033691631165903235,-0.00760056908515272,0.018866177576927767,0.16229330253843252,0.14621646172121222
2024-11-21,21740.099609375,21740.099609375,21857.849609375,21552.900390625,21672.05078125,13684900,-0.04766471498467062,-0.03612730853313617,-0.0018084445108410563,0.03027250773226442,0.15816258224187732,0.14617719442132465
2024-11-22,21962.05078125,21962.05078125,22024.30078125,21721.55078125,21769.349609375,13496700,-0.022675236163980927,-0.03374320114171325,-0.0010570986181971387,0.010645283034521613,0.15597753425472266,0.14686241600816663
2024-11-25,22177.05078125,22177.05078125,22275.69921875,22064.900390625,22163.849609375,33792400,-0.01744510546241207,-0.035323211518638375,-0.010170336527180357,-0.0021746553273567226,0.15960541900357192,0.14633096146581165
2024-11-26,21961.75,21961.75,22250.55078125,21924.849609375,22231.75,20378800,-0.027145646758959252,-0.040051523183127435,-0.0277121796407247,-0.0019849220452621275,0.1626005845679156,0.1472828327485971
2024-11-27,21828.599609375,21828.599609375,22037.69921875,21751.900390625,21970.0,24092900,-0.045003243637139256,-0.05982530594761126,-0.042363463736492135,-0.021744635746638097,0.15482690432558485,0.14412203247337715
2024-11-28,21728.599609375,21728.599609375,21884.5,21649.5,21855.80078125,25067900,-0.038617110717264924,-0.054762474835537756,-0.016027393300674375,-0.0007822911118091636,0.15148608526040222,0.14311684212421652
2024-11-29,22240.19921875,22240.19921875,22297.55078125,21796.30078125,21817.650390625,24565700,-0.006022360036780805,-0.03363567591550154,0.002594841226367106,0.011805654541384825,0.17259970228353938,0.15143414120584378
2024-12-02,22450.19921875,22450.19921875,22517.55078125,22269.400390625,22323.94921875,32213900,-0.012550897281772833,-0.031667895632611964,-0.015471787622791333,0.004947027601737819,0.16580203071415367,0.15194587428156017
2024-12-03,22445.69921875,22445.69921875,22603.900390625,22399.55078125,22600.0,37466500,-0.01584815137727935,-0.030703857803028423,-0.022135124026449016,-0.003344681286045814,0.16521582859370773,0.15194112034116097
2024-12-04,22422.900390625,22422.900390625,22526.80078125,22292.099609375,22497.849609375,27212500,-0.009514865656498506,-0.0269274494858166,-0.02918949499344925,-0.011447856540003687,0.16335918847574613,0.15167054690640014
2024-12-05,22463.400390625,22463.400390625,22528.30078125,22145.05078125,22485.650390625,28043000,-0.008730745628550918,-0.02372943191611654,-0.02917816887942759,-0.014586171604747844,0.1634791054899258,0.15172520049988508
2024-12-06,22434.75,22434.75,22562.94921875,22398.05078125,22548.55078125,20141600,-0.021186396265804652,-0.03534870901188636,-0.02909971100816644,-0.020840606979937837,0.15741562998478587,0.14995876173645875
2024-12-09,22309.099609375,22309.099609375,22463.25,22266.30078125,22434.5,25658000,-0.009670621940838564,-0.0392456962808414,-0.027012013234364196,-0.02722852714959878,0.14650639294025325,0.15029952583390863
2024-12-10,22291.44921875,22291.44921875,22419.19921875,22179.400390625,22392.400390625,18847500,-0.011125809590879387,-0.048577457984795736,-0.03025152403096032,-0.01790068201608952,0.14644429210012572,0.14895174809741651
2024-12-11,22302.599609375,22302.599609375,22397.150390625,22267.099609375,22352.0,14659400,-0.0018640317139756446,-0.049239832720485266,-0.02259613743334621,-0.02105379684211084,0.14316995749366487,0.14891811320199252
2024-12-12,22229.30078125,22229.30078125,22420.55078125,22187.75,22402.30078125,16683200,0.0035077002674839264,-0.052004870995255637,-0.024346316709165317,-0.019107809637103235,0.14014645597013234,0.14899911134930097
2024-12-13,22157.349609375,22157.349609375,22222.5,21798.0,22184.400390625,20793500,0.015958733918889578,-0.052442658043743706,-0.03536973475449212,-0.026860947835478877,0.12808469878044978,0.14902714155672445
2024-12-16,22255.55078125,22255.55078125,22289.349609375,22067.099609375,22212.19921875,14374200,0.023149631355737332,-0.033426353022529165,-0.02510453492983844,-0.00547642249676461,0.12803190704094344,0.14627932638488308
2024-12-17,22074.55078125,22074.55078125,22350.5,22015.75,22307.400390625,18288900,0.02461922986091869,-0.03731330125618415,-0.012995109366148894,0.005172111284765579,0.12652667797838743,0.14693099594526782
2024-12-18,22314.55078125,22314.55078125,22431.099609375,22099.849609375,22105.849609375,25838300,0.025067983915878944,-0.030023547614131507,-0.003860289969572994,0.031707395123623416,0.1269559271096897,0.14859100623559993
2024-12-19,22697.900390625,22697.900390625,22726.900390625,22163.599609375,22209.349609375,29682500,0.04405687179266504,-0.018861627646238777,0.018283792762031403,0.05775457466817102,0.1382629041752896,0.15239852902913945
2024-12-20,22501.849609375,22501.849609375,22791.0,22452.44921875,22708.44921875,28073700,0.02457870776739357,-0.029607509344524274,0.03795331170552951,0.061096579844297616,0.13995713519481823,0.15324783681386922
2024-12-23,22572.05078125,22572.05078125,22705.44921875,22363.55078125,22603.80078125,15744300,0.017811205100993766,-0.029117347789152204,0.03715118934336614,0.05743426562892817,0.1365365428013631,0.153295108206884
2024-12-24,22558.900390625,22558.900390625,22669.30078125,22470.400390625,22603.099609375,20214100,0.027190473920566394,-0.029762288271598325,0.046486165477531816,0.06515667612119003,0.13081987716906052,0.15329052541351748
2024-12-26,22712.55078125,22712.55078125,22745.349609375,22451.19921875,22571.400390625,16984900,0.040495093029025986,-0.03429335482738882,0.06211006007035891,0.05848156824937356,0.12909967097250474,0.15202391308899754
2024-12-27,23008.349609375,23008.349609375,23066.099609375,22691.05078125,22756.30078125,21018300,0.05889703078001585,-0.011719740328292705,0.06311001758298818,0.06566822825777385,0.13221541324905584,0.15317215426409084
2024-12-30,23241.150390625,23241.150390625,23313.19921875,22980.80078125,23037.19921875,38732700,0.045006394143768835,-0.002378051203596576,0.06515463548462797,0.08104282368500326,0.11193115544535144,0.1546034474742914
2024-12-31,23412.25,23412.25,23511.94921875,23152.05078125,23191.349609375,21380100,0.04285266121142084,0.01007388232756301,0.0688556550957291,0.07364982273807041,0.11040087086348625,0.15496938251292447
2025-01-02,23553.400390625,23553.400390625,23566.75,23308.94921875,23494.650390625,17930800,0.04935026354401484,0.01986175128458023,0.06032864801283355,0.05288043763766703,0.11088624895346984,0.15521944748724473
2025-01-03,23263.5,23263.5,23604.44921875,23208.849609375,23569.94921875,15237500,0.037488442383950105,0.012433705969943531,0.056399249743281255,0.04433433410178067,0.12229865166798821,0.15701866201389766
2025-01-06,23073.05078125,23073.05078125,23301.849609375,22912.30078125,23283.94921875,15764700,0.027139719722906852,-0.010078039697762664,0.07134936470621644,0.0457765642828154,0.1274075977133989,0.155170197503301
2025-01-07,23228.55078125,23228.55078125,23413.19921875,23116.80078125,23116.80078125,36434300,0.03538264439095595,-0.02334572195196538,0.07468518999550278,0.02765305388289918,0.1283870076326718,0.14997828993018764
2025-01-08,23011.099609375,23011.099609375,23418.19921875,22897.5,23338.69921875,17390800,0.031466980393282995,-0.012617416164295125,0.06924474477242104,0.03976583323414418,0.1319217948719938,0.14537606033122055
2025-01-09,22868.099609375,22868.099609375,23085.30078125,22836.19921875,23043.150390625,15886800,0.025868681078839995,-0.03028338647181672,0.069897472034263,0.027308970598794224,0.13458993594237437,0.1436927525173654
2025-01-10,22380.849609375,22380.849609375,22918.849609375,22336.80078125,22826.650390625,17004800,0.003508559601594907,-0.05486276987436656,0.05262431993072314,0.012649672306316528,0.1571232537906956,0.14965427086819555
2025-01-13,21903.349609375,21903.349609375,22277.80078125,21848.55078125,22256.94921875,41642100,-0.014663132011328628,-0.07014648956205694,0.044922509857743154,0.008529045614553143,0.17486011395775353,0.15528913220997403
2025-01-14,22203.900390625,22203.900390625,22250.0,21910.05078125,21970.75,29917500,0.002100918298924448,-0.05383859872464092,0.06638671707303168,0.018053931653591704,0.181774154599822,0.15813352240034095
2025-01-15,21972.69921875,21972.69921875,22288.55078125,21834.0,22281.849609375,20173200,-0.012709259154273456,-0.055100231411800094,0.04627549984768253,0.006987030324244192,0.1847431935218689,0.1584527498523118
2025-01-16,21909.75,21909.75,22085.69921875,21810.30078125,22083.55078125,22794600,-0.007465645977719371,-0.06192999148546452,0.03462012073620235,0.0001222676643187759,0.1828278609350101,0.15810759178480716
2025-01-17,22061.69921875,22061.69921875,22124.400390625,21836.94921875,21950.30078125,14997300,-0.011331241438768291,-0.04588564639285897,0.02981329256582632,0.01778789576214934,0.1801659425082888,0.15781227938858366
2025-01-20,22182.400390625,22182.400390625,22213.900390625,21863.44921875,22099.80078125,18161100,-0.022711351760664078,-0.028289521303746623,0.002629197701265684,0.017777208865295546,0.16953636575050487,0.15629626097016666
2025-01-21,21882.900390625,21882.900390625,22395.80078125,21862.650390625,22195.75,14485200,-0.027506592991010215,-0.026197477214946363,-0.003644394395355688,0.03154022446396343,0.17329000204566106,0.1554589561256181
2025-01-22,22034.94921875,22034.94921875,22055.05078125,21829.44921875,21962.94921875,13897000,-0.023794982906300888,-0.023740919415900508,0.001384501717889397,0.02724602130121656,0.17512264327373728,0.15587966829067226
2025-01-23,22343.30078125,22343.30078125,22373.94921875,21959.94921875,21980.30078125,14838200,-0.009557186105781934,-0.010243836178218557,0.012455140131811593,0.03009606739649573,0.1831618597987699,0.15860880015350695
2025-01-24,21872.400390625,21872.400390625,22249.75,21775.900390625,22199.55078125,29670100,-0.036990578412644526,-0.04308696843999171,-0.00928554764892231,0.008145352814545759,0.19512574095457538,0.16218092294490294
2025-01-27,21292.30078125,21292.30078125,21807.150390625,21225.650390625,21786.0,41383600,-0.07458374273945223,-0.05792117243841277,-0.033251972229790594,0.009014262441706777,0.20589892714242425,0.16950575755692526
2025-01-28,20796.599609375,20796.599609375,21272.55078125,20673.80078125,21266.80078125,37111500,-0.10518200433985747,-0.07054092476117702,-0.07609960689835049,-0.01369822487275163,0.21024593626361335,0.17476158242062875
2025-01-29,21163.900390625,21163.900390625,21220.349609375,20783.94921875,20816.0,23491100,-0.09603304293158499,-0.06912743859810688,-0.07566065001817202,-0.026068775252202303,0.2213275019330822,0.1754271205190151
2025-01-30,21419.650390625,21419.650390625,21485.30078125,21198.5,21245.599609375,37536200,-0.09059201493680291,-0.06083618410173408,-0.05176593843155919,-0.01743450389515455,0.22627423769344465,0.17729509191244933
2025-01-31,21438.599609375,21438.599609375,21641.19921875,21304.849609375,21413.099609375,25033300,-0.07844479079351774,-0.05299431187294068,-0.0577676494204562,-0.03270082889906689,0.22523446650487025,0.17683445590427915
2025-02-03,21361.599609375,21361.599609375,21397.80078125,21060.69921875,21370.19921875,14956500,-0.07417533069644122,-0.05735122248883007,-0.06337758968707408,-0.02215362561017753,0.22470577548921766,0.17687304697843714
2025-02-04,21733.94921875,21733.94921875,21761.849609375,21459.650390625,21486.849609375,21478600,-0.06434329789125015,-0.051761880200105304,-0.06566562542167098,-0.02134204534906947,0.23422375009471672,0.17903831155145383
2025-02-05,21868.5,21868.5,21929.900390625,21604.55078125,21807.650390625,28283100,-0.04965428114132764,-0.029229400410862083,-0.04996461835519539,-0.00844170006993572,0.23538435887576306,0.17628283611942586
2025-02-06,22009.05078125,22009.05078125,22170.849609375,21910.349609375,21942.349609375,31651200,-0.03756537896891199,-0.023653327363062693,-0.04083189159828737,-0.0010905845084340227,0.23702875951829006,0.17683559812892344
2025-02-07,22077.0,22077.0,22143.80078125,21891.55078125,22049.44921875,16351900,-0.013576321483690368,-0.011960571511686502,-0.01905822485095232,0.012120631393151227,0.22584247980790598,0.1760950267630144
2025-02-10,21665.650390625,21665.650390625,22082.0,21608.599609375,22028.849609375,12622400,-0.010852185761042743,-0.021937432389502742,-0.02365869364268003,-0.0009249896397756086,0.22264992832033348,0.17937504560557552
2025-02-11,21249.5,21249.5,21704.94921875,21123.650390625,21680.900390625,16509000,-0.04298345668259118,-0.02566798389663527,-0.03848527875814767,-0.004985911239115959,0.22560469814247733,0.18092279975514763
2025-02-12,21142.05078125,21142.05078125,21306.5,20931.150390625,21287.94921875,20180100,-0.03780365940617714,-0.02804106375275839,-0.03056858520691108,-0.007327366007383818,0.22378648646633093,0.18111822155541116
2025-02-13,21427.099609375,21427.099609375,21611.19921875,21165.44921875,21165.44921875,34325400,-0.022029023180319296,-0.005433065548081872,-0.010000763619585129,0.012576825239541956,0.2302300385166884,0.18229539268706685
2025-02-14,20811.55078125,20811.55078125,21499.69921875,20673.099609375,21466.80078125,35511100,-0.05666600859273396,-0.04397562780316733,-0.04485948070115653,-0.01892088366557354,0.2484217863492426,0.1904175294694362
2025-02-17,21076.0,21076.0,21157.900390625,20652.94921875,20755.55078125,20315900,-0.04987739699679217,-0.03054722017412559,-0.03337475721697014,-0.013827646039164976,0.2528910131455616,0.19237415285234843
2025-02-18,20969.19921875,20969.19921875,21142.05078125,20835.55078125,21060.55078125,17862300,-0.04175411648203842,-0.045207597978402014,-0.03830782704750657,-0.0049708823900345145,0.2497497962009755,0.19129437140222413
2025-02-19,20820.0,20820.0,20930.150390625,20299.94921875,20590.599609375,25280300,-0.055137373210562,-0.06119167037293094,-0.04553055567151976,-0.007975366977558074,0.24796875016778225,0.19045857130967903
2025-02-20,20785.75,20785.75,20841.150390625,20682.099609375,20746.30078125,17502300,-0.06970996794515971,-0.053547645337917116,-0.057118077554852875,-0.0005872779248686788,0.24007012712457937,0.18959894932529078
2025-02-21,20385.650390625,20385.650390625,20869.099609375,20303.349609375,20824.69921875,28767000,-0.06797379224263167,-0.06610360923612701,-0.055142670125669535,-0.005176479723736027,0.23833303313237728,0.19309585297477458
2025-02-24,20389.69921875,20389.69921875,20550.599609375,20222.150390625,20256.599609375,20893700,-0.04239098309633271,-0.061619267449123605,-0.030309903576033914,-0.004715686973880362,0.22195039225909854,0.19297962104495892
2025-02-25,20249.150390625,20249.150390625,20500.849609375,20203.400390625,20393.349609375,25558900,-0.026323977430580126,-0.08952477487011046,-0.008477797302298251,-0.023902036836664697,0.20810888680819262,0.186531558776052
2025-02-27,20201.25,20201.25,20336.900390625,20051.650390625,20292.80078125,21215200,-0.0454854905219374,-0.10017502280655566,-0.018803015440974957,-0.028870179378852612,0.19583972218158166,0.18513174105314206
2025-02-28,19813.5,19813.5,20223.900390625,19755.80078125,20223.900390625,37023000,-0.07498490224322163,-0.11726964676383056,-0.026605333596584013,-0.02190076140222752,0.1970523441899163,0.1885828815435811
2025-03-03,19879.80078125,19879.80078125,19908.94921875,19633.94921875,19764.25,18487800,-0.07270991839613183,-0.11341528370871545,-0.01362041905576139,-0.017444983882750842,0.1980333593030324,0.18889886512748638
2025-03-04,19820.650390625,19820.650390625,19884.900390625,19635.150390625,19795.19921875,16193600,-0.072136415199624,-0.11764692584578329,-0.01741283266064564,-0.011377399753909057,0.19805282087462744,0.18874101437909663
2025-03-05,20126.80078125,20126.80078125,20149.650390625,19713.099609375,19761.599609375,24003800,-0.07394645222201512,-0.10287385501287061,-0.01489028074439891,-0.008031530093127626,0.19540720451533608,0.19208323837656466
2025-03-06,20423.349609375,20423.349609375,20457.0,20200.44921875,20293.599609375,19934700,-0.06608365414294537,-0.08452828814335234,-0.01748528543000183,-0.0002721940188956662,0.2032985762394009,0.19482992116274242
2025-03-07,20378.30078125,20378.30078125,20509.69921875,20327.75,20458.599609375,13936800,-0.07409451757861685,-0.0858243184965648,-0.02957331076830827,-0.002218201648662377,0.20005058352193641,0.19483042123861563
2025-03-10,20256.55078125,20256.55078125,20591.30078125,20198.30078125,20429.94921875,14297200,-0.08245908496398968,-0.09174037394568724,-0.03578460246447501,-0.0032119413296786137,0.1984672925170807,0.19500064990403526
2025-03-11,20332.099609375,20332.099609375,20444.44921875,20101.44921875,20150.25,16926300,-0.06155138466681087,-0.08534686675683711,-0.023756741292810246,-0.0018068465769236486,0.19265579023225451,0.1952709754499855
2025-03-12,20424.0,20424.0,20443.349609375,20178.30078125,20357.0,16809200,-0.038847972893479854,-0.07822910410916661,-0.012785820790525482,0.014542733633916338,0.18447812776330388,0.1956192927711083
2025-03-13,20386.849609375,20386.849609375,20499.5,20305.150390625,20458.5,10523300,-0.03572033667352437,-0.08396562234035365,-0.007599540359750412,0.008098094431204905,0.18411688635674198,0.1952494896175698
2025-03-17,20703.94921875,20703.94921875,20775.55078125,20404.55078125,20442.0,15939200,-0.033749336298814825,-0.06208966950594441,-0.01105638746545834,0.01299456783790831,0.1864818303362166,0.19776263371541675
2025-03-18,21041.30078125,21041.30078125,21077.30078125,20712.25,20807.80078125,14698800,0.011039542531688262,-0.05705918136025667,0.015180507401886811,-0.0006701855959144742,0.16635292103643978,0.19943213558949535
2025-03-19,21145.650390625,21145.650390625,21172.19921875,20915.30078125,21133.25,15593400,0.0033047253095939144,-0.06838738267796485,0.0055652445118848926,-0.024795502208889264,0.16110859040981926,0.19628288465493235
2025-03-20,21340.599609375,21340.599609375,21364.94921875,21112.0,21242.849609375,11571400,0.017711710721547425,-0.05160686877563103,0.00701890648620318,-0.03478229604113181,0.1628910310847707,0.1967806441505731
2025-03-21,21625.900390625,21625.900390625,21680.80078125,21358.0,21417.5,26136100,0.038707991864793456,-0.04191689978878399,0.02050270631919915,-0.024948887084050186,0.16566337315043844,0.19875564808074025
2025-03-24,21771.150390625,21771.150390625,21807.80078125,21607.650390625,21734.849609375,13361500,0.04740749747423112,-0.03491969849414167,0.014884723170139669,-0.031999022400676425,0.165941200460568,0.1993347502249775
2025-03-25,21542.5,21542.5,21869.0,21427.80078125,21840.400390625,15394500,0.056748231584851316,-0.05151560441268965,0.018462838814889748,-0.048081998345898436,0.1529926955583641,0.1997609976618088
2025-03-26,21360.599609375,21360.599609375,21594.44921875,21299.900390625,21568.94921875,15007600,0.04761720024453209,-0.07161530609429745,0.006226452698457452,-0.05790240596691543,0.1579407890464578,0.1982485752510522
2025-03-27,21275.150390625,21275.150390625,21305.05078125,21042.849609375,21247.099609375,35173900,0.05066879252746426,-0.08459133764708326,0.004348975016797096,-0.08235190457694042,0.15600880557833696,0.19691424782875358
2025-03-28,21137.44921875,21137.44921875,21313.349609375,20999.94921875,21277.30078125,16678300,0.046343628178949325,-0.09716284343666248,0.0031279868580038617,-0.09185718774365781,0.158375274037674,0.1963107080408263
2025-04-01,20771.80078125,20771.80078125,21218.44921875,20704.69921875,21085.5,19614900,0.048366052502081924,-0.11809758095405043,0.0013145653967663318,-0.07580703744065653,0.15498695938937515,0.19825127631121794
2025-04-02,20952.849609375,20952.849609375,20983.900390625,20615.349609375,20771.05078125,14812400,0.05397684010682169,-0.0993251398381585,-0.0008643522130220571,-0.07131400076672467,0.1565840268545225,0.1982811808432322
2025-04-03,21423.55078125,21423.55078125,21996.599609375,21372.400390625,21571.849609375,47527600,0.08087022166453006,-0.07149032937336763,0.028002961707109808,-0.055994462800894484,0.1696146648401015,0.2037701007855689
2025-04-04,20560.0,20560.0,21431.19921875,20089.44921875,21430.94921875,45409100,0.02152350109976564,-0.1148823620715953,-0.003866694566850626,-0.08099276583418602,0.22762772955924424,0.21884067048229375
2025-04-07,19995.5,19995.5,20150.0,19121.099609375,19122.69921875,29810800,-0.020949042030725562,-0.13104978295545722,-0.00395615134463545,-0.06657458841343467,0.24343451132527294,0.22467623018282173
2025-04-08,20377.900390625,20377.900390625,20471.30078125,20077.900390625,20103.0,20693000,-1.9647890631246945e-05,-0.10889401661208087,0.0007186467829082277,-0.06678616416377792,0.25348102995838145,0.22870201815393942
2025-04-09,19976.30078125,19976.30078125,20137.900390625,19839.599609375,20019.900390625,26700,-0.013835030604489984,-0.10743778141102256,-0.011112431685598945,-0.06337958584629133,0.2624925032256669,0.2281276010242161
2025-04-11,20461.900390625,20461.900390625,20684.75,20379.25,20608.349609375,26200,0.006384032330342793,-0.06580953344839258,-0.008312912045977061,-0.05465996211991775,0.27653467842505985,0.23045457760351087
2025-04-15,20912.19921875,20912.19921875,20957.25,20665.25,20823.19921875,19500,0.023903212825597375,-0.05817451660071338,-0.014282443089936425,-0.06475458502735731,0.2866063720516339,0.2332682516026928
2025-04-16,20874.30078125,20874.30078125,20972.099609375,20768.19921875,20844.30078125,24900,0.023910078369874466,-0.04998923557660595,-0.022524298975367785,-0.059638917978808714,0.28660544161953494,0.23244069522327707
2025-04-17,21126.75,21126.75,21166.69921875,20862.80078125,20886.69921875,19600,0.020421262474267454,-0.035737514120425806,-0.03923999773009745,-0.05889529650029279,0.28460326916038575,0.2338881832437919
2025-04-21,21351.05078125,21351.05078125,21380.400390625,21078.05078125,21308.900390625,16796200,0.014721048057828146,-0.032211863213873704,-0.04182765086534124,-0.07196291451522474,0.28132348414117514,0.23450801009806765
2025-04-22,21438.05078125,21438.05078125,21501.849609375,21202.30078125,21378.80078125,15100,0.01382792135609301,-0.03355586394020671,-0.041160397459706566,-0.06878862505351901,0.2811657655373186,0.23437335174142548
2025-04-23,21738.94921875,21738.94921875,21759.55078125,21422.650390625,21537.69921875,20300,0.018666280079590702,-0.006578249194822083,-0.030418105608236656,-0.0632261811285062,0.2835702266085281,0.23462992951728437
2025-04-24,21974.599609375,21974.599609375,22058.19921875,21679.400390625,21769.150390625,47700,0.016124148010094652,-0.002738813181545563,-0.02226058257828778,-0.049870453505954204,0.282261939097153,0.2352562164939737
2025-04-25,21482.55078125,21482.55078125,22116.25,21323.19921875,22008.5,25900,-0.013256056946778338,-0.03852385144106918,-0.029360307931767693,-0.0744638400229719,0.29314003258869803,0.23791130574600594
2025-04-28,21908.099609375,21908.099609375,21961.900390625,21465.5,21466.099609375,17900,0.01697108549959392,0.001632158250234994,-0.010907547142525953,-0.051905435529320254,0.29914225784374776,0.23752241355314016
2025-04-29,21676.650390625,21676.650390625,21980.849609375,21567.19921875,21948.099609375,17100,0.014795969543443421,0.018051107455398174,-0.021356159136942665,-0.04795217354027925,0.3001220592520205,0.2319267226250958
2025-04-30,21772.44921875,21772.44921875,21970.0,21668.150390625,21708.849609375,22200,0.02337463279903007,0.046923517676182636,-0.008087371171802804,-0.013055322069431385,0.29984509794617314,0.22666302769829585
2025-05-02,21627.44921875,21627.44921875,21863.0,21495.05078125,21729.900390625,16200,0.02318160507112399,0.021902807118216128,-0.011995796647723322,-0.02919569132695532,0.29990965975268297,0.22444141001968526
2025-05-05,21775.75,21775.75,21802.05078125,21627.0,21699.099609375,16200,0.04833231501316115,0.01662490296904462,-0.007588775891208321,-0.035490213081838196,0.2922282651951248,0.22354240553770574
2025-05-06,21534.349609375,21534.349609375,21700.30078125,21359.30078125,21672.849609375,20900,0.027752788324305833,0.004466243212925658,-0.0171312468257252,-0.03259281670922154,0.29500369161400275,0.22475895333155074
2025-05-07,21462.44921875,21462.44921875,21556.099609375,21313.400390625,21320.80078125,18100,0.0018156858261817455,0.004721070108005376,-0.04826155258618736,-0.04036892259987557,0.2848230404182829,0.22474185135038524
2025-05-08,21115.05078125,21115.05078125,21517.94921875,21013.0,21464.75,19400,0.02699663332928015,-0.028476115006566438,-0.032788762487137246,-0.05099370849625129,0.24846767827167138,0.22430566680490738
2025-05-09,21071.75,21071.75,21107.30078125,20825.25,20855.05078125,17800,0.053824610537370976,-0.03643368315156503,-0.029490692652382577,-0.04958760205339785,0.2239643402076719,0.2238966219419577
2025-05-12,21102.69921875,21102.69921875,21156.75,20576.05078125,20949.69921875,37000,0.0355678855147632,-0.04118085652617698,-0.07043431323887206,-0.09716230116190683,0.21550298830756337,0.22346310617982448
2025-05-13,21359.75,21359.75,21589.099609375,21225.80078125,21226.30078125,30300,0.06925452484418537,-0.03248856275762102,-0.02803484465181505,-0.07571447895842986,0.20240462162138934,0.22487666299521453
2025-05-14,21480.5,21480.5,21508.400390625,21176.75,21362.19921875,19100,0.049780303389693525,-0.008545803485554115,-0.03074822542453637,-0.06351641297005872,0.1874738469237452,0.2219610759915153
2025-05-15,21650.650390625,21650.650390625,21671.349609375,21327.94921875,21489.19921875,21700,0.035311980540664534,0.018878109631991435,-0.03899820033513657,-0.06738732092523136,0.17451035875419527,0.2188751327566776
2025-05-16,21633.19921875,21633.19921875,21717.0,21504.5,21717.0,15500,0.03635563391812702,0.023230879661663595,-0.031169565988605097,-0.06245058533654646,0.17427507672159948,0.21860167566621458
2025-05-19,21740.44921875,21740.44921875,22026.650390625,21662.5,21723.849609375,18600,0.029048444211722035,0.014623986217803475,-0.016809968527503827,-0.06848206880541263,0.17053284563170115,0.21713502659492087
2025-05-20,21456.150390625,21456.150390625,21857.650390625,21427.75,21819.650390625,20500,0.0049224560632536996,0.030973165630489463,-0.01822104082258491,-0.04555137793831454,0.17443632044336524,0.21025593489730135
2025-05-21,21723.650390625,21723.650390625,21947.5,21461.19921875,21489.19921875,23000,0.01332208848132721,0.03072928404939268,-0.013416544120644414,-0.050019391607742714,0.17928936515663954,0.21019824501451678
2025-05-22,21521.75,21521.75,21741.69921875,21431.44921875,21703.349609375,18700,-0.009991247348913435,0.026350590477290492,-0.021530997688136155,-0.04618706999478661,0.17542434880346341,0.21086137591461632
2025-05-23,21434.25,21434.25,21452.099609375,21172.849609375,21389.349609375,17100,-0.024589736285546282,0.029502881844380324,-0.049601436492807016,-0.05423053029676339,0.170610254868819,0.21048421260759595
2025-05-26,21501.80078125,21501.80078125,21650.44921875,21443.30078125,21541.650390625,14400,0.0008960760850058591,0.034449119288454844,-0.03911335831645202,-0.05667759023876551,0.1511545344662195,0.21050614786642505
2025-05-27,21524.94921875,21524.94921875,21590.80078125,21444.19921875,21520.349609375,15000,-0.017488983410548387,0.055887293576315944,-0.03794643942920961,-0.033176915046036815,0.132491339651879,0.20633801250401312
2025-05-28,21393.30078125,21393.30078125,21574.55078125,21356.349609375,21562.599609375,16600,-0.013071651028590092,0.04922100869330648,-0.03018624952878335,-0.04828555452073946,0.1290297486323091,0.20683844118859598
2025-05-29,21589.349609375,21589.349609375,21610.69921875,21419.349609375,21489.900390625,19700,-0.008409692797322843,0.06618545434728396,-0.028932266239567128,-0.03520244584212473,0.1325216607523062,0.2068941391678576
2025-05-30,21442.05078125,21442.05078125,21641.55078125,21390.099609375,21570.80078125,28300,-0.008572367255370472,0.06142198038487723,-0.025165992385830394,-0.03641095239052228,0.1326256878829784,0.20741466988738724
2025-06-02,21394.099609375,21394.099609375,21465.55078125,21261.0,21445.5,12400,-0.017526394756782193,0.07977387182350415,-0.027969453021445934,-0.037375761036970934,0.12991726955779978,0.20315389235081574
2025-06-03,21354.19921875,21354.19921875,21514.55078125,21303.849609375,21514.55078125,18000,-0.00836572238738853,0.07416565456182056,-0.015047554461544488,-0.035385693499058846,0.1242458602590154,0.20320850053268516
2025-06-04,21371.69921875,21371.69921875,21461.349609375,21311.69921875,21338.69921875,14900,-0.004228315187845388,0.07825418427533704,-0.012657718524903161,-0.03665724090405598,0.12382437693535482,0.20302441034087113
2025-06-05,21644.19921875,21644.19921875,21694.05078125,21405.900390625,21407.30078125,23600,0.02506024934450446,0.07539193406801137,0.005405329471242171,-0.03266049505095281,0.11634084417335856,0.2023093176491724
2025-06-06,21684.400390625,21684.400390625,21707.69921875,21557.0,21686.849609375,14500,0.029074490283198973,0.06174554151837741,-0.012372143390992907,-0.04729789874430912,0.11570018679962792,0.20037603877731516
2025-06-09,21826.80078125,21826.80078125,21840.94921875,21694.80078125,21751.099609375,17000,0.03431322007644533,0.0710805093883371,0.02715164920116986,-0.042019999147302034,0.11711569001127657,0.20058064968587616
2025-06-10,21948.0,21948.0,21976.900390625,21802.19921875,21886.400390625,21000,0.02754011634031306,0.08350134418321842,0.006143220332925914,-0.03421521021649765,0.11155228136425252,0.20021989411735863
2025-06-11,22057.150390625,22057.150390625,22090.849609375,21962.30078125,22016.400390625,25900,0.026845296460743517,0.08484371090010745,0.007608992243925972,-0.032656142601847016,0.11123354176630156,0.20029897920193018
2025-06-12,22036.150390625,22036.150390625,22354.75,21968.75,22124.80078125,26500,0.017805469722375067,0.07893411626640234,0.024744249526759465,-0.028660250514488173,0.1087111839516086,0.20024459015064075
2025-06-13,21985.150390625,21985.150390625,22008.900390625,21742.05078125,21778.349609375,22000,0.016269030221381042,0.07839861537581627,0.028307542218675708,-0.02524829011233165,0.10915380593096255,0.20027985871244064
2025-06-16,22039.44921875,22039.44921875,22058.599609375,21840.349609375,21899.349609375,18800,0.013753165677097723,0.0645046017979285,0.013711042513037341,-0.043797725074954164,0.10825829892622667,0.1981108396390148
2025-06-17,21622.80078125,21622.80078125,22057.150390625,21516.94921875,22029.150390625,32500,0.007767021930356055,0.02763612411824745,0.0009001979147975625,-0.060787849478217915,0.11973741180451611,0.19978290136224136
2025-06-18,21588.400390625,21588.400390625,21724.099609375,21534.75,21587.150390625,21100,-0.0062259333752843204,0.020938112180096224,-0.00616957532978768,-0.062198104811211685,0.11112325440693725,0.19960421613660376
2025-06-19,21441.849609375,21441.849609375,21619.30078125,21394.849609375,21583.849609375,20600,-0.0037125415277567964,0.004744477749140774,-0.011171014693903913,-0.0643609411322057,0.10873842153441272,0.19927184910243753
2025-06-20,21613.0,21613.0,21642.650390625,21424.75,21443.650390625,23500,0.008339456710638293,-0.0005965250182412563,-0.0020918164247705207,-0.07605561653375237,0.11138086490047956,0.1980593757340221
2025-06-23,21626.19921875,21626.19921875,21672.69921875,21460.75,21531.30078125,15300,0.0057854892604380925,-0.006657947296042632,0.006955435424634171,-0.062179604678664235,0.11091885308653551,0.19757167066834969
2025-06-24,21672.099609375,21672.099609375,21864.349609375,21655.75,21728.19921875,23900,0.006836271209263556,0.006015996721596917,-0.0019508326362676076,-0.052107267429319926,0.111079001387226,0.1964135096380221
2025-06-25,21804.80078125,21804.80078125,21832.400390625,21708.44921875,21749.80078125,25000,0.019234993431245462,0.020795351254093264,-0.0006539790457522621,-0.05405080392898909,0.1101075403838272,0.19596611516223286
2025-06-26,21808.19921875,21808.19921875,21860.80078125,21665.349609375,21835.900390625,29200,0.01013692461027027,0.025054996948923547,-0.01867083591893337,-0.05789918216971457,0.10579954275457157,0.19575689224197448
2025-06-27,21928.599609375,21928.599609375,22001.0,21823.599609375,21850.849609375,30600,0.022691338300087516,0.03742884879047792,-0.013150136506732135,-0.05264384484517293,0.1034772362337948,0.1954932585443263
2025-06-30,22038.69921875,22038.69921875,22079.099609375,21934.19921875,22036.25,25100,0.030129784433299278,0.060991266517613996,-0.002255381185169991,-0.04051016196492663,0.10355305968061318,0.19201762325128524
2025-07-01,22041.25,22041.25,22124.05078125,21856.19921875,22097.900390625,27300,0.03217403632006666,0.05194522038367588,-0.008543118869909883,-0.04274953641815249,0.10293946995873053,0.1913533448649313
2025-07-02,22110.80078125,22110.80078125,22176.099609375,21996.5,22030.400390625,26400,0.0345831913005572,0.03207918271893018,0.0007410129951737066,-0.06268603628088765,0.10304250772341339,0.1861773474851188
2025-07-03,22204.25,22204.25,22238.349609375,22103.94921875,22155.75,26100,0.025875329255186097,0.07997324902723735,-0.0005641287159214858,-0.029213029089101505,0.09517537473468471,0.16479507132335253
2025-07-04,22384.599609375,22384.599609375,22409.900390625,22196.650390625,22261.150390625,24900,0.0322904579391885,0.11948186388812476,0.013974724281061501,-0.029397298662454663,0.09820199924498439,0.15375619574347518
2025-07-07,22365.05078125,22365.05078125,22418.19921875,22262.400390625,22401.55078125,14100,0.024660050063881833,0.09751497222644212,0.01039487376585324,-0.0322982463822763,0.0967560727790701,0.14967276383855438
2025-07-08,22165.900390625,22165.900390625,22400.150390625,21987.650390625,22383.400390625,20900,0.009928029461682142,0.10960986387580762,-0.006732496146531597,-0.029830675381532057,0.10171022311072304,0.14456043501115795
2025-07-09,22208.5,22208.5,22267.19921875,22073.150390625,22109.75,24600,0.006861702744672238,0.0853586214394455,-0.0064509693240963895,-0.03061671372285213,0.10050459038559979,0.13690153015403292
2025-07-10,22076.80078125,22076.80078125,22198.75,21973.75,22175.94921875,20200,0.0018447137954864523,0.05569005680931971,-0.016921239383566267,-0.031186287878963714,0.10289361263831884,0.13091130158575706
2025-07-11,22225.900390625,22225.900390625,22346.80078125,22124.849609375,22172.900390625,33500,0.010950573260697816,0.06474945549261468,-0.006495803427908786,-0.008324565623989644,0.10507322009568809,0.1313243972116419
2025-07-14,22410.349609375,22410.349609375,22502.30078125,22118.650390625,22166.5,28500,0.0168289319276389,0.06075707855562262,0.011385251200883628,0.009161051845927304,0.10844148623749443,0.13020428594233394
2025-07-15,22665.69921875,22665.69921875,22688.650390625,22373.849609375,22513.5,25100,0.04823142237911848,0.0615730087932953,0.0344546197990514,0.017211327283757294,0.08569770590535161,0.13045516097606524
2025-07-16,22593.900390625,22593.900390625,22694.849609375,22562.25,22678.599609375,35700,0.04657593808741156,0.053915797717296154,0.03045473941961463,0.010683705474695104,0.0868393626769976,0.1305709360274337
2025-07-17,22680.349609375,22680.349609375,22794.19921875,22625.849609375,22647.599609375,23400,0.05776087523058138,0.04330477895468077,0.044926768417234975,0.01114144987029353,0.08001459233554377,0.12786577659147577
2025-07-18,22592.75,22592.75,22720.30078125,22511.650390625,22713.55078125,17600,0.04533151344098463,0.028130223149152478,0.05106573230338207,-0.00163470136135202,0.08093397717801837,0.12645263375816407
2025-07-21,22531.849609375,22531.849609375,22615.150390625,22439.150390625,22567.94921875,15400,0.04187746452644325,0.04884423822895512,0.03712016427028808,0.0051097101964250324,0.0826398697791062,0.11714861427846698
2025-07-22,22307.19921875,22307.19921875,22570.400390625,22275.5,22529.099609375,17800,0.02930494141417972,0.018216988989963045,0.028644082517536473,-0.011887636886067199,0.09308219236197372,0.11246312587394472
2025-07-23,22417.44921875,22417.44921875,22436.05078125,22297.400390625,22326.05078125,16000,0.028096951843137985,0.0341749677544918,0.029081299455017695,-0.002147887948787952,0.09239320345783429,0.11051152173876193
2025-07-24,22541.05078125,22541.05078125,22618.69921875,22455.099609375,22457.19921875,22200,0.033604405166563156,0.035301566432778486,0.05266191781382923,0.005388916171243041,0.09339107316887699,0.11069588875775371
2025-07-25,22662.69921875,22662.69921875,22715.94921875,22440.05078125,22525.55078125,23200,0.033476812128995004,0.04786741097061431,0.06471197102903836,0.027729125413104017,0.09332452374430578,0.1100756592225786
2025-07-28,22761.150390625,22761.150390625,22908.400390625,22662.80078125,22690.5,36300,0.03278102598997101,0.04525219065359409,0.06554932659779067,0.036268557566402126,0.0930329152194853,0.10960674472602847
2025-07-29,23072.44921875,23072.44921875,23115.05078125,22732.599609375,22741.5,25400,0.046784969942720966,0.0714254034728492,0.07500150714177622,0.05331600023924454,0.10200922125691425,0.10987095796580672
2025-07-30,23073.900390625,23073.900390625,23162.44921875,22996.55078125,23102.05078125,23900,0.04355788010137163,0.07508235222600801,0.06706552938171628,0.05703356202126453,0.1022507213478266,0.10949691753039593
2025-07-31,22771.05078125,22771.05078125,22993.849609375,22701.849609375,22772.900390625,26200,0.025526679858585588,0.07842746944613155,0.050598265405216614,0.058053699694053496,0.11540651937727135,0.10754076665591891
2025-08-01,22011.69921875,22011.69921875,22705.94921875,21972.650390625,22696.25,29300,-0.016658792077246853,0.04460707908692929,0.01851855329901486,0.021391917083638745,0.16715681790242953,0.1293459284962208
2025-08-04,22153.80078125,22153.80078125,22206.80078125,21890.55078125,22038.5,19000,-0.009445540815722353,0.04980886812650409,0.01956125611092474,0.05791124147823867,0.16913873412779928,0.12986691083981827
2025-08-05,21970.150390625,21970.150390625,22237.599609375,21879.650390625,22142.650390625,15300,-0.008831132349705562,0.028577131784079945,0.025371991119782167,0.025680225644871824,0.16874074957690482,0.1290231004604907
2025-08-06,21523.75,21523.75,21966.599609375,21487.30078125,21966.5,23900,-0.030832789247360215,0.002013454062987252,0.004569034597491917,0.005771574070243313,0.18279833084231206,0.1355259616984517
2025-08-07,21684.80078125,21684.80078125,21712.349609375,21325.19921875,21380.900390625,23500,-0.017756195921871498,0.0015773378632444324,0.012182361551432819,0.020169124904730107,0.18471780457536613,0.13542106876447468
2025-08-08,21402.150390625,21402.150390625,21676.150390625,21375.94921875,21633.05078125,18100,-0.03706261548564582,-0.010680289391720832,-0.0057881211907852,0.015558928327869648,0.18726944824146602,0.13806989877468584
2025-08-11,21604.650390625,21604.650390625,21783.599609375,21324.05078125,21391.75,15300,-0.03595210395169157,-0.006246367163741939,-0.0161273676032736,0.008201095150510929,0.18814090576939518,0.13907923003423478
2025-08-12,21753.5,21753.5,21900.0,21554.69921875,21604.650390625,22100,-0.04024580093233532,0.013858478989079215,-0.012129989223259918,0.021819133378797595,0.1846341010731086,0.13708986171924356
2025-08-13,22130.30078125,22130.30078125,22171.05078125,21794.30078125,21803.44921875,17000,-0.02051879495615394,0.018719247608610656,0.0029898508504691,0.026541602641313333,0.19672751556281787,0.1392356427814096
2025-08-14,22151.849609375,22151.849609375,22370.44921875,22077.5,22176.849609375,19700,-0.02330210993668025,0.029277340800585527,-0.004181411910957111,0.028399574587029353,0.19605414556907527,0.1377803217741046
2025-08-18,22141.150390625,22141.150390625,22253.30078125,22038.69921875,22243.5,18000,-0.019988695903553122,0.032979945210352524,-0.016326019462761243,0.03202236728759633,0.1958060312679948,0.13746946730691068
2025-08-19,22066.75,22066.75,22177.44921875,22030.55078125,22167.099609375,12300,-0.020641874388398262,0.026274507167913352,-0.016255833682017218,0.02709446943683702,0.19589661953975945,0.13759005276462574
2025-08-20,21969.5,21969.5,22093.69921875,21899.650390625,22069.55078125,15500,-0.015138575463393478,0.020652814403053776,-0.014725597110114896,0.011615927180681052,0.1934856416333942,0.13794033337861886
2025-08-21,22177.69921875,22177.69921875,22253.69921875,21867.75,21958.650390625,17200,-0.010694793937549019,0.03666561067507068,-0.005296263867398121,0.023281045037863324,0.19588748828605126,0.13850707740776183
2025-08-22,22265.0,22265.0,22304.650390625,22171.599609375,22213.19921875,14700,-0.012246579981072703,0.031295541683738604,-0.004585609711519667,0.029825758785804624,0.19532436904015013,0.1375478419442056
2025-08-25,22362.80078125,22362.80078125,22394.05078125,22259.599609375,22361.599609375,15200,-0.013233129672915567,0.04294132167642983,-0.018497453061408597,0.03417184088998115,0.19494920204041363,0.13690518313014127
2025-08-26,21990.0,21990.0,22292.349609375,21941.150390625,22292.349609375,32500,-0.03388011490590681,0.027853492388334677,-0.03514224027945401,0.02803753178683166,0.20207465436515276,0.14142427992405338
2025-08-28,21808.349609375,21808.349609375,22051.80078125,21732.349609375,22043.80078125,25400,-0.05478827138766529,0.02126749806783823,-0.04188798800823512,0.02296250099643149,0.19488892589300982,0.14248517277341965
2025-08-29,21804.05078125,21804.05078125,21894.599609375,21696.900390625,21806.349609375,31200,-0.05503402493195053,0.020230097666763314,-0.03780609103458654,0.02808338949665845,0.19484013597827338,0.1424861249251959
2025-09-01,21778.849609375,21778.849609375,21916.849609375,21691.400390625,21820.400390625,26600,-0.043572919906357255,0.006221084423781997,-0.037787357671287714,0.011305732149271108,0.19098150497645625,0.14017198948754925
2025-09-02,21719.94921875,21719.94921875,21845.05078125,21676.55078125,21813.94921875,17200,-0.013254315221220225,0.0016393733506401276,-0.013834400594585294,0.01857535350681172,0.15004290524154112,0.14024033368698932
2025-09-03,21959.599609375,21959.599609375,21985.19921875,21697.19921875,21741.25,17200,-0.008766043072815033,0.0060842094751274445,-0.008454620648125188,0.021546319866622254,0.15371191925818165,0.1414080334967801
2025-09-04,21915.400390625,21915.400390625,22156.69921875,21850.75,22156.69921875,11400,-0.002492017534088564,-0.0014853111616092152,-0.005930214065623884,0.013251206310532004,0.15102784021262458,0.14101441418982688
2025-09-05,21924.80078125,21924.80078125,22139.849609375,21842.19921875,21927.349609375,12800,0.018632941808467418,-0.006000304075147067,0.01184530328705713,0.009925634194158928,0.13038791984132067,0.14063540447391412
2025-09-08,21865.19921875,21865.19921875,22034.80078125,21811.25,21951.099609375,10700,0.008319118968156847,-0.007757760264139879,0.0011228708891295458,-0.0031351346127699298,0.12861860550374132,0.14072793800355718
2025-09-09,22052.650390625,22052.650390625,22080.400390625,21883.55078125,21885.25,13000,0.03039414208980351,0.003070254185242316,0.009653979143004587,-0.0029980507499252074,0.1211492841645102,0.1417614870576136
2025-09-10,22122.05078125,22122.05078125,22201.44921875,22026.75,22110.94921875,15100,0.023948565761078733,0.0037478959514889443,0.008164631386578636,0.0026816297668539324,0.11770706426099388,0.14181738504116734
2025-09-11,22224.0,22224.0,22307.80078125,22039.55078125,22150.30078125,16700,0.021628703427034823,0.027803947547411445,0.0004708997765765499,0.0216840763432935,0.11652409312878506,0.13636016044497826
2025-09-12,22341.19921875,22341.19921875,22399.25,22260.44921875,22262.400390625,12900,0.009529849575234284,0.03487052373050803,-0.010562086177472896,0.022701065372870977,0.10137686372198443,0.13664307390234764
2025-09-15,22198.69921875,22198.69921875,22330.900390625,22111.849609375,22315.30078125,12100,0.002114929913354713,0.035297776225614585,-0.01566319887444112,0.024167762260119963,0.10423269551936025,0.13655040497983978
2025-09-16,22264.55078125,22264.55078125,22310.900390625,22197.099609375,22240.0,9700,0.005573350455956971,0.03014624444778602,-0.008984318470425912,0.025100959378291154,0.10469098959686476,0.1357806208437222
2025-09-17,22241.349609375,22241.349609375,22307.05078125,22194.599609375,22274.5,14100,0.007912339124474643,0.02844468343247586,-0.00608247701955178,0.014094569753921649,0.10394060642889104,0.1358168759132269
2025-09-18,22574.349609375,22574.349609375,22596.900390625,22261.19921875,22321.900390625,25100,0.02753133250073958,0.04163186845125533,0.012639491144332382,0.02648873213846281,0.11413217603394157,0.1389528576189462
2025-09-19,22686.599609375,22686.599609375,22716.900390625,22580.75,22636.19921875,31600,0.022946491680920333,0.040440581731123304,0.01324695388254482,0.037180467004299,0.11099701659351095,0.13878173147948766
2025-09-22,22365.75,22365.75,22685.44921875,22325.5,22668.94921875,17000,0.0045250392993487765,0.025566108217254246,-0.008834376433540125,0.0391341692225774,0.12302151203388162,0.14210321998771935
2025-09-23,22299.099609375,22299.099609375,22434.75,22210.25,22386.55078125,12400,-0.0028485328156395706,0.01689574375928693,-0.010928956562272774,0.03516177153778843,0.12249799858560091,0.14187065091373263
2025-09-24,22180.69921875,22180.69921875,22321.25,22166.400390625,22291.05078125,11100,0.008672088165075031,0.006443211488597722,-0.005282626173592986,0.024476266898085686,0.10765355413779082,0.14197976273921842
2025-09-25,21977.69921875,21977.69921875,22311.150390625,21956.25,22219.650390625,16700,0.007765356499154885,-0.0028832657517154914,-0.008150353231219265,0.022602453812460954,0.10866307075072788,0.14325361873744752
2025-09-26,21507.19921875,21507.19921875,21695.55078125,21390.25,21623.94921875,34500,-0.013614514361490637,-0.02729894626936602,-0.0229423488149173,0.004080011340131917,0.133916105153555,0.14975150896307554
2025-09-29,21475.30078125,21475.30078125,21740.849609375,21443.80078125,21543.400390625,23495900,-0.013937780625214113,-0.032829265512232975,-0.014337763937431358,-0.0025048699359530024,0.1339364507668688,0.14944620444703205
2025-09-30,21454.25,21454.25,21594.25,21365.900390625,21509.05078125,14510200,-0.012232957640648245,-0.041562039331065614,-0.013514508215133003,-0.008181559749548817,0.13373345059480768,0.14835702887158247
2025-10-01,21733.5,21733.5,21786.55078125,21511.5,21511.5,21742500,-0.010296162653096519,-0.02823828961655961,-0.015202080147386554,-0.0036912326782803095,0.13614384207836264,0.1509659806721104
2025-10-03,21756.349609375,21756.349609375,21873.19921875,21660.69921875,21684.19921875,19700800,-0.007257489181810239,-0.0184766138091651,-0.013724185781184062,0.006138921502814476,0.13613155157887302,0.1499579551800585
2025-10-06,21779.849609375,21779.849609375,21799.0,21591.44921875,21727.150390625,13309600,-0.0066112879802748825,-0.01930118606051734,-0.020218271959297596,-0.0036610674843058355,0.13620140717112536,0.14991443867675183
2025-10-07,21875.30078125,21875.30078125,21900.349609375,21737.30078125,21813.75,15438200,0.000461992703516545,-0.009127228260859988,-0.013066782819189271,0.0006123412070017098,0.1368766178277051,0.14975304371051443
2025-10-08,21707.349609375,21707.349609375,21973.650390625,21677.150390625,21856.150390625,14214700,-0.01565801729649663,-0.023330923478300458,-0.022797574168973878,-0.01920766944852903,0.13561537540542282,0.14984156253248293
2025-10-09,21936.19921875,21936.19921875,22042.55078125,21837.349609375,21872.19921875,27615300,-0.008401190483547816,-0.02115765255293689,-0.016758229663283886,-0.02512459326016181,0.1408449035150665,0.150458088657076
2025-10-10,22218.25,22218.25,22324.599609375,21849.55078125,21952.400390625,25619000,-0.00025872930165582453,-0.019741249296198693,-0.011450251541762935,-0.023295366464470724,0.1475428242979627,0.1509661123158031
2025-10-13,22205.099609375,22205.099609375,22231.80078125,22094.599609375,22154.69921875,13627000,-0.006091866781295141,-0.017208218790383256,-0.010605270037447156,-0.017815024966435278,0.14622551523647287,0.1508513194925571
2025-10-14,22039.25,22039.25,22227.25,21924.849609375,22223.150390625,22178300,-0.007182818109239597,-0.028266742815551638,-0.010226424751167529,-0.02962272912097652,0.14688297719475657,0.15131692487902698
2025-10-15,22057.30078125,22057.30078125,22146.900390625,22007.900390625,22047.05078125,15754500,-0.00930851927066656,-0.023700046198448566,-0.012654564620225406,-0.03792404073028688,0.14643630082737183,0.15117303475916896
2025-10-16,22103.19921875,22103.19921875,22129.69921875,22034.05078125,22083.25,15509500,-0.00621142120650664,-0.01902419899193042,-0.01628044070888024,-0.03873674499106272,0.14669266776119005,0.15117974248104257
2025-10-17,22253.75,22253.75,22341.05078125,22039.0,22122.19921875,14701000,-0.014201942245186894,-0.002396052423518702,-0.025461166131581114,-0.028290940820775434,0.13816927201578477,0.15049624267238518
2025-10-20,22439.900390625,22439.900390625,22477.94921875,22313.5,22346.849609375,19931300,-0.010874226327336145,0.0010015043038982263,-0.03125163283362686,-0.023711123039851456,0.1405032959855644,0.1511357660625766
2025-10-21,22515.69921875,22515.69921875,22547.849609375,22477.150390625,22509.5,3379000,0.006704412718106845,-0.0011246841483134595,-0.0197316144907278,-0.033304749369118536,0.1313423613198811,0.15086894471208118
2025-10-23,22481.25,22481.25,22667.44921875,22441.25,22665.0,23368700,0.00816850876563735,-0.008006514007822929,-0.02051304591860359,-0.050459321940544255,0.1309560820683784,0.15047661742287036
2025-10-24,22357.349609375,22357.349609375,22517.900390625,22273.05078125,22492.05078125,21964200,0.007964148870278631,-0.017740789649029365,-0.02149879301363522,-0.0628870356272857,0.13107566353053468,0.15058286360665563
2025-10-27,22310.400390625,22310.400390625,22411.55078125,22272.349609375,22405.69921875,18308900,0.015138125631966037,-0.03302851903150861,-0.028058518466113735,-0.07915665960117735,0.1265317347048849,0.1478121486401477
2025-10-28,22250.900390625,22250.900390625,22377.400390625,22147.599609375,22316.849609375,15898900,0.034579173434476695,-0.0356680052382643,-0.01739874723005186,-0.07916614358508234,0.09631658520467742,0.14786910415860138
2025-10-29,22430.69921875,22430.69921875,22521.44921875,22297.94921875,22311.75,16149500,0.044488244762287854,-0.014946677945150033,-0.013112962366603531,-0.0668496428792128,0.09806470672989402,0.14654045095065169
2025-10-30,22298.19921875,22298.19921875,22388.150390625,22105.400390625,22388.150390625,31909500,0.039337157847512794,0.013015805692817795,-0.012133520834290756,-0.04041311027502603,0.10167931573183167,0.12928712547374255
2025-10-31,22175.400390625,22175.400390625,22312.19921875,22147.849609375,22251.55078125,22384700,0.020332684133940626,0.0009749843644564216,-0.015332805502653146,-0.03944728295511757,0.09614349388552142,0.129152574570278
2025-11-03,22442.599609375,22442.599609375,22472.849609375,22154.94921875,22187.099609375,1247000,0.03154251574006195,0.0215041413167385,-0.0033691449596979783,-0.023681218773970558,0.10373395683987245,0.13024972203431084
2025-11-04,22334.44921875,22334.44921875,22494.900390625,22286.0,22475.30078125,22298300,0.025463886083780585,0.03766533335269173,0.004728291165590148,-0.003982053110022088,0.10618400237259865,0.12328722110838286
2025-11-06,22250.55078125,22250.55078125,22474.55078125,22167.94921875,22393.849609375,35755100,0.01715404984610025,0.026089702446756347,0.001167367155101573,-0.011052241053199019,0.10694263216174782,0.12277204562191997
2025-11-07,22169.80078125,22169.80078125,22320.0,22105.19921875,22260.94921875,18219600,0.02130389845821057,0.03586790937424977,0.003490766153774638,-0.010472281149888074,0.10354390785767115,0.11980406134535652
2025-11-10,22379.849609375,22379.849609375,22422.5,22212.80078125,22249.099609375,21651700,0.0202245788434392,0.03588112766158824,0.004635986449471607,-0.00435872528512582,0.10232713623633903,0.11980808110339507
2025-11-11,22369.599609375,22369.599609375,22369.599609375,22369.599609375,22369.599609375,0,0.006811950057947769,0.028321861280943272,-0.009387138177048726,-0.020991206209361346,0.09243428426142772,0.11910691555948039
2025-11-12,22593.400390625,22593.400390625,22616.650390625,22333.849609375,22453.25,34648600,0.01748700920423074,0.020926042260002387,-0.008217283236938933,-0.030109065970336246,0.09841295117882559,0.1156507416126127
2025-11-13,22686.80078125,22686.80078125,22828.55078125,22595.400390625,22644.650390625,29149600,0.029381706784486816,0.024149277884615072,0.0002054967021658527,-0.026511855299422793,0.0938539548540701,0.11590400844006453
2025-11-14,22821.05078125,22821.05078125,22864.599609375,22648.94921875,22714.30078125,22405000,0.034625723590314905,0.030707545842463713,0.011465464388660918,-0.010820921069441214,0.09512671384017389,0.1164338471205771
2025-11-17,22867.599609375,22867.599609375,22888.80078125,22750.19921875,22885.44921875,22546100,0.034583246663069556,0.036292141315553916,0.017849089767256743,-0.005051811382835281,0.09512466896843877,0.11619310315417339
2025-11-18,22713.650390625,22713.650390625,22882.55078125,22680.44921875,22878.69921875,23630200,0.02066619741054887,0.03387197663237673,0.012879252915860118,-0.00043864621601685805,0.09763095437144326,0.11672139328243342
2025-11-19,22727.650390625,22727.650390625,22773.0,22593.099609375,22754.599609375,17339900,0.012823140699867785,0.02479748536809656,0.004716543909872639,-0.01382913109176287,0.0937353777159873,0.11524668141888232
2025-11-20,22687.55078125,22687.55078125,22802.099609375,22638.599609375,22801.05078125,20509100,0.007632521683221372,0.018978252021109254,-0.00487495016047057,-0.03417999028651875,0.09352102727741415,0.11509449967981294
2025-11-21,22580.94921875,22580.94921875,22695.150390625,22544.900390625,22665.80078125,17315300,0.004434772032249068,0.009754969408076297,-0.0023918189336069595,-0.03431790021874237,0.09505073529683403,0.11522971895428319
2025-11-24,22492.44921875,22492.44921875,22625.900390625,22442.05078125,22604.650390625,33964800,0.006042738148100968,0.022848986755343415,-0.0003285993663619813,-0.027630402017056133,0.09393081101259844,0.11003197928944067
2025-11-25,22590.94921875,22590.94921875,22672.099609375,22480.0,22521.900390625,14392000,0.012574800237242112,0.035885320227926565,0.0157038860071379,-0.020598334191342715,0.09454177059669913,0.10882351673589084
2025-11-26,22862.349609375,22862.349609375,22881.849609375,22572.650390625,22591.150390625,15405500,0.027479751741085634,0.04853679890688323,0.01710423140249029,-0.02427042758017195,0.10174120036451793,0.11126588287671932
2025-11-27,22863.0,22863.0,22948.0,22812.69921875,22879.349609375,15901900,0.01927272872923358,0.04977996588756062,0.013068268429570873,-0.014808733406048047,0.09868084195612296,0.11120383154348243
2025-11-28,22998.30078125,22998.30078125,23010.400390625,22856.650390625,22899.69921875,16789100,0.031397224306405125,0.05885610272957953,0.018834371740122924,-0.007188488523885539,0.09665401143100438,0.11143990573990867
2025-12-01,22887.75,22887.75,23101.099609375,22810.25,23076.94921875,27406600,0.03212341589449519,0.04226627111310144,0.014486815558041544,-0.016835335906786097,0.09600144587769291,0.1100661019560188
2025-12-02,22905.0,22905.0,22983.650390625,22825.349609375,22879.75,34343900,0.020603691135310465,0.04515544282724271,0.010168339620413969,-0.0073181827253292475,0.08779669976274382,0.10992166388739363
2025-12-03,22907.849609375,22907.849609375,23005.30078125,22726.5,22949.30078125,31202600,0.025673361586352694,0.04483729808690895,0.01050206252379371,-0.005484030881200752,0.0851390539722517,0.10992706913651205
2025-12-04,22958.94921875,22958.94921875,22987.900390625,22838.25,22912.94921875,29710300,0.03183734391406401,0.05002241182701317,0.011294146726352094,-0.0008633087817009333,0.0830745992801646,0.10973084518663523
2025-12-05,22947.150390625,22947.150390625,22974.0,22839.80078125,22973.19921875,20371700,0.03506344585795462,0.04056201790512537,0.007833717028983722,-0.012430495950708886,0.08119944454274745,0.10857164953571255
2025-12-08,22640.69921875,22640.69921875,22946.69921875,22556.30078125,22938.099609375,21676400,0.011655556848144677,0.023444862441939218,-0.0034455572671259205,-0.016095730729134727,0.09224926271293758,0.11221406542418769
2025-12-09,22522.849609375,22522.849609375,22660.19921875,22405.05078125,22607.94921875,20987800,0.006850815511949326,0.01344715664934304,0.0012193129686630666,-0.01991152006677943,0.09448024796379116,0.11244358288451559
2025-12-10,22561.5,22561.5,22703.849609375,22488.19921875,22583.80078125,16975500,-0.0014119340193801122,0.009860741095093495,0.0031406122861765695,-0.015782326516597278,0.08763959857064321,0.11199912315814378
2025-12-11,22783.44921875,22783.44921875,22799.349609375,22475.19921875,22541.80078125,14517200,0.004260117520839657,0.02634163354518071,0.0035104642156822408,-0.006740857653010579,0.09335609735939578,0.11285820274511701
2025-12-12,22808.69921875,22808.69921875,22882.80078125,22742.099609375,22825.650390625,18236400,-0.0005412354855346413,0.02444012649733107,-0.005824839082292921,-0.007567735188627189,0.09100394135715136,0.1127446640983268
2025-12-15,22719.400390625,22719.400390625,22805.44921875,22588.900390625,22736.75,11247900,-0.006480750987490791,0.02149378475883923,-0.007013227952906598,-0.006024726951467718,0.09166737219147275,0.11305641955304804
2025-12-16,22591.5,22591.5,22712.19921875,22558.349609375,22700.75,12689200,-0.005377840572707626,0.000759729113873453,-0.0034499720286927937,-0.01640935813996447,0.09071483896156228,0.10957522138210153
2025-12-17,22612.150390625,22612.150390625,22650.5,22515.650390625,22585.599609375,13236500,-0.00508191555285642,-0.00328163850166574,0.00390371953090618,-0.022687766923213615,0.09075950049742314,0.10910766589951008
2025-12-18,22557.599609375,22557.599609375,22601.19921875,22394.25,22601.19921875,16510600,-0.0057278625237237035,0.008577830360037009,0.008650476167772037,-0.015753280880753673,0.09093203785027656,0.1051590762936405
2025-12-19,22751.25,22751.25,22863.19921875,22583.55078125,22583.55078125,24858600,0.007541790187836295,0.02027662096432392,0.011445020699986208,-0.011384730696416323,0.09448815989305401,0.10634373110604523
2025-12-22,22927.900390625,22927.900390625,22943.69921875,22765.150390625,22780.30078125,16743100,0.019359882404980766,0.03368699807458597,0.011158630815967019,-0.010831676725963746,0.09649101648701573,0.10674259785820188
2025-12-23,22875.099609375,22875.099609375,23005.75,22820.30078125,22980.599609375,13387500,0.012578063359514058,0.04083231741834892,0.0012838057043897955,-0.010845339288295675,0.09627036923026634,0.10497501088985454
2025-12-24,22757.400390625,22757.400390625,22934.30078125,22717.44921875,22903.150390625,16075100,-0.004590482629439063,0.05812942722849157,-0.002178712110085912,-0.002199858374547725,0.08842509889403709,0.0949732121144488
2025-12-26,22684.650390625,22684.650390625,22807.900390625,22631.599609375,22761.900390625,12241300,-0.007800796456064352,0.05631351205245405,-0.0011921235563169263,-0.0008168342573933174,0.0890411646045331,0.09522550798716542
2025-12-29,22578.30078125,22578.30078125,22721.25,22552.599609375,22697.25,16053400,-0.018262218761066706,0.05239291894379905,-0.008307247387525862,-0.0016883704388577225,0.08703359331182402,0.09584428633561672
2025-12-30,22540.05078125,22540.05078125,22615.94921875,22395.150390625,22604.5,25377400,-0.015191498454413366,0.0371109476729472,-0.006141122032534363,-0.007281687036862827,0.08587727816399164,0.09260246333539726
2025-12-31,22723.650390625,22723.650390625,22770.099609375,22536.150390625,22620.69921875,13158000,-0.007917468211089296,0.044460619479711916,-0.011659003446223948,-0.005163273964557291,0.09139890463931957,0.09386912183415103
2026-01-02,22790.900390625,22790.900390625,22803.650390625,22578.69921875,22649.650390625,13771200,-0.005105202834147282,0.04642138487562364,-0.018287330951210268,-0.0034596993224651484,0.09216239209892127,0.09397801139822734
2026-01-05,22743.400390625,22743.400390625,22930.69921875,22706.05078125,22810.44921875,16653300,-0.009388444831306408,0.03968400791631965,-0.01770652352723001,-0.005798958452029934,0.09189209177854128,0.09384849592111036
2026-01-06,23126.849609375,23126.849609375,23149.94921875,22764.849609375,22791.05078125,17554400,0.007831003662372549,0.0653925986149384,0.008126958258402706,0.020174119508906907,0.11030322822018845,0.09782610766860572
2026-01-07,23286.25,23286.25,23492.55078125,23021.80078125,23117.05078125,32875100,0.02851284648997865,0.06154442562210338,0.0215715754719481,0.023463383401166604,0.09955570135892808,0.0966095422807905
2026-01-08,22962.55078125,22962.55078125,23260.25,22927.30078125,23260.25,18166800,0.019522448513441093,0.03349952319602134,0.018082830786898763,0.010106530449712103,0.11146901926338196,0.0982336529666655
2026-01-09,22761.0,22761.0,22989.849609375,22696.44921875,22961.099609375,16394300,0.008842497174389896,0.02503480733724328,0.011742536725209085,0.006961122271826881,0.11667783792400385,0.10007044244380219
2026-01-12,22668.44921875,22668.44921875,22769.80078125,22392.5,22758.0,17724700,-0.005047523704416079,0.02854903042299539,-0.0008657923726225203,0.0029082597085534623,0.11223756021696808,0.09915672213561529
2026-01-13,22562.30078125,22562.30078125,22742.69921875,22392.25,22708.05078125,20442600,-0.010802827251869207,0.022894913797851357,0.0012772223100770974,0.006753812436084861,0.11318981898231072,0.09971568087809685
2026-01-14,22505.400390625,22505.400390625,22580.849609375,22413.900390625,22571.05078125,19297500,-0.009419262670695594,0.018196513902558387,0.004477728604541431,0.015058038853484668,0.11274415316419731,0.09982646712314922
2026-01-16,22217.05078125,22217.05078125,22484.349609375,22175.19921875,22456.599609375,22142800,-0.016574783380917557,-0.0016491251474470836,-0.0101652953084157,-0.0010462433634031987,0.11986730616119727,0.10247785136579418
2026-01-19,22136.25,22136.25,22213.19921875,21910.400390625,22119.150390625,20105100,-0.021046224370695366,-0.013531717402447074,-0.012019738599881036,-0.003561942559575537,0.12007654249634715,0.10123739775648405
2026-01-20,21714.30078125,21714.30078125,22130.400390625,21668.599609375,22128.44921875,29817400,-0.03738424489875791,-0.03559287365291475,-0.014798990522799649,-0.011003231423326376,0.13634832386033954,0.10817647704135477
2026-01-21,21584.400390625,21584.400390625,21970.400390625,21477.94921875,21743.94921875,22934400,-0.05128727473765182,-0.03989322699471787,-0.02013546399544941,-0.011547893040099622,0.13123909844139198,0.1087263944229296
2026-01-22,21928.0,21928.0,22030.55078125,21726.400390625,21738.19921875,22518200,-0.043610639159695985,-0.019203958290072265,-0.009891913065466107,0.00038305680186645485,0.14233152658962867,0.11334714597179513
2026-01-23,21722.25,21722.25,22033.5,21676.400390625,22007.05078125,24837400,-0.0503975776744825,-0.02636216205569064,-0.007287461288240649,0.008968601114789365,0.14460874232356502,0.11482270784528913
2026-01-27,21788.44921875,21788.44921875,21898.349609375,21632.80078125,21891.80078125,26700400,-0.042577410215718814,-0.020783481286440253,-0.00559877295265343,0.00854999281700497,0.14560031434829857,0.11494672696186438
2026-01-28,21739.849609375,21739.849609375,21903.849609375,21622.94921875,21828.0,19478300,-0.04164934283670785,-0.03079928996584791,-0.014787246928743225,-0.0035039376399867983,0.14555033902596767,0.11366235835080887
2026-01-29,21564.0,21564.0,21798.0,21467.349609375,21781.05078125,39232700,-0.04492369869092716,-0.03292639067161218,-0.02475573901811312,-0.015191175973412019,0.14685368912113378,0.11419639413569724
2026-01-30,21715.099609375,21715.099609375,21768.900390625,21396.349609375,21544.5,28223600,-0.03659934841678514,-0.020757270360024727,-0.012766401772668523,-0.005150098906428369,0.15051127762182828,0.11474879590697065
2026-02-02,21549.55078125,21549.55078125,21640.599609375,21188.55078125,21629.80078125,20520800,-0.05166861790213928,-0.03979257499884037,-0.011821117966609118,-0.013594536739700569,0.1470138524801973,0.11277699489687051
2026-02-03,22200.25,22200.25,22564.099609375,22086.05078125,22470.349609375,32396400,-0.025916062134515916,-0.006008620021725863,-0.003089131590811034,-0.011083319794661928,0.18612909806255437,0.1285055570151712
2026-02-04,22125.80078125,22125.80078125,22323.75,22009.849609375,22275.80078125,18214100,-0.027155113077531712,-0.005606602785991455,-0.009086718920738535,-0.01604580000922906,0.18625404300385606,0.12845898857527946
2026-02-05,22119.900390625,22119.900390625,22163.849609375,21919.0,22138.900390625,14720100,-0.04354026751407636,-0.0022508272003599616,-0.023069485791042066,-0.008154570502757141,0.1737021857442906,0.12824759545536246
2026-02-06,21961.349609375,21961.349609375,22103.94921875,21810.25,22094.5,13247100,-0.056896253824682,-0.018699857564042244,-0.03979457230253747,-0.023366627636320025,0.17108945821507313,0.1275290369852855
2026-02-09,22290.69921875,22290.69921875,22328.599609375,21974.150390625,22126.30078125,18731000,-0.029258577102357353,-0.00352712574220293,-0.028889566644394127,-0.010234730455982,0.17692448586541312,0.1312769243169392
2026-02-10,22210.5,22210.5,22438.25,22161.30078125,22387.400390625,29833100,-0.024186107816001057,-0.016947444121066524,-0.03399207518445002,-0.01924107784767981,0.17501705466243525,0.1297918722640502
2026-02-11,22434.19921875,22434.19921875,22581.0,22158.099609375,22280.44921875,18367500,-0.010333746157026091,-0.011134296322149018,-0.016677213528416335,-0.014020759657400461,0.1790774831795049,0.13120235952221238
2026-02-12,22386.30078125,22386.30078125,22486.099609375,22248.650390625,22486.099609375,22418600,-0.007800622893311515,-0.019050393611024896,-0.010711300727241357,-0.01508083124434556,0.17851618257444007,0.1306425458000832
2026-02-13,22194.900390625,22194.900390625,22408.5,22134.0,22325.900390625,21635900,-0.01379668855522087,-0.029417132984706162,-0.006218451422239424,-0.00856831725041729,0.1807596028887589,0.1316340702121803
2026-02-16,22403.150390625,22403.150390625,22457.599609375,22121.69921875,22184.599609375,18233200,0.008376431741879076,-0.013670193679134801,0.008827877664867811,-0.004897506077361058,0.17806507368875582,0.13249580013550816
2026-02-17,22494.900390625,22494.900390625,22512.75,22318.400390625,22390.900390625,12766900,0.016201948867807348,-0.010240829826210662,0.010733992774512258,0.0023202722149758825,0.17784118767450263,0.13278104222614537
2026-02-18,22541.94921875,22541.94921875,22584.94921875,22417.30078125,22529.5,14895000,0.038115362121844854,-0.006417685359864089,0.014857674244107777,0.00781561643819817,0.1612954752892423,0.132818383629739
2026-02-19,22429.099609375,22429.099609375,22657.94921875,22375.75,22578.94921875,16020600,0.03913470856095169,-0.006724677864689221,0.027335061959540496,0.016821326437585493,0.1606968112864483,0.1328656223861279
2026-02-20,22452.400390625,22452.400390625,22515.0,22320.150390625,22400.44921875,14750800,0.023914647511172893,-0.0017805454504089546,0.01278966856585062,0.013175443686515909,0.15210638103281626,0.13264625196218485
2026-02-23,22578.55078125,22578.55078125,22608.75,22450.0,22558.80078125,16469900,0.039420445913751934,-0.0005488232203058052,0.012898074487958544,0.006088306526292331,0.14748909087296275,0.1328448667418623
2026-02-24,22632.05078125,22632.05078125,22692.80078125,22481.650390625,22557.25,18182400,0.03871783411616292,-0.010073279083728237,0.028817296443172546,0.019716510285282096,0.14744113385969815,0.13059586070047005
2026-02-25,23051.849609375,23051.849609375,23071.94921875,22617.349609375,22685.5,19540100,0.06035000349929831,0.008260053771377285,0.05483560589051484,0.03622249436119296,0.15758368346211413,0.1360165369773787
2026-02-26,23301.650390625,23301.650390625,23436.94921875,23047.849609375,23106.94921875,26914000,0.08058107914232049,0.013190087922596128,0.07752625027751092,0.040148825719733994,0.15424889830100577,0.13726095388853032
2026-02-27,22952.349609375,22952.349609375,23301.849609375,22917.099609375,23257.80078125,24996500,0.05697648282791423,0.0028224534685585834,0.0625845536242543,0.04091494783357197,0.16768563332017702,0.1404543803609011
2026-03-02,22956.69921875,22956.69921875,22994.55078125,22354.099609375,22385.30078125,17940000,0.06529827242265962,0.0022571149858110484,0.07417493129319563,0.04706700562155164,0.16347786767969014,0.1404470207184573
2026-03-04,22672.19921875,22672.19921875,22814.349609375,22528.19921875,22702.55078125,21855900,0.021258734417405112,-0.010286883956517667,0.06973014904420427,0.047648157989145346,0.13931944684241113,0.14276644766096958
2026-03-05,23005.5,23005.5,23082.80078125,22703.599609375,22703.599609375,16464600,0.039758977649996696,0.0020275658439969924,0.0789465788827326,0.05072779571387742,0.14618619135714292,0.14586998060094647
2026-03-06,22970.19921875,22970.19921875,23131.69921875,22877.55078125,23005.05078125,14612700,0.038440445621779507,0.0010044309525427675,0.08493893744689429,0.06729826046330323,0.14651036031698786,0.14590138810420913
2026-03-09,22933.75,22933.75,22977.94921875,22506.25,22638.849609375,21116900,0.04427780659754599,0.012943539350026345,0.10910492328942711,0.08738340837606207,0.14321703452171147,0.1432279088962809
2026-03-10,23253.650390625,23253.650390625,23305.099609375,23039.349609375,23042.55078125,21854600,0.04319968442555666,0.03244708346966041,0.10527423891633281,0.09351798641897202,0.14204244288994955,0.1454534253205175
2026-03-11,23348.05078125,23348.05078125,23540.900390625,23283.099609375,23311.75,21875700,0.05121680201931511,0.034862521607605945,0.13096574313197762,0.108282445150777,0.14054586613092618,0.145613309845368
2026-03-12,23275.19921875,23275.19921875,23388.0,23083.19921875,23299.69921875,24567700,0.03748740892418878,0.021583650275187827,0.12667260701957606,0.10882406807728195,0.13894957004775393,0.14452253951790908
2026-03-13,22832.19921875,22832.19921875,23317.099609375,22780.650390625,23198.80078125,25787000,0.01991836176316686,0.0010303086456013855,0.12283924003674696,0.11220838117358911,0.1574305865981036,0.14997053936935692
2026-03-16,22547.19921875,22547.19921875,22965.25,22369.80078125,22800.150390625,21217200,0.015872962794363676,-0.0075794769630477266,0.09683918960641469,0.09302642228127045,0.16122219794550258,0.15197133148747385
2026-03-17,22597.55078125,22597.55078125,22733.69921875,22492.94921875,22632.80078125,17216600,0.008677368460926482,0.00026783441781197403,0.09050659661503768,0.08839391487280823,0.15816692688201203,0.1516064830971188
2026-03-18,22632.599609375,22632.599609375,22774.75,22584.30078125,22633.69921875,18241900,0.006121352678111425,0.000904346486147567,0.08182861397635566,0.07994635071366751,0.15764482987992473,0.15162838140428758
2026-03-19,22101.650390625,22101.650390625,22503.44921875,22040.55078125,22413.099609375,15180900,-0.019532420371117132,-0.02021266564907498,0.08957951549759569,0.08876817363127032,0.1789832497890299,0.15919678866227058
2026-03-20,22540.69921875,22540.69921875,22628.55078125,22268.5,22277.94921875,32703500,0.004975661587786284,-0.00925447090819187,0.09689903206405326,0.10057593868738146,0.19254711542094563,0.1634247657835224
2026-03-23,22053.099609375,22053.099609375,22462.900390625,21983.69921875,22461.80078125,20528500,-0.017784324807281093,-0.03815442174581751,0.10182655105428218,0.10167799505118857,0.20786113445828147,0.16850325806865035
2026-03-24,22239.80078125,22239.80078125,22364.30078125,21993.94921875,22305.94921875,22208400,-0.015003177275722646,-0.02777250543051768,0.09391447563817301,0.09694504217425248,0.20927138145817817,0.1694858589574544
2026-03-25,22679.75,22679.75,22825.55078125,22294.19921875,22381.349609375,21482700,0.0021075959580967307,-0.0034120940569727365,0.0854204887346306,0.10505855034406408,0.22126512088632497,0.17408734736969325
2026-03-27,22565.599609375,22565.599609375,22758.30078125,22484.05078125,22612.69921875,34213800,-0.021093752051993486,-0.005248076527518353,0.0834054293715325,0.11850063519135134,0.2109913912616134,0.1742705474697333
2026-03-30,22232.25,22232.25,22468.099609375,22205.900390625,22412.900390625,28211900,-0.0458937617163484,-0.01532669728349867,0.07824657466800011,0.12385630151453075,0.2115467698309188,0.17665484852424335
2026-04-01,22011.599609375,22011.599609375,22782.05078125,21909.349609375,22531.599609375,25245000,-0.04098708916562277,-0.023444985861105216,0.05827359245258534,0.1022139877570597,0.20820194191741284,0.1777540551540366
2026-04-02,21808.400390625,21808.400390625,21852.0,21149.900390625,21689.94921875,30067900,-0.05002020617960279,-0.04027741952840469,0.03654882976175655,0.0904746796646575,0.2095320354994085,0.17777102880809112
2026-04-06,21835.349609375,21835.349609375,21867.75,21464.80078125,21779.75,20606500,-0.036910826395831986,-0.0419268552304789,0.024862830187979634,0.08570268310488038,0.20656613653141911,0.17765549641066308
2026-04-07,21868.69921875,21868.69921875,22022.19921875,21595.400390625,21765.5,31769300,-0.049414304459803104,-0.0384595599977019,0.01689663009526221,0.08064956628165476,0.19776396198369733,0.17769055115245005
2026-04-08,21991.19921875,21991.19921875,22250.5,21829.599609375,22203.5,29865200,-0.04262044010488453,-0.049105278488283055,-0.0240890992153463,0.034220084286527785,0.1998454327912497,0.17447715975344238
2026-04-09,22135.400390625,22135.400390625,22216.05078125,21953.75,21954.80078125,20198600,-0.03481112375320217,-0.04942185235385688,-0.024283795749035164,0.041074800979540194,0.20222968100361333,0.17441565351396363
2026-04-10,22164.849609375,22164.849609375,22191.650390625,21932.80078125,22127.80078125,23831100,-0.04682278966785203,-0.03473922298416254,-0.03812591875261084,0.035835442308105536,0.19412032798613657,0.17229420544319202
2026-04-13,22100.099609375,22100.099609375,22183.5,21846.05078125,21971.69921875,21182600,-0.05344990824147022,-0.02903652698145953,-0.05243598226690449,0.042630678347878814,0.1926200658491477,0.17151401969154453
2026-04-15,22435.650390625,22435.650390625,22456.19921875,22142.5,22321.099609375,25523500,-0.03607053242528968,-0.01026972890286837,-0.061120095579633826,0.050177502851379896,0.20270858629311791,0.17427067344163064
2026-04-16,22465.0,22465.0,22593.0,22304.349609375,22577.55078125,22642600,-0.016082516416046855,-0.0043125380781582345,-0.061248854441803835,0.05536151883201468,0.1921882881681376,0.17403944295057466
2026-04-17,22497.25,22497.25,22538.80078125,22390.5,22473.19921875,19693300,-0.0022153181095975194,-0.00036215266040751093,-0.04257407073552122,0.05075875813435693,0.18719528111410366,0.17399024068009486
2026-04-20,22456.75,22456.75,22563.5,22307.19921875,22544.80078125,13683000,-0.006230798311418262,0.010788975598520656,-0.03946493684019714,0.06253186927795085,0.1870734949109107,0.17195359143762073
2026-04-21,22438.44921875,22438.44921875,22540.69921875,22423.650390625,22454.099609375,17554900,-0.008578351315178923,0.013651780168276062,-0.042172662053743704,0.05308428649510177,0.1869495547503007,0.17178266868765174
2026-04-22,22455.44921875,22455.44921875,22510.099609375,22314.349609375,22398.55078125,18275900,0.01600780131220758,0.03413181225434481,-0.04381048503856744,0.06799291958120501,0.16542479779679561,0.16692106023639508
2026-04-23,22986.349609375,22986.349609375,23164.099609375,22365.349609375,22443.94921875,92345300,0.01977092131437952,0.06495196500148892,-0.026025041447090613,0.10408340567524421,0.17143137791907112,0.1727406423934432
2026-04-24,22580.099609375,22580.099609375,22946.900390625,22537.19921875,22923.69921875,41758800,0.02389686753040232,0.029738216407105167,-0.03763737228979602,0.0847780208497908,0.16476322076901842,0.1742205815852909
2026-04-27,23171.849609375,23171.849609375,23258.349609375,22637.25,22648.599609375,51717700,0.041909045737082096,0.06673340051675125,-0.00960449313281031,0.10489718008041127,0.1852897927642147,0.18054253740547763
2026-04-28,23158.150390625,23158.150390625,23287.650390625,23090.75,23155.650390625,39790100,0.021093724164728433,0.06286363743117196,-0.008479635274576403,0.10972291885552243,0.17342519098847323,0.1805271156709391
2026-04-29,23260.849609375,23260.849609375,23386.150390625,23179.94921875,23273.75,30635200,0.030810171767434724,0.0699636854591712,-0.028702300164459738,0.11593737061074316,0.17226899929613898,0.18053094979194081
2026-04-30,23267.69921875,23267.69921875,23375.099609375,23054.849609375,23191.94921875,20887500,0.04657419823679554,0.07900664156696346,-0.02803600808615725,0.13492367918591652,0.1611721479626944,0.17951040493934967
2026-05-04,23475.55078125,23475.55078125,23548.94921875,23296.099609375,23371.30078125,21561400,0.06650816832282769,0.08107037055058974,0.003018818259577616,0.1285158188641844,0.15598300315127261,0.17981270399970048
2026-05-05,23568.94921875,23568.94921875,23619.0,23379.099609375,23525.900390625,38038600,0.08072801290285492,0.0937095375211745,0.02262492725749965,0.13578474331107637,0.1488338668482664,0.17891668826082213
2026-05-06,24110.30078125,24110.30078125,24264.849609375,23640.75,23743.19921875,58097200,0.10418661539993157,0.08603735459060147,0.04485692250865769,0.14032163428650746,0.16264731312098657,0.1747002439798798
2026-05-07,24135.5,24135.5,24268.099609375,24095.30078125,24153.150390625,74338300,0.10365503492345196,0.09083057551765861,0.051630377065463806,0.1470592226845968,0.16279089045230577,0.17442336809975417
2026-05-08,24110.30078125,24110.30078125,24306.75,24030.650390625,24043.44921875,27481400,0.09636134625587967,0.08998233967945835,0.08891049088391201,0.14717774524909544,0.16413316178879367,0.17446333158520422
2026-05-11,24170.44921875,24170.44921875,24310.80078125,23877.400390625,24008.19921875,46305700,0.09193639112969931,0.10059033933105677,0.0902224130320457,0.17367633576105457,0.16412826674575318,0.17354382334268992
2026-05-12,23840.900390625,23840.900390625,24185.44921875,23816.400390625,24177.30078125,34126100,0.07561751199706257,0.06954475302286767,0.1035190545375414,0.16571829741537936,0.1761261424741183,0.17409250714928987
2026-05-13,23896.05078125,23896.05078125,24177.849609375,23768.900390625,23785.349609375,43650100,0.08126439263256291,0.07588981703473574,0.09930143021874915,0.17315359778234418,0.1745086996832441,0.17382866784240333
2026-05-14,24551.05078125,24551.05078125,24573.30078125,24137.75,24151.650390625,42179500,0.09428745562504148,0.09435824037484619,0.11664288659283184,0.181599633620113,0.18922039398155194,0.18086692989400113
2026-05-15,24634.80078125,24634.80078125,24847.900390625,24557.55078125,24644.94921875,31052200,0.09658583490985984,0.10044089114907573,0.11945047582237911,0.18428180702723052,0.188896387896792,0.18074713068497295
2026-05-18,24762.849609375,24762.849609375,24788.94921875,24436.25,24617.0,29483900,0.10070562443743114,0.11569996591805776,0.12959675283262628,0.18719866124547502,0.18852890727127247,0.1796336741841838
2026-05-19,24867.400390625,24867.400390625,25001.25,24754.30078125,24771.30078125,29843800,0.10734636092154926,0.10999569065211512,0.1379991095060359,0.1903901188188808,0.18693861024641617,0.17902396293070058
2026-05-20,24843.150390625,24843.150390625,25043.150390625,24775.44921875,24807.05078125,38875300,0.1071687775047121,0.10439032666171122,0.14450509025584513,0.18471562225470228,0.18700675506539174,0.17904103922054032
2026-05-21,24890.900390625,24890.900390625,25001.0,24782.650390625,24994.099609375,20989500,0.10845702297691862,0.10420355174614548,0.13813121424762798,0.18804185222134473,0.186694690056325,0.1790396217670212
2026-05-22,24573.94921875,24573.94921875,24979.099609375,24519.75,24960.75,23647500,0.069067060945053,0.09562798537300576,0.08783796429962476,0.16379114234818815,0.18402272408919057,0.1809828182691319
2026-05-25,24674.69921875,24674.69921875,24762.900390625,24543.75,24615.150390625,26832300,0.09276308101428143,0.09897822902948583,0.08716636646878984,0.15918454593812348,0.1661580670662215,0.1810561070418896
2026-05-26,24659.19921875,24659.19921875,24755.400390625,24552.55078125,24647.25,25959100,0.06418778105539058,0.09215154939119663,0.07161741765919183,0.1621278563662676,0.14625263538684566,0.1809140303467278
2026-05-27,24716.0,24716.0,24822.650390625,24608.44921875,24747.5,17241100,0.06727003595268366,0.09207955738931495,0.07096023173809374,0.15176572717670989,0.14564071643231558,0.18091268394220403
2026-05-29,24345.80078125,24345.80078125,24945.349609375,24218.5,24796.30078125,69261300,0.0466428006755919,0.05613220603993363,0.07269580336394443,0.13205686021436702,0.15938897657132753,0.18055309072803258
2026-06-01,24214.25,24214.25,24571.349609375,24148.849609375,24547.849609375,35327000,0.04068089295598387,0.039164591094464685,0.06630647356129626,0.12207585191604942,0.16160693799599507,0.17982180456629535
2026-06-02,24006.30078125,24006.30078125,24171.55078125,23796.650390625,24102.94921875,29548000,0.022608628225409433,0.04591909716487197,0.04896718669963451,0.11324199108797728,0.16363805751892752,0.17787865856090296
2026-06-03,24086.599609375,24086.599609375,24119.75,23829.599609375,23978.05078125,27592000,0.021963235858355024,0.04921876528757019,0.04806095029388313,0.10793819225924406,0.16350737246274996,0.1779535114547407
2026-06-04,24177.94921875,24177.94921875,24275.30078125,23883.0,24042.0,21304400,0.0028057898619253674,0.0664139365339882,0.04038748999532349,0.10987502673843663,0.14280301098157733,0.17588188978516953
2026-06-05,24248.05078125,24248.05078125,24396.650390625,24154.25,24285.44921875,19109400,0.004663287740050981,0.05401103132946461,0.044124173495409424,0.11050811602276578,0.14310923556712432,0.17366035367467797
2026-06-08,24147.650390625,24147.650390625,24417.099609375,24059.650390625,24090.150390625,19240500,0.0015491142028409843,0.05125994601361028,0.045110656202240085,0.10555135010495253,0.14389884205735473,0.17389785440703998
2026-06-09,24290.30078125,24290.30078125,24416.94921875,24171.55078125,24208.150390625,23358400,0.004958598883095133,0.05915084891262867,0.029049698273231783,0.09186058383995399,0.14515520892031064,0.17412830625400033
2026-06-10,24160.75,24160.75,24497.94921875,24119.599609375,24313.80078125,16845300,0.013416003763883744,0.03900891232718928,0.02045641117119834,0.08214911773312472,0.1372886377000367,0.17249364818078333
2026-06-11,24306.94921875,24306.94921875,24457.30078125,24094.400390625,24131.650390625,19815300,0.017195244572480117,0.04106974267291119,0.02791596778082872,0.0706190971768661,0.13851028107726424,0.1727088006531251
2026-06-12,24380.05078125,24380.05078125,24526.80078125,24274.5,24526.5,15218700,-0.006965078665007507,0.047469048583264284,-0.004149530076182684,0.04815646753578484,0.09882566407347959,0.17259009940698425
2026-06-15,24220.099609375,24220.099609375,24553.5,24198.150390625,24551.650390625,25060600,-0.016833956789723103,0.060786977957219435,-0.0257328250040314,0.030429854835283487,0.10014295991609569,0.16822712041214805
2026-06-16,24157.849609375,24157.849609375,24306.849609375,24020.55078125,24272.19921875,16542200,-0.02443176005765313,0.0714346103477721,-0.0387743351193397,0.04664266928260452,0.09770037547116375,0.16602332805934888
2026-06-17,24146.55078125,24146.55078125,24238.650390625,24035.44921875,24198.75,19006200,-0.02898773486780548,0.068547251646637,-0.0487903946505982,0.047150974545347335,0.0956280940736998,0.16604040929642958
2026-06-18,24282.19921875,24282.19921875,24322.849609375,24135.19921875,24173.0,20111900,-0.02257971163297734,0.07288599797840689,-0.0440937232141938,0.05647576633672835,0.0988750329671585,0.16629425604345238
2026-06-19,24460.30078125,24460.30078125,24493.849609375,24274.400390625,24276.150390625,22601800,-0.01729947903118778,0.10671829247762799,-0.032450819038120304,0.06276808775407172,0.10285737175823008,0.15841495609450817
2026-06-22,24762.900390625,24762.900390625,24778.30078125,24468.400390625,24558.75,21722600,0.0076890844932173685,0.09858616852606361,-0.008483382516359717,0.055825114182469715,0.10280770611692316,0.15553447920628755
2026-06-23,24989.94921875,24989.94921875,25294.5,24838.80078125,24863.900390625,127339100,0.012776244897868771,0.13317173827694107,0.02141481878668583,0.07491785896932601,0.10669724760675885,0.1483936594431821
2026-06-24,25018.94921875,25018.94921875,25222.900390625,24999.5,25052.75,53395100,0.014588876013721386,0.12496282969598593,0.010074678068538567,0.07655018060253393,0.10660523745293173,0.14781243671670255
2026-06-25,24969.5,24969.5,25155.94921875,24948.25,25066.900390625,20389500,0.010256513999028938,0.10096010758496021,0.004030359608275136,0.06879944792312775,0.10684774094969639,0.14336916633618685
2026-06-29,25227.900390625,25227.900390625,25463.69921875,24978.05078125,25098.900390625,50873400,0.03623210496548346,0.11798050250541237,0.019309044375830586,0.06860845348128586,0.09502946691268221,0.1437771426452163
2026-06-30,25326.400390625,25326.400390625,25476.55078125,25173.05078125,25274.75,34848900,0.045929582399826474,0.13917396532627158,0.02526676480484502,0.07046579734146663,0.09135318070180336,0.13952561897349658
2026-07-01,25182.69921875,25182.69921875,25591.30078125,25133.25,25416.900390625,21705900,0.049003736486498584,0.14406493238339624,0.0267626864429924,0.08557797082782015,0.08722197401975662,0.13820264278048255
2026-07-02,25308.900390625,25308.900390625,25364.75,25160.30078125,25301.80078125,17861600,0.050746091232166,0.16051154313476368,0.017843725036576608,0.09611700278011726,0.08765887096659433,0.1362032437556292
2026-07-03,25745.150390625,25745.150390625,25861.5,25399.900390625,25402.599609375,57144400,0.0648194417853949,0.1790583091727247,0.02833674900516492,0.12234525487494397,0.10186731142678582,0.13942159823555805
2026-07-06,25866.25,25866.25,25902.150390625,25695.849609375,25805.849609375,25299200,0.06673522887873884,0.1827978308752145,0.02121530410598793,0.12628862075154945,0.10200969156788864,0.13945436395237515
2026-07-07,25677.69921875,25677.69921875,26022.75,25645.900390625,25874.400390625,22728000,0.06336222379296252,0.16763524186788503,0.008192080699505722,0.1509104945141937,0.1056043516235116,0.14085240711040414
2026-07-08,25429.80078125,25429.80078125,25989.150390625,25308.94921875,25669.69921875,27326600,0.04691172868800342,0.14882949178639104,0.01937759095386915,0.1443310386302652,0.11423477894148377,0.14282303740747135
2026-07-09,25656.25,25656.25,25935.650390625,25382.55078125,25422.400390625,34430700,0.0618979129373054,0.157519696824302,0.029683689444798933,0.16117028473275385,0.11275872499095987,0.1434352381225683
2026-07-10,25674.099609375,25674.099609375,25779.400390625,25444.19921875,25681.69921875,28598800,0.05624524815193177,0.16171872811305743,0.01111448003231974,0.1464414835939991,0.11244770765108554,0.14304835001972654
2026-07-13,25643.349609375,25643.349609375,25737.650390625,25468.849609375,25613.80078125,25669200,0.05181690716971632,0.14297331090924703,0.026921589505489285,0.1438111025504497,0.11330113910850834,0.14080984137354033
2026-07-14,25907.099609375,25907.099609375,26000.05078125,25637.599609375,25640.5,61183300,0.06965289272992936,0.15322054793567763,0.06134605873715904,0.15920065760949742,0.11107241203535641,0.14174576724917648
2026-07-15,26003.599609375,26003.599609375,26103.30078125,25950.099609375,26027.75,27795000,0.07640373749506724,0.15585680958228232,0.07267915334264474,0.1671508826199506,0.10883227739512871,0.14175823612123925
2026-07-16,26008.05078125,26008.05078125,26135.75,25936.349609375,26060.900390625,33108700,0.07709175595569828,0.15813956967281562,0.07762938696372479,0.17012813574476082,0.10853240509384506,0.14156515158879382
2026-07-17,25645.0,25645.0,25991.25,25549.25,25978.69921875,28030400,0.05612344948548498,0.1429042956574087,0.049242417490698465,0.15276321967359252,0.12515652639581049,0.14541736761417676
2026-07-20,26003.150390625,26003.150390625,26126.19921875,25657.599609375,25699.30078125,21965500,0.06307565974649298,0.15798843021642672,0.05368910014812278,0.1637148654846342,0.13039665285449353,0.14732190508986
2026-07-21,26092.849609375,26092.849609375,26108.69921875,25878.19921875,26007.19921875,24380300,0.05370732821158164,0.13514542555869813,0.05018912804684206,0.1345394433997824,0.12578432154860467,0.14074811861167946
2026-07-22,25752.25,25752.25,25935.44921875,25545.599609375,25935.44921875,31506500,0.030504294929821096,0.14048433999414067,0.023278402096613693,0.13637098364083178,0.1349917514949166,0.13821388945689467
2026-07-23,25653.55078125,25653.55078125,25760.5,25458.900390625,25514.19921875,32388900,0.025364836746397446,0.10709983077358398,0.03169457590992053,0.11635988118758545,0.13632016908727929,0.12961830234768226
2026-07-24,25548.150390625,25548.150390625,25686.650390625,25458.150390625,25464.19921875,22710400,0.023174288256673226,0.10320340613072165,0.035169249233144795,0.11271552736208168,0.13720096876040097,0.1300845693095217
2026-07-27,25945.75,25945.75,25972.849609375,25592.400390625,25639.349609375,38941000,0.028454591870901824,0.11542572329528689,0.026379142948836698,0.12294097680170102,0.14285417988711704,0.133019770886134
2026-07-28,25998.849609375,25998.849609375,26067.5,25877.94921875,25994.349609375,28558500,0.026551314374660073,0.11737947808884064,0.02153996508226408,0.11788791213639072,0.14257632280469773,0.1329823558939494
2026-07-29,26373.349609375,26373.349609375,26410.44921875,26022.55078125,26055.400390625,32644100,0.0472804912722975,0.12343901342836561,0.03710173845366893,0.11801188937169482,0.14714459717504336,0.1346572417613374
2026-07-30,26346.05078125,26346.05078125,26542.400390625,26311.94921875,26437.80078125,41074200,0.04097967017994919,0.11782882370889536,0.0351287051015412,0.10599709373438304,0.14724102476284864,0.13472561369849434
2026-07-31,26534.80078125,26534.80078125,26734.5,26414.650390625,26501.05078125,27485000,0.030671811142829686,0.10055867913043515,0.026026320695867744,0.09839475243149542,0.13764604384008206,0.12804558198726523
2026-08-03,26662.80078125,26662.80078125,26801.19921875,26380.849609375,26764.599609375,30927900,0.030794985019088505,0.1047130070332083,0.016716137299978895,0.08631136178255283,0.13768333487535464,0.1282088663381179
2026-08-04,26597.5,26597.5,26601.94921875,26424.5,26577.05078125,24727200,0.0358209967884644,0.10315919495638282,0.026959820627529885,0.08501114438129465,0.13459260957783428,0.12836802692971808
2026-08-05,26563.55078125,26563.55078125,26659.599609375,26367.099609375,26657.30078125,27070200,0.04458351875237421,0.09900939535056619,0.013489053030945497,0.06504878531498637,0.12825095138078757,0.12849307774973134
2026-08-06,26564.80078125,26564.80078125,26757.650390625,26523.099609375,26593.849609375,32398100,0.03541245432399509,0.1142532515968282,0.007318942847792664,0.060511876045778124,0.12595430972579177,0.12452652736979343
2026-08-07,26541.80078125,26541.80078125,26575.25,26404.5,26515.69921875,23659800,0.03379675178786612,0.11071913196953798,0.018770044769198302,0.06125641528829062,0.12624771670850404,0.1246413629195534
2026-08-10,26479.55078125,26479.55078125,26770.849609375,26401.30078125,26588.25,29352400,0.03260889020400404,0.07855060938869562,0.01721089833047551,0.040804037617971245,0.12665848586243597,0.11319739826125891
2026-08-11,26750.44921875,26750.44921875,26757.900390625,26422.55078125,26506.0,36558200,0.03255283771981232,0.08588047682164568,0.015105326016272125,0.0508518550545638,0.12660957608235945,0.11458811618569925
2026-08-12,26762.5,26762.5,26797.900390625,26601.69921875,26763.849609375,22625800,0.029184436079049414,0.08075203064949155,0.014339274679875835,0.04751728698345237,0.12641632763869537,0.11432601184131874
2026-08-13,26686.80078125,26686.80078125,26712.349609375,26537.44921875,26710.650390625,20199700,0.02609768820081393,0.07316407674486602,0.012675889304759158,0.04022946715154729,0.12726246544432915,0.11446944807252632
2026-08-14,26445.55078125,26445.55078125,26714.25,26393.94921875,26659.650390625,27190700,0.031216641889257213,0.06450069195852448,0.029913986060558617,0.03461777213942807,0.1203414649757779,0.11631092654273185
2026-08-17,26341.55078125,26341.55078125,26537.349609375,26312.349609375,26528.0,26184800,0.01301382276922114,0.05828035016247868,0.010986040908751216,0.031522403844002955,0.11248362234291802,0.11674120207879228
2026-08-18,26361.900390625,26361.900390625,26527.849609375,26341.349609375,26352.94921875,18687400,0.01031128394475278,0.07275799082838463,0.011667296677852046,0.054393216360861585,0.11200121853583343,0.11316738782041445
2026-08-19,26313.80078125,26313.80078125,26434.349609375,26205.400390625,26337.900390625,15743500,0.02180589196089655,0.06642843132428,0.01838657514056008,0.06448926081137518,0.10029923333514675,0.1131648453617474
2026-08-20,26416.0,26416.0,26473.19921875,26339.30078125,26438.30078125,15045400,0.02972100140255307,0.07124322106592129,0.0145447937606904,0.05793911500877269,0.09901211491516497,0.11325229218449703
2026-08-21,26359.75,26359.75,26549.099609375,26192.849609375,26470.75,16639500,0.03176745075341425,0.06650550250849663,0.011380291122176311,0.052080964086291814,0.09777072611242324,0.11342359015302908
2026-08-24,26339.30078125,26339.30078125,26408.75,26159.0,26336.69921875,18156900,0.015168217578986898,0.08188270404049725,0.005870749891162541,0.05337463931032138,0.08308039727188618,0.10839233618633082
2026-08-25,26564.0,26564.0,26574.0,26214.900390625,26340.19921875,17247400,0.021737515279184105,0.09703996613564336,0.00717857919686371,0.05632801845753632,0.08745063905511813,0.10845300320841975
2026-08-26,26626.30078125,26626.30078125,26764.94921875,26437.150390625,26567.0,18549900,0.00959116591640985,0.10913801438522075,0.011341634783369914,0.07829944037671854,0.07248318592868903,0.10637000478470376
2026-08-27,26848.75,26848.75,26856.05078125,26607.94921875,26677.150390625,21875500,0.019080628930836285,0.11467581291756579,0.028386850162138377,0.08539863089974098,0.07733798077761007,0.1071792019875546
2026-08-28,26991.849609375,26991.849609375,27009.94921875,26786.400390625,26906.55078125,18648100,0.017224505730902617,0.11638292252027815,0.02575274692914009,0.08396569692346545,0.07565396885054092,0.10734546192524404
2026-08-31,27186.44921875,27186.44921875,27188.44921875,26713.099609375,27001.849609375,52840400,0.019639663582088573,0.12118081011988568,0.047648542490597134,0.09063729324599579,0.07773922087123142,0.10788482085092962
2026-09-01,26792.650390625,26792.650390625,27004.400390625,26683.25,27004.400390625,22269500,0.0073371704342513056,0.10953446638547026,0.030051038883946224,0.06919364636860403,0.09488287465252089,0.11241538262923961
2026-09-02,26780.69921875,26780.69921875,26818.5,26611.75,26668.5,18044400,0.008174676619410182,0.10252645530937077,0.03701574281157771,0.07359836272414677,0.09473778579132112,0.11216415229662055
2026-09-03,26658.650390625,26658.650390625,26833.69921875,26627.25,26820.80078125,14504800,0.0035328557570528663,0.10338670739215461,0.0344855583569067,0.07502136427660089,0.09637248178013882,0.1119682268719145
2026-09-04,26478.099609375,26478.099609375,26695.0,26461.400390625,26659.55078125,19835800,-0.002400032024955867,0.08932220868549834,0.024988383062817587,0.05754117361929101,0.0994718112086552,0.11290111375685317
2026-09-07,26675.5,26675.5,26711.19921875,26440.400390625,26472.849609375,23385000,0.007400020505210048,0.09415276610151135,0.0401309394458933,0.08753842165539027,0.10257196853459716,0.11352749957934416
2026-09-08,26880.80078125,26880.80078125,26930.099609375,26581.150390625,26685.150390625,38021100,0.004872873776214259,0.10985508791405252,0.03905928649307233,0.11902762480181417,0.09973413365630567,0.11294908328912444
2026-09-09,26691.80078125,26691.80078125,26981.150390625,26650.900390625,26881.25,26912300,-0.002641726996730487,0.10489142091900616,0.03846366284338565,0.12813736258615793,0.10303178240304967,0.11404795704516414
2026-09-10,26555.849609375,26555.849609375,26790.55078125,26465.599609375,26751.55078125,18065800,-0.004906964043700834,0.09977817742796802,0.032724388945629235,0.12501715562739557,0.10413244007054881,0.11481165220934453
2026-09-11,26532.400390625,26532.400390625,26613.5,26307.55078125,26437.05078125,21833000,0.0032840915318193,0.09266875506636407,0.043007492608114095,0.12452494468176456,0.09883852740141488,0.11461166058471055
2026-09-15,26188.400390625,26188.400390625,26640.69921875,26158.25,26597.599609375,17119700,-0.005814023323714612,0.07064915615018408,0.042319524485473714,0.10789965752447461,0.10865761222326124,0.11773909230320691
2026-09-16,26146.19921875,26146.19921875,26298.599609375,25854.80078125,26185.55078125,19437100,-0.008182307370818709,0.05586174504213992,0.030621445329142127,0.09259179689906682,0.10867772181300098,0.11553928784322862
2026-09-17,26579.25,26579.25,26595.400390625,26107.05078125,26135.849609375,18192100,0.010087832653166151,0.06359759947241295,0.043632607228952014,0.08683037674732796,0.12378844967524513,0.11868359186332343
2026-09-18,26710.099609375,26710.099609375,26849.0,26598.75,26613.55078125,31176700,0.011133389210137734,0.06759478089341964,0.04767410867743882,0.09570483948720931,0.12421624059295563,0.11895010853335414
