Date,Adj Close,Close,High,Low,Open,Volume,Return_20D,Return_60D,Relative_Strength_20D,Relative_Strength_60D,Volatility_20D,Volatility_60D
2019-01-02,14447.099609375,14447.099609375,14593.849609375,14371.0,14467.400390625,0,,,,,,
2019-01-03,14322.150390625,14322.150390625,14542.2998046875,14276.5,14479.75,0,,,,,,
2019-01-04,14146.150390625,14146.150390625,14359.2001953125,13958.849609375,14332.650390625,0,,,,,,
2019-01-07,14291.5,14291.5,14316.0,14204.650390625,14238.0498046875,0,,,,,,
2019-01-08,14285.7001953125,14285.7001953125,14357.75,14238.2001953125,14344.599609375,0,,,,,,
2019-01-09,14326.099609375,14326.099609375,14495.7001953125,14162.2001953125,14417.2001953125,0,,,,,,
2019-01-10,14323.25,14323.25,14393.4501953125,14272.25,14388.849609375,0,,,,,,
2019-01-11,14307.099609375,14307.099609375,14326.900390625,14134.25,14288.9501953125,0,,,,,,
2019-01-14,14223.599609375,14223.599609375,14495.7001953125,14196.0,14474.5,0,,,,,,
2019-01-15,14658.5,14658.5,14685.5,14262.400390625,14265.7001953125,0,,,,,,
2019-01-16,14707.7998046875,14707.7998046875,14732.75,14610.099609375,14688.849609375,0,,,,,,
2019-01-17,14800.25,14800.25,14813.900390625,14660.0498046875,14714.25,0,,,,,,
2019-01-18,14893.0,14893.0,14923.75,14709.4501953125,14744.0498046875,0,,,,,,
2019-01-21,14966.400390625,14966.400390625,15100.2001953125,14850.0,14920.349609375,0,,,,,,
2019-01-22,14962.599609375,14962.599609375,15019.599609375,14814.9501953125,14927.150390625,0,,,,,,
2019-01-23,14888.75,14888.75,15003.849609375,14856.849609375,14975.2001953125,0,,,,,,
2019-01-24,14971.900390625,14971.900390625,15003.5498046875,14793.25,14897.4501953125,0,,,,,,
2019-01-25,15039.2998046875,15039.2998046875,15161.2001953125,14927.25,14952.75,0,,,,,,
2019-01-28,15120.150390625,15120.150390625,15161.7001953125,15026.75,15085.0498046875,0,,,,,,
2019-01-29,15231.2998046875,15231.2998046875,15293.0,14986.7001953125,15126.150390625,0,,,,,,
2019-01-30,15255.2001953125,15255.2001953125,15381.4501953125,15192.400390625,15304.0,0,0.055935143232009654,,0.06897199246179886,,0.13674428333100067,
2019-01-31,15499.2998046875,15499.2998046875,15513.4501953125,15276.0498046875,15299.4501953125,0,0.08219082902753483,,0.06732046942084469,,0.1373591005342082,
2019-02-01,15724.2998046875,15724.2998046875,15751.75,15485.7001953125,15522.5498046875,0,0.1115603447216551,,0.09605784062645295,,0.12772626845174456,
2019-02-04,15754.7998046875,15754.7998046875,15819.7001953125,15635.900390625,15727.2001953125,0,0.10238951857310297,,0.08935082514590231,,0.1268639478610756,
2019-02-05,15738.7001953125,15738.7001953125,15812.150390625,15634.9501953125,15709.0,0,0.10171010031953265,,0.08947186867403234,,0.1272226225617821,
2019-02-06,16055.599609375,16055.599609375,16090.7001953125,15835.7001953125,15857.7001953125,0,0.12072371735208476,,0.10162680968818605,,0.13768884129604075,
2019-02-07,16085.849609375,16085.849609375,16167.849609375,16031.150390625,16045.5498046875,0,0.12305863608992373,,0.10015991591963358,,0.13670113084711993,
2019-02-08,16019.7998046875,16019.7998046875,16145.7001953125,15979.7998046875,16001.150390625,0,0.11970981135758785,,0.10593953809342316,,0.1390993062450471,
2019-02-11,16099.0498046875,16099.0498046875,16159.0498046875,16002.5,16050.2001953125,0,0.1318548220435256,,0.1177734443787739,,0.1323712451568231,
2019-02-12,15938.650390625,15938.650390625,16094.599609375,15788.099609375,16093.4501953125,0,0.08733160900671955,,0.092420286584739,,0.11111106951502125,
2019-02-14,15861.650390625,15861.650390625,16002.2001953125,15828.849609375,15992.4501953125,0,0.07845161079563767,,0.09169734347398972,,0.11564268846578132,
2019-02-15,15815.599609375,15815.599609375,15912.4501953125,15620.4501953125,15898.400390625,0,0.06860354449249173,,0.08518277288347675,,0.11759129881165625,
2019-02-18,15659.0,15659.0,15948.099609375,15618.0498046875,15895.5,0,0.051433559390317685,,0.07582167845538124,,0.1259957457955637,
2019-02-19,15333.5,15333.5,15651.900390625,15287.5,15644.0498046875,0,0.024528249932759483,,0.05714135928378106,,0.15061675638557873,
2019-02-20,15609.4501953125,15609.4501953125,15651.7001953125,15330.7998046875,15382.4501953125,0,0.04323116322194487,,0.06037884166258478,,0.1615724814305624,
2019-02-21,15588.900390625,15588.900390625,15691.400390625,15492.2001953125,15609.150390625,0,0.047025464906389036,,0.050870767092143554,,0.15997330100946336,
2019-02-22,15684.7001953125,15684.7001953125,15717.2998046875,15543.5,15582.7998046875,0,0.0476091735912052,,0.052968665481311517,,0.16013662374351012,
2019-02-25,16003.7001953125,16003.7001953125,16029.9501953125,15729.25,15738.9501953125,0,0.06412535178828027,,0.054891146994363815,,0.17212102517240416,
2019-02-26,15989.599609375,15989.599609375,16069.400390625,15874.9501953125,15933.7998046875,0,0.0575026832596246,,0.041205803051495016,,0.17246298697676543,
2019-02-27,15902.099609375,15902.099609375,16007.650390625,15803.7001953125,15983.7998046875,0,0.04404087722579386,,0.029541506909747328,,0.17399007499307007,
2019-02-28,15732.0,15732.0,15974.099609375,15694.849609375,15974.099609375,0,0.03125490315322166,,0.01804584948225596,,0.17993767060055188,
2019-03-01,15848.2998046875,15848.2998046875,15871.099609375,15752.2001953125,15778.150390625,0,0.022517146219369844,,0.019511887760921054,,0.17336123609479684,
2019-03-05,15664.099609375,15664.099609375,15839.2001953125,15634.5498046875,15839.2001953125,0,-0.0038284817804449256,,-0.012438984350659932,,0.17155441026571136,
2019-03-06,15735.0498046875,15735.0498046875,15814.7001953125,15681.099609375,15732.349609375,0,-0.0012535862241882523,,-0.014151934410859157,,0.1722228431221601,
2019-03-07,15582.099609375,15582.099609375,15788.150390625,15558.9501953125,15788.150390625,0,-0.009950032975667211,,-0.021276777625510057,,0.17563324266331393,
2019-03-08,15408.7001953125,15408.7001953125,15545.650390625,15388.2001953125,15544.349609375,0,-0.040291202434119655,,-0.03784601134083343,,0.16180796998364638,
2019-03-11,15388.5,15388.5,15500.75,15349.599609375,15432.900390625,0,-0.04335174245123974,,-0.05226364468453948,,0.16117276710550138,
2019-03-12,15384.5498046875,15384.5498046875,15497.2001953125,15349.7998046875,15408.849609375,0,-0.039654053592737215,,-0.07233074121854877,,0.1611517805162541,
2019-03-13,15342.900390625,15342.900390625,15550.849609375,15300.25,15442.25,0,-0.046968574123072426,,-0.08856180742230457,,0.1590449792771986,
2019-03-14,15260.4501953125,15260.4501953125,15437.0498046875,15202.0498046875,15422.599609375,0,-0.042550666379595925,,-0.08980675431980589,,0.15694415210496424,
2019-03-15,15546.599609375,15546.599609375,15649.25,15324.849609375,15346.0,0,-0.019862421216660375,,-0.08321591548303997,,0.17287201589685305,
2019-03-18,15359.4501953125,15359.4501953125,15661.2998046875,15304.75,15614.7998046875,0,-0.028841740138142336,,-0.09763810896193836,,0.17724823875786572,
2019-03-19,15495.5498046875,15495.5498046875,15545.4501953125,15296.0,15432.5,0,-0.010438099196149131,,-0.09421353080236006,,0.1778505106683943,
2019-03-20,15599.25,15599.25,15735.25,15554.4501953125,15563.9501953125,0,0.017331333355072198,,-0.06911434498262348,,0.16200544437410078,
2019-03-22,15551.099609375,15551.099609375,15652.2998046875,15462.2001953125,15652.2998046875,0,-0.003738157667783959,,-0.07094076046384679,,0.14946388358003174,
2019-03-25,15416.849609375,15416.849609375,15579.0498046875,15388.400390625,15579.0498046875,0,-0.011036749029037951,,-0.06334520661259946,,0.15245033537450736,
2019-03-26,15356.599609375,15356.599609375,15426.25,15218.25,15415.5,0,-0.02091851178867643,,-0.08500505873387876,,0.15077114401994496,
2019-03-27,15339.400390625,15339.400390625,15421.849609375,15307.099609375,15352.599609375,0,-0.04150913829803393,,-0.09343423233170456,,0.12836013121769574,
2019-03-28,15566.75,15566.75,15636.5,15399.4501953125,15410.349609375,0,-0.02644529067051027,,-0.0942514620322531,,0.14160691744674803,
2019-04-01,15840.650390625,15840.650390625,15922.0498046875,15662.5498046875,15668.7998046875,0,-0.00386422046518764,,-0.0836761852112885,,0.15541758952378823,
2019-04-02,15988.400390625,15988.400390625,16013.25,15874.650390625,15902.900390625,0,0.01629801618516402,0.10668582780794433,-0.06901124444142859,0.021376567181351724,0.15362451646807193,0.15558843406727685
2019-04-03,15962.9501953125,15962.9501953125,16009.849609375,15862.5,15996.5,0,0.007234239132142717,0.1145637882535806,-0.06460726639669234,0.023514553526835957,0.15183382065088166,0.15424128147119515
2019-04-04,15744.7998046875,15744.7998046875,15954.150390625,15691.0,15947.7998046875,0,0.0051519204630312565,0.11300950222627093,-0.050416004199596465,0.03184775936071649,0.1541721069416939,0.15481440656175344
2019-04-05,15923.0498046875,15923.0498046875,15952.5,15759.7998046875,15800.4501953125,0,0.011947849058856708,0.11416225061662533,-0.04350770104631829,0.031153801997305663,0.1584392806030101,0.15506971415273627
2019-04-08,16028.25,16028.25,16061.2998046875,15857.150390625,15982.849609375,0,0.02863223838952833,0.12197860663905535,-0.020769996607001406,0.04770176542127835,0.15484743536258636,0.1553063024005674
2019-04-09,16121.599609375,16121.599609375,16203.25,15999.650390625,16048.25,0,0.04626603185383349,0.12533069355632742,-0.011416497293751826,0.0500853238198633,0.14810831104039723,0.15550082648385916
2019-04-10,15999.150390625,15999.150390625,16172.7998046875,15978.2001953125,16138.849609375,0,0.03968225562108074,0.11700559514251307,0.002410752782215475,0.046526163002762244,0.1517777375782795,0.15668288987399076
2019-04-11,15874.75,15874.75,16030.849609375,15852.2998046875,16018.0,0,0.031863148518206375,0.10957150180164876,0.005715483235489982,0.03530066353987116,0.15554931021646862,0.15781749631809944
2019-04-12,15911.099609375,15911.099609375,15989.7001953125,15832.0,15918.099609375,0,0.037033364245601774,0.11864085367586852,0.010428005718781108,0.03427836868000389,0.154735280273925,0.15702593550967733
2019-04-15,16113.7001953125,16113.7001953125,16136.599609375,15862.0,15917.7001953125,0,0.05591250514104029,0.09927347240935291,0.0253128437234571,0.0254639214757979,0.15682894768907246,0.14738955096462536
2019-04-16,16084.900390625,16084.900390625,16176.599609375,16064.349609375,16166.150390625,0,0.03462498519132051,0.0936306316529143,0.003093916386984752,0.01127747315203731,0.14579064982010503,0.14750140104684548
2019-04-18,16079.2998046875,16079.2998046875,16177.849609375,16021.0,16177.849609375,0,0.04686688652401694,0.08642082428928566,0.02151402194101637,0.008696473136215355,0.13670524842263335,0.1472095361117559
2019-04-22,16150.599609375,16150.599609375,16204.2998046875,16057.900390625,16077.5498046875,0,0.04227341481548108,0.0844423292402472,0.036892938714604195,0.02140912676945317,0.13479631992476634,0.14699945002858028
2019-04-23,16166.2998046875,16166.2998046875,16193.599609375,16082.4501953125,16179.4501953125,0,0.036351094103081794,0.08017287943292772,0.031585869444243686,0.024151258281302157,0.13373071367350456,0.14681298499766812
2019-04-24,16370.349609375,16370.349609375,16405.80078125,16161.349609375,16182.900390625,0,0.05268116214149354,0.09408458668625719,0.029180041347921515,0.020531645291004263,0.1376272778091951,0.14857178348491734
2019-04-25,16352.7998046875,16352.7998046875,16388.55078125,16299.2001953125,16361.0,0,0.060709562525883776,0.09833262058181513,0.03538426101433534,0.023523055453485764,0.1319236326705531,0.14806500845045975
2019-04-26,16504.44921875,16504.44921875,16523.75,16381.4501953125,16393.80078125,0,0.07474633959162769,0.10236167675044383,0.051111881522265756,0.018963770593081186,0.13110427829988727,0.14867704117482594
2019-04-30,16705.400390625,16705.400390625,16720.400390625,16502.44921875,16510.94921875,0,0.08905172074619427,0.11078312205852847,0.06256860436749934,0.02102883276274725,0.1331693182659704,0.15011506205461683
2019-05-02,16403.69921875,16403.69921875,16673.599609375,16387.30078125,16656.900390625,0,0.0537651866157034,0.08488995115556808,0.04039007857767407,-0.014832904788419476,0.1492509950108851,0.15538234334860712
2019-05-03,16092.9501953125,16092.9501953125,16265.2998046875,16065.4501953125,16259.5,0,0.015927363994903798,0.0565710347556696,0.01223389806703068,-0.0429435993341003,0.15730692200184482,0.16041795857295899
2019-05-06,16111.349609375,16111.349609375,16146.400390625,15925.400390625,15949.2998046875,0,0.007689901162476032,0.05612180784920606,0.01750363211522643,-0.03273173921952499,0.15409822379355856,0.16041295722393772
2019-05-07,16135.75,16135.75,16225.849609375,16100.650390625,16145.650390625,0,0.010825054427485714,0.04106315790601167,0.023368031873944983,-0.02051502159675689,0.15396433697327755,0.157361798465189
2019-05-08,16061.599609375,16061.599609375,16129.400390625,15998.599609375,16106.0498046875,0,0.02012091665930127,0.021450863242059803,0.04068910123315017,-0.02130797222491676,0.1459067540619893,0.1550785745293813
2019-05-09,16132.849609375,16132.849609375,16164.900390625,16002.4501953125,16031.599609375,0,0.013175855584257379,0.023995849479154785,0.04439066316772533,-0.011702544957143957,0.14148247369235784,0.15527087557725414
2019-05-10,15949.599609375,15949.599609375,16146.349609375,15911.9501953125,16117.599609375,0,-0.0049069855177577,0.013400052828079989,0.023151061737617384,-0.01811080913984031,0.14584454259300889,0.1571286058681455
2019-05-13,15955.2998046875,15955.2998046875,16095.7001953125,15915.150390625,15949.0,0,-0.010315341449789739,-0.006247029517909342,0.03455719409361413,-0.013998476845223484,0.14411729490420627,0.15166532819731213
2019-05-14,15762.75,15762.75,15966.650390625,15642.9501953125,15942.9501953125,0,-0.014775809018179098,-0.020085952388035122,0.016494963156883036,-0.03387616763689205,0.1479132997183882,0.15359155831372867
2019-05-15,15776.7998046875,15776.7998046875,15896.2998046875,15743.7001953125,15793.349609375,0,-0.006170188211625405,-0.015168728883172222,0.031745786842229284,-0.03466874699806988,0.14561004257616234,0.15340835947835416
2019-05-16,15934.0,15934.0,15994.25,15779.75,15816.650390625,0,0.0014392714009223706,-0.010252145728466777,0.03462106712784874,-0.044075873898117957,0.1498690107149774,0.1544637366674444
2019-05-17,15843.400390625,15843.400390625,16000.349609375,15803.2001953125,15962.400390625,0,-0.016774533559097193,-0.005976039229521279,0.007450509165278674,-0.05913167739597058,0.14345793719383387,0.15354045906485952
2019-05-20,15968.2001953125,15968.2001953125,16009.650390625,15642.7001953125,15933.2998046875,0,-0.007255263786434041,0.006717447558324485,-0.010742078496772223,-0.0939893437726107,0.14665905197410203,0.15406758006732243
2019-05-21,15766.9501953125,15766.9501953125,15989.0498046875,15737.150390625,15982.2998046875,0,-0.019425572827738602,-0.003076039812847986,-0.015707293265529887,-0.09489462014213146,0.15303862094720153,0.1561739837069628
2019-05-22,15666.150390625,15666.150390625,15812.25,15640.599609375,15750.0498046875,0,-0.02999574198277999,0.0004566313701386271,-0.042368057435089646,-0.1026309853537628,0.1527968429445843,0.15538252762603508
2019-05-23,15538.849609375,15538.849609375,15819.0498046875,15506.2001953125,15772.0498046875,0,-0.03881223303371917,0.013392220261192911,-0.045818103653984976,-0.08587838416907201,0.15425038740768907,0.15010275005407187
2019-05-24,15569.849609375,15569.849609375,15626.349609375,15461.849609375,15622.25,0,-0.048899383281440056,-0.002536962253122277,-0.05895803124525101,-0.10580691310684409,0.14536686517264635,0.14560596328998204
2019-05-27,15556.650390625,15556.650390625,15629.599609375,15526.400390625,15587.400390625,0,-0.048685816714657326,-0.0020687796567995242,-0.07299049469052932,-0.10725100477687133,0.1453984252034714,0.1455915873667542
2019-05-28,15762.0498046875,15762.0498046875,15806.2001953125,15554.900390625,15614.099609375,0,-0.04498177456410313,0.004931532538831496,-0.05979290067924936,-0.10043692994980047,0.15013249700004627,0.14754675978593157
2019-05-29,15865.599609375,15865.599609375,15973.0,15754.349609375,15773.2998046875,0,-0.05027121539219692,-0.008629290992213767,-0.059885428267794305,-0.0987939066869733,0.14424440644464342,0.1421902766047399
2019-05-30,15997.349609375,15997.349609375,16034.75,15879.2001953125,15908.9501953125,0,-0.024771827619865627,0.00048469006037255014,-0.043633670356384435,-0.10201368155432333,0.13658353314184715,0.14322078723859005
2019-05-31,16160.650390625,16160.650390625,16197.349609375,16042.599609375,16070.599609375,0,0.0042068231424849944,0.016258908420971885,-0.013770064704640816,-0.08702465991124542,0.12480873001512516,0.1442416523857488
2019-06-03,16360.5498046875,16360.5498046875,16391.0,16082.7998046875,16159.5,0,0.0154673693610059,0.03995358534754012,-0.026806232664084106,-0.08013442064620557,0.1319843266696616,0.1444522498036479
2019-06-04,16105.2001953125,16105.2001953125,16285.849609375,16072.900390625,16276.7998046875,0,-0.0018932993314534352,0.0162099653458736,-0.04744509419889276,-0.09039935859438497,0.14431002473706586,0.14758903602204448
2019-06-06,16012.099609375,16012.099609375,16159.75,15991.400390625,16155.7998046875,0,-0.0030818848186894288,0.02221640622048393,-0.04571597329661137,-0.055717945195535856,0.14486497677674404,0.14603547241389517
2019-06-07,16109.849609375,16109.849609375,16155.0498046875,15972.75,16042.2998046875,0,-0.0014256625801950529,0.02381942283880445,-0.05175840566254608,-0.05015600379876006,0.14567867187812797,0.14626093744809357
2019-06-10,16362.400390625,16362.400390625,16381.650390625,16152.2001953125,16176.849609375,0,0.025881576425740516,0.05007674195462908,-0.031198438681284024,-0.028100536872937898,0.14922784134986966,0.1479448987068237
2019-06-11,16448.099609375,16448.099609375,16488.650390625,16380.5,16406.25,0,0.03088627670554467,0.0674553596920977,-0.04243492310625929,-0.01683693472616743,0.1498284320933911,0.1460685100996304
2019-06-12,16425.94921875,16425.94921875,16446.94921875,16283.650390625,16441.75,0,0.04207382713993435,0.06741717638171352,-0.018891005714329667,0.0013223430371147593,0.14143798255048703,0.1460710385980143
2019-06-13,16316.599609375,16316.599609375,16421.80078125,16282.650390625,16340.0498046875,0,0.034214784453759695,0.06058349555366993,-0.03363945993877415,0.006354776587236932,0.144781548517816,0.14691406892377085
2019-06-14,16268.2001953125,16268.2001953125,16336.099609375,16239.2001953125,16326.7001953125,0,0.02097403008111587,0.06030801094510707,-0.02932313481568971,0.01784527598637098,0.14226666860517942,0.14694290886451447
2019-06-17,16228.2001953125,16228.2001953125,16313.5498046875,16190.900390625,16285.0,0,0.02428770309404027,0.06341556032844031,0.0010566602020494198,0.03442030847160926,0.14068677711867486,0.14652332732146217
2019-06-18,16322.5,16322.5,16352.400390625,16212.2998046875,16215.7001953125,0,0.0221878358458647,0.049908044853558264,0.033749140349912166,0.02674764634723048,0.13958519832897218,0.14226268649381468
2019-06-19,16282.7001953125,16282.7001953125,16391.5,16215.9501953125,16358.75,0,0.03271082825855132,0.06010957347169654,0.03421815287370522,0.040109050352779674,0.1306209229501556,0.13987115718555074
2019-06-20,16316.9501953125,16316.9501953125,16338.75,15994.9501953125,16039.0,0,0.04154178202431624,0.05300879291011151,0.03354634789625388,0.02705152475817063,0.12713467409778423,0.13893532570737505
2019-06-21,16189.400390625,16189.400390625,16358.9501953125,16154.849609375,16343.349609375,0,0.041866083886770156,0.03783197209000422,0.036114216492282525,0.02020772706635321,0.12680797239196998,0.13952709994315296
2019-06-24,16187.400390625,16187.400390625,16231.599609375,16142.400390625,16202.400390625,0,0.039663246386025364,0.040916770982960315,0.051859126487849516,0.01972866672060336,0.1270430822607555,0.13932242364539146
2019-06-25,16214.4501953125,16214.4501953125,16252.9501953125,16050.599609375,16158.7998046875,0,0.042284154247235195,0.05173564029920086,0.05304327328012892,0.012789853892128722,0.12662261103103487,0.13796708079006545
2019-06-26,16101.75,16101.75,16255.2001953125,16079.2001953125,16152.7001953125,0,0.021551777815819184,0.04852313725560031,0.02835887791536862,0.016798686016839426,0.12341987517581178,0.13855871436958062
2019-06-27,15991.7998046875,15991.7998046875,16129.400390625,15946.650390625,16096.2001953125,0,0.007954328762836527,0.04253095932362694,0.009602557454217564,0.007887160758625722,0.12468498319067252,0.13939154727679207
2019-06-28,15936.4501953125,15936.4501953125,16085.400390625,15904.7998046875,16069.900390625,0,-0.003806843980381003,0.02374935007708734,0.009339991010244852,0.004834085654010334,0.12178132311453978,0.1365323851627415
2019-07-01,15916.7001953125,15916.7001953125,16023.5498046875,15893.5498046875,15982.7001953125,16700,-0.01509532038723016,0.004800926907174707,-0.010297773145850564,-0.012033993560370826,0.11549555474038492,0.13185529406824104
2019-07-02,16074.099609375,16074.099609375,16096.9501953125,15886.4501953125,15952.900390625,0,-0.017508592237555964,0.005360087104163913,-0.0027632337884488933,-0.011467048613526432,0.11209613089439036,0.13202598496972615
2019-07-03,15927.650390625,15927.650390625,16097.150390625,15906.400390625,16091.099609375,16800,-0.011024377377139127,-0.002211358442868905,-0.0022984215211273584,-0.025639817008186405,0.10256694192299208,0.1333398189234214
2019-07-04,15942.400390625,15942.400390625,15992.599609375,15896.900390625,15901.4501953125,12800,-0.004352909390420656,0.012550212666322391,-0.013049479311264989,-0.017519626961199686,0.10076914661077749,0.13024481864217485
2019-07-05,15550.0498046875,15550.0498046875,15979.4501953125,15520.0,15960.849609375,0,-0.03474891561754423,-0.02342516066803957,-0.029736553359197337,-0.03587165605688858,0.13069701245069382,0.13800573116868028
2019-07-08,15376.0,15376.0,15480.150390625,15317.400390625,15410.849609375,27000,-0.060284577267169626,-0.04069377505342131,-0.029746143860897356,-0.03673837924791479,0.11755235051232328,0.13899154487627416
2019-07-09,15254.5,15254.5,15434.0,15123.599609375,15381.349609375,23600,-0.07256763016529144,-0.05378496119397269,-0.03832787351916378,-0.04384233783235947,0.1144181589347489,0.13909965993157503
2019-07-10,15168.599609375,15168.599609375,15322.75,15045.099609375,15077.0,23900,-0.0765465418546255,-0.051912180395321306,-0.04233749127542774,-0.04454018420199557,0.11423014792235867,0.13875128540820406
2019-07-11,15214.2998046875,15214.2998046875,15258.349609375,15060.900390625,15256.5498046875,20400,-0.06755695617205393,-0.04160381708767069,-0.03976209048900037,-0.04041384024468242,0.11635211255458867,0.13821749386190882
2019-07-12,15227.400390625,15227.400390625,15293.349609375,15186.099609375,15227.599609375,24400,-0.0639775631103553,-0.04296995402801429,-0.04107365225966897,-0.03515867869408318,0.11737249772101417,0.13811633446954585
2019-07-15,15662.0498046875,15662.0498046875,15697.4501953125,15406.25,15516.25,44800,-0.03488682563754253,-0.028028968216523342,-0.027707276159041228,-0.01930382282667098,0.16206234805433475,0.1478353012127539
2019-07-16,15580.4501953125,15580.4501953125,15630.599609375,15532.2998046875,15608.75,25100,-0.04546177391254402,-0.03136172329711884,-0.04298985922024623,-0.020795065782588273,0.15994201544435888,0.14813308611248371
2019-07-17,15676.0,15676.0,15708.7998046875,15508.9501953125,15602.7001953125,31100,-0.037260416763502,-0.025081925804376626,-0.03692254633284453,-0.019525819534153666,0.1627193593940088,0.14875784009887216
2019-07-18,15498.5,15498.5,15636.849609375,15455.0498046875,15554.900390625,51300,-0.05015950808917846,-0.040376185723561164,-0.030310406360778197,-0.04058751056184384,0.16534499184849613,0.15008057751345766
2019-07-19,15383.650390625,15383.650390625,15611.599609375,15363.0498046875,15520.7001953125,24100,-0.0497702188196294,-0.04841240256076207,-0.023768255382605075,-0.03487569994295425,0.16517793119006158,0.1506720400058672
2019-07-22,15448.25,15448.25,15494.0498046875,15334.599609375,15387.4501953125,21200,-0.045662081173520774,-0.05632742313865613,-0.01545176005181259,-0.023925468306466025,0.1667219406358953,0.1484625309064402
2019-07-23,15493.400390625,15493.400390625,15645.7001953125,15467.7001953125,15497.5498046875,26600,-0.044469580898645056,-0.05255365590766636,-0.005017001273468158,-0.025861047787495983,0.16717826511135742,0.1486754740757788
2019-07-24,15380.75,15380.75,15531.849609375,15332.849609375,15465.7998046875,20100,-0.044777741549831496,-0.06808462396148385,0.003861007347599199,-0.0269646782485089,0.16730242376828014,0.14772075268219328
2019-07-25,15474.650390625,15474.650390625,15510.599609375,15343.0498046875,15383.150390625,0,-0.03233841220991984,-0.07367378040760353,0.0174354285274797,-0.031454368542072175,0.16891975192221098,0.14591478816166525
2019-07-26,15348.0498046875,15348.0498046875,15461.650390625,15265.349609375,15442.5,18000,-0.036921672230248004,-0.06435435080739937,0.005877228545130508,-0.026788501189070613,0.17043338747257858,0.14234672447730057
2019-07-29,15400.849609375,15400.849609375,15528.099609375,15297.0,15365.099609375,17700,-0.032409392625829536,-0.043006445526631465,0.024595683925723533,0.0016519083069616025,0.17147103382501686,0.1375792117852406
2019-07-30,15501.650390625,15501.650390625,15527.5,15361.4501953125,15409.4501953125,24400,-0.03561314366971613,-0.03784283958404222,0.03364618880635195,0.006375004433374243,0.16890905723933328,0.13833243251575483
2019-07-31,15620.2001953125,15620.2001953125,15649.150390625,15303.7001953125,15437.599609375,30800,-0.019302922136805845,-0.03195078039059229,0.047724581167366886,0.001090068609522321,0.16973245395817535,0.1393013369487341
2019-08-01,15332.099609375,15332.099609375,15593.5498046875,15277.75,15576.9501953125,0,-0.03828161169561961,-0.04541888838856356,0.04263997785802465,-0.01201496577010086,0.1806539950536242,0.1439296917200628
2019-08-02,15422.099609375,15422.099609375,15461.0498046875,15208.7998046875,15277.650390625,25300,-0.008228282026076172,-0.0440560729945052,0.06067277793298986,-0.017117868409937453,0.1606856783146511,0.14417935980822622
2019-08-05,15518.5498046875,15518.5498046875,15544.900390625,15312.5498046875,15349.7001953125,0,0.009270929024941532,-0.02702574454810347,0.06948583597919622,0.009883951152022452,0.15698347473741203,0.14313412934580727
2019-08-06,15514.7998046875,15514.7998046875,15636.5,15434.25,15479.2001953125,29700,0.017063804430659912,-0.02760838125213949,0.06964736521645298,-0.009672733182545912,0.15387157572071078,0.14312484429336045
2019-08-07,15583.349609375,15583.349609375,15730.7001953125,15522.849609375,15591.150390625,0,0.027342669111238393,-0.01138128756879353,0.08329587931119464,0.02128206815204725,0.152376419351168,0.141366774853958
2019-08-08,15867.9501953125,15867.9501953125,15919.2001953125,15654.4501953125,15677.4501953125,26600,0.042962896683790275,0.005777495547475864,0.09048555307804063,0.016940873219565167,0.1635603719208917,0.1462435228717115
2019-08-09,15821.349609375,15821.349609375,15945.400390625,15785.75,15898.0,32500,0.039005293320826695,-0.0070698123901720145,0.07733895351342568,0.006028518784512049,0.16449748455155855,0.14492422239167416
2019-08-13,15424.400390625,15424.400390625,15822.400390625,15379.599609375,15809.25,0,-0.01517358308944805,-0.02644634293582171,0.04199590370822637,0.015746559302546093,0.1610372966900412,0.15353916740270931
2019-08-14,15466.25,15466.25,15518.4501953125,15298.5,15467.349609375,20400,-0.007329710880039753,-0.03143436261901633,0.04696343472713704,0.03610306763271154,0.16058524770465693,0.15271282107651746
2019-08-16,15365.349609375,15365.349609375,15552.7001953125,15238.5498046875,15547.400390625,0,-0.019816942499681023,-0.025471037896529602,0.034916764051121096,0.031006387930305412,0.16009449942691664,0.1511367918481986
2019-08-19,15415.150390625,15415.150390625,15514.900390625,15396.0,15420.0498046875,0,-0.005377914596573885,-0.016021804574926413,0.04144494165896184,0.042250968002553235,0.15587041000177917,0.15079846410312822
2019-08-20,15597.75,15597.75,15691.650390625,15467.349609375,15503.7998046875,27200,0.013917347569564864,0.003790524530816297,0.0491429534543647,0.058697196065334856,0.1590397293606636,0.15187390903597603
2019-08-21,15578.150390625,15578.150390625,15680.0498046875,15562.0,15598.5,0,0.008408744720275863,0.0005331317551713344,0.04608655690770891,0.07866481289453087,0.15862499786452364,0.15184357053889183
2019-08-22,15632.0,15632.0,15703.150390625,15478.7998046875,15581.5,0,0.008945719201761904,0.004843562558968895,0.06098857537811986,0.1040825730728161,0.1587474747883829,0.1519954497216707
2019-08-23,15816.599609375,15816.599609375,15872.849609375,15639.400390625,15647.650390625,0,0.0283373443671473,0.003460831894547045,0.0675475688284558,0.09562475440319218,0.16080190304663355,0.1515164484961138
2019-08-26,15890.2001953125,15890.2001953125,15922.5498046875,15628.099609375,15825.25,0,0.026853582743249005,0.001550561374495052,0.04412146261551653,0.06927193851941948,0.16032439550482586,0.15121784015662706
2019-08-27,15675.2998046875,15675.2998046875,15833.5498046875,15631.5,15817.2998046875,0,0.02132192716106851,-0.02013144755546059,0.03718026116582118,0.0502316689752661,0.16564549993568614,0.1527656961384671
2019-08-28,15879.900390625,15879.900390625,15898.0,15703.099609375,15704.099609375,0,0.03110547751588877,-0.017372444376549723,0.043894647737139136,0.05615895845450525,0.17083733563102962,0.1536965995912273
2019-08-29,15884.5498046875,15884.5498046875,15943.2998046875,15754.900390625,15774.650390625,0,0.024700557967303194,-0.029094376758880047,0.03706822905778062,0.0652304197157022,0.16985126278448423,0.15145063693264252
2019-08-30,16010.400390625,16010.400390625,16039.25,15734.2001953125,15893.900390625,0,0.024980486193102447,-0.0058862853946448634,0.03350270241904241,0.07716390806328466,0.16999044484789394,0.14901658663946454
2019-09-03,15984.900390625,15984.900390625,16189.4501953125,15935.900390625,16027.099609375,0,0.04257738978233849,-0.0016986665967325676,0.05916205365984306,0.08660525820537823,0.1535729879317974,0.14857829311638554
2019-09-04,16032.5,16032.5,16090.849609375,15944.400390625,15985.75,0,0.03957959072277939,-0.00480138618612469,0.053464683420007764,0.08163027225192487,0.15297489940442469,0.14816752145321946
2019-09-05,16030.9501953125,16030.9501953125,16142.650390625,15972.2001953125,16109.2001953125,0,0.03301857435610556,-0.020256819745250065,0.034371769657285056,0.06989052834541698,0.15226712284772076,0.14454071361797236
2019-09-06,16034.5498046875,16034.5498046875,16218.7998046875,15991.0498046875,16139.900390625,0,0.03350027113098597,-0.02514271037438187,0.03368749782817504,0.06005146687886709,0.15220032961231034,0.14408098608268874
2019-09-09,15919.400390625,15919.400390625,16030.4501953125,15883.599609375,16023.9501953125,0,0.02156473349271648,-0.030838329120534524,0.007972563193098692,0.04501713910689986,0.15496542977821084,0.14474028502047076
2019-09-11,15701.7998046875,15701.7998046875,15955.2001953125,15669.2998046875,15901.150390625,0,-0.010470816241538339,-0.03767940743819287,-0.010765401754499138,0.036044441611810196,0.1497020404982702,0.1467416110434111
2019-09-12,15583.25,15583.25,15725.75,15525.150390625,15674.2998046875,0,-0.015049260350957216,-0.0421036246843004,-0.0036312065439225716,0.028984820494664998,0.15158747539664755,0.14735678663241572
2019-09-13,15722.900390625,15722.900390625,15739.7001953125,15586.7001953125,15608.099609375,0,0.019352454062423696,-0.031137143898031017,0.005618896800089868,0.019945988176664042,0.12401608122761715,0.14862232908573075
2019-09-16,15743.150390625,15743.150390625,15854.150390625,15602.599609375,15774.4501953125,0,0.0179035248120909,-0.0354939261372339,0.020251829317113224,0.02335224415742465,0.12385236275267576,0.14808964007945608
2019-09-17,15625.650390625,15625.650390625,15769.849609375,15563.599609375,15769.849609375,0,0.016940765284714443,-0.04035263173835579,0.03777751100623161,0.03439007094944735,0.12464852782170051,0.14871784804450186
2019-09-18,15702.2998046875,15702.2998046875,15731.0498046875,15584.099609375,15649.0498046875,0,0.01862774003405998,-0.03766944087391866,0.03791957300379267,0.04609666383375355,0.12520868111555014,0.14905110656263157
2019-09-19,15522.4501953125,15522.4501953125,15675.150390625,15469.099609375,15667.0,0,-0.004827606846339982,-0.04119672002792141,0.023510433937221742,0.04574384160569289,0.12573173247932887,0.14999653889768097
2019-09-20,15491.099609375,15491.099609375,15742.5498046875,15434.150390625,15541.5498046875,0,-0.005588004934294899,-0.04301498476884935,-0.03814682545696302,-0.006650633603842215,0.12584283316054182,0.15001576192384816
2019-09-23,15040.650390625,15040.650390625,15611.7998046875,14735.5498046875,15611.7998046875,0,-0.0378294274165174,-0.07239220513482714,-0.11778684591334199,-0.05575584447117743,0.16205697265864902,0.16108301188573035
2019-09-24,15338.650390625,15338.650390625,15380.349609375,15055.0498046875,15055.0498046875,0,-0.03021820306222489,-0.04739233992423186,-0.10029171747536747,-0.025501770679915325,0.17292047036392746,0.16618715594269176
2019-09-25,15379.900390625,15379.900390625,15471.0,15268.900390625,15351.849609375,0,-0.03211412055324736,-0.03826332379943509,-0.0666914207919247,-0.004369989227964943,0.17213107261521887,0.16585507609981573
2019-09-26,15312.900390625,15312.900390625,15456.849609375,15208.400390625,15374.5,0,-0.023119137661030797,-0.03912727094462409,-0.0650674420659848,-0.02066495941514157,0.1666330647080443,0.1659304809347761
2019-09-27,15236.400390625,15236.400390625,15412.900390625,15214.2001953125,15297.7001953125,0,-0.04052292421052606,-0.04274125895063663,-0.08273699050902694,-0.012974603208187885,0.15841981357115215,0.16616578201939802
2019-09-30,15540.150390625,15540.150390625,15568.4501953125,15259.7998046875,15277.150390625,0,-0.02168140855719236,-0.033217986184344794,-0.06973913441520452,0.0033763579146562916,0.1762950233210832,0.1700480983390938
2019-10-01,15300.25,15300.25,15561.5,15240.9501953125,15559.650390625,20800,-0.0443555672124748,-0.03939064301626605,-0.07489559765948461,0.007337668761273952,0.1800495746524762,0.17192630574565326
2019-10-03,15277.9501953125,15277.9501953125,15417.25,15228.900390625,15318.7998046875,0,-0.04422612453231922,-0.041678177628961866,-0.09202241739524375,0.011286017654274172,0.18005694580775164,0.17190123734621243
2019-10-04,15340.2998046875,15340.2998046875,15418.7998046875,15285.150390625,15328.400390625,0,-0.04317481336737872,-0.013488702778094774,-0.07361374846300561,0.04039261864933685,0.18052256232121972,0.16457421231746683
2019-10-07,15246.75,15246.75,15472.349609375,15226.7001953125,15368.150390625,0,-0.048917886074014705,-0.008405957336108272,-0.07459105691550638,0.028986048041381385,0.18085381336002118,0.1634362151827225
2019-10-09,15128.75,15128.75,15317.150390625,15051.349609375,15305.099609375,0,-0.056490504299827715,-0.008243469140253645,-0.09002722049584644,0.012750185853027118,0.18147702319788966,0.16340318836233933
2019-10-10,15093.7998046875,15093.7998046875,15235.599609375,15034.599609375,15124.849609375,0,-0.051861286586126654,-0.004931226785185205,-0.07290090779200142,0.01805797887425542,0.18076919021990728,0.16306557734751215
2019-10-11,15321.900390625,15321.900390625,15388.9501953125,14865.099609375,14871.4501953125,0,-0.024194641301507835,0.007072332431910411,-0.04860175680917711,0.031060329959920585,0.18609657876835592,0.16586392490146723
2019-10-14,15277.75,15277.75,15338.599609375,15147.7001953125,15202.2001953125,0,-0.01960438291113853,0.0033065137898389274,-0.052232728352212154,0.02160122137477727,0.18471174511696464,0.16596988934108436
2019-10-15,15208.400390625,15208.400390625,15281.4501953125,15191.0498046875,15254.400390625,0,-0.03272297014021519,-0.028964881335438397,-0.06453974364251058,-0.015153613114981979,0.1812820112101897,0.15553301655123425
2019-10-16,15344.9501953125,15344.9501953125,15373.349609375,15213.2001953125,15223.5,0,-0.025293552143770826,-0.015115095972698667,-0.06714387249638587,0.0019136639973645897,0.18493158466602205,0.1563976202272467
2019-10-17,15281.900390625,15281.900390625,15313.900390625,15160.2001953125,15257.9501953125,0,-0.021999084288116477,-0.025140317005294732,-0.09306383319357303,-0.01648573812828935,0.1838131088469338,0.1560234783039215
2019-10-18,15410.099609375,15410.099609375,15434.5498046875,15241.0,15271.9501953125,0,-0.01860875151710395,-0.005703802988998974,-0.09436059196573365,-0.011304370085574722,0.18571335250596957,0.1553426778504256
2019-10-22,14688.650390625,14688.650390625,15085.4501953125,14659.4501953125,15033.2998046875,0,-0.053715733933505705,-0.04517783376197515,-0.13625345727332983,-0.05998612759694677,0.2478586557751976,0.1832068293914806
2019-10-23,14833.349609375,14833.349609375,14911.2001953125,14566.5498046875,14640.849609375,0,-0.042459865121643015,-0.039803886564821256,-0.07172131235048185,-0.06253391156200461,0.25184801942360246,0.1842142382040397
2019-10-24,14781.5,14781.5,14970.349609375,14756.5498046875,14956.650390625,0,-0.017229998962447257,-0.04594862152118451,-0.015712733256583622,-0.06814866556153787,0.23040994958948446,0.18414889814513566
2019-10-25,14898.849609375,14898.849609375,14943.75,14720.849609375,14883.400390625,0,-0.028672716963339062,-0.03133139740422286,-0.02830166670402101,-0.05906560653310211,0.22011808608358605,0.1844879742099981
2019-10-29,15181.400390625,15181.400390625,15199.900390625,14970.5,14980.150390625,0,-0.012906455500908076,-0.018950347348568153,-0.04320744745422511,-0.06647008359342821,0.2312723684109012,0.18823173502301457
2019-10-30,15395.650390625,15395.650390625,15419.650390625,15212.75,15343.7001953125,0,0.005403940330641843,0.003101409400102506,-0.0181804251159996,-0.046507322588297706,0.2364984880898798,0.18975551731901177
2019-10-31,15559.400390625,15559.400390625,15657.75,15417.0,15436.2998046875,0,0.02119923287121961,0.010294937310048491,-0.010510036464545847,-0.05121526788659536,0.2383503762157314,0.1908614507442708
2019-11-01,15471.2001953125,15471.2001953125,15636.2998046875,15411.7998046875,15575.349609375,0,-0.0044369065664960905,-0.001964319575347595,-0.040704388404754765,-0.07460032642909753,0.22880159894727425,0.19076564728831694
2019-11-04,15591.2998046875,15591.2998046875,15803.349609375,15428.5,15474.0,0,0.019022552225453904,-0.0018501933562716788,-0.032157422428400695,-0.07590126411427678,0.22295870890452654,0.1907853783968475
2019-11-05,15533.4501953125,15533.4501953125,15613.099609375,15422.7998046875,15613.099609375,0,0.016723447630978105,0.013132616606168046,-0.03659104727025042,-0.07222259243868634,0.22342495833995132,0.18699185398953308
2019-11-06,15561.2998046875,15561.2998046875,15647.0498046875,15440.400390625,15554.0498046875,0,0.014406498100673959,0.009026021024263198,-0.056404911970021177,-0.07905885667087742,0.22313226221387358,0.1866539958119945
2019-11-07,15624.400390625,15624.400390625,15639.7001953125,15532.150390625,15635.5,24300,0.024769238731205068,0.006820907060885784,-0.05482967762711155,-0.09899632239130396,0.2219180295453714,0.18640305607922653
2019-11-08,15383.2998046875,15383.2998046875,15658.150390625,15355.7001953125,15646.400390625,0,0.016825567524580753,-0.008475778073544271,-0.035754192245511573,-0.0961519263735009,0.227743221663958,0.189147935635786
2019-11-11,15308.5498046875,15308.5498046875,15354.0498046875,15228.7998046875,15343.25,0,0.014227696324242256,-0.017634193647441454,-0.04620199622487409,-0.11509172165743642,0.2283921863824252,0.18915045038043368
2019-11-13,15240.9501953125,15240.9501953125,15374.0498046875,15192.2998046875,15307.900390625,0,-0.005283299933344532,-0.039513610282518985,-0.05264270125177162,-0.11275210088937493,0.22260420923274174,0.18538972509722446
2019-11-14,15388.75,15388.75,15410.2998046875,15217.2998046875,15292.900390625,0,0.007265467755395827,-0.027342775430400756,-0.039550701721459136,-0.09597222747809075,0.22508077461798306,0.18652400458956142
2019-11-15,15310.650390625,15310.650390625,15471.150390625,15287.099609375,15425.0498046875,0,0.006723258026730461,-0.007374678893134701,-0.034153372671511306,-0.09611840323522414,0.22524466566916512,0.17942941313941133
2019-11-18,15295.25,15295.25,15373.849609375,15251.0,15326.7998046875,0,-0.003238863253377189,-0.011056332336539243,-0.03991890512357965,-0.08858544353843512,0.22296121329024784,0.1793404134499158
2019-11-19,15304.849609375,15304.849609375,15371.7998046875,15256.849609375,15318.650390625,0,0.0015017254505911293,-0.003937430747627535,-0.029029892524561784,-0.08470462606817486,0.2224804960940476,0.17885574030962134
2019-11-20,15318.5,15318.5,15349.0498046875,15235.0,15349.0498046875,0,-0.0059441283117517285,-0.006269831183987606,-0.03486321158726258,-0.09177803963063147,0.22036427862456812,0.17873538960529473
2019-11-21,15293.9501953125,15293.9501953125,15435.400390625,15279.400390625,15353.7001953125,0,0.0412086739482771,-0.01947715565947017,0.008412737161684225,-0.10583463869704857,0.13055472743723537,0.17703195682772227
2019-11-22,14995.900390625,14995.900390625,15220.0498046875,14931.349609375,15216.5498046875,0,0.010958467610529654,-0.03737606746628919,-0.015782149214174757,-0.12856825861555843,0.14801943055735253,0.18141700502780023
2019-11-25,15100.599609375,15100.599609375,15112.900390625,14950.9501953125,15002.2001953125,0,0.021587769128640577,-0.03399439551081118,-0.02081638945312214,-0.15803843458222244,0.14888061447827922,0.18189604820756453
2019-11-26,14922.150390625,14922.150390625,15212.650390625,14867.4501953125,15174.650390625,0,0.0015639315692761446,-0.056551296792000216,-0.037611112188417506,-0.16813238240876027,0.1533339757073062,0.18150759521638643
2019-11-27,15022.150390625,15022.150390625,15049.0,14946.5498046875,14957.5,0,-0.01048980962904722,-0.05462799675384633,-0.037116991305130465,-0.1489366211950176,0.13910283243819746,0.18182428308714976
2019-11-28,15121.7998046875,15121.7998046875,15136.2001953125,15042.650390625,15069.150390625,14700,-0.017787529528746515,-0.03531032942888168,-0.04371189620723681,-0.129481230664368,0.13109049849135757,0.18052017246125318
2019-11-29,14998.0498046875,14998.0498046875,15147.25,14964.25,15132.9501953125,0,-0.03607790607893413,-0.05553250110171459,-0.0511147705943068,-0.14696298163579724,0.12615029525191226,0.1789337268767722
2019-12-02,14852.0,14852.0,15070.650390625,14819.400390625,15056.849609375,0,-0.040022764071019346,-0.06500340377180824,-0.053276980941062035,-0.16546652683627527,0.12862478223096377,0.1798240937686156
2019-12-03,14920.75,14920.75,14956.4501953125,14808.400390625,14870.900390625,0,-0.043007947578937555,-0.0680589094613182,-0.047437983796957406,-0.15614093566162213,0.12593243179880392,0.17924765060252248
2019-12-04,15175.150390625,15175.150390625,15188.5498046875,14896.599609375,14918.5,27200,-0.023066337496329248,-0.05065718147827247,-0.03363929070135818,-0.1659851396587998,0.14278325830760166,0.18303271555849654
2019-12-05,15367.5,15367.5,15385.4501953125,15101.7998046875,15164.150390625,28800,-0.012453959959637939,-0.04147824731015126,-0.01682888625461232,-0.14971133530482617,0.15068411938026954,0.18494719488888173
2019-12-06,15289.599609375,15289.599609375,15390.0498046875,15269.25,15383.4501953125,16900,-0.021428072302274614,-0.04624495596987588,-0.013889824779177884,-0.14521338033915088,0.15041294177192863,0.18515912167225218
2019-12-09,15157.150390625,15157.150390625,15322.5498046875,15136.25,15309.7001953125,18200,-0.014700969033548228,-0.05471930454860685,-0.017165634696328702,-0.1452803930541876,0.143478663585136,0.18585254689266448
2019-12-10,14946.5498046875,14946.5498046875,15123.349609375,14903.25,15120.0498046875,20100,-0.023646916567443554,-0.06111100682601189,-0.018891754150489826,-0.1387031303876345,0.1504449372256882,0.1873442167302827
2019-12-11,15130.2998046875,15130.2998046875,15147.349609375,14963.650390625,14972.0,23000,-0.0072600716626599615,-0.0363971014220541,-0.013146688654646854,-0.11563540799402228,0.15715813470760204,0.18738111069717692
2019-12-12,14972.650390625,14972.650390625,15184.150390625,14890.599609375,15151.099609375,27100,-0.02703920782227276,-0.0391830721688351,-0.03543706486465892,-0.12923296997156952,0.15638206677452623,0.1879336455366918
2019-12-13,15200.5498046875,15200.5498046875,15221.4501953125,14965.150390625,14987.900390625,30100,-0.007191110967102787,-0.03322227915715592,-0.02326868658297676,-0.12448346506878383,0.16613977873516478,0.18970043333447872
2019-12-16,15348.75,15348.75,15446.25,15223.099609375,15263.75,28600,0.0034978179500171347,-0.025052189735789154,-0.01076026571463018,-0.12051728677877538,0.16989410783654713,0.19083159003182212
2019-12-17,15637.150390625,15637.150390625,15670.349609375,15387.2001953125,15417.5498046875,35700,0.021712123263625482,0.0007359693652750909,0.00287640178870463,-0.1238203498996091,0.18209082125329015,0.19417231316964542
2019-12-18,15710.650390625,15710.650390625,15835.7998046875,15649.150390625,15680.5,46700,0.025599790490256957,0.0005318065532673444,0.007052500402247475,-0.1268590740893083,0.18253881606319147,0.19415085532216103
2019-12-19,15812.9501953125,15812.9501953125,15835.5,15654.7001953125,15741.2001953125,25100,0.033934986930915345,0.018714828931306604,0.009595911099555376,-0.12653780717536112,0.18311251431559758,0.19308861384115653
2019-12-20,15844.5498046875,15844.5498046875,15890.9501953125,15781.25,15811.9501953125,30000,0.056592094636281454,0.02281633997747945,0.026594830624260712,-0.06566883787041555,0.16484807242666857,0.1930570396447881
2019-12-23,15865.5,15865.5,15936.0,15809.0498046875,15811.400390625,15900,0.050653643591087816,0.05484135246499289,0.03499984920243482,-0.002274024298524413,0.16415372586244906,0.1827361513024707
2019-12-24,15778.2001953125,15778.2001953125,15880.150390625,15739.4501953125,15877.400390625,16000,0.057367723972633566,0.0286563546005425,0.04267641196904459,-0.025394283015155894,0.15821356630227615,0.17895414837103815
2019-12-26,15706.4501953125,15706.4501953125,15806.849609375,15690.9501953125,15784.4501953125,17800,0.04555271961027341,0.021232244448510906,0.04341651187371509,-0.03876230089661559,0.15957132703157875,0.1791867987447135
2019-12-27,15780.7001953125,15780.7001953125,15824.150390625,15657.5,15740.400390625,16700,0.04357288147808647,0.030549392522261964,0.035783543759451586,-0.027750489770698605,0.1590215137432065,0.17913252495783014
2019-12-30,15775.0,15775.0,15868.9501953125,15715.099609375,15801.5,0,0.0518034148059483,0.03534953109439165,0.03523083855383158,-0.029228592800206288,0.15462434721142013,0.17877482390298058
2019-12-31,15652.400390625,15652.400390625,15775.25,15634.5,15754.0498046875,19600,0.053891758054470884,0.007223224819479013,0.04391101420471433,-0.05325897591232698,0.15267781402247999,0.1750381877839354
2020-01-02,15709.650390625,15709.650390625,15762.099609375,15679.650390625,15754.900390625,15200,0.052872703491781525,0.02675775824741433,0.02886109827340655,-0.0544313167420678,0.15254881656891656,0.1720916096715267
2020-01-03,15936.599609375,15936.599609375,16004.4501953125,15722.650390625,15727.599609375,26000,0.05017737545589096,0.043111111480425235,0.03494469706996628,-0.03755447015515889,0.14959798774748687,0.1743787426120445
2020-01-06,15879.7998046875,15879.7998046875,16067.650390625,15831.849609375,15934.599609375,24000,0.03333657424353342,0.03516880418693935,0.03544588872079735,-0.0380587673191346,0.14601669845699528,0.17445148668232022
2020-01-07,15895.2001953125,15895.2001953125,15988.7001953125,15799.7998046875,15893.349609375,24200,0.03960866218930725,0.04253038813599619,0.02858234877971122,-0.040744505105146045,0.14388642813335728,0.17389385020348924
2020-01-08,15953.4501953125,15953.4501953125,15974.849609375,15816.7998046875,15840.900390625,27400,0.052536247524470614,0.05451211734693873,0.04517711794331869,-0.008427061935879498,0.1383430373592525,0.17309342522095789
2020-01-09,15925.150390625,15925.150390625,16017.25,15857.25,15970.650390625,27900,0.065473343261506,0.05507894610337405,0.03518687542424592,-0.03227218082189376,0.12512167153910203,0.17305452483340308
2020-01-10,15959.900390625,15959.900390625,16059.349609375,15930.650390625,16040.650390625,20200,0.05483041292284785,0.041639743356533865,0.025725036190127337,-0.042548297956240155,0.12048173500311919,0.17056790588092627
2020-01-13,16225.900390625,16225.900390625,16275.2001953125,16075.75,16135.5,61100,0.08370261558933567,0.06206086567884661,0.05381989069947202,-0.025090735350934867,0.11953735501538484,0.17345091814776992
2020-01-14,16362.349609375,16362.349609375,16385.94921875,16226.900390625,16238.150390625,34500,0.07643143304785127,0.07587577845868232,0.05362954296027511,-0.00585116395290064,0.11349136059172826,0.17370567034843098
2020-01-15,16346.849609375,16346.849609375,16366.75,16217.099609375,16354.2001953125,35200,0.0650280713005944,0.06529179966765586,0.041023524684206336,-0.01140916026670391,0.11228885524402286,0.1730093176962119
2020-01-16,16381.650390625,16381.650390625,16423.849609375,16277.25,16372.150390625,26200,0.04761097651438795,0.07196421726938262,0.03195129710624989,0.0055800310022386945,0.09628138486213351,0.1726850710969146
2020-01-17,16356.599609375,16356.599609375,16447.349609375,16310.75,16396.5,20000,0.04111537095469053,0.06142075807376224,0.030421298176249945,0.0022105964674159484,0.09678611660906268,0.17211303169661882
2020-01-20,16207.150390625,16207.150390625,16465.05078125,16162.5,16389.599609375,27100,0.024928946872251334,0.10337913692664236,0.0277960961552689,0.04847915403366754,0.10296045584399652,0.14045368571386949
2020-01-21,16175.2001953125,16175.2001953125,16221.5,16133.599609375,16190.7998046875,17500,0.020868399209877264,0.0904617379940551,0.029176079984913894,0.04170741675891776,0.10353180463606959,0.1396011889246044
2020-01-22,16334.5498046875,16334.5498046875,16404.599609375,16211.7998046875,16245.9501953125,26800,0.029564136313857015,0.10506713152843083,0.04227332547411877,0.05980088742675016,0.10812152438417984,0.1402496149302996
2020-01-23,16474.400390625,16474.400390625,16501.19921875,16367.75,16380.599609375,30000,0.04412418315742572,0.10574982784298959,0.04692413860886402,0.05426032960518401,0.10759641022237962,0.14037268355136534
2020-01-24,16472.75,16472.75,16498.75,16356.9501953125,16410.5,21200,0.04878886031906804,0.08506129712331734,0.038753013580083984,0.04591594396143317,0.10503877266350373,0.135801052606407
2020-01-27,16393.55078125,16393.55078125,16483.900390625,16385.650390625,16456.19921875,13600,0.038835449527109045,0.06481703372743897,0.049190004289547895,0.04160713177698527,0.10764930960555931,0.1337757625266209
2020-01-28,16429.75,16429.75,16448.05078125,16320.599609375,16442.849609375,19700,0.04150554675118867,0.05593722042781368,0.05782834860202679,0.04092140420107948,0.10731767057630749,0.1323197756443715
2020-01-29,16479.30078125,16479.30078125,16577.94921875,16452.0,16513.19921875,22200,0.05282898277508097,0.06515981780411173,0.056029899464332344,0.045068283443082446,0.1008423942231472,0.1316679766465664
2020-01-30,16327.900390625,16327.900390625,16514.099609375,16287.75,16509.0,18900,0.039354790503100645,0.04724433467157385,0.059416374478831524,0.039330623304666856,0.10904924140877545,0.13257781178173972
2020-01-31,16144.150390625,16144.150390625,16365.7998046875,16098.4501953125,16333.150390625,26300,0.013023529883244622,0.039315167437610876,0.0346607545357831,0.03554755312161073,0.1083469366871952,0.13457629035551302
2020-02-03,16059.900390625,16059.900390625,16418.900390625,16034.2998046875,16282.0,29000,0.011341489700917862,0.03204106290576747,0.03511771165499067,0.05361454941769672,0.1093607112248668,0.1350890556268244
2020-02-04,16350.849609375,16350.849609375,16377.4501953125,16155.7998046875,16174.7998046875,25200,0.028665849342172534,0.04649453422775096,0.0347473317593161,0.0491917769622805,0.12560822627428944,0.13956985372252967
2020-02-05,16448.55078125,16448.55078125,16463.599609375,16283.25,16354.4501953125,21900,0.03103407600714303,0.06924723499426988,0.02572855198310453,0.05404756132013677,0.1264159324296898,0.1357434189354865
2020-02-06,16371.150390625,16371.150390625,16621.349609375,16330.650390625,16480.75,24000,0.02800601495497057,0.06941223038723954,0.03438705874379533,0.05056798322797973,0.1278582635472101,0.1357147176536991
2020-02-07,16470.150390625,16470.150390625,16493.25,16382.400390625,16453.0,15700,0.03197075091394219,0.0806511522943334,0.0448982848410201,0.05886993538041918,0.12890298967563002,0.13558176098728084
2020-02-10,16431.94921875,16431.94921875,16522.400390625,16306.25,16481.5,18000,0.012698760818478316,0.0677897307286166,0.036872377001462286,0.05436326061214891,0.11668292143332576,0.13464637249450093
2020-02-11,16452.30078125,16452.30078125,16512.099609375,16409.150390625,16482.400390625,17000,0.005497448350783474,0.07456576706395524,0.02607609618183171,0.0567059810260786,0.11309634994661524,0.13402871114416673
2020-02-12,16538.099609375,16538.099609375,16599.05078125,16419.44921875,16462.25,18600,0.011699502018438945,0.0812572275297887,0.02321178897763898,0.05460905593548526,0.11431499688088535,0.13419620730552692
2020-02-13,16673.05078125,16673.05078125,16696.849609375,16513.75,16578.75,18900,0.017788219359861523,0.08939657734610518,0.032425393846932105,0.06975262219301426,0.11733489655694729,0.134913375623256
2020-02-14,16642.75,16642.75,16828.19921875,16624.25,16682.30078125,19600,0.01749449136487935,0.08644775924535697,0.03683489392935857,0.07691782869555497,0.11741803408656039,0.13507359546080214
2020-02-17,16647.69921875,16647.69921875,16737.650390625,16596.19921875,16707.650390625,0,0.027182374292018308,0.08851532835855691,0.041804589658301805,0.08204834768141245,0.11132465306454656,0.13495023245563428
2020-02-18,16748.75,16748.75,16773.19921875,16526.400390625,16586.900390625,20800,0.03545859079096347,0.11688858712817485,0.050031458580420685,0.11033352713233535,0.11179934148224183,0.12788981301266017
2020-02-19,16772.5,16772.5,16882.44921875,16754.25,16796.400390625,16900,0.026811280417830874,0.11071748366780243,0.02524192745489473,0.10639816360361354,0.1076661959691119,0.1274466064594812
2020-02-20,16649.400390625,16649.400390625,16843.650390625,16623.900390625,16826.30078125,20300,0.010622541388491724,0.11575074334361113,0.018791436632961234,0.11216622027339018,0.1083418853486958,0.12570507138973464
2020-02-24,16461.80078125,16461.80078125,16749.25,16416.849609375,16642.75,23400,-0.000664686755399102,0.09583517360626703,0.0335320033329809,0.11825534767128476,0.116252489454671,0.12813052728142751
2020-02-25,16562.5,16562.5,16642.400390625,16443.25,16490.400390625,25300,0.01030583434939758,0.09527306365118715,0.03680138756129625,0.12434438518404745,0.11674943722243394,0.12804782175371962
2020-02-26,16332.25,16332.25,16539.25,16297.25,16497.150390625,26800,-0.005934356883093184,0.08895824541771469,0.025361767040663397,0.12027445684715865,0.12732435104389622,0.13045099878776095
2020-02-27,16123.7998046875,16123.7998046875,16258.650390625,16053.7001953125,16244.9501953125,24500,-0.021572576487406958,0.08563155162183533,0.019335968408301873,0.12006826282343219,0.13411832802046716,0.13171812219456108
2020-02-28,15212.9501953125,15212.9501953125,15788.4501953125,15156.7998046875,15726.150390625,42900,-0.06828497042722481,0.019583479068578935,0.0010124438054934792,0.08565292783617584,0.24228744414835673,0.17931735682642286
2020-03-02,15427.650390625,15427.650390625,15722.0,15298.0,15355.0498046875,36500,-0.04438140023869419,0.016639044325780894,0.024950041268866685,0.09223773740960661,0.24811298674559698,0.17826989631256238
2020-03-03,15723.2001953125,15723.2001953125,15793.099609375,15495.7001953125,15615.0498046875,29600,-0.020965272954560077,0.023146262912802973,0.013592638578534322,0.08264674240217973,0.2589242863112966,0.1806173922011774
2020-03-04,15864.2998046875,15864.2998046875,15919.9501953125,15612.75,15824.900390625,32100,-0.029756851558865094,0.03758765500700978,0.031067159732418137,0.09383057745804357,0.25202666924585626,0.1810900035427063
2020-03-05,15871.349609375,15871.349609375,16150.599609375,15841.099609375,15912.0498046875,26900,-0.035091308623551365,0.04711962343474174,0.03275054660401011,0.10311962343474179,0.2506157881826603,0.1800475501751617
2020-03-06,15663.5,15663.5,15699.9501953125,15443.0,15607.349609375,26000,-0.04322545293031077,0.047967604877458214,0.05139513633883408,0.12111968837912113,0.2537112560453182,0.17977155471919654
2020-03-09,14854.900390625,14854.900390625,15371.0,14705.400390625,15333.5498046875,36800,-0.09807135707269676,-0.018201847790033754,0.038054599544255274,0.10427353224049107,0.30883258201311253,0.2093123320766021
2020-03-11,14681.400390625,14681.400390625,14823.7998046875,14356.099609375,14524.150390625,43300,-0.10653324233302164,-0.019452133884216183,0.024215177180339165,0.10696155818821018,0.30949521277350234,0.20959282903700466
2020-03-12,13384.849609375,13384.849609375,14231.9501953125,13317.650390625,14177.400390625,42900,-0.186445118689469,-0.11944963956189136,0.021497622725009657,0.08710382534954242,0.43511655524879517,0.27989664651187246
2020-03-13,13539.099609375,13539.099609375,13835.349609375,11624.849609375,12561.9501953125,47400,-0.18133885215565815,-0.11790213474224287,0.0027413992988566394,0.056210912515589295,0.4386289180788711,0.28023635361844823
2020-03-16,12451.349609375,12451.349609375,13078.650390625,12355.150390625,12963.7001953125,49500,-0.25320508089752813,-0.20373282226408684,-0.0086600710225333,0.04021289161795183,0.5045523992639481,0.3231690699549703
2020-03-17,12099.25,12099.25,12677.2001953125,11999.5498046875,12517.5,44100,-0.27300175752204414,-0.22986956623896537,-0.013257395685104312,0.036428395322268936,0.5045399557986999,0.3266452115985974
2020-03-18,11753.0,11753.0,12451.099609375,11643.900390625,12287.7998046875,45500,-0.29401655774974533,-0.25674843373098133,0.002933421329937458,0.05246796880995941,0.5027586596793538,0.3297074047419184
2020-03-19,11340.0,11340.0,11698.2998046875,10991.25,11183.9501953125,52500,-0.3229345473542802,-0.28429648429359977,-0.011986054155405879,0.04233446415488429,0.4987780767368913,0.3353483361665567
2020-03-20,12363.4501953125,12363.4501953125,12710.5498046875,11363.5,11382.400390625,66400,-0.26287374003204655,-0.2207336550809933,0.015905574197357497,0.06609432434348328,0.6220545705732641,0.3845491264238977
2020-03-23,11179.599609375,11179.599609375,11602.4501953125,11108.650390625,11328.25,44700,-0.32852839459191296,-0.2914527974682236,0.04152832773544046,0.08549927021424941,0.6907214093229583,0.432432493456576
2020-03-24,11865.0498046875,11865.0498046875,12053.7998046875,11159.2998046875,11159.75,51300,-0.2792374320188713,-0.2445747029313755,0.06129974255593096,0.11212197251772749,0.7459560900019967,0.4526409683852605
2020-03-25,12233.349609375,12233.349609375,12514.25,11657.25,11856.900390625,47600,-0.2613826650943396,-0.2247904428848604,0.03358937789861216,0.09596853227076341,0.7606452075830903,0.4580008725427819
2020-03-26,12535.599609375,12535.599609375,12751.5498046875,12306.349609375,12496.9501953125,47100,-0.23246340159041157,-0.20535026248019017,0.027591383243899315,0.08956192470083546,0.773522786082324,0.4616955157217573
2020-03-27,12569.099609375,12569.099609375,12949.599609375,12403.849609375,12778.150390625,43300,-0.22046293295449382,-0.19698581075761024,0.03510082407079529,0.09131714804185298,0.7755822662808469,0.46180951393506536
2020-03-30,12318.7998046875,12318.7998046875,12774.599609375,12152.9501953125,12152.9501953125,40800,-0.19024254687409425,-0.21584506985343532,0.07048907011655448,0.10991908659342986,0.7573977026882149,0.46277071893906235
2020-03-31,12763.650390625,12763.650390625,12930.7998046875,12466.599609375,12681.75,38800,-0.17267697494745193,-0.19909825787951996,0.055029566562956544,0.09770424114404941,0.7703495731098075,0.4683512657386157
2020-04-01,12045.849609375,12045.849609375,12690.599609375,11989.599609375,12680.5,40900,-0.23388054214521892,-0.24143567566769764,0.03590793137075088,0.07034907140627089,0.7809332470697872,0.4813327447261031
2020-04-03,11680.0498046875,11680.0498046875,12146.9501953125,11621.2001953125,12129.849609375,40600,-0.2637525797869541,-0.2651838503970557,0.017751303895607418,0.06412559885036906,0.7786581998422247,0.48416488322044127
2020-04-07,12588.9501953125,12588.9501953125,12647.400390625,12132.2998046875,12147.0,39400,-0.20681287318651398,-0.21089481954120304,0.012975910617505915,0.05796633785433136,0.8410459124182355,0.5109883062104337
2020-04-08,12491.5498046875,12491.5498046875,12897.5,12437.75,12468.599609375,40400,-0.20250583811488487,-0.2156086756931873,0.001389730406665013,0.06821407005266356,0.8411291458153733,0.5110270551373012
2020-04-09,12728.5498046875,12728.5498046875,12867.349609375,12648.7998046875,12810.7998046875,36100,-0.14314135605240752,-0.20246683919378505,-0.014972558454511398,0.05411721734434671,0.8324975230565352,0.5130224159974934
2020-04-13,12603.099609375,12603.099609375,12795.7001953125,12527.150390625,12698.849609375,28500,-0.14156011865033846,-0.22327271177771935,-0.001524288451789535,0.0472724620650693,0.8324050356901496,0.5114126233940387
2020-04-15,12702.599609375,12702.599609375,12951.400390625,12661.0,12792.4501953125,47900,-0.050971809165650916,-0.22366897709501965,0.018354589155217482,0.054353725339099324,0.7706971363728887,0.5113600525164763
2020-04-16,12463.599609375,12463.599609375,12605.400390625,12205.900390625,12430.2998046875,69400,-0.07943659704337225,-0.23755341810772745,0.01723653576596651,0.03388939321632478,0.7709019326225798,0.5122036318957702
2020-04-17,12649.25,12649.25,12992.0498046875,12596.650390625,12878.349609375,46500,0.01589389076955916,-0.22784031532995008,0.008353759163927554,0.022149567718085184,0.7131148636413772,0.5135605064048292
2020-04-20,12847.650390625,12847.650390625,12937.9501953125,12742.5498046875,12812.599609375,39200,0.06185510594664967,-0.21452803776762985,0.028979209067679035,0.035667277110312035,0.7061215566203414,0.5151478962675203
2020-04-21,12408.849609375,12408.849609375,12632.5,12375.7998046875,12513.650390625,37300,0.05580274052369605,-0.23435956906077215,-0.004731266944664192,0.030934422226451708,0.7098428337372614,0.5188928987583696
2020-04-22,12571.2998046875,12571.2998046875,12619.4501953125,12322.9501953125,12393.900390625,27600,0.10858022969025583,-0.22280406715889634,-0.0032192714308449943,0.022272897669814773,0.6957423107655484,0.520105102768728
2020-04-23,13128.2001953125,13128.2001953125,13199.75,12596.599609375,12639.7998046875,39800,0.06185571081848562,-0.1962924995003461,-0.003143824095930281,0.034402386051265776,0.6438999267285227,0.5284388257487357
2020-04-24,12816.2001953125,12816.2001953125,13101.400390625,12792.900390625,13001.900390625,32500,0.14639169944557562,-0.22205361704054816,-0.056512330070537464,0.026375148618278277,0.5271806781349878,0.5294516745099355
2020-04-27,13121.150390625,13121.150390625,13248.9501953125,12928.0498046875,12957.349609375,40200,0.10586559741546586,-0.20346327172906775,-0.08401269295385672,0.03868970484411616,0.49391415287710855,0.5324335120876763
2020-04-28,13133.650390625,13133.650390625,13317.2001953125,13067.75,13301.9501953125,38800,0.07359397139766655,-0.19885261186694747,-0.05420958735528836,0.027081838943763037,0.4847067128039771,0.5325172923966363
2020-04-29,13424.9501953125,13424.9501953125,13470.7998046875,13144.7998046875,13250.599609375,37600,0.0709459948985911,-0.18288773746937714,-0.0345802065435179,0.024684570950965434,0.4833748177569731,0.5349808308016168
2020-04-30,14108.400390625,14108.400390625,14212.099609375,13750.25,13841.599609375,61200,0.12246706837312926,-0.14387141918803914,-0.016056691405745394,0.043242609368372875,0.5104151897875416,0.5457870500341283
2020-05-04,13454.25,13454.25,13700.25,13424.349609375,13646.099609375,48700,0.09217214447144784,-0.17599632052354786,-0.030082198355060985,0.051848928582330034,0.5373520254937505,0.5533503125389676
2020-05-05,13388.0498046875,13388.0498046875,13667.849609375,13351.4501953125,13637.7998046875,35400,0.0489201282511722,-0.1707182180078044,-0.021778555634146546,0.05971791695295625,0.5253771648899364,0.5531062064846483
2020-05-06,13394.7001953125,13394.7001953125,13580.0498046875,13262.25,13437.2998046875,39800,0.1119763760696233,-0.16595371892021926,-0.011251786716669043,0.042196326663650474,0.4750071609699585,0.5531373658426211
2020-05-07,13292.7001953125,13292.7001953125,13489.5498046875,13268.400390625,13408.0,48600,0.13806879401985106,-0.18703305865580622,0.00010768328659072068,0.04507726971517312,0.45844519537937883,0.551475892277114
2020-05-08,13403.599609375,13403.599609375,13530.849609375,13324.0,13509.4501953125,0,0.0647114653266192,-0.18511972345588001,0.0124720037033077,0.049607308546763096,0.3809098847986526,0.5516682006001762
2020-05-11,13593.5498046875,13593.5498046875,13763.7998046875,13489.25,13521.599609375,29800,0.08821963785362086,-0.16966434976543265,0.03216017846656549,0.06915274483093958,0.38050766989060975,0.5528210037594357
2020-05-12,13687.75,13687.75,13733.5,13480.75,13537.150390625,32000,0.07535816805770423,-0.16893594318414817,0.06606818348438814,0.07091493717385522,0.37679271083307864,0.5528857591196139
2020-05-13,13776.9501953125,13776.9501953125,13960.349609375,13612.7998046875,13960.349609375,26700,0.09313983244759205,-0.1615754155573924,0.04981020028359806,0.05850937813520618,0.37346013058399985,0.5532328842513387
2020-05-14,13293.75,13293.75,13483.7001953125,13246.7998046875,13396.0498046875,40100,0.046537748870609796,-0.1919823144036893,0.022174399731536898,0.052911539605952185,0.399306801858921,0.5572078196428176
2020-05-15,13196.349609375,13196.349609375,13375.7998046875,13108.400390625,13375.4501953125,30500,0.05879120181691588,-0.2020637243051585,0.042772852936024064,0.049087845776838224,0.3931741271941358,0.556959337031928
2020-05-18,13314.400390625,13314.400390625,13408.7998046875,13109.9501953125,13278.25,35400,0.05258417618633526,-0.20144186176185797,0.1004434580273259,0.07383506883532132,0.3913578247430195,0.557032648207143
2020-05-19,13446.599609375,13446.599609375,13524.2001953125,13197.599609375,13272.349609375,28300,0.0466193584460437,-0.1920446074491896,0.0879447973316605,0.07496029485264055,0.38936880157795684,0.5577213555823268
2020-05-20,13517.400390625,13517.400390625,13556.900390625,13362.5498046875,13443.5,27900,0.08933549975595478,-0.18803191882511916,0.07986045869639247,0.059294954301284175,0.36397538061997375,0.557959847228864
2020-05-21,13647.900390625,13647.900390625,13732.0,13468.5,13495.400390625,28500,0.0856395601619544,-0.18513916616911708,0.09446149984069951,0.05553208669725773,0.36309330915679455,0.5582666190150992
2020-05-22,13842.650390625,13842.650390625,13902.7998046875,13571.650390625,13622.25,37800,0.054421031419645605,-0.17468174746609033,0.0839092564495646,0.079868454266674,0.3349546326960516,0.5593483911458805
2020-05-26,13574.9501953125,13574.9501953125,13930.849609375,13522.9501953125,13860.849609375,28700,0.05920241479042376,-0.1846583134035068,0.07289534721512647,0.06795635388936616,0.33052666580324436,0.5602898533146804
2020-05-27,13952.900390625,13952.900390625,14017.0498046875,13488.099609375,13667.150390625,40500,0.06339002109100744,-0.1524074081544371,0.05987253174978702,0.06015198727402815,0.3340723273442785,0.5635757667256858
2020-05-28,14028.599609375,14028.599609375,14068.2998046875,13759.150390625,13964.900390625,41100,0.06814169649199964,-0.152990212264151,0.05650110612189718,0.04262093080702245,0.33407177550569855,0.5635313704770958
2020-05-29,14010.5,14010.5,14080.5498046875,13762.9501953125,13893.400390625,86600,0.04361653459928316,-0.14215738799001976,0.04079551407617221,0.037506112914420076,0.3269806101852095,0.5630511263835234
2020-06-01,14307.099609375,14307.099609375,14431.349609375,14140.849609375,14155.650390625,45100,0.01408375246296778,-0.11267196425896764,0.017506707935427746,0.04267083996708099,0.2848041067137234,0.5646704356353974
2020-06-02,14422.400390625,14422.400390625,14492.2998046875,14269.7001953125,14358.0,34100,0.0719587038017726,-0.05196558159580966,-0.0018132453427908146,0.057182577452999706,0.22136301446950926,0.552720575634842
2020-06-03,14361.7001953125,14361.7001953125,14549.0,14317.2001953125,14507.25,40000,0.07272533377371371,-0.06909348917838143,-0.020256137464813584,0.027127138726898092,0.22101718367861042,0.5518831058450898
2020-06-04,14627.4501953125,14627.4501953125,14695.099609375,14380.849609375,14380.849609375,44600,0.09203266829603263,-0.06969001134557018,0.010249973325357153,0.04303814922078819,0.2267863525409313,0.5517846028197138
2020-06-05,14627.4501953125,14627.4501953125,14732.849609375,14599.75,14715.900390625,38700,0.10041225487585148,-0.07796433656716084,-0.0021092670162172755,0.020591312652908478,0.22299261155419897,0.551387138943805
2020-06-08,14894.599609375,14894.599609375,14990.25,14713.4501953125,14824.75,48700,0.11123877491514578,-0.06154171031700084,0.012233187138839252,0.03620873823100701,0.22770305473598768,0.5528181156805585
2020-06-09,14737.849609375,14737.849609375,14983.2001953125,14712.2998046875,14869.400390625,39000,0.08417961615095626,-0.05909601242538387,-0.0032143333515297634,0.026695340911805587,0.2318457079596892,0.5526000087440238
2020-06-10,14842.0498046875,14842.0498046875,14882.599609375,14690.900390625,14774.7998046875,39400,0.08433086553213642,-0.0008650738543901637,-0.015663219800688966,0.031216579736408456,0.23186909616056353,0.542073409537209
2020-06-11,14619.4501953125,14619.4501953125,14840.650390625,14585.4501953125,14823.9501953125,34700,0.06115286678517973,-0.004219638022545769,0.005901900348841194,0.048981651834721696,0.24133592410755295,0.5424280513071537
2020-06-12,14402.75,14402.75,14442.650390625,14123.5498046875,14125.7998046875,35500,0.0834226610249178,0.07604869836655048,-0.007376101997695672,0.0361379582415402,0.20584769059714358,0.5082198666597995
2020-06-15,14396.7001953125,14396.7001953125,14571.9501953125,14238.0498046875,14444.25,0,0.09096080518242267,0.0633425124772451,0.016881596825637724,0.07755618947257326,0.20221188383034458,0.507780779713858
2020-06-16,14450.7998046875,14450.7998046875,14667.400390625,14375.5,14634.0,0,0.08535115219027567,0.16058100190256108,-0.03827109584757893,0.08266772435237013,0.20149910406239788,0.47605762765144444
2020-06-17,14478.4501953125,14478.4501953125,14559.5498046875,14382.9501953125,14418.7998046875,0,0.07673691609126898,0.19664030376366304,-0.036118083326913464,0.09470035630628892,0.20044742185402248,0.47161054640420835
2020-06-18,14551.25,14551.25,14623.9501953125,14443.0,14478.650390625,0,0.07648287240881224,0.2380881477069685,-0.03658114952018132,0.046461161195934464,0.20042489553535003,0.4668730114805149
2020-06-19,14499.7998046875,14499.7998046875,14625.7998046875,14422.4501953125,14532.7001953125,0,0.06241981474657354,0.27864195808531744,-0.06256581497202629,0.038917611899240256,0.20070601426109405,0.4598960894371998
2020-06-22,14463.7001953125,14463.7001953125,14550.349609375,14432.4501953125,14537.7998046875,27900,0.04486494906409755,0.1698757197077796,-0.09584918046130553,-0.009160232133696988,0.19712088197770317,0.4268361567019231
2020-06-23,14680.400390625,14680.400390625,14725.400390625,14320.7001953125,14398.4501953125,45700,0.08143309400090604,0.31314187480509537,-0.07826811781031906,-0.06276561837843997,0.18424119093565888,0.3692299570528128
2020-06-24,14581.4501953125,14581.4501953125,14761.2001953125,14547.2001953125,14675.7001953125,36300,0.04504796759746266,0.2289413390874968,-0.06127032596393156,-0.09207314776980335,0.1653068522218325,0.35165247562935775
2020-06-25,14411.2001953125,14411.2001953125,14590.5,14383.599609375,14486.400390625,36300,0.027272899404857,0.1780256965981344,-0.05689911291637162,-0.05894069180932604,0.1719735439694659,0.34838466378301364
2020-06-26,14994.650390625,14994.650390625,15086.0,14476.4501953125,14496.7001953125,77800,0.07024377364298195,0.19616538960058594,-0.013542768707159425,-0.005369047944653094,0.218787133191089,0.3538108728290138
2020-06-29,14768.0,14768.0,14979.2001953125,14737.4501953125,14874.2001953125,28100,0.03221480266503396,0.17494494108272418,-0.017270497342578794,-0.01582904241948424,0.21797592152048043,0.35577549162140965
2020-06-30,14754.2998046875,14754.2998046875,14854.400390625,14692.4501953125,14812.7001953125,25900,0.02301277215117703,0.19770594851888523,-0.009354877500957315,-0.04634376653490224,0.21678056398471363,0.35268274247719567
2020-07-01,14732.150390625,14732.150390625,14842.849609375,14704.5,14767.349609375,19800,0.02579431336642246,0.154227038484686,-0.010830263080868319,-0.05888683487607693,0.2161041232097082,0.3462254617353778
2020-07-02,15122.5498046875,15122.5498046875,15195.2001953125,14782.4501953125,14803.5,41200,0.03384729414656684,0.2554157900923797,-0.01826113096559223,-0.02298936208007496,0.22585523347795278,0.3259841047129619
2020-07-03,15285.900390625,15285.900390625,15336.849609375,15148.5,15164.25,27200,0.04501469405265901,0.3087187680047718,-0.0008532137216146207,-0.0034549455530756834,0.22801464839996377,0.318162133692097
2020-07-06,15464.9501953125,15464.9501953125,15580.5,15351.7001953125,15351.7001953125,31900,0.038292441616121664,0.2284543155211527,-0.0203456813999483,0.004227142399734873,0.22314577878636177,0.2827727059911541
2020-07-07,15784.9501953125,15784.9501953125,15806.849609375,15440.099609375,15528.0498046875,51600,0.0710483967261697,0.26365026294728766,-0.0039019569462004355,0.029228158003724358,0.2273434765158652,0.28391906711360093
2020-07-08,15513.650390625,15513.650390625,15765.0498046875,15473.5,15765.0,28400,0.045249853947086915,0.21880737622693203,-0.013033147650181043,0.043887815976375366,0.23840821974485082,0.2854746785447635
2020-07-09,15535.9501953125,15535.9501953125,15663.4501953125,15468.400390625,15572.349609375,26600,0.06269045605380308,0.23270867301214193,-0.029356624870505055,0.03039257201343437,0.22953036237626445,0.28417764416018854
2020-07-10,15565.2001953125,15565.2001953125,15656.0498046875,15417.5,15471.7001953125,27600,0.08071029458349965,0.22535549210138006,0.000979285256465845,0.018891839302602076,0.21961264527287877,0.2840485408308153
2020-07-13,15819.2001953125,15819.2001953125,15885.5498046875,15624.7998046875,15643.099609375,44800,0.09880736423636582,0.26923205904443925,-0.001970118294881029,0.06797100242872434,0.2231814210496977,0.2813461199297679
2020-07-14,15640.5498046875,15640.5498046875,15941.650390625,15611.849609375,15779.5,42000,0.08233108312898185,0.23648040829989925,0.012394669030232564,0.0918126866741944,0.23037135863565789,0.28215525717695916
2020-07-15,16459.849609375,16459.849609375,16624.650390625,15830.5,15853.7998046875,193800,0.13685162343577306,0.2811564067298906,0.062260125932932064,0.13471151255188762,0.2843212654091364,0.297571819829919
2020-07-16,16926.05078125,16926.05078125,17491.150390625,16715.75,16971.25,190500,0.1632025277038056,0.3640306163806042,0.09896132040933159,0.16823818177825256,0.29428710796839086,0.2902276102383865
2020-07-17,16821.349609375,16821.349609375,16975.19921875,16693.349609375,16936.94921875,88200,0.16010909363982995,0.3380756063985342,0.09594723158599838,0.1514701372104832,0.29576748043216666,0.290683356255735
2020-07-20,17258.30078125,17258.30078125,17376.150390625,16849.150390625,16880.349609375,61200,0.19321477548623367,0.31459762377878553,0.12426062984533903,0.13118361535681378,0.30008481761033656,0.28282903646251445
2020-07-21,17273.19921875,17273.19921875,17514.05078125,17219.69921875,17453.349609375,63700,0.17661635644357343,0.3477629059717433,0.11060069413815854,0.12843127050698544,0.3004655295748593,0.2766043441666128
2020-07-22,17076.05078125,17076.05078125,17321.69921875,16978.400390625,17317.30078125,38300,0.17108041741550783,0.3014141498942622,0.09080135514978016,0.10207779536786443,0.30401179208001067,0.2758816522115758
2020-07-23,17045.19921875,17045.19921875,17082.55078125,16949.150390625,17071.80078125,35700,0.18277443847419828,0.29782647716259625,0.09272110240227449,0.10226424664143052,0.2974733783128762,0.2760865481837965
2020-07-24,17286.0,17286.0,17322.69921875,16944.55078125,16944.55078125,75700,0.1528111392852216,0.287602542170744,0.07468820847283597,0.11585118287370433,0.2747464489997774,0.2744046929373583
2020-07-27,17626.75,17626.75,17735.650390625,17290.55078125,17323.0,65300,0.1935773293607801,0.24937976751162627,0.11411964899303406,0.12038258055506756,0.26477847627441786,0.25964220620468775
2020-07-28,18042.75,18042.75,18103.650390625,17634.400390625,17647.900390625,74600,0.22288080348399486,0.3410446513183567,0.12596364745068467,0.12508190265665764,0.266890107728517,0.23981252653637555
2020-07-29,17880.5,17880.5,18108.69921875,17783.30078125,17959.80078125,45700,0.21370604602152943,0.33555672863866826,0.13961245882310713,0.11859639093660301,0.2724973074581386,0.24067567327609488
2020-07-30,18003.55078125,18003.55078125,18252.69921875,17967.19921875,17995.25,63700,0.19051026538325466,0.34408015996881924,0.1383432984372992,0.14655349882037116,0.26554773038002094,0.24054037887596286
2020-07-31,18071.849609375,18071.849609375,18353.5,17909.30078125,18166.30078125,47100,0.18225614112065336,0.3595318741746545,0.13831485483312012,0.15577165649762081,0.26599215762677614,0.23912506533164268
2020-08-03,17965.80078125,17965.80078125,18140.849609375,17840.30078125,18099.400390625,33100,0.16171087228560999,0.34037134089592014,0.14982371373748005,0.1630920230150359,0.2703731201256834,0.2400838296176683
2020-08-04,17808.0,17808.0,18092.0,17716.400390625,18029.400390625,0,0.12816320480303234,0.3100330859757634,0.10079198456134697,0.10914450628797123,0.2717107085695368,0.24092412638330263
2020-08-05,17869.80078125,17869.80078125,18139.25,17818.150390625,17889.55078125,35500,0.1518759499729887,0.30553237612098405,0.11489578598401073,0.09837853838865684,0.2576540954259536,0.24088062501227173
2020-08-06,18188.75,18188.75,18222.80078125,17943.849609375,18009.69921875,43900,0.17075233708511117,0.3202305112628323,0.13499129982799873,0.12663633595083823,0.2593951374367806,0.2423760545997531
2020-08-07,18004.150390625,18004.150390625,18182.30078125,17977.69921875,18182.30078125,32100,0.1566925040930085,0.35433195228020686,0.11527367634893082,0.12778088124714793,0.266549183288903,0.22954560153058218
2020-08-10,18159.55078125,18159.55078125,18205.25,18016.80078125,18090.25,26000,0.1479436733236985,0.37610409839013537,0.10467206651604721,0.14262090971412889,0.26453852043572673,0.22818610381788826
2020-08-11,18057.099609375,18057.099609375,18331.650390625,18036.5,18202.5,30800,0.1545054256317291,0.35620824668074813,0.0870851541255524,0.07295094353281506,0.2600571828645346,0.22915870784070322
2020-08-12,18066.0,18066.0,18109.80078125,17900.0,18077.150390625,38900,0.09757989463708028,0.3435366951362442,0.03257827641394728,0.06993904581096544,0.20247922895257345,0.22912608475917848
2020-08-13,18107.19921875,18107.19921875,18344.05078125,18032.900390625,18141.349609375,35300,0.06978287213981593,0.33954744961969596,0.017594548189800552,0.09315820136673314,0.18289826641570306,0.2291888404990711
2020-08-14,18022.650390625,18022.650390625,18230.099609375,17994.650390625,18137.30078125,25700,0.07141524367227237,0.3205438107538576,0.04603386367142859,0.09299126270993185,0.1819167128027367,0.2297976215891497
2020-08-17,18223.599609375,18223.599609375,18306.94921875,18103.30078125,18136.650390625,39300,0.05593243740274434,0.3164819666121901,0.03552821591544597,0.07223055091121933,0.1649039101347319,0.22933794402489815
2020-08-18,18270.349609375,18270.349609375,18375.150390625,18209.55078125,18318.599609375,0,0.057728182139102246,0.34588704536712367,0.03774120734683373,0.08491829941290274,0.16476018452904653,0.22382044325778208
2020-08-19,18210.849609375,18210.849609375,18354.80078125,18187.55078125,18340.0,0,0.06645557820494674,0.3051658866289142,0.04168142024297872,0.08042499683156756,0.15774311357249593,0.21943614343921805
2020-08-20,18126.099609375,18126.099609375,18252.30078125,18083.25,18181.400390625,0,0.06341377280213845,0.2920818979865769,0.05478728003411404,0.10008174404325065,0.1592684888258438,0.22021564691439774
2020-08-21,18065.30078125,18065.30078125,18282.55078125,18047.94921875,18266.900390625,0,0.045082771100890984,0.28941156855572614,0.029230811590090333,0.10243414183563093,0.15531748747716131,0.22047948139701015
2020-08-24,18010.94921875,18010.94921875,18112.900390625,17915.599609375,18092.55078125,0,0.02179637305515758,0.25888193348063226,-0.00826618614430652,0.09194984517751736,0.14202489637126595,0.2181784693877857
2020-08-25,17973.69921875,17973.69921875,18047.5,17914.5,18028.80078125,0,-0.00382706523395826,0.246234935374104,-0.0190210335169243,0.0966071684338643,0.11536805210342022,0.21833155530522103
2020-08-26,18128.0,18128.0,18156.150390625,17940.69921875,18022.69921875,0,0.013841894801599475,0.26224609575938507,-0.017110051541572524,0.11435140422843992,0.11437268449927294,0.21792913749724827
2020-08-27,18102.650390625,18102.650390625,18305.55078125,18075.75,18231.94921875,0,0.005504448015788643,0.23758072315475465,-0.03566772073459945,0.08500965992644183,0.11219883404398774,0.2160838823597498
2020-08-28,18122.0,18122.0,18253.599609375,18093.44921875,18216.30078125,0,0.0027750557750869653,0.2389035517487088,-0.049074133405855314,0.09046863797129356,0.11148295244433037,0.21601994474207706
2020-08-31,17928.849609375,17928.849609375,18426.400390625,17791.849609375,18163.25,0,-0.002056750618851577,0.2037147744535659,-0.04758728868583595,0.08371912350363742,0.11616465154469177,0.21581400763624495
2020-09-01,17814.05078125,17814.05078125,18154.400390625,17775.650390625,17954.599609375,0,0.0003397788213161945,0.20872795240888986,-0.03345846817627285,0.06702902251446186,0.11406992504326308,0.21485555591272573
2020-09-02,18077.0,18077.0,18114.849609375,17858.30078125,17860.650390625,0,0.011594937251197868,0.21795845168844674,-0.02743976426858241,0.07770256831507383,0.12494960697910601,0.21600581642508895
2020-09-03,18348.55078125,18348.55078125,18497.94921875,18108.0,18148.25,0,0.008785693423132512,0.2550780320817523,-0.020437111027909793,0.09092430603524648,0.1201971020267244,0.21383580636300079
2020-09-04,18073.94921875,18073.94921875,18259.80078125,18012.80078125,18049.19921875,0,0.003876818767374113,0.2548957121903803,-0.006806191097395997,0.11843097621153142,0.12697916973591034,0.21389032872742583
2020-09-07,18176.80078125,18176.80078125,18208.94921875,17962.349609375,18093.05078125,28400,0.0009499133655779257,0.26256715321253155,-0.0065832082982753,0.1055061488310014,0.12482170792651597,0.21374328126551162
2020-09-08,18395.75,18395.75,18671.75,18213.55078125,18304.25,0,0.01875441781631304,0.272991823887343,0.01920929886069367,0.13143951307687285,0.12972681346950324,0.21438443629279638
2020-09-09,18261.5,18261.5,18439.55078125,18193.44921875,18264.19921875,0,0.010821432525185415,0.26128831150120546,0.013509734104089732,0.11992323211730116,0.13300196817308124,0.21560509151873472
2020-09-10,18395.849609375,18395.849609375,18416.75,18217.099609375,18385.94921875,0,0.01594119483294265,0.2642109515935056,0.002773595125346695,0.1296839360088009,0.13507139107374713,0.21570981799541444
2020-09-11,18633.25,18633.25,18740.849609375,18338.099609375,18347.650390625,0,0.03387956799587144,0.2850694665436855,0.008290056554914216,0.16597515568445664,0.13987188872956458,0.2159029832070746
2020-09-14,19505.099609375,19505.099609375,19592.30078125,18799.55078125,18804.849609375,0,0.07032090407324043,0.3485553036902931,0.053165352685426104,0.23907730035483477,0.20818571613979026,0.2315847551145088
2020-09-15,19627.30078125,19627.30078125,19823.0,19392.349609375,19511.5,0,0.07427067357149597,0.3369731246420311,0.06228595636965051,0.23661978640427916,0.20840004404708018,0.2306847489385737
2020-09-16,19770.349609375,19770.349609375,19802.400390625,19533.69921875,19642.30078125,0,0.0856357629353639,0.35585619705580296,0.06844234340709354,0.229780291975485,0.2071604715171478,0.22945903146459418
2020-09-17,19817.69921875,19817.69921875,20014.650390625,19605.05078125,19660.44921875,0,0.09332397183231222,0.3751595252417672,0.0752992365427978,0.2558854364510743,0.20469660692533484,0.22684752698356223
2020-09-18,19827.099609375,19827.099609375,20067.69921875,19777.75,19889.94921875,0,0.09752391335513066,0.3222782187553608,0.08579727941459314,0.21422176153562655,0.20320063349674397,0.2154117409270998
2020-09-21,19729.0,19729.0,20331.599609375,19683.849609375,19855.55078125,0,0.09538924131002768,0.3359290357529794,0.11421811920575697,0.24495609264311224,0.20428939080800051,0.21236871309167887
2020-09-22,19866.099609375,19866.099609375,20113.400390625,19376.69921875,19813.349609375,0,0.10528719589626068,0.34646170081642635,0.13305852317512923,0.26380371714918627,0.20291056142443298,0.2120693430377753
2020-09-23,19805.650390625,19805.650390625,20226.30078125,19615.150390625,20016.80078125,0,0.09254470380764568,0.3443828541981617,0.12871478884339926,0.27709652116722117,0.20439451031605416,0.21229390904527995
2020-09-24,18973.05078125,18973.05078125,19658.0,18914.69921875,19630.30078125,0,0.048081378794994745,0.25461982445374187,0.11328458794026797,0.2305621271465561,0.2644763134556247,0.22933969184825012
2020-09-25,19629.349609375,19629.349609375,19678.5,19077.849609375,19108.75,0,0.08317788375317292,0.2841474239498434,0.13446309524809774,0.24239331883073278,0.28722715512490177,0.23717758688154647
2020-09-28,19783.05078125,19783.05078125,19836.94921875,19463.650390625,19774.75,0,0.1034199746371589,0.2792185252071706,0.11746609497195581,0.23611981824186912,0.2821240177475525,0.23679039758732667
2020-09-29,19831.80078125,19831.80078125,20146.349609375,19782.349609375,19891.05078125,0,0.11326733176958048,0.256373985084809,0.13487537077265366,0.21722919940109997,0.27913250819588536,0.23433437878876648
2020-09-30,19951.349609375,19951.349609375,20048.55078125,19741.650390625,19880.599609375,0,0.1036869839782597,0.2860512585375605,0.12860681018653886,0.23544295882128652,0.2769959983507782,0.2301862486716197
2020-10-01,20110.400390625,20110.400390625,20196.05078125,20009.30078125,20129.80078125,0,0.09602118610780952,0.29444289778250576,0.1056070006745845,0.23863277343739986,0.2747621077295865,0.230239490114932
2020-10-05,20809.0,20809.0,20940.900390625,20341.44921875,20375.900390625,0,0.151325576283718,0.33689253841185307,0.13637037519654327,0.2686072111683431,0.283463470904923,0.2381513683792146
2020-10-06,20896.75,20896.75,20995.30078125,20573.900390625,20995.30078125,0,0.14963850082769903,0.3209738635327508,0.12257119674501493,0.24139189052885857,0.2836053110369928,0.23697588044642215
2020-10-07,21017.400390625,21017.400390625,21121.599609375,20771.650390625,20897.55078125,0,0.14251391710721228,0.343776315607911,0.1052702147786353,0.23710499414981978,0.28300918523606977,0.23462531192827646
2020-10-08,21697.25,21697.25,22169.30078125,21501.94921875,21531.849609375,0,0.18814171891684683,0.31819248139678913,0.1387890314390139,0.20363451566927426,0.2913547758075125,0.22141766599335116
2020-10-09,21837.650390625,21837.650390625,21922.75,21540.650390625,21703.44921875,0,0.1870965926735979,0.29017989328118254,0.1464869286945163,0.18084512183014678,0.29142317020428926,0.2160639463913847
2020-10-12,22202.099609375,22202.099609375,22320.0,21845.05078125,21990.849609375,0,0.19153124706505853,0.31987623614939675,0.1508402420842232,0.2254643571250079,0.29244268308938964,0.21639529806400196
2020-10-13,22492.599609375,22492.599609375,22619.0,22186.05078125,22230.19921875,0,0.15316507271585933,0.30329166784552264,0.10994408996192928,0.22052236693267213,0.2587010921455548,0.21266897640095833
2020-10-14,22204.05078125,22204.05078125,22490.30078125,22129.94921875,22475.849609375,0,0.13128397168405215,0.2854625538705984,0.09229266758091814,0.21300406165912666,0.26832366154383347,0.21550624229474716
2020-10-15,21567.30078125,21567.30078125,22570.5,21364.150390625,22473.650390625,0,0.09089121878871054,0.26301456100912524,0.08435931484040893,0.21381221661341665,0.29597051030453114,0.22383896129721925
2020-10-16,21538.150390625,21538.150390625,21908.80078125,21247.55078125,21638.25,0,0.086813870413738,0.2635904171147896,0.06542202818471177,0.21481841149092085,0.29659682708069074,0.22379132666311255
2020-10-19,21391.900390625,21391.900390625,21683.80078125,21354.900390625,21683.80078125,0,0.0789223240957595,0.23752750148241342,0.04692743466764404,0.17687980689443727,0.2989178245849423,0.22383832193003292
2020-10-20,21694.349609375,21694.349609375,21779.80078125,21346.05078125,21397.5,0,0.09961729481347259,0.2307628808132527,0.0421756576295953,0.16204084004515829,0.29914248761306983,0.22244567105632093
2020-10-21,21577.650390625,21577.650390625,21892.30078125,21406.099609375,21757.05078125,0,0.08615434407880973,0.19591804966676363,0.015863455217977496,0.13954020992013216,0.30114273923035717,0.21925465477082284
2020-10-22,21413.5,21413.5,21767.05078125,21290.44921875,21480.69921875,0,0.08118135873670052,0.1975895528648528,0.012495505732221357,0.1356766815756527,0.3030285066071444,0.21894621073922116
2020-10-23,21523.599609375,21523.599609375,21621.599609375,21385.150390625,21546.650390625,0,0.13443008494161446,0.19551969891356058,0.030335446073765704,0.12092160848872213,0.24738905753058005,0.21884486304314707
2020-10-26,21265.69921875,21265.69921875,21595.80078125,21148.650390625,21493.30078125,0,0.08336239569514192,0.17673064342667777,0.018431738017713917,0.1140311421473561,0.23257102554110798,0.22099183666651045
2020-10-27,21023.400390625,21023.400390625,21371.599609375,20932.69921875,21287.099609375,0,0.0626975901285447,0.17018999857585326,0.003748790305703853,0.07857803917265072,0.23837650264491528,0.22220991923474462
2020-10-28,20810.30078125,20810.30078125,21194.75,20701.0,21121.900390625,0,0.049339947027156716,0.16859281116632974,0.004144694577092212,0.11141973175171538,0.24296868261377033,0.22252770059264396
2020-10-29,20876.94921875,20876.94921875,20961.05078125,20548.30078125,20667.69921875,0,0.04639283193855048,0.16828102754538077,0.008762413994225726,0.11701392814697709,0.24262053220529023,0.22252392834449855
2020-10-30,20916.849609375,20916.849609375,21197.30078125,20797.5,20912.94921875,0,0.040101102070844385,0.1499882954779741,0.020354130116366997,0.11050221854366948,0.24169293173399936,0.22028943096454515
2020-11-02,20732.30078125,20732.30078125,21012.44921875,20669.349609375,20964.150390625,0,-0.0036858675933489904,0.151528971455692,-0.018099128676440368,0.11094589987460557,0.21214817792614954,0.21998103672440616
2020-11-03,20736.0,20736.0,21017.94921875,20679.650390625,20792.25,0,-0.007692583774988937,0.14187846658686198,-0.020648716673364098,0.09366707716059652,0.21152282742770992,0.21963680164938232
2020-11-04,21104.55078125,21104.55078125,21468.44921875,20765.80078125,20769.900390625,0,0.004146582784038122,0.16876747859843477,-0.010305462882303162,0.11701212421556884,0.2201068411892714,0.22124883934684297
2020-11-05,21385.650390625,21385.650390625,21596.0,21284.599609375,21383.69921875,0,-0.014361248977404983,0.18375126705551859,-0.03850234413420073,0.11195513444461547,0.19287294838133076,0.22226872505934286
2020-11-06,21492.30078125,21492.30078125,21582.19921875,21251.55078125,21435.150390625,0,-0.015814412411477186,0.18694782785593533,-0.045136532541072416,0.10172116938400122,0.19221513214745115,0.22230977934502982
2020-11-09,21820.150390625,21820.150390625,21926.900390625,21620.55078125,21751.650390625,0,-0.01720329272771659,0.21070707790988275,-0.06163392069088314,0.09596352165489108,0.19058308148429212,0.22314890475657553
2020-11-10,20978.5,20978.5,21633.099609375,20862.69921875,21633.099609375,0,-0.06731545644656911,0.15117213117477402,-0.12568401896489834,0.02811818410682343,0.22711634543252648,0.23889492564458303
2020-11-11,21330.5,21330.5,21365.650390625,20967.80078125,21029.25,0,-0.039341955657373195,0.16749271119884623,-0.10434048115284134,0.04770712463003246,0.2349369792662211,0.24068465434552758
2020-11-12,21363.349609375,21363.349609375,21610.05078125,21291.69921875,21380.19921875,0,-0.009456499630788762,0.1731110885884799,-0.0959650570888192,0.06070274297007683,0.21214765787116646,0.24038777661116925
2020-11-13,21436.849609375,21436.849609375,21462.0,21219.80078125,21305.349609375,0,-0.004703318502878195,0.18265098787648992,-0.08610642619735986,0.05820570086827925,0.21256517046247703,0.2399061365765083
2020-11-17,21488.55078125,21488.55078125,21706.19921875,21361.44921875,21704.05078125,0,0.004518083426910291,0.18949310844317613,-0.0798031657124425,0.05735685342600849,0.2112970963037039,0.23956496430022148
2020-11-18,21314.849609375,21314.849609375,21557.099609375,21153.849609375,21519.150390625,0,-0.01749303421550852,0.1834384379467091,-0.10503339905397169,0.05508138065192636,0.2066708440365105,0.24032930619451343
2020-11-19,21114.44921875,21114.44921875,21451.80078125,21070.25,21285.75,0,-0.02146671039198278,0.17474143534813336,-0.09133387665968518,0.06147244318770273,0.20833808002395227,0.24144150891157468
2020-11-20,21409.25,21409.25,21500.650390625,21121.75,21275.349609375,0,-0.00019847292595787103,0.18100452338923212,-0.0811133335416303,0.06762828182241654,0.21329185977496468,0.24223771358994994
2020-11-23,22007.05078125,22007.05078125,22047.05078125,21432.650390625,21551.849609375,0,0.022461446070778157,0.21568114648267245,-0.06103154605032057,0.09740355967448844,0.23425783667511915,0.24731583964422674
2020-11-24,22064.30078125,22064.30078125,22281.849609375,22016.94921875,22099.599609375,0,0.0375535059668235,0.2175422569942611,-0.07184721979850983,0.09669754834570132,0.22905214527429477,0.2472779350224437
2020-11-25,21705.900390625,21705.900390625,22132.900390625,21675.900390625,22087.900390625,0,0.03246382541923842,0.21066888637824133,-0.0490373410116669,0.08150090476463001,0.23346267587723593,0.24891333839756136
2020-11-26,21859.900390625,21859.900390625,21919.150390625,21544.05078125,21717.400390625,36600,0.050436541999464346,0.22711564365997083,-0.05676237633531067,0.09488225729088562,0.2299180298795057,0.2482234255268073
2020-11-27,21764.900390625,21764.900390625,21972.94921875,21701.30078125,21879.150390625,81500,0.042532611569391365,0.20401064284034964,-0.06869801635240758,0.07969766535335365,0.23115659170574465,0.24760248878195773
2020-12-01,22170.900390625,22170.900390625,22216.44921875,21814.400390625,21921.099609375,0,0.059954094649508294,0.20831888332461546,-0.06602073569935296,0.07111598219925308,0.23836490342381575,0.24843732433068735
2020-12-02,22319.0,22319.0,22371.55078125,21961.44921875,22149.349609375,0,0.07653271267340411,0.23487123538258947,-0.04726375587974707,0.07782835481068529,0.23453316393136406,0.24560133552100938
2020-12-03,22202.19921875,22202.19921875,22458.80078125,22147.30078125,22458.75,0,0.07070790985484177,0.22145802696216688,-0.04106255534387149,0.06480080250832354,0.23639303197726244,0.2462105199634023
2020-12-04,22309.80078125,22309.80078125,22347.849609375,22130.30078125,22222.25,0,0.057108536092167705,0.21276929623690255,-0.05626004976562293,0.04124502047321488,0.23048883720198074,0.24557444326411057
2020-12-07,22440.900390625,22440.900390625,22482.900390625,22271.0,22333.30078125,0,0.04934383480161064,0.22886402489527158,-0.05258847836070002,0.04463366490236509,0.22752015644425416,0.24464223479389965
2020-12-08,22617.400390625,22617.400390625,22737.94921875,22387.349609375,22484.349609375,0,0.05234896071976358,0.22948387113898727,-0.039745123669514104,0.059717275483158305,0.22817349350612437,0.24467870907116382
2020-12-09,22803.44921875,22803.44921875,22895.5,22720.5,22799.94921875,0,0.045063797018900065,0.22380417902137317,-0.04064726436260013,0.04371273295214273,0.22439158697003844,0.24410393610581957
2020-12-10,22755.75,22755.75,22809.55078125,22606.599609375,22693.94921875,0,0.08471768715589767,0.16665643630256555,0.017645126451547366,-0.011511494326970517,0.1636784797837154,0.22778576942882747
2020-12-11,22664.0,22664.0,22901.75,22541.099609375,22754.5,0,0.06251611542157942,0.15471812719408495,0.002535709251744178,-0.01817585104333075,0.1590018975251602,0.22805188242816857
2020-12-14,22746.69921875,22746.69921875,22792.44921875,22487.30078125,22786.0,30500,0.06475340406206409,0.15054612933924183,-0.003591428358752591,-0.0178016841320201,0.15891519544681787,0.22784267905989009
2020-12-15,22715.099609375,22715.099609375,22779.69921875,22608.349609375,22656.349609375,29900,0.059628631225783435,0.14620266251107994,-0.007030388742310878,-0.031960957950288416,0.15971624690431588,0.2279706082727036
2020-12-16,22906.25,22906.25,22933.80078125,22701.55078125,22830.400390625,0,0.0659746314761731,0.1553000918585723,0.003174613786967484,-0.033987993967934615,0.16087687166740555,0.22827951494122364
2020-12-17,22892.25,22892.25,22960.5,22835.400390625,22913.150390625,0,0.0740047628546816,0.16033503978914299,0.011983222436734886,-0.061000844576924784,0.15601066990536794,0.22785374662538974
2020-12-18,23256.599609375,23256.599609375,23416.5,23148.5,23173.150390625,0,0.10145423962670708,0.17066762306980432,0.024029183114816055,-0.06305849553381293,0.1537880175916772,0.22931241064772073
2020-12-21,22844.599609375,22844.599609375,23506.69921875,22458.150390625,23233.5,0,0.06704343259922707,0.15343849653069142,0.030543800583927805,-0.043882780555204004,0.16952316816616617,0.23286494187321555
2020-12-22,23611.599609375,23611.599609375,23680.900390625,22745.25,22921.849609375,0,0.0729106704971152,0.24448091567377328,0.03114749489839097,-0.001758289928310397,0.18069562541048995,0.22147443457313157
2020-12-23,24167.75,24167.75,24228.80078125,23758.400390625,23787.80078125,0,0.0953326932769829,0.2312048275128511,0.05351400851161636,0.00036393166207848715,0.19374171545450478,0.2162230445633761
2020-12-24,24009.25,24009.25,24163.19921875,23828.05078125,24163.19921875,0,0.10611628948457907,0.213627274452306,0.03683476283181486,-0.01097205836558901,0.18249949315609587,0.21699905177898335
2020-12-28,24100.30078125,24100.30078125,24192.05078125,24037.80078125,24065.400390625,0,0.10248904846729467,0.2152351189426862,0.0342515651907489,-0.020971014542083388,0.18238801989945996,0.21699606138635968
2020-12-29,24274.05078125,24274.05078125,24424.19921875,24090.30078125,24093.05078125,0,0.11528425793787633,0.21666209336754805,0.04097990796737516,-0.022060993110227356,0.17921131459169504,0.21707315472076827
2020-12-30,24330.05078125,24330.05078125,24394.75,24176.25,24312.5,0,0.09738668040464438,0.20982428537783382,0.030799063176058405,-0.014841667973974682,0.17269680668037252,0.2168622654120477
2020-12-31,24251.349609375,24251.349609375,24295.19921875,24137.80078125,24255.94921875,0,0.08657868226063004,0.1654259988166178,0.02038861458357344,-0.05002432433144621,0.1747298368956692,0.2073831666237826
2021-01-04,25110.05078125,25110.05078125,25158.849609375,24508.94921875,24612.05078125,0,0.13097133008536765,0.20162469193774157,0.0549086243933794,-0.010209914768605888,0.20186777507150902,0.2176470383876233
2021-01-05,25769.150390625,25769.150390625,25824.150390625,25029.849609375,25057.650390625,0,0.1550596369413737,0.22608647652349823,0.08409032210877943,0.016470502854336377,0.2135640056597947,0.22257604197479502
2021-01-06,25419.150390625,25419.150390625,26036.69921875,25240.5,25841.30078125,0,0.1327152631203785,0.17153788570556183,0.07352727292888805,-0.02379194943256846,0.2260892900791673,0.21721747395168386
2021-01-07,25251.19921875,25251.19921875,25702.30078125,25131.900390625,25692.05078125,0,0.11645011286163198,0.15631484006129392,0.06086867612015601,-0.03028177386308606,0.23051468477373094,0.21789003839551802
2021-01-08,26162.400390625,26162.400390625,26227.5,25523.75,25558.30078125,0,0.1473001360299968,0.17837505690577715,0.08682675537293805,-0.024148611798902264,0.2538491761091613,0.22640073469685004
2021-01-11,27027.75,27027.75,27095.75,26528.0,26703.19921875,0,0.18773277083813977,0.20162855647573674,0.11306087528032793,-0.012058652875304388,0.2670542284054735,0.23361178677547909
2021-01-12,26982.099609375,26982.099609375,27127.25,26805.0,27008.0,0,0.19052680945000877,0.21518815981810757,0.11285829779146872,-0.001367650484335181,0.26570576363944726,0.2314567331563411
2021-01-13,27004.30078125,27004.30078125,27103.900390625,26737.400390625,27077.69921875,0,0.18717447843995227,0.25209459705438775,0.11292399517004403,0.005141372496382024,0.266607451744582,0.22150664280006935
2021-01-14,26965.55078125,26965.55078125,27176.5,26245.099609375,26804.650390625,0,0.18712007629148797,0.2519900869940721,0.11137115294774347,0.011126205148132451,0.26663022708744183,0.22151491649981914
2021-01-15,26362.80078125,26362.80078125,27037.650390625,26301.400390625,26939.69921875,0,0.15089989768076406,0.2323730150128922,0.09601307057208541,0.016703879218140427,0.28870577839005,0.22702615993179373
2021-01-18,25916.25,25916.25,26423.599609375,25830.400390625,26395.599609375,54400,0.13209710709956424,0.1946082950926793,0.09275416229392608,-0.005823757152200404,0.3001792828615559,0.2297878416850351
2021-01-19,26043.5,26043.5,26254.05078125,25987.30078125,26080.099609375,41600,0.11983266846549512,0.20696644576813195,0.06455867166062879,-0.009449675952847736,0.29804784870696865,0.22915620900538738
2021-01-20,26619.69921875,26619.69921875,26758.099609375,26142.94921875,26147.19921875,0,0.16525129238096903,0.24312696283886326,0.06649226908411743,0.012112672451392914,0.28970722581987296,0.2312060600512785
2021-01-21,26450.150390625,26450.150390625,26872.94921875,26321.80078125,26808.5,0,0.1202184870237657,0.22889065354589433,0.03674716817668133,0.0059298781206929,0.2774387303803626,0.23208991758203176
2021-01-25,26023.30078125,26023.30078125,26685.80078125,25911.80078125,26607.650390625,0,0.07677796986686802,0.2237218496114728,0.02988464509404043,0.01372840221286209,0.27966406820322137,0.23344820629591018
2021-01-27,25865.30078125,25865.30078125,26236.55078125,25628.69921875,26073.099609375,0,0.07730565433114323,0.23031004978548375,0.061432061226064816,0.05552414460109634,0.2794305499633971,0.23224816838410473
2021-01-28,25301.25,25301.25,25807.650390625,25239.69921875,25639.900390625,0,0.049831295868487224,0.2158041474727903,0.05384265516854281,0.037797202236255156,0.29402028331552593,0.23645769923679388
2021-01-29,24645.75,24645.75,25539.849609375,24559.650390625,25516.80078125,0,0.015312616015334068,0.1805244981802785,0.03670130214390699,0.012258412089181991,0.3103502540591104,0.24406768877441645
2021-02-01,24922.69921875,24922.69921875,25139.150390625,24308.900390625,24709.25,0,0.024358701213921252,0.19151304733670615,0.0029561074541233356,-0.035141226365509315,0.3125253042226232,0.24466667270790612
2021-02-02,25447.80078125,25447.80078125,25574.75,25107.19921875,25277.44921875,38500,0.04933544693992942,0.2274470185318087,0.001694800427511467,-0.027815714318312867,0.3196012896520281,0.24612818894923186
2021-02-03,25680.900390625,25680.900390625,25949.69921875,25341.400390625,25590.05078125,35500,0.02273390899715988,0.23846934754171478,-0.02375688811645671,-0.013483942788204306,0.2973080505801276,0.2463078041583397
2021-02-04,25570.05078125,25570.05078125,25862.5,25505.25,25749.69921875,0,-0.007726277597705944,0.2115894361498234,-0.05675267927558203,-0.039252432315978414,0.28289863606041393,0.24506264054430335
2021-02-05,25331.599609375,25331.599609375,25733.5,25188.400390625,25689.69921875,0,-0.0034442843251869526,0.18451387480269554,-0.05844119163277739,-0.04682942862186801,0.2806199086608671,0.2454874525944801
2021-02-08,25915.599609375,25915.599609375,26028.0,25415.94921875,25588.5,0,0.0263116371174823,0.20580852990778498,-0.04289866200843395,-0.026770947113605947,0.29088730077148517,0.24884754451185073
2021-02-09,25779.150390625,25779.150390625,26301.19921875,25659.900390625,25933.80078125,0,-0.014648885204636364,0.18143779621706813,-0.06776357998499505,-0.031084426349107908,0.26195502834259526,0.24815232033905624
2021-02-10,25885.30078125,25885.30078125,25941.05078125,25570.19921875,25779.900390625,0,-0.04226949038488226,0.233896645672951,-0.08519394541517278,0.03792001124060751,0.2317485824169814,0.23211465358791142
2021-02-11,26043.44921875,26043.44921875,26080.150390625,25795.849609375,25860.849609375,0,-0.03478789287023698,0.22094883939663856,-0.07666324528990542,0.030806803277503736,0.2335961325395031,0.2305662244414778
2021-02-12,26093.80078125,26093.80078125,26455.05078125,26012.25,26111.80078125,0,-0.03371685152582027,0.22142834613346918,-0.07480551439311778,0.026602169844189838,0.23379248877823397,0.23055462062104454
2021-02-16,25613.94921875,25613.94921875,26167.849609375,25519.94921875,26130.400390625,0,-0.050123269258042,0.1948560392730574,-0.09930594110089053,-0.009036268493662014,0.24130319813216927,0.2348795400258979
2021-02-18,25618.55078125,25618.55078125,25686.849609375,25262.650390625,25270.94921875,0,-0.02823106718347368,0.19219537148143395,-0.07570676577270607,0.01783502552244265,0.229476389625264,0.23494659077124214
2021-02-19,25503.19921875,25503.19921875,25676.0,25292.650390625,25634.94921875,0,-0.015937906959918924,0.1964991396201463,-0.0649845767233107,0.03855660488786028,0.22233145431898585,0.234338242605811
2021-02-22,24766.44921875,24766.44921875,25617.349609375,24646.44921875,25579.75,0,-0.04903529791502681,0.17296212475942596,-0.059678380627487204,0.02388252134853386,0.24290954077134014,0.2422455578341369
2021-02-23,24807.80078125,24807.80078125,25199.599609375,24709.150390625,24933.69921875,0,-0.06806607477457005,0.1587421689806976,-0.07237477406738302,0.014971826064218874,0.2259899963736027,0.24112258722283583
2021-02-24,24779.400390625,24779.400390625,24872.349609375,24518.69921875,24814.55078125,19700,-0.06316599245470378,0.12597551743448698,-0.09000910458776368,-0.03304337589114548,0.22587485582762096,0.23547696812786076
2021-02-25,24872.44921875,24872.44921875,25199.80078125,24830.69921875,24979.0,34500,-0.04422388889764506,0.12727112748056513,-0.10451289964985244,-0.029157497058032167,0.2217242848112937,0.2355017052795882
2021-02-26,24301.44921875,24301.44921875,24689.0,24212.80078125,24611.19921875,0,-0.06046137161620213,0.11957803092315133,-0.10067260416497614,-0.0103564826434146,0.23366881239900872,0.23818650606116143
2021-03-01,24556.30078125,24556.30078125,24846.099609375,24451.44921875,24494.650390625,0,-0.029443178449681362,0.12334916181875188,-0.09776209268147618,-0.013291309782657246,0.2271211496943241,0.23859863773997697
2021-03-02,25301.849609375,25301.849609375,25435.400390625,24770.349609375,24809.69921875,0,0.026621206876439096,0.1625070253146439,-0.06758764683399865,0.012136379680785181,0.2333332907670411,0.2449858868688182
2021-03-03,25772.650390625,25772.650390625,25814.900390625,25331.400390625,25582.599609375,0,0.034103495950212226,0.16245393450610623,-0.03342580136886353,-0.0005288778655057058,0.23876426661721953,0.24497318664734943
2021-03-04,25631.849609375,25631.849609375,25981.349609375,25450.44921875,25471.69921875,0,0.007232406041963735,0.14843181188113275,-0.02232144671932712,-0.0015634221289710926,0.2288051011071673,0.24535755800258624
2021-03-05,25229.599609375,25229.599609375,25697.75,25113.44921875,25504.69921875,0,-0.017573401803885003,0.13635587901888235,-0.02759029923126477,-0.0010137648104435737,0.2332241764288861,0.24769283276994328
2021-03-08,25347.94921875,25347.94921875,25549.30078125,25259.599609375,25368.19921875,0,-0.008686003966126732,0.13617998956106203,-0.012750935882467118,0.00813805317788363,0.23365317499179053,0.24768581732035505
2021-03-09,25582.349609375,25582.349609375,25685.80078125,25095.349609375,25388.80078125,0,0.009898703748151716,0.13998766377762561,-0.001770250512531435,0.009508252990137134,0.23353682634038642,0.24799580135668634
2021-03-10,26010.099609375,26010.099609375,26136.55078125,25782.30078125,25862.05078125,0,0.0036464523848336317,0.1500039421045174,-0.00025674829011212985,0.016960095648742346,0.22660941058814155,0.24949067020224056
2021-03-12,25888.25,25888.25,26298.0,25819.900390625,26060.44921875,0,0.0042320870828496115,0.13527781484537615,0.009417609270363059,0.02426890595266684,0.22643235109455975,0.2495951741668922
2021-03-15,26032.05078125,26032.05078125,26094.150390625,25651.80078125,25859.150390625,0,0.005669240672153908,0.1439768314052492,0.017386051316578444,0.036307450523262785,0.2268154531639561,0.24953566087837376
2021-03-16,26363.849609375,26363.849609375,26602.650390625,26111.099609375,26132.44921875,0,0.01230253289162353,0.16324786486829335,0.029625700083890982,0.05990199183381528,0.2302232562229347,0.2500873434868738
2021-03-17,26183.5,26183.5,26657.099609375,26113.75,26378.19921875,0,0.0034375681604212893,0.15109008776170296,0.032586896188833814,0.06530040550041316,0.23166688991107098,0.2508118970024628
2021-03-18,25373.349609375,25373.349609375,26395.94921875,25012.5,26365.900390625,0,-0.009393303911092166,0.11702568096610433,0.039948978611809904,0.044059070301733616,0.24930128725526948,0.2601061175021821
2021-03-19,25562.75,25562.75,25687.400390625,25028.30078125,25273.349609375,0,-0.0021781396506955764,0.11597271487039573,0.022621875593004992,0.03840762979668444,0.2508787638030142,0.2600120704436178
2021-03-22,26035.349609375,26035.349609375,26102.80078125,25418.44921875,25649.05078125,0,0.020866024927326032,0.13729972411514813,0.03724259037361899,0.06483615376142104,0.258536847192186,0.2621388715493309
2021-03-23,26105.69921875,26105.69921875,26315.80078125,25928.0,26105.69921875,0,0.054075171946170286,0.1225071445193775,0.04460033920654305,0.045896819330671024,0.23234513293339634,0.2605964662305996
2021-03-24,25802.94921875,25802.94921875,26114.599609375,25738.150390625,25863.55078125,0,0.040114335255874156,0.1294988601227638,0.05088409117898762,0.03788996751635376,0.2378349467953944,0.25888645513095415
2021-03-25,25237.099609375,25237.099609375,25766.0,25131.400390625,25739.80078125,0,0.018470956178712195,0.06884328156041541,0.062330227929813464,0.005084075364914842,0.25273083869165364,0.2553515150882247
2021-03-26,25385.099609375,25385.099609375,25687.05078125,25276.599609375,25475.30078125,0,0.020611174481302896,0.05037082928179082,0.05969418043627506,-0.016256150987354,0.2531524234135472,0.2513544107535231
2021-03-30,26121.099609375,26121.099609375,26306.650390625,25429.19921875,25531.099609375,44200,0.07487826648712925,0.0879598325385007,0.053132382505236775,0.008257331720274319,0.2541355414064568,0.2571947249247725
2021-03-31,25855.0,25855.0,26130.599609375,25788.0,26130.599609375,0,0.05288659844652277,0.0728081875274833,0.05768620352271214,0.01388162491100653,0.25734857859408783,0.25824421635713724
2021-04-01,25980.400390625,25980.400390625,26289.099609375,25855.349609375,26039.849609375,0,0.0268182283795797,0.07029521462042232,0.03028693636832991,0.0032043610677929824,0.2365820065487562,0.25805567015974157
2021-04-05,26491.400390625,26491.400390625,26630.80078125,25978.94921875,26035.5,0,0.027888090247072617,0.08883457041695308,0.06775531884159403,0.04192769403608332,0.237607746426187,0.2607745502375317
2021-04-06,26532.19921875,26532.19921875,26715.19921875,26403.44921875,26715.19921875,0,0.035126205213286354,0.09405041971327144,0.06146773332031019,0.04385999290689879,0.23622482930629596,0.2605937700756422
2021-04-07,26831.0,26831.0,26899.19921875,26401.69921875,26514.94921875,0,0.0634730798514116,0.06853626994793083,0.07144262134601953,0.01998647513598595,0.22896720126600417,0.252063008571378
2021-04-08,27148.400390625,27148.400390625,27413.55078125,26845.849609375,26899.5,0,0.07102946105569741,0.05352330127662186,0.0765389079438733,0.0060357274403952665,0.23099495562780467,0.24774670151287234
2021-04-09,27367.05078125,27367.05078125,27520.099609375,27109.94921875,27322.05078125,0,0.0697629889015734,0.07663121546908269,0.0872185321665172,0.0279540318073348,0.23064061918968834,0.24629236635340193
2021-04-12,26727.80078125,26727.80078125,27524.599609375,26545.650390625,27504.400390625,0,0.02759317275418338,0.0584764925304444,0.08452967347382456,0.046207559519303665,0.2438892352067583,0.2510307959233041
2021-04-13,25851.30078125,25851.30078125,26759.19921875,25513.400390625,26737.69921875,0,-0.0014272582638842346,-0.011891095798934326,0.033577208106384426,-0.022872280673213452,0.2728097691248356,0.25023448354506006
2021-04-15,26010.849609375,26010.849609375,26084.150390625,25293.30078125,25577.0,0,-0.0008144257266995414,-0.037624308002885964,0.022498465173029225,-0.04430030830061282,0.2729857580348794,0.24116736166124234
2021-04-16,26324.900390625,26324.900390625,26476.650390625,26131.19921875,26183.44921875,0,-0.0014773722095634545,-0.02435685985391789,0.018146487707790815,-0.02809219820663933,0.27258590728697846,0.242540949679797
2021-04-19,26236.900390625,26236.900390625,26524.650390625,25875.900390625,26012.400390625,0,0.0020394672455936735,-0.028417710084085224,0.02661947133326137,-0.01431530466478792,0.2717085569890617,0.24260096997324102
2021-04-20,25877.599609375,25877.599609375,26496.5,25736.44921875,26495.599609375,0,0.01987321373657691,-0.04034596514273636,0.03783254329179031,-0.019846689555742314,0.2509808082397321,0.24412492482733672
2021-04-22,25826.69921875,25826.69921875,26055.0,25718.599609375,25902.599609375,64600,0.010325540826006563,-0.020335531378035232,0.033239920192189465,-0.018426817443652155,0.24999212845036303,0.23983634442059892
2021-04-23,25609.099609375,25609.099609375,25926.05078125,25531.94921875,25746.44921875,0,-0.01637197143096991,-0.01185165255872278,0.010435849392175123,-0.016056438223105318,0.2426600795456999,0.23790881916358228
2021-04-26,25680.30078125,25680.30078125,25887.099609375,25521.19921875,25633.099609375,0,-0.01629523246764697,-0.013945868210877954,0.005962989912075889,-0.0114563691248869,0.24267526258725203,0.23775437100561292
2021-04-27,25815.75,25815.75,25871.44921875,25686.94921875,25737.19921875,0,0.0004960976026995301,-0.030201288607488275,-0.0066278670473685075,-0.03077143407060068,0.24006762019317293,0.23355310639845492
2021-04-28,25962.099609375,25962.099609375,25992.5,25781.150390625,25952.650390625,0,0.028727548380031775,-0.018451720464431998,-0.008944574939979244,-0.03724497783342018,0.22583927405088366,0.23356244860496178
2021-04-29,25874.30078125,25874.30078125,26162.19921875,25827.150390625,26162.19921875,0,0.019271193708230827,-0.005725638006203848,-0.007446430601998122,-0.05179661132601976,0.22581508705134218,0.23128381580666413
2021-04-30,25664.44921875,25664.44921875,26154.30078125,25593.900390625,25777.75,0,-0.017482050811563288,-0.007765290038521333,-0.00306651938159197,-0.0552755538205153,0.2026647885292942,0.23154927109764592
2021-05-03,25676.05078125,25676.05078125,25785.599609375,25427.900390625,25544.849609375,26600,-0.006921261603171525,0.014813528234771,-0.0030719008555100125,-0.04428526985029002,0.19964827625291273,0.22699886737802227
2021-05-04,25489.0,25489.0,25801.25,25398.94921875,25783.19921875,27200,-0.018914273191968256,0.03421482405688603,0.006029621928460682,-0.028999382103767735,0.20012040916448068,0.22079104553515846
2021-05-06,26258.69921875,26258.69921875,26387.650390625,25639.599609375,25868.25,0,-0.00878402683300017,0.05360575065620865,-0.014727543014451117,0.022543962899700398,0.21666922766453683,0.2277765556354049
2021-05-07,26269.44921875,26269.44921875,26454.099609375,26180.25,26378.80078125,0,-0.009903061477629649,0.032287600982219056,-0.019413763328346434,0.020319920679316317,0.21656939304885792,0.2239380730711569
2021-05-10,26273.44921875,26273.44921875,26390.80078125,26106.349609375,26340.599609375,0,-0.020780096949424176,0.023073522310818717,-0.02910045529308125,0.012769267593936595,0.21216143248265454,0.22322205714392196
2021-05-12,25855.44921875,25855.44921875,26105.19921875,25728.44921875,26105.19921875,0,-0.04762531689791516,0.011161434130169123,-0.03570504050481593,0.02453113504301685,0.21284460322157125,0.2255548547755132
2021-05-14,25588.19921875,25588.19921875,25901.19921875,25461.94921875,25896.19921875,0,-0.06499975378124212,0.010129625184823965,-0.05441320866465049,0.026643030904541898,0.21086675486942388,0.22574918490774884
2021-05-17,25703.55078125,25703.55078125,25770.5,25499.44921875,25650.44921875,0,-0.03832152178859882,-0.00818228523828135,-0.08111092519685026,0.004562618541322672,0.19825926420580733,0.22098113390333157
2021-05-18,25958.25,25958.25,26094.099609375,25840.55078125,25898.900390625,0,0.004137092351947258,0.0069474597363041735,-0.037456022534928524,0.007026893947552515,0.1638652690033453,0.22165354651159994
2021-05-19,25982.80078125,25982.80078125,26262.69921875,25869.650390625,25949.55078125,0,-0.0010783510937255603,0.003766616460204375,-0.031850338056774286,0.008820706380106458,0.16239490160618203,0.22150484301251772
2021-05-21,26105.30078125,26105.30078125,26154.0,25936.599609375,26012.849609375,0,-0.008341897067660087,0.0023749374355326314,-0.04647679448478681,0.0022431269509481933,0.15719220161807815,0.22136177005045313
2021-05-24,26144.19921875,26144.19921875,26298.55078125,26095.400390625,26150.599609375,0,-0.003533236414928198,0.0019314333669711026,-0.061909426909578014,-0.000337227878806301,0.15693410110931708,0.22134747199518104
2021-05-26,26857.349609375,26857.349609375,26905.75,26380.5,26450.69921875,0,0.037860930487735533,0.04854387661996307,-0.032439968845398015,0.04932750146263065,0.17551349814692196,0.22462650466780465
2021-05-27,27164.80078125,27164.80078125,27350.25,26916.849609375,26921.80078125,0,0.051810785078123534,0.06035665378588417,-0.01286292673848477,0.04587817404789507,0.1780328345051773,0.22566739245343856
2021-05-28,27122.80078125,27122.80078125,27278.69921875,27041.900390625,27238.099609375,0,0.0591079419020597,0.06350581935262722,-0.017195949367326158,0.03320893209813436,0.17402023769995878,0.2254409969568422
2021-06-01,27144.400390625,27144.400390625,27254.150390625,26953.5,27216.75,0,0.05701255689512741,0.09601502221298319,-0.018227319485611293,0.03474711662101071,0.17417647842096276,0.21639682219541767
2021-06-02,26939.650390625,26939.650390625,27118.69921875,26737.150390625,27051.400390625,0,0.04353545376853285,0.0859346472576592,-0.01946510945412716,0.026891119187047785,0.17766609670655176,0.2171982709604748
2021-06-03,26987.900390625,26987.900390625,27159.94921875,26855.19921875,27088.44921875,0,0.03951147236487684,0.08912645040577982,-0.01604351016322414,0.04184640706210074,0.1771788344330106,0.2171361325532554
2021-06-04,26996.75,26996.75,27167.5,26914.599609375,27031.599609375,0,0.04338085223015531,0.08540778443518149,-0.008673850321800902,0.04746070064576946,0.17618585172442736,0.21709283369219726
2021-06-07,27295.650390625,27295.650390625,27330.400390625,26997.80078125,27078.400390625,0,0.06355878351300337,0.12321080709724908,-0.013028131426185308,0.03906961734200887,0.17449285110541357,0.2118027319051407
2021-06-08,27623.80078125,27623.80078125,27732.349609375,27376.94921875,27400.80078125,0,0.07585862859495318,0.12491702342814581,0.00028545289091641557,0.0586265717049288,0.1769512706915537,0.2120854468154918
2021-06-09,27539.0,27539.0,27793.80078125,27436.349609375,27691.30078125,0,0.08042685079838363,0.08841845260972847,0.0018665355929892158,0.04040952320021396,0.17408403148390442,0.20414489136410807
2021-06-10,27798.0,27798.0,27822.099609375,27649.94921875,27676.5,0,0.05862060296386895,0.07858522808782364,-0.01017151704784336,0.04630375650028684,0.14678110433448405,0.201745486492619
2021-06-11,28217.5,28217.5,28347.5,27820.5,27866.25,0,0.07415651409469093,0.1008764654143135,0.008300121018668172,0.053226341290844914,0.1525664239988819,0.20317770878613445
2021-06-14,28314.099609375,28314.099609375,28467.349609375,28134.650390625,28371.900390625,0,0.0776696798975558,0.12225719186022421,0.019479366946072885,0.06376581592565467,0.1520336706450097,0.19993215610649562
2021-06-15,28377.849609375,28377.849609375,28544.599609375,28325.900390625,28384.69921875,0,0.09755778634067558,0.1195323678644491,0.017759875273414716,0.05848412079874965,0.13316927312078053,0.19985100242268652
2021-06-16,28448.849609375,28448.849609375,28600.19921875,28241.25,28384.150390625,0,0.11179569012143808,0.11204991112112439,0.03755091130574817,0.06773068545812011,0.12117582128758864,0.19927318392623886
2021-06-17,28611.349609375,28611.349609375,28714.599609375,28343.05078125,28355.150390625,0,0.11312829316353268,0.1000092286867833,0.06164787650281012,0.06596590735229535,0.12114540464625266,0.19705351242806265
2021-06-18,28445.599609375,28445.599609375,28934.05078125,28227.55078125,28829.5,0,0.09582115933759017,0.09878418237520892,0.05774555652365043,0.05538044504754791,0.12609140411890024,0.19721845856684875
2021-06-21,28367.0,28367.0,28393.05078125,28083.75,28224.099609375,0,0.09176067040742253,0.08969516994150095,0.044099829314187655,0.03497130109123803,0.12818008259038766,0.19723908920167357
2021-06-22,28523.55078125,28523.55078125,28656.400390625,28396.5,28514.150390625,0,0.0926344431065469,0.08191903700994452,0.053264532593941816,0.0240871276180612,0.12823751882098078,0.19603935717860993
2021-06-23,28258.5,28258.5,28719.650390625,28229.349609375,28719.650390625,0,0.08087074167235064,0.07924838161437542,0.048678370872003995,0.013652924457968618,0.13698774467538394,0.19654442654369897
2021-06-24,29048.0,29048.0,29098.94921875,28357.30078125,28395.44921875,0,0.08156614194947664,0.14482322780384038,0.04960838671985779,0.06015408922833765,0.13843286549775297,0.1917430140766664
2021-06-25,29210.55078125,29210.55078125,29284.0,28874.599609375,29176.75,0,0.0753088534119506,0.1426998574586067,0.04124280026192939,0.06698433864586928,0.13579158995181795,0.19156635540246555
2021-06-28,29068.55078125,29068.55078125,29259.599609375,28977.75,29259.599609375,0,0.07173853525278617,0.11650318576028584,0.04718175953585746,0.04333064863422531,0.13796922508649856,0.18912407301530876
2021-06-29,28986.25,28986.25,29183.849609375,28934.150390625,29049.650390625,0,0.06785375926045978,0.11034183597660885,0.05670754659764188,0.047316797058469806,0.1394943021128186,0.18935625689355673
2021-06-30,29168.0,29168.0,29311.55078125,29036.94921875,29057.150390625,0,0.08271635218215256,0.13041341719204524,0.07338803058474364,0.04985342310938523,0.13373946785819138,0.1874877892856216
2021-07-01,29003.099609375,29003.099609375,29193.05078125,28953.05078125,29193.05078125,15900,0.07467047045460551,0.1492247547575165,0.07533008669214403,0.05462726560067388,0.1379109233595811,0.18133259085544745
2021-07-02,29007.94921875,29007.94921875,29028.349609375,28704.0,28983.5,16400,0.07449782728476584,0.1427155955707593,0.07118261563769579,0.058971521416280925,0.13796266161873116,0.18123403640708097
2021-07-06,28649.400390625,28649.400390625,28986.099609375,28607.599609375,28924.0,0,0.04959581400796953,0.09679151410389242,0.0453677104300334,0.03123786904714687,0.1461073168535605,0.17514785074602773
2021-07-07,28734.650390625,28734.650390625,28790.30078125,28381.30078125,28708.599609375,0,0.04021349625895798,0.1113769247969445,0.031347556098904494,0.030444758221802593,0.14175084620653694,0.17343722393463049
2021-07-08,28749.0,28749.0,28934.44921875,28541.94921875,28821.75,0,0.04393768836922174,0.10656493232390862,0.03801835918489016,0.04868300959658156,0.14062674825470947,0.1733362124055717
2021-07-09,28662.19921875,28662.19921875,28898.849609375,28549.25,28669.19921875,0,0.031088539418303585,0.08194352869670185,0.034135366017563284,0.010074804295708617,0.13906672410150275,0.1695654429031085
2021-07-12,28532.349609375,28532.349609375,28854.55078125,28421.55078125,28837.05078125,0,0.011157955501904793,0.0753857746255544,0.01791456274456349,0.00666240421829456,0.13106237964455034,0.1699880132793892
2021-07-13,28439.75,28439.75,28681.19921875,28381.900390625,28674.69921875,0,0.004437732167311914,0.059958629942976405,0.004406110313300404,-0.00706994596297017,0.13126781937532445,0.16893798789236342
2021-07-14,29339.849609375,29339.849609375,29376.900390625,28534.849609375,28581.25,0,0.03389967926541515,0.08072111753246292,0.034863795697351097,0.014823337308467632,0.17122196137656123,0.17862950193910498
2021-07-15,29718.05078125,29718.05078125,29835.900390625,29284.80078125,29303.349609375,0,0.0446134444556503,0.08590622419609573,0.0346784581980879,0.012474365119541586,0.17573724014996844,0.17966579103390995
2021-07-16,29400.25,29400.25,29734.75,29287.25,29734.75,0,0.02757298769179717,0.09998762115230853,0.012787819113815324,-0.012696548002883778,0.18099494003055094,0.17385189255733774
2021-07-19,29264.0,29264.0,29592.349609375,29167.349609375,29248.30078125,0,0.02877072031750294,0.13201266921257737,0.02436791205460964,0.04599972158579835,0.18042923217390544,0.158492976018798
2021-07-20,29252.5,29252.5,29410.5,28992.0,29282.80078125,0,0.031215849402474793,0.12462685530489637,0.038480980741185,0.05257301978171558,0.1798948756424761,0.1583398166734345
2021-07-22,29779.94921875,29779.94921875,29808.44921875,29335.69921875,29335.69921875,0,0.04404775713709164,0.1312464160113378,0.04079532463879554,0.048730845832060776,0.1886541362416938,0.1603736009903445
2021-07-23,29894.30078125,29894.30078125,30059.69921875,29848.05078125,29895.599609375,0,0.057887035095634864,0.13939910340673722,0.04710739933026287,0.035175084449273974,0.18374269014435393,0.16001496566666337
2021-07-26,29940.400390625,29940.400390625,30139.19921875,29859.599609375,29886.19921875,0,0.03072157775492279,0.15700068177027204,0.028568377587767868,0.050117147248565974,0.15879241566052338,0.1565287515449773
2021-07-27,29892.55078125,29892.55078125,30048.349609375,29698.94921875,29967.900390625,0,0.023347728192710804,0.15742823068726564,0.030529121848445473,0.06439159228317681,0.15839793561820065,0.15648622421556324
2021-07-28,29954.150390625,29954.150390625,29993.55078125,29510.349609375,29934.05078125,0,0.030465901655690297,0.16966823697539768,0.03712425138012654,0.07427618402971814,0.15680275118604198,0.15483352892001895
2021-07-29,30371.400390625,30371.400390625,30406.0,30037.099609375,30037.19921875,0,0.047786463948423785,0.18267307884493778,0.0458815145960787,0.09337724209571441,0.16177407786623516,0.15653254961407015
2021-07-30,30480.05078125,30480.05078125,30818.55078125,30438.349609375,30546.849609375,0,0.04498254186951445,0.18067655525212323,0.0423396767047719,0.10492440707851158,0.16119220635904707,0.15645721975441237
2021-08-02,30803.05078125,30803.05078125,30832.30078125,30547.0,30681.94921875,0,0.062060648555410936,0.18646223705754972,0.04897707772473492,0.11780219693876615,0.1609661384873126,0.15716135308545048
2021-08-03,31165.849609375,31165.849609375,31196.44921875,30872.349609375,30974.75,0,0.07438996718975877,0.20450982899447312,0.04840443083910806,0.12153850478522532,0.16345672369970657,0.15764696406364961
2021-08-04,30977.150390625,30977.150390625,31338.80078125,30895.44921875,31296.80078125,0,0.08124951895194688,0.20700624145846214,0.053398789276571934,0.09575690007132964,0.15659847677800043,0.15707225325435378
2021-08-05,31211.19921875,31211.19921875,31560.19921875,30980.900390625,31025.150390625,0,0.08618684391347253,0.21557631602528438,0.06005596517605549,0.10211231747202887,0.1570721454511028,0.15722510355884944
2021-08-06,31303.30078125,31303.30078125,31460.30078125,31057.599609375,31251.19921875,0,0.088848334942085,0.22811019581976533,0.05640282142702757,0.10796394015029342,0.15656048587008328,0.1556787341479988
2021-08-09,31441.0,31441.0,31685.400390625,31324.75,31523.5,0,0.09695001978188,0.19735557873901022,0.06071946219741231,0.09321493060440256,0.1541819689337081,0.14571868242577143
2021-08-10,31713.400390625,31713.400390625,31812.75,31431.150390625,31489.94921875,29900,0.11148926831475481,0.207235070919924,0.07405123926767332,0.10894630096509328,0.15084650715184594,0.14606691226591548
2021-08-11,31670.0,31670.0,31799.75,31522.400390625,31767.900390625,21200,0.11358222206594637,0.2053994028845958,0.08386491867756196,0.11572807102228078,0.14957709022761265,0.14623300457396965
2021-08-12,32245.099609375,32245.099609375,32289.849609375,31667.349609375,31667.349609375,29100,0.09902061662482686,0.2471297379738162,0.06682358124727017,0.13364010502549517,0.12472038240177218,0.1438095064273957
2021-08-13,32678.80078125,32678.80078125,32821.8984375,32264.150390625,32308.849609375,32200,0.09962800123714799,0.27710435978254755,0.061641828830162115,0.15097511498277383,0.12520999650971895,0.14211112231786882
2021-08-16,32577.94921875,32577.94921875,32905.3515625,32438.25,32671.75,18000,0.10808408835809225,0.26744936899981453,0.06791362382580557,0.1575596776344299,0.11518358883589716,0.14286405339867075
2021-08-17,33414.75,33414.75,33487.1015625,32449.650390625,32614.0,42300,0.1418380945872062,0.287249718297651,0.08710362889503553,0.18753499315345246,0.12973225917486725,0.1490033561014665
2021-08-18,33448.8984375,33448.8984375,33840.44921875,33268.6015625,33482.8515625,29400,0.14345435219212033,0.2873476850747272,0.08352958051025317,0.18497351191211142,0.12881025681465566,0.1489963190884394
2021-08-20,33351.3515625,33351.3515625,33652.3984375,32949.8984375,32954.19921875,28500,0.11992640811829802,0.27757009359778917,0.08033792078132507,0.19353879196125723,0.1260141660691322,0.14970596218503393
2021-08-23,33919.80078125,33919.80078125,34153.3984375,33567.3515625,33582.1484375,36600,0.13465777405052526,0.29741211415354885,0.09426944139826654,0.21195516956675675,0.13189677568181316,0.1518815032349718
2021-08-24,33838.3984375,33838.3984375,34262.6015625,33634.75,34145.25,28600,0.130191914470708,0.2599306681284794,0.07962779349420046,0.17345851044581484,0.1345076157552717,0.14499897301114817
2021-08-25,34083.94921875,34083.94921875,34399.8515625,33764.1015625,33887.75,25300,0.14021548271916084,0.25471007474775287,0.0838091064060471,0.1701610138117693,0.1314029915464893,0.14432592166298622
2021-08-26,34041.1015625,34041.1015625,34375.94921875,33929.69921875,34092.8984375,21000,0.1364402301042773,0.25507324398565157,0.07739914788999314,0.1772501546048768,0.13342196393201552,0.14428149224384546
2021-08-27,34309.80078125,34309.80078125,34392.8515625,33799.05078125,34036.44921875,26200,0.12967463929785406,0.2639734268398042,0.07093952831003225,0.191398112295861,0.13066167719516125,0.14438265355771093
2021-08-30,34109.25,34109.25,34480.1484375,34027.5,34338.75,21200,0.11906801746480444,0.2661355847390663,0.04497061937023217,0.17915348583504542,0.13720681113188296,0.14384390695277668
2021-08-31,34570.25,34570.25,34680.6484375,34043.6015625,34205.80078125,40000,0.12229954901230489,0.28095366811154165,0.04379548720241644,0.18905962844568913,0.13894797167458262,0.14507460085314916
2021-09-01,34110.5,34110.5,34780.0,34037.1484375,34698.75,22300,0.09448323814471649,0.26350394028910884,0.03586848061639336,0.17377978145309791,0.152605339309141,0.14927122442446325
2021-09-02,34680.30078125,34680.30078125,34846.8984375,34051.8984375,34218.25,27500,0.11954457863063261,0.2705431189564671,0.0595554897892594,0.17642599705269824,0.15293286864465047,0.15082803557726687
2021-09-03,34891.19921875,34891.19921875,34997.69921875,34490.6484375,34744.44921875,20900,0.11790639552834792,0.2630846672784013,0.05475663888087734,0.16248174612173671,0.15278224552939684,0.14998120475918936
2021-09-06,35415.1015625,35415.1015625,35464.3984375,34855.94921875,34992.05078125,27600,0.1313535850415135,0.2859980958822035,0.061173357415888585,0.17455503797768301,0.15591941455148065,0.1509366707698422
2021-09-07,34951.30078125,34951.30078125,35581.55078125,34906.8515625,35549.30078125,19400,0.11164723708692481,0.25733149079969775,0.04375249999191144,0.1541179050345789,0.1703871044034929,0.15466419108723375
2021-09-08,34678.19921875,34678.19921875,34979.30078125,34515.44921875,34973.8984375,22700,0.09348725748757758,0.2289607236200939,0.027553975973324762,0.1305927256296704,0.17604891683474577,0.15470164315387216
2021-09-09,34802.30078125,34802.30078125,34862.8515625,34530.0,34676.19921875,18000,0.0989043505288918,0.22915089165423108,0.032144535392777396,0.13065511607452907,0.17474448680291335,0.1547018886732034
2021-09-13,35129.6015625,35129.6015625,35242.5,34573.69921875,34688.30078125,21100,0.08945551380112193,0.2379233115286674,0.02890331714424499,0.14427989540944308,0.1686211187588217,0.15515416255784553
2021-09-14,35431.5,35431.5,35476.8984375,35020.69921875,35224.25,20200,0.08423501330958905,0.24544579083169493,0.03275608156291443,0.14318195052131655,0.16603401573035464,0.15547408441767235
2021-09-15,36075.19921875,36075.19921875,36200.0,35375.3515625,35462.3515625,23100,0.10735021951557289,0.26087023895333283,0.049607328418319385,0.14437019545070262,0.17082747222430436,0.15818576162054013
2021-09-16,35852.44921875,35852.44921875,36310.75,35694.8515625,36151.3515625,19500,0.07295278937445282,0.26038648195462466,0.011867935421527642,0.13629625639071485,0.15737560850958016,0.15828791389680072
2021-09-17,35646.5,35646.5,36131.25,35527.0,35915.3984375,30300,0.06570026712856536,0.2566186061268376,0.004362225851701096,0.13985295086217553,0.16061237532172026,0.15894062068617076
2021-09-20,35400.05078125,35400.05078125,36130.55078125,35346.19921875,35462.3984375,22500,0.06142777197232219,0.24108148570760268,0.003897581970498498,0.1381095632067706,0.16324802055163407,0.1604117179474671
2021-09-21,36086.05078125,36086.05078125,36127.80078125,35332.8515625,35609.1015625,19600,0.06386387744345035,0.27699809902330275,-0.0007288580671034328,0.1574688226922163,0.16601994818506569,0.16123849429615586
2021-09-22,36422.44921875,36422.44921875,36713.1484375,36145.94921875,36154.05078125,25700,0.07636445282783644,0.2538711518435004,0.020901415947836455,0.14265201789924853,0.16606724524683023,0.15406153322889538
2021-09-23,36816.8984375,36816.8984375,36867.44921875,36532.44921875,36691.94921875,16700,0.08018288025281328,0.260397269233706,0.008747725306923693,0.13665475045499553,0.1675407369727637,0.15468806638160154
2021-09-24,37103.25,37103.25,37823.1484375,37055.0,37128.75,39400,0.08995444615321424,0.2764052215472881,0.016845946398633016,0.14750622262464552,0.16694310751354244,0.15380562966207606
2021-09-27,36034.3984375,36034.3984375,37345.05078125,35968.75,37335.8984375,29900,0.05026545234831192,0.2431548902496874,-0.01856942807229056,0.10938620901846763,0.20422462642060582,0.16774617488995971
2021-09-28,35239.94921875,35239.94921875,36082.0,34924.55078125,36082.0,34200,0.03314934273694092,0.2081715996554443,-0.015137608775269928,0.07923354607436117,0.22075662162496515,0.1758443374871749
2021-09-29,35282.6484375,35282.6484375,35578.30078125,34733.94921875,34894.8984375,37000,0.020607268894497377,0.21651302490769608,-0.013194670664214536,0.08696578120552778,0.2163143927393789,0.1749330889851235
2021-09-30,35028.0,35028.0,35408.1015625,34975.6015625,35394.8984375,25400,0.026897876020580247,0.20753107142640714,-0.004836280519936453,0.08694043069167279,0.2119414891732237,0.17614893597303735
2021-10-01,34780.6015625,34780.6015625,35100.8984375,34719.80078125,34955.5,20000,0.0028921543063498145,0.21400801022981697,-0.014393315755873326,0.10566474967634232,0.20592983387194538,0.17446106113582135
2021-10-04,35126.1484375,35126.1484375,35184.55078125,34778.25,34923.80078125,16800,0.006733767368584553,0.2224317317241591,-0.014488749828478698,0.10834864016916312,0.20782562477766248,0.17499163206446144
2021-10-05,35544.30078125,35544.30078125,35650.8515625,34781.6015625,34978.3984375,20600,0.003648139156737784,0.23636650948728644,-0.021930471485386738,0.10320185695213824,0.2052412481578356,0.17574385474051454
2021-10-06,35075.80078125,35075.80078125,35801.5,35003.05078125,35689.55078125,18500,0.0035620991842109095,0.22376515889626503,-0.012789632289078368,0.09908541666475079,0.2053155025483153,0.17860791725270778
2021-10-07,35703.8515625,35703.8515625,35903.94921875,35233.30078125,35323.6015625,17800,0.029576286164116672,0.2513463507670124,0.0044027125694527935,0.11766869045464623,0.21203926852291582,0.1802272268267962
2021-10-08,36402.0,36402.0,36703.55078125,35786.30078125,35920.55078125,31000,0.04596532938454034,0.27996905739326117,0.015684849873335294,0.14824609016642376,0.22133519812394797,0.18242828682290424
2021-10-11,35179.94921875,35179.94921875,35690.3984375,34768.94921875,35494.3984375,43100,0.0014331974747969767,0.19905008672944624,-0.03259954243243146,0.06709565280823737,0.2542254153840579,0.19001352540620528
2021-10-12,34869.75,34869.75,35294.1484375,34512.80078125,35179.19921875,41100,-0.01585453621777233,0.17335252761598885,-0.05106450277415908,0.04350305335189564,0.25403092626853796,0.1904363732811301
2021-10-13,35285.6015625,35285.6015625,35324.44921875,34872.3984375,35053.69921875,29400,-0.021887548048233896,0.200180323721737,-0.05854970410292215,0.05961049852957245,0.24887960783357935,0.18926615230542285
2021-10-14,35744.8515625,35744.8515625,36412.44921875,35571.3984375,35921.44921875,111700,-0.0030011242912165725,0.22146157608324213,-0.043220687026971905,0.0572865724968592,0.2529207032515777,0.18964473694267592
2021-10-18,36306.3515625,36306.3515625,36400.6015625,35863.3984375,36012.0,58800,0.018510977585457278,0.24113670840099144,-0.032207973962463,0.05914252700716216,0.25794129724335274,0.19112509422253998
2021-10-19,37106.3515625,37106.3515625,37491.8515625,36720.0,36841.6015625,53800,0.048200517897385664,0.24601795959870754,-0.01053693454705451,0.08204601642750475,0.26636328378212937,0.19254085900145165
2021-10-20,36846.80078125,36846.80078125,37463.8984375,36534.5,37188.1484375,37500,0.021081553218765592,0.23256941351043992,-0.019039139719111642,0.08054227974255324,0.2605724776353495,0.19378116645632593
2021-10-21,35913.6015625,35913.6015625,36988.8984375,35624.5,36988.8984375,38300,-0.013970714961915598,0.19950304918919315,-0.04995759591597937,0.0507680609265555,0.27502983284728694,0.20275260875222556
2021-10-22,35394.6484375,35394.6484375,36297.19921875,35098.19921875,35892.6484375,30400,-0.03863035889387578,0.18406250093923648,-0.05501099086963557,0.033650810308318624,0.27570721566677014,0.2057332939610376
2021-10-25,35005.3984375,35005.3984375,35521.05078125,34529.8515625,35467.1015625,32100,-0.056540911173549535,0.16863265961487373,-0.07178754392210052,0.014839393167746184,0.2749964812701886,0.20768646130380553
2021-10-26,35162.3515625,35162.3515625,35699.8515625,34957.75,35181.69921875,40800,-0.024200400528748278,0.15774548128356525,-0.04734789285822216,-6.153806819719776e-05,0.2576908435262945,0.20640546599773615
2021-10-27,35503.8984375,35503.8984375,35578.0,35163.05078125,35245.05078125,23600,0.007490056728275851,0.16482412356545195,-0.0185598638035267,0.009530608389564987,0.2478166847666453,0.20692534298663912
2021-10-28,34913.6015625,34913.6015625,35575.6484375,34787.1015625,35575.6484375,22600,-0.010459727127733465,0.13344622292257213,-0.018700184480504922,0.009298855042512155,0.2551186689897514,0.2099623671623468
2021-10-29,34408.75,34408.75,35178.75,34288.55078125,34820.30078125,26900,-0.017678714171519894,0.10405300773990467,-0.020715355295236715,0.008527357002958258,0.2589707073412675,0.21171724916425466
2021-11-01,35290.0,35290.0,35328.55078125,34654.94921875,34677.30078125,19700,0.014646050229597751,0.13922680282045086,-0.008032392488593665,0.036460878766463534,0.2737742763648346,0.21653214338030713
2021-11-02,35177.3515625,35177.3515625,35522.3515625,35076.1484375,35334.25,17700,0.001457692553201717,0.1270746540673564,-0.009717279184239036,0.02922937725198138,0.2719015746829759,0.2165148287389369
2021-11-03,35177.1015625,35177.1015625,35525.75,35093.05078125,35351.44921875,15000,-0.01033074812780399,0.12375055296310222,-0.010717815857423818,0.02577177426219812,0.26833363458784537,0.2165439261540531
2021-11-04,35334.25,35334.25,35452.3515625,35302.44921875,35403.0,2200,0.007368305583721924,0.12382716834706264,-0.007977992798347655,0.021814296036082093,0.2645132424342797,0.21654725864877952
2021-11-08,35782.3515625,35782.3515625,35852.5,35177.94921875,35606.0,22100,0.002198642347103208,0.1283038438564239,-0.013439115087882536,0.018448792917723944,0.26063149626312615,0.21722333928286638
2021-11-09,35815.1015625,35815.1015625,36117.94921875,35763.8515625,35839.19921875,18300,-0.016122697585297496,0.13088416679823167,-0.024451790736371715,0.02266816471006816,0.25058744886084316,0.21712188480339553
2021-11-10,35722.94921875,35722.94921875,35862.44921875,35576.19921875,35635.05078125,15500,0.015434928476548038,0.10785668679912663,0.011464673176507567,0.006857029697613148,0.21779867605909606,0.21474895521119688
2021-11-11,35583.6484375,35583.6484375,35697.0,35141.30078125,35626.6484375,19600,0.020473288093548092,0.08889088910253728,0.027051208469827448,0.007549495331915734,0.21559587238931602,0.21365973404092836
2021-11-12,36332.30078125,36332.30078125,36378.05078125,35732.75,35860.1015625,23500,0.029663635375353437,0.11524210862049022,0.03291222100173852,0.022282228276888416,0.22376976197163648,0.2170959853425981
2021-11-15,36465.30078125,36465.30078125,36646.25,36302.94921875,36391.1015625,18700,0.020155328313233856,0.09129353896856918,0.03264822184843308,0.0013214876089016059,0.2198517081664973,0.21152762583574614
2021-11-16,36643.8984375,36643.8984375,36794.25,36429.8984375,36555.25,23800,0.0092971852161714,0.09551884065688832,0.03515908104344867,0.009191205178461503,0.21362708915680148,0.21164193502201661
2021-11-17,36660.8984375,36660.8984375,36835.94921875,36431.25,36623.75,19700,-0.012004767546324291,0.09923276628828526,0.016232740936878987,0.011201983599309129,0.1982394850189779,0.21145217617222434
2021-11-18,36007.0,36007.0,36702.3984375,35867.30078125,36641.55078125,22000,-0.02279168783840102,0.061533357233151786,0.004679151773557266,-0.015352980285978202,0.2066050364892107,0.21274136496869547
2021-11-22,35478.94921875,35478.94921875,36097.0,35224.55078125,36097.0,24300,-0.012102722223321982,0.048481927543944536,0.02979103149624973,0.0008446195495672715,0.19263111475607542,0.21508315899883587
2021-11-23,35504.3984375,35504.3984375,35645.44921875,34707.8515625,35206.0,24100,0.0031007512390974767,0.041675018632189254,0.03686029548514236,-0.01054725225121822,0.18546046043680953,0.21466381546484986
2021-11-24,34966.25,34966.25,35662.6015625,34828.30078125,35627.94921875,20200,-0.0011183542895504273,0.027177394239179087,0.038072482550799536,-0.019595163890909317,0.1894020428019127,0.21711203809810303
2021-11-25,35300.25,35300.25,35365.75,34934.55078125,34978.0,16900,0.003921763800549316,0.028867821910853797,0.04399918574060735,-0.020880209846661835,0.19182559337014676,0.2173779104234045
2021-11-26,34606.1484375,34606.1484375,35190.1015625,34512.6015625,35024.69921875,17400,-0.02528595561358904,0.014567849996701687,0.0397573315743428,0.008933324488949568,0.20090656245464167,0.22098312875844675
2021-11-29,34870.75,34870.75,35104.3515625,33953.8984375,34382.3984375,21000,-0.0012273601284957802,0.008692445093686052,0.04375721371406116,0.013259868049774526,0.19452166007078847,0.21982066615025456
2021-11-30,35043.75,35043.75,35654.19921875,34918.6015625,35018.8984375,68200,0.018454608202855383,0.02735961067706416,0.05741255251801858,0.03280874507425324,0.18742703994836207,0.21820544096824748
2021-12-01,35429.0,35429.0,35652.19921875,35123.94921875,35143.0,20200,0.003938792859166984,0.021588602229043685,0.046480057378123996,0.025490738306293115,0.16865292898376358,0.21672873948273338
2021-12-02,36157.8515625,36157.8515625,36195.6484375,35418.25,35504.80078125,23600,0.027873047755114122,0.036302917988250805,0.05511326305038955,0.03179745821026314,0.1825297097659612,0.22028942739272955
2021-12-03,35848.05078125,35848.05078125,36518.80078125,35784.1484375,36314.80078125,22500,0.019073465093703224,0.012224988766047717,0.05454897872949427,0.022646420383298227,0.18591298515309526,0.2190319243329049
2021-12-06,34879.3984375,34879.3984375,35953.75,34828.1484375,35835.44921875,17500,-0.012872823464485594,-0.002057215100519927,0.04319470742536313,0.02385264715669777,0.21066033233656886,0.22460609412004795
2021-12-07,35272.30078125,35272.30078125,35384.0,34756.6015625,35136.55078125,16200,-0.014254255491261025,0.017131845824877034,0.035105074612041265,0.02732003732803201,0.2095477947329828,0.22516829619123185
2021-12-08,35959.05078125,35959.05078125,36131.94921875,35576.8515625,35584.80078125,18600,0.004019232459771205,0.03323774503504118,0.03585762973314088,0.027451657552852726,0.221261854112939,0.22842687382133842
2021-12-09,35946.3515625,35946.3515625,36114.0,35573.3515625,35963.69921875,12400,0.006253748602389919,0.02324962321439661,0.03402441391502631,0.013941295449801938,0.22103240768751886,0.2276919532278331
2021-12-10,35939.6015625,35939.6015625,35974.75,35652.19921875,35820.05078125,11800,0.010003277927647103,0.014340390965666083,0.030273331864346442,0.006785685485228843,0.22048446261249183,0.2270554827231554
2021-12-13,36050.55078125,36050.55078125,36507.30078125,35984.55078125,36104.3515625,20400,-0.007754807538789321,-0.0006832515976014086,0.032819138408649584,0.007947112112016819,0.20740100950361812,0.224108532292628
2021-12-14,36102.55078125,36102.55078125,36252.05078125,35637.8515625,35946.75,17400,-0.00994781318755833,0.00697585710181281,0.033374809088148494,0.024253693079860916,0.20697719306277546,0.22375488348266234
2021-12-15,35737.19921875,35737.19921875,36060.0,35536.1484375,36033.8984375,13100,-0.024743525045417103,0.0025444074102647374,0.018469443413466125,0.02322947361213934,0.20867465762058593,0.22443119092037683
2021-12-16,36160.30078125,36160.30078125,36354.8515625,35979.1484375,36078.30078125,18900,-0.013654811463593153,0.021475957893333675,0.02267474332454833,0.030011961242529472,0.21370654572578374,0.2252193800857507
2021-12-17,36647.8984375,36647.8984375,37013.25,36497.94921875,36704.19921875,89100,0.01779927340517129,0.015569663182481985,0.061683895141140144,0.04841334734430869,0.20898061026307288,0.22345422049661115
2021-12-20,35916.44921875,35916.44921875,36598.3515625,35559.30078125,36411.8515625,29300,0.012331255847024547,-0.01389253086636233,0.058399594668956056,0.03924873262933026,0.21511780490479226,0.22650197449576048
2021-12-21,36627.1484375,36627.1484375,36970.55078125,36147.6015625,36159.19921875,32300,0.031622842504328785,-0.005153883353920197,0.07347197517592119,0.05387672917053088,0.22542828711756868,0.22904032790402704
2021-12-22,36989.1484375,36989.1484375,37014.75,36669.0,36853.8515625,18900,0.057852884924748826,-0.0030752444192894135,0.08424393989628143,0.047209860731901365,0.21806422383445748,0.22938492540185557
2021-12-23,37362.8515625,37362.8515625,37528.0,37086.8984375,37190.30078125,18500,0.058430225352511744,0.03686624954497697,0.08486976576879235,0.08069126408531258,0.21829486977469253,0.22205181105510452
2021-12-24,37727.80078125,37727.80078125,37822.1484375,37417.6484375,37657.1484375,34400,0.09020513650595419,0.07059747864722521,0.09153831046714644,0.11256414789258706,0.20215647146684362,0.21760007543201243
2021-12-27,37988.5,37988.5,38029.30078125,37431.0,37722.8984375,19000,0.08940874515173891,0.07669071575772346,0.08751470988543897,0.11198178720244234,0.20201490995148066,0.21791892493484874
2021-12-28,38357.80078125,38357.80078125,38500.25,38164.44921875,38184.6015625,19000,0.09456895398608878,0.09506111628554303,0.0798455336205115,0.11690792665388983,0.2029162820378471,0.21786683242056828
2021-12-29,38274.6484375,38274.6484375,38484.8984375,38181.8984375,38269.1015625,14200,0.08031975041632555,0.10045964468789514,0.07759944461345025,0.1186235877341687,0.20275247011144615,0.21726985454522244
2021-12-30,38658.80078125,38658.80078125,38897.6015625,38153.3515625,38231.1484375,27100,0.0691675282317874,0.1005704439823698,0.08052858694961507,0.12811517831431352,0.194739313937813,0.21728636056526135
2021-12-31,38701.05078125,38701.05078125,38861.1015625,38468.3984375,38708.1484375,16300,0.0795859171649087,0.0888117062543321,0.07043581454937686,0.11508496949611424,0.18982784385781312,0.21623747467791085
2022-01-03,39123.80078125,39123.80078125,39286.3515625,38752.55078125,38752.6015625,16700,0.12168794571831554,0.11540720125665338,0.07950259375450242,0.11655764788761791,0.15096892896675349,0.21488843244183947
2022-01-04,39370.69921875,39370.69921875,39446.69921875,38828.6015625,39243.5,19900,0.11619311319999359,0.10270173933003113,0.07959989041340165,0.10186418464717395,0.14961365060204004,0.2125314522369558
2022-01-05,38609.1484375,38609.1484375,39293.1484375,38409.25,39261.55078125,25200,0.07369765326597078,0.06063261462282288,0.04762401168552466,0.05895334964886745,0.16484157014918022,0.21361447613719592
2022-01-06,38009.0,38009.0,38206.6015625,37757.19921875,38181.3515625,25900,0.05738130151856069,0.08041656807572051,0.04430527550030838,0.09156386520035453,0.178087062783227,0.20376414859347916
2022-01-07,38139.8515625,38139.8515625,38394.80078125,38003.1484375,38140.1484375,21600,0.0612207677420602,0.09378047053678329,0.044009114463697374,0.10374325988332045,0.17774771866732222,0.20270449701785215
2022-01-10,38212.19921875,38212.19921875,38621.8984375,37991.30078125,38596.75,32800,0.059961592559752974,0.08294027950936966,0.023397702631291484,0.091664616027051,0.1777878085377465,0.20155445488290327
2022-01-11,38605.44921875,38605.44921875,38664.3984375,38138.0,38186.94921875,26600,0.06932746809679413,0.08002824270365849,0.027142543918500905,0.09544935119927345,0.1795565127352867,0.20096705582813576
2022-01-12,38604.75,38604.75,38902.80078125,38424.75,38857.75,28100,0.08023994168366455,0.06330568450380913,0.02269820893994101,0.07763162726430706,0.17290853311877452,0.1987557124876255
2022-01-13,38607.0,38607.0,38886.8515625,38151.05078125,38768.8515625,61200,0.06766257928967989,0.04044182125996376,0.009141187869891265,0.0491801568554846,0.1707865496071312,0.1939875905216967
2022-01-14,38826.8515625,38826.8515625,38892.6484375,38049.6015625,38351.3515625,35700,0.05945642773257598,0.05373738667313499,-0.015346979921744275,0.054331345571179246,0.1668734850265387,0.19358541225672884
2022-01-17,38804.94921875,38804.94921875,38993.25,38486.3515625,38764.6484375,35400,0.08042276068014198,0.08050842940990544,-0.021532221821412678,0.07335696678215342,0.14388994668128577,0.1855645385573294
2022-01-18,38091.75,38091.75,38990.55078125,38004.25,38830.1484375,28100,0.03998677551978069,0.07620082926554717,-0.040045017927624826,0.0763029335738854,0.15206738900644348,0.18719491657552545
2022-01-19,37281.69921875,37281.69921875,38011.8984375,37236.1484375,38011.8984375,32700,0.007909097495021333,0.0650271353235472,-0.05006348460489818,0.07534414879469353,0.17014124845485576,0.19129678480984355
2022-01-20,36662.19921875,36662.19921875,37249.05078125,36512.5,37175.0,32000,-0.018752646397397155,0.04265493033320222,-0.05884029598118856,0.07064864514621017,0.17645188258958883,0.1945933149110853
2022-01-21,36054.6015625,36054.6015625,36579.6484375,35836.6484375,36354.30078125,34500,-0.044349238071187735,0.01551106073518782,-0.08042365639802751,0.04811775360947379,0.1801646225259139,0.19689502820457652
2022-01-24,34821.6015625,34821.6015625,35969.8515625,34563.19921875,35934.19921875,36400,-0.08336466134488074,-0.002635076184715812,-0.08704303485428155,0.03702110775318057,0.21030770328364753,0.20677270456201272
2022-01-25,34707.44921875,34707.44921875,35065.80078125,33956.55078125,34490.3515625,41900,-0.09516581994149043,0.00868090874414218,-0.09775959759515418,0.030959595973257037,0.20377344787917162,0.20467051768152894
2022-01-27,33475.05078125,33475.05078125,34362.8515625,33251.69921875,34338.1015625,49300,-0.12539886980509907,-0.05142956131340326,-0.11938913209203761,-0.005723148631285535,0.23135287989051673,0.2110646178582748
2022-01-28,33851.94921875,33851.94921875,34473.5,33608.44921875,33608.44921875,48300,-0.12434042094837516,-0.03767771832950928,-0.11841154969311518,0.006315922122838713,0.2325466075369653,0.21244640335402135
2022-01-31,34824.55078125,34824.55078125,34972.25,34440.30078125,34519.30078125,40400,-0.10016523897273866,-0.010022166852593384,-0.09934691868233458,0.017424360799662475,0.26269401682500654,0.22058626545196575
2022-02-01,35371.6484375,35371.6484375,35435.5,34754.3515625,35337.94921875,29800,-0.09590459691605968,0.0010584188853590693,-0.09313309782437917,0.020032295752414497,0.2670428418541325,0.22275191893232824
2022-02-02,35788.75,35788.75,35845.30078125,35278.55078125,35556.5,32400,-0.09098007629603189,0.00017881545568143586,-0.08956195523623212,0.016148595475307226,0.2707702697782637,0.22254699121766167
2022-02-03,35056.80078125,35056.80078125,35693.3984375,34962.44921875,35656.8515625,21200,-0.09200792558272808,-0.021172654778786826,-0.07164275459487579,0.005653108622296621,0.2716168683575528,0.2265276714886208
2022-02-04,35080.1015625,35080.1015625,35194.6015625,34539.8984375,34982.69921875,21600,-0.07705802408640061,-0.017995369092106972,-0.06411984657379066,0.009805757565732764,0.26914697940013316,0.22648939969815052
2022-02-07,34621.25,34621.25,35148.0,34372.94921875,34898.0,21600,-0.09225525056735073,-0.027046086608864206,-0.05862196444840162,0.009879883225092367,0.26950699238708337,0.2279092651359556
2022-02-08,34521.55078125,34521.55078125,34862.1015625,34189.6484375,34687.8515625,22700,-0.09658298954144118,-0.049838572318945285,-0.055671004000595214,-0.00365774343935521,0.2684549042412877,0.22359339730197933
2022-02-09,34983.30078125,34983.30078125,35052.6484375,34707.6484375,34741.8515625,18600,-0.09382479703774005,-0.0406413759998937,-0.06104027029418191,-0.004988804256766732,0.27096811914846175,0.2252877005859246
2022-02-10,35341.8515625,35341.8515625,35379.8515625,34994.75,35255.94921875,17800,-0.08452064674683812,-0.03553243324317079,-0.051219067707975574,-0.013678704941455955,0.27580508927086606,0.2261107524829196
2022-02-11,34379.05078125,34379.05078125,34917.8515625,34313.25,34889.44921875,28100,-0.10951250339964258,-0.06224200042833439,-0.06114683264717957,-0.03297161527687009,0.28711817756046215,0.2327719776667543
2022-02-14,33880.6484375,33880.6484375,34466.6484375,33666.25,33857.3984375,29100,-0.1273913007609706,-0.05905383848973811,-0.04999381127135771,-0.007153453489466499,0.28538540624621894,0.23181982651632482
2022-02-15,34913.30078125,34913.30078125,35017.1015625,34081.05078125,34268.30078125,22600,-0.1002874250797785,-0.01594321280521649,-0.04808919527903821,-0.012262715828225579,0.31353516356118755,0.23854501965072022
2022-02-16,34801.94921875,34801.94921875,35209.69921875,34712.30078125,35103.19921875,21700,-0.08636517831945234,-0.01978485060059676,-0.04270320375475545,-0.009435380660970272,0.309631509097501,0.23861072251105042
2022-02-17,34634.1015625,34634.1015625,35052.3515625,34564.19921875,35022.8515625,18800,-0.07101601353294673,-0.009499115218246201,-0.035683945597767996,-0.0031568327143147723,0.30309302178388065,0.2367709829635181
2022-02-18,34483.1015625,34483.1015625,34727.1015625,34295.69921875,34359.94921875,21700,-0.05943717787490377,-0.023148517007669955,-0.03236620762373521,-0.00832498183053687,0.29917069208910396,0.23605816688420445
2022-02-21,34472.05078125,34472.05078125,34692.3515625,33989.30078125,34372.0,27100,-0.04389317070961596,-0.003874966221455889,-0.02059201297990454,-0.014458568801173799,0.2948801227595728,0.23254559980031153
2022-02-22,34129.55078125,34129.55078125,34287.19921875,33600.44921875,33678.3515625,32900,-0.019874180112246287,-0.021255614483485452,-0.016556198881681028,-0.02349849673377058,0.27071477273532396,0.23285987725079244
2022-02-23,34114.30078125,34114.30078125,34430.94921875,34042.69921875,34385.1015625,19900,-0.017089946131205846,-0.026522538790797245,-0.00466374808931036,-0.031236066567214227,0.2705851514656734,0.23259705324932697
2022-02-24,32547.900390625,32547.900390625,33396.25,32438.25,33077.6484375,44300,-0.027696758301687607,-0.08132037622780774,0.02269439406275431,-0.027790025704288235,0.2913020887462597,0.25013338842492566
2022-02-25,33476.94921875,33476.94921875,33678.0,33058.80078125,33214.3515625,27500,-0.0110776486629105,-0.07414440371591147,0.014857922917357547,-0.03143293765862187,0.3068239428792826,0.2535122009064597
2022-02-28,33847.8515625,33847.8515625,33961.05078125,32858.75,33180.3515625,39200,-0.02804628335007464,-0.05579659633254552,0.003438950435045718,-0.03237356479601561,0.2909551534281204,0.2542804321424827
2022-03-02,33720.0,33720.0,33924.75,33484.6015625,33748.3984375,25400,-0.046694132460871396,-0.03324020738423894,0.008543319767606916,-0.015129028726756921,0.28397588951588537,0.24833052665331426
2022-03-03,34130.30078125,34130.30078125,34410.69921875,33887.55078125,34032.19921875,31900,-0.04633995930983903,-0.032376680134431846,0.02576067166597651,0.007133148200874295,0.2842237020287174,0.2485178624974453
2022-03-04,34177.69921875,34177.69921875,34504.8515625,33462.19921875,33720.6484375,34400,-0.025076491377107768,-0.04953833663008822,0.04980019954169812,0.020548550167089785,0.27606258666352246,0.2451011193395543
2022-03-07,34135.8984375,34135.8984375,34435.6015625,33499.3515625,33524.6015625,34500,-0.026915632593530914,-0.050365420864817434,0.06746219359649341,0.044040779772136274,0.2759684649442227,0.24510012504613896
2022-03-08,35055.55078125,35055.55078125,35162.94921875,33977.8984375,33977.8984375,34100,0.01254434144492178,-0.024598235451013806,0.08226534351870451,0.06093799082072637,0.28917722191630196,0.2514725670128889
2022-03-09,35440.55078125,35440.55078125,35726.25,35154.19921875,35218.1484375,35100,0.026621052044369486,-0.016920684615927217,0.07998375148838766,0.0419741603238335,0.29110278657690525,0.25244974285115057
2022-03-10,35399.1015625,35399.1015625,35931.1484375,35265.5,35931.1484375,29000,0.01188569322974975,-0.019484751174848824,0.06164006236787545,0.022651133219327768,0.28771968587195007,0.25243022244090557
2022-03-11,35348.69921875,35348.69921875,35478.3515625,35148.1015625,35203.80078125,17400,0.00019375488117501227,-0.010871025387914846,0.05559581796057367,0.023443905945817023,0.28552233927333914,0.2516085487938264
2022-03-14,36028.0,36028.0,36071.3984375,35347.94921875,35347.94921875,28700,0.04796377972277588,-0.0036587301098612857,0.07693969124668265,0.018204144176148684,0.2734131352080306,0.2535158663139308
2022-03-15,35097.8515625,35097.8515625,36131.44921875,34996.55078125,36131.44921875,26400,0.03592620510924949,-0.0422956551695175,0.04660143564751962,-0.023326244531441276,0.28570923327466446,0.25747662159750623
2022-03-16,35729.6484375,35729.6484375,35787.94921875,35369.69921875,35601.3515625,20900,0.02338213912700038,-0.005200981313945752,0.04511391915535101,-0.026938435275459804,0.27270399071645446,0.256999409252473
2022-03-17,35643.6015625,35643.6015625,36246.44921875,35466.19921875,36245.05078125,42400,0.024184057578491958,-0.026852946979432746,0.026213155446270453,-0.057632614312830066,0.27255240112907037,0.2537377544341844
2022-03-21,35377.75,35377.75,36135.5,35299.1015625,35829.19921875,26700,0.021471567153489746,-0.043564085835140376,0.03227794258090444,-0.05312740607119093,0.2734914519178245,0.2532205131128053
2022-03-22,36070.44921875,36070.44921875,36119.8515625,35309.55078125,35425.94921875,25700,0.04603262422241694,-0.03459057030451995,0.04376366518735875,-0.04881806911446196,0.2801562196303138,0.2556326012554737
2022-03-23,36082.0,36082.0,36362.94921875,35883.1015625,36251.8515625,21300,0.0467030299115736,-0.043623024591137316,0.04443646442005589,-0.05784932118012498,0.2800874663980932,0.2547381030397606
2022-03-24,36516.75,36516.75,36597.80078125,35853.1015625,35872.55078125,16600,0.06994522822906513,-0.038741987706806036,0.062307195253952896,-0.046730867654132036,0.27817202804514957,0.25560150896629646
2022-03-25,36152.30078125,36152.30078125,36710.5,35914.80078125,36630.19921875,17500,0.05974034212420776,-0.057498082660622396,0.05448050006598315,-0.05284138702863195,0.2819749557833878,0.2553891263946577
2022-03-28,36026.05078125,36026.05078125,36207.75,35669.6015625,36108.5,18400,0.1068625118327704,-0.05874900875763267,0.04691342330291315,-0.05923701770495515,0.2139295259090643,0.2554299084286291
2022-03-29,36146.75,36146.75,36256.30078125,35982.94921875,36075.44921875,17500,0.07975042061941173,-0.06498004931566259,0.039716541316071385,-0.07203375314592864,0.19580637715055144,0.25456991858997796
2022-03-30,36463.55078125,36463.55078125,36519.75,36244.44921875,36493.1015625,26800,0.0772781461157177,-0.057814967677415896,0.03533734659971044,-0.06612422184335387,0.1948580015276353,0.2553328242347842
2022-03-31,36317.19921875,36317.19921875,36663.19921875,36164.8984375,36517.94921875,21700,0.07702251538404514,-0.0717364240297701,0.025306063048979865,-0.06260491572746207,0.1949810359236601,0.25420033141038784
2022-04-01,36343.3984375,36343.3984375,36424.6015625,36039.6484375,36228.25,18600,0.06484260629387117,-0.07689222801022211,-0.0062202394352999235,-0.06932138338574334,0.1926601323969875,0.25375137464785796
2022-04-04,36442.8984375,36442.8984375,36526.75,36130.3515625,36347.55078125,18800,0.06627711257717728,-0.056107168577071764,-0.04501940148532069,-0.06325632357490996,0.19255685171625098,0.2510188836025875
2022-04-05,36466.55078125,36466.55078125,36813.1015625,36423.5,36534.94921875,22100,0.06827569949615442,-0.04058115758767655,-0.06374410416388554,-0.05249940323001845,0.19209932394348028,0.24915691480452928
2022-04-06,35871.5,35871.5,36371.8984375,35781.5,36371.0,19000,0.023275892135930176,-0.0594745776286737,-0.08876743228379436,-0.05919113781626806,0.1834676307089093,0.25107642533429503
2022-04-07,35423.25,35423.25,35817.44921875,35379.19921875,35744.6484375,24700,-0.0004881634418377745,-0.07298583373294876,-0.07966671898235067,-0.0527812054584027,0.1858121542468805,0.2521074843203052
2022-04-08,35394.44921875,35394.44921875,35679.30078125,35219.6484375,35599.30078125,21400,-0.0001314254753552735,-0.08317478659050215,-0.07180701199601658,-0.06814354221544161,0.18578728439060302,0.2509687590861905
2022-04-11,34895.8984375,34895.8984375,35443.80078125,34832.8515625,35429.6484375,29900,-0.012809545789730814,-0.09607241498779295,-0.07561602721792804,-0.06656494329131468,0.1924805902135409,0.2523001724415993
2022-04-12,34379.5,34379.5,34747.75,34204.1015625,34683.8515625,26600,-0.045756078605528994,-0.10950086771828937,-0.08481649300655636,-0.06965488578890433,0.18397494057419353,0.25371943678669534
2022-04-13,34354.80078125,34354.80078125,34591.0,34231.80078125,34553.1015625,18500,-0.02117083377387996,-0.11517933083117216,-0.06994058655699231,-0.07244761017466672,0.1610296200341542,0.2532380225558331
2022-04-18,32780.05078125,32780.05078125,33366.1484375,32600.900390625,33174.55078125,57300,-0.08255322358991513,-0.15526108289787055,-0.09423491414788066,-0.09329674782460684,0.21515156207481517,0.2693902873872394
2022-04-19,31804.19921875,31804.19921875,33108.6484375,31569.349609375,33108.6484375,38800,-0.10771645331680979,-0.16506332161819814,-0.08871955241216323,-0.10133024845638738,0.23374361688596534,0.27333574119544274
2022-04-20,32173.400390625,32173.400390625,32306.349609375,31718.150390625,32030.75,27900,-0.09057527992523551,-0.1370189378480875,-0.09168239612770934,-0.09231876437029718,0.24144509094830618,0.2721741222347937
2022-04-21,32611.599609375,32611.599609375,32700.0,32145.30078125,32399.599609375,26500,-0.09589150355180587,-0.11048435979539983,-0.10034413901569661,-0.08996285331204112,0.23446725117879944,0.27245413942693647
2022-04-22,32426.69921875,32426.69921875,32748.849609375,32186.400390625,32287.849609375,30100,-0.10130538166537328,-0.10062245002100767,-0.09703177236647054,-0.07535155421756856,0.2336137530834466,0.27083502562484923
2022-04-25,31744.0,31744.0,32130.44921875,31637.44921875,32103.19921875,22500,-0.13070029507007064,-0.08838196476908533,-0.11509298606018548,-0.07700233580487337,0.2307237072343207,0.2651509411143489
2022-04-26,31840.05078125,31840.05078125,32141.44921875,31683.19921875,32088.94921875,19500,-0.11928009855009014,-0.08261622510567401,-0.12206682864103624,-0.07815108653377223,0.23309177259230787,0.2652888774943397
2022-04-27,31594.349609375,31594.349609375,31689.849609375,31276.150390625,31689.849609375,26900,-0.12301379351248543,-0.05618217532110259,-0.11235303347445269,-0.05198875805930503,0.23288995093189588,0.2556225969773742
2022-04-28,31914.349609375,31914.349609375,32156.30078125,31468.150390625,31858.5,28000,-0.11708937568730249,-0.05723746059213031,-0.11245742147113968,-0.06560501920604012,0.2378620987804607,0.25540548470964414
2022-04-29,31622.400390625,31622.400390625,32212.900390625,31541.349609375,32135.900390625,33500,-0.1327668394026612,-0.0919509460650123,-0.11015319410956048,-0.07826577384779188,0.23133650515359017,0.24849674173221356
2022-05-02,31138.80078125,31138.80078125,31409.650390625,30940.650390625,31377.349609375,37000,-0.14258804502816602,-0.11966780863292925,-0.11993381919470147,-0.09078037935611616,0.23283955624748864,0.2474532219804292
2022-05-04,30794.599609375,30794.599609375,31452.80078125,30663.400390625,31260.400390625,25000,-0.1526769390503563,-0.13954525907233417,-0.09648993457276245,-0.07754298738363896,0.23095032744520516,0.24641887197135354
2022-05-05,31432.44921875,31432.44921875,31470.150390625,31117.5,31215.69921875,21100,-0.1374876706731486,-0.10338512019723345,-0.061560146199043375,-0.05341138031004622,0.2500166211311157,0.24789897328168337
2022-05-06,30719.44921875,30719.44921875,30881.099609375,30278.849609375,30803.75,31900,-0.15759926396589685,-0.1243055792179193,-0.07149824950991823,-0.061218584135437015,0.2539444635161256,0.25158327480266457
2022-05-09,30733.30078125,30733.30078125,30934.44921875,30019.80078125,30490.94921875,31400,-0.14323903987148567,-0.11229950445896664,-0.05867983367532503,-0.059332663084113446,0.25407829865744935,0.2505967396228224
2022-05-10,30427.19921875,30427.19921875,30785.94921875,30343.099609375,30635.0,22900,-0.1410387466212163,-0.11860277043880085,-0.06169993613120639,-0.05914165614036604,0.25359227400719986,0.2511308357125384
2022-05-11,30050.25,30050.25,30548.55078125,29669.25,30425.55078125,29100,-0.15098975508054924,-0.14101158755991283,-0.060053058742356,-0.0667607879706732,0.2528273503228194,0.24993255076135124
2022-05-12,29756.849609375,29756.849609375,30184.349609375,29497.25,29744.5,26400,-0.14726799017166015,-0.15802799531451406,-0.04164113967018901,-0.055911389228224584,0.25192537760268013,0.2489414465528284
2022-05-13,29624.849609375,29624.849609375,30115.05078125,29539.05078125,30062.80078125,24100,-0.13829899767666776,-0.13828773813813078,-0.03857735499414283,-0.0466260100916841,0.2508359724372278,0.24357158889044658
2022-05-16,29403.5,29403.5,29875.25,29278.349609375,29680.650390625,18000,-0.14412252927259872,-0.13214470926549837,-0.05065816317302696,-0.07274241688213823,0.24957691984219188,0.24249417507534818
2022-05-17,30218.75,30218.75,30313.900390625,29339.650390625,29503.30078125,23400,-0.07813596136083623,-0.13446310363674308,-0.024894480071765646,-0.07146626668986933,0.23383867210314552,0.24102579759501996
2022-05-18,30077.69921875,30077.69921875,30823.150390625,30045.650390625,30367.5,27900,-0.0542852844093038,-0.13574670689579504,-0.011926336651608693,-0.07328931332815702,0.2125568850140859,0.24106570175908903
2022-05-19,28352.150390625,28352.150390625,29495.150390625,28193.599609375,29448.44921875,45400,-0.11877047354663428,-0.18138051482405915,-0.04132487743069335,-0.09497578703480969,0.28491079292182725,0.26755474230790155
2022-05-20,28789.400390625,28789.400390625,28897.44921875,28577.650390625,28884.75,26500,-0.11720367183863056,-0.16511569185722086,-0.05243766537328198,-0.10664539758442615,0.28661693786716647,0.2702544053561838
2022-05-23,29079.30078125,29079.30078125,29308.25,28604.69921875,28861.349609375,22000,-0.10322970015907273,-0.15643832837857208,-0.047484775034772775,-0.09878909550678883,0.29237826782775056,0.2715213186586194
2022-05-24,28531.5,28531.5,29141.55078125,28425.400390625,29123.599609375,23400,-0.10120022681451613,-0.16402357057466577,-0.052314930684904004,-0.10744519726246171,0.2908610931140205,0.27316328462550366
2022-05-25,27566.099609375,27566.099609375,28479.349609375,27423.80078125,28470.900390625,33600,-0.1342319207101218,-0.19194886079781648,-0.06592109079554431,-0.13114859148730995,0.3065385791150717,0.2805875589692712
2022-05-26,27932.55078125,27932.55078125,28040.25,27516.400390625,27729.150390625,31500,-0.11590043388766047,-0.14180176152635615,-0.06494201172980729,-0.13701347723496626,0.3149562908627879,0.26759412394814086
2022-05-27,28641.599609375,28641.599609375,28728.30078125,28210.80078125,28302.30078125,25700,-0.10254791465462332,-0.1444381797689852,-0.050788102679584335,-0.1260720588847326,0.32937049440151234,0.2661572384755335
2022-05-30,29753.30078125,29753.30078125,29837.650390625,29069.0,29084.099609375,28000,-0.05910682257786881,-0.12096929619563646,-0.03331240183516615,-0.11307952687951217,0.3631788615264005,0.27760327606598656
2022-05-31,29679.05078125,29679.05078125,29807.349609375,29294.349609375,29609.099609375,55300,-0.04687881239405267,-0.1198383516829774,-0.018491326280908882,-0.1185497510002872,0.3602284154899373,0.27758342737808
2022-06-01,29260.75,29260.75,29829.75,29148.55078125,29822.150390625,22400,-0.04980904537911379,-0.14267529643117483,-0.04052415948414634,-0.14417239563868067,0.3613803478654762,0.2770584522687816
2022-06-02,29792.400390625,29792.400390625,29875.349609375,29197.900390625,29249.80078125,24100,-0.05217693399299861,-0.1283087781906399,-0.04890105220291374,-0.15186323530150292,0.35937195347614465,0.2801473863281259
2022-06-03,29903.80078125,29903.80078125,30559.0,29858.150390625,30169.94921875,33100,-0.026551531952667906,-0.12397791913983514,-0.03709617548987554,-0.16943864874693726,0.3518159701010136,0.2804118449328769
2022-06-06,29819.80078125,29819.80078125,29972.849609375,29281.44921875,29750.69921875,22400,-0.029723458814333248,-0.1493558048102448,-0.046144980193174034,-0.18408289854425375,0.35178569634160956,0.2739169746983641
2022-06-07,29351.69921875,29351.69921875,29650.55078125,29243.900390625,29593.44921875,14300,-0.03534666441915724,-0.17180465394237998,-0.04620253042990152,-0.17614839706790353,0.3542450398676735,0.2737212533152212
2022-06-08,29472.150390625,29472.150390625,29588.400390625,29155.599609375,29519.650390625,14200,-0.01923776372492736,-0.16743224856739614,-0.030937474569494472,-0.1530513011071859,0.35250457513724653,0.27409570298900915
2022-06-09,29761.55078125,29761.55078125,29802.80078125,29062.19921875,29254.400390625,14100,0.00015798620945139952,-0.15805810570071588,-0.04223191822975658,-0.1488972221087541,0.3528445606552957,0.27533758097811156
2022-06-10,29114.30078125,29114.30078125,29350.599609375,29022.75,29299.5,23600,-0.017233803204301568,-0.1918979465623959,-0.04382393215857783,-0.1522151156270033,0.3611772530049196,0.2742326981883265
2022-06-13,27914.599609375,27914.599609375,28443.849609375,27792.099609375,28419.849609375,22900,-0.050636842233917734,-0.20466358005798524,-0.0463508853400576,-0.15133587139958038,0.3893555595779615,0.2816794085651107
2022-06-14,27953.349609375,27953.349609375,28249.599609375,27502.05078125,27626.19921875,25900,-0.07496671406411581,-0.21764274679969697,-0.04254218154147238,-0.1444041962773921,0.37345238200298764,0.27827378959361565
2022-06-15,27812.44921875,27812.44921875,28131.150390625,27786.650390625,28017.94921875,18600,-0.07531327391517617,-0.21970710030573948,-0.04156085427669842,-0.12744726889743052,0.37346516145750686,0.2782583582823699
2022-06-16,27136.44921875,27136.44921875,28224.5,27067.44921875,28191.849609375,29200,-0.042878623142355576,-0.2329515240864668,-0.014490400302725304,-0.130308627880522,0.3224940372572879,0.2813339381544632
2022-06-17,26732.44921875,26732.44921875,26993.55078125,26399.75,26866.599609375,50900,-0.07144821163225157,-0.258882276274673,-0.011652232419764541,-0.14210828765176287,0.3186055076251326,0.2777067840144339
2022-06-20,26966.19921875,26966.19921875,27112.650390625,26544.80078125,26819.44921875,22800,-0.0726668628794026,-0.25264122779363674,-0.019347973583044742,-0.14272945542983984,0.31788841054071443,0.27892121325822383
2022-06-21,27810.650390625,27810.650390625,27895.0,27137.900390625,27202.900390625,23000,-0.02526504422743281,-0.23841386786543162,0.004895951121811182,-0.14644538459112877,0.33497258107613115,0.28635972098336626
2022-06-22,27488.400390625,27488.400390625,27824.05078125,27426.05078125,27656.30078125,25100,-0.0028186511639671785,-0.2396500417234424,0.03540097016319088,-0.13822753864453496,0.31420068552977026,0.28651208511432696
2022-06-23,28027.80078125,28027.80078125,28100.05078125,27532.75,27532.75,26700,0.0034100000657275586,-0.2220129552518908,0.04135027799633295,-0.12531398826925233,0.31845756385592816,0.2907006754972269
2022-06-24,27777.80078125,27777.80078125,28361.19921875,27631.44921875,28261.0,24600,-0.030158889164914493,-0.23152701747045035,0.00978620698341337,-0.13767290193268344,0.3058291186480256,0.29043314679783533
2022-06-27,28345.94921875,28345.94921875,28588.69921875,28251.400390625,28293.19921875,22500,-0.04730068683293409,-0.22262235543649167,0.00247607661392224,-0.12740139360816594,0.2807147054714598,0.2935977262390624
2022-06-28,28509.099609375,28509.099609375,28602.05078125,27983.599609375,28218.5,19200,-0.03942010074709423,-0.21499729542315038,0.004859095935624169,-0.12255109352003124,0.28220423638552494,0.2943032596230113
2022-06-29,28140.099609375,28140.099609375,28446.44921875,28046.75,28105.69921875,25400,-0.03829875825551288,-0.22571633861462548,0.00549845411076999,-0.11981356352335482,0.28156585381110094,0.29470290800655746
2022-06-30,27843.349609375,27843.349609375,28325.650390625,27775.75,28131.94921875,27100,-0.06542107234378214,-0.2359732402424941,-0.014437791131369337,-0.11006065084435335,0.2728465697647008,0.2946176545508682
2022-07-01,28064.25,28064.25,28151.0,27524.30078125,27718.80078125,17400,-0.0615156178542835,-0.2304111741100069,-0.011332556925755743,-0.10760104914955637,0.27468424830970434,0.2955312183755853
2022-07-04,27890.650390625,27890.650390625,28174.400390625,27643.650390625,28084.25,16500,-0.06469360425231296,-0.22248441267789187,-0.020383340107685832,-0.1117286005417587,0.27488885888918013,0.2944854002364563
2022-07-05,27695.150390625,27695.150390625,28233.05078125,27642.599609375,28020.30078125,22700,-0.05643791917391916,-0.21816461248967844,-0.019553958098052937,-0.11449410553896733,0.27134507944875774,0.29403050187072716
2022-07-06,28007.599609375,28007.599609375,28148.900390625,27628.55078125,27778.650390625,19400,-0.04969270181641949,-0.2087007927068366,-0.027288410165674404,-0.1077946677090742,0.27493663523622613,0.2956348322043944
2022-07-07,28196.349609375,28196.349609375,28459.25,28077.05078125,28217.80078125,17500,-0.05259138488378401,-0.19198671271135692,-0.031642414618207826,-0.10474183245511504,0.27333016410978883,0.29563259642609346
2022-07-08,28250.30078125,28250.30078125,28459.55078125,28095.349609375,28450.55078125,18400,-0.029676137733537056,-0.17828063871638622,-0.03083649059026472,-0.10356993134074177,0.26396833076893217,0.29488173385478605
2022-07-11,27380.55078125,27380.55078125,27941.19921875,27195.650390625,27855.75,31000,-0.019131523847672915,-0.20300656215146418,-0.047126224022612795,-0.13092624682879372,0.24396411153946718,0.30034845648783437
2022-07-12,27063.75,27063.75,27504.400390625,27022.849609375,27248.19921875,22900,-0.03182443684948033,-0.17438352427811643,-0.05255912601443524,-0.10943806652346433,0.24666390230766877,0.2871154806532727
2022-07-13,26949.75,26949.75,27247.44921875,26872.75,27228.94921875,32800,-0.03101845551122495,-0.15263548015659778,-0.048511277920319174,-0.09414025930173586,0.24652780160073273,0.28155198038173584
2022-07-14,26523.30078125,26523.30078125,27162.900390625,26298.0,27155.0,29800,-0.022595013539072117,-0.1756140022744186,-0.06022705889862945,-0.10571076410727909,0.2375545362947117,0.28122433199753655
2022-07-15,26484.75,26484.75,26734.0,26189.400390625,26664.30078125,34100,-0.009265863248185457,-0.18787332368736942,-0.058679025396320306,-0.11063361000256877,0.23187292016768116,0.27908168533721955
2022-07-18,27322.94921875,27322.94921875,27376.19921875,26785.80078125,26801.75,28800,0.013229524750820065,-0.15739344808332734,-0.0472486846315443,-0.10536387314290963,0.2560834668083216,0.2879062170280456
2022-07-19,27346.150390625,27346.150390625,27399.5,27065.80078125,27071.80078125,23300,-0.016702234341005706,-0.13854112932758944,-0.06157460362535838,-0.10236080307156181,0.23000925304794442,0.2854187334828648
2022-07-20,28146.349609375,28146.349609375,28175.5,27631.400390625,27701.05078125,35900,0.0239355222348403,-0.11600801761441126,-0.04792123905067447,-0.07647781314764068,0.24890310265917834,0.2923672946914915
2022-07-21,28342.900390625,28342.900390625,28369.94921875,27848.75,28116.55078125,42400,0.011242395071745959,-0.10291236436103746,-0.05616283568454361,-0.07749035403761939,0.24057135203447919,0.29269767090054
2022-07-22,28168.150390625,28168.150390625,28549.25,27862.05078125,28429.55078125,27400,0.014052574300212006,-0.11738290971311338,-0.050931371987031016,-0.08690450932060945,0.23931341438194514,0.29177263394534364
2022-07-25,28216.0,28216.0,28320.849609375,27890.650390625,28006.650390625,23800,-0.004584401733988996,-0.10772112010936674,-0.055048504940381826,-0.08014916389760829,0.22800693423057886,0.29149263116729174
2022-07-26,27418.849609375,27418.849609375,28157.5,27383.94921875,28157.5,29900,-0.03824217582941414,-0.11946353355120021,-0.07821955190381191,-0.08517642916998502,0.24788940560130596,0.2953540928971169
2022-07-27,27878.80078125,27878.80078125,27908.25,27339.94921875,27420.650390625,19700,-0.009285639772147358,-0.09468539500793915,-0.06262419657034302,-0.09253887338831257,0.2526247746987838,0.2972141188377424
2022-07-28,28663.05078125,28663.05078125,28703.400390625,28170.44921875,28225.099609375,27400,0.029439747134411,-0.08810635207669426,-0.043394942390469815,-0.1029091090108547,0.26839493739757087,0.29987844671323466
2022-07-29,29152.30078125,29152.30078125,29355.0,28909.150390625,28983.25,31500,0.038769993185280294,-0.051014861182585025,-0.05050094061370003,-0.09653241773677801,0.273140413136302,0.29885171109598335
2022-08-01,29220.0,29220.0,29376.650390625,28928.94921875,29376.650390625,16500,0.047662911791466867,-0.049239773886352145,-0.047358746017980735,-0.11292587066385784,0.2714555885126198,0.29891159365208175
2022-08-02,29024.650390625,29024.650390625,29153.05078125,28871.19921875,29131.099609375,21400,0.048004794386314,-0.046095232691042876,-0.049055113669800976,-0.11416149032920853,0.2713087692342188,0.2985554013803283
2022-08-03,29416.94921875,29416.94921875,29453.349609375,28929.900390625,29002.30078125,25600,0.05032025696708575,-0.021074725875824707,-0.03713240679469343,-0.09660161757270858,0.2723771931616808,0.29894428279805446
2022-08-04,29782.900390625,29782.900390625,29972.349609375,29278.150390625,29694.05078125,30900,0.056267949689575714,0.000875454948758847,-0.021157657555905374,-0.09869438310792122,0.274279924871226,0.2994020936336701
2022-08-05,29973.55078125,29973.55078125,30080.19921875,29799.19921875,29891.849609375,20200,0.06099935053235739,0.011770563444975402,-0.011556561022526779,-0.09058238399205831,0.2745601840504343,0.2995353169548248
2022-08-08,29967.69921875,29967.69921875,30036.75,29694.150390625,29999.150390625,15200,0.09448854620089153,0.019188165311952554,0.013759660570958232,-0.0870337737646949,0.24358375092937337,0.29910760460619523
2022-08-10,29701.150390625,29701.150390625,30013.44921875,29456.80078125,30013.44921875,19600,0.09745140236016803,-0.01712842554291627,0.005508281776411383,-0.09557277496962358,0.2413852477413699,0.29430610047631445
2022-08-11,30233.69921875,30233.69921875,30388.900390625,30073.94921875,30164.19921875,18800,0.12185453366914345,0.005186566926726588,0.01586175697700254,-0.08217020680124465,0.24328195749415704,0.2964639396996564
2022-08-12,29885.900390625,29885.900390625,30195.0,29819.150390625,30184.94921875,15100,0.12677907765356666,0.054096425804342374,0.01638704590193707,-0.06537363335868762,0.23855114177047437,0.2708469463940886
2022-08-16,29909.0,29909.0,30141.349609375,29826.25,30130.900390625,0,0.12929138466475987,0.03888929933183283,0.018628561404181898,-0.056960030222724,0.2377617024545507,0.2691731186973728
2022-08-17,30256.900390625,30256.900390625,30328.150390625,29784.150390625,29917.349609375,22100,0.107380471573018,0.040496145977976905,0.005052247228022999,-0.06616939725466908,0.21984902794787423,0.26942175611740077
2022-08-18,30018.900390625,30018.900390625,30166.099609375,29857.650390625,30148.80078125,22300,0.09773770573997465,0.05213186795734548,-0.0011543275531122887,-0.06143914161536079,0.22424005180463735,0.26690446469171786
2022-08-19,30036.099609375,30036.099609375,30474.650390625,29943.900390625,30095.44921875,25500,0.06714014521337996,0.08960281051730568,-0.0077712327506629375,-0.01851344172463887,0.20547825386909943,0.2565895685074857
2022-08-22,29478.900390625,29478.900390625,29881.75,29430.94921875,29847.349609375,19900,0.040080584003172604,0.05536012881476626,-0.013242866035218848,-0.02630570583885672,0.21910204433876845,0.2586667371773147
2022-08-23,28957.849609375,28957.849609375,29188.900390625,28714.150390625,29041.599609375,25300,0.028035181856059355,0.011041631903006,-0.02328533534660915,-0.06387373491087156,0.22854686960245374,0.2564781109982685
2022-08-24,28859.849609375,28859.849609375,29120.30078125,28762.44921875,28981.349609375,13500,0.022818599708498644,-0.030028640467280043,-0.035743676687989945,-0.08665946416778447,0.2291664865643204,0.244088028447704
2022-08-25,28608.650390625,28608.650390625,29081.75,28561.80078125,29061.55078125,18200,0.04339353394473511,-0.03606585663788264,-0.019613569006768916,-0.0926183945914798,0.20439853335149197,0.24464025318851493
2022-08-26,28691.599609375,28691.599609375,29067.55078125,28638.94921875,28862.349609375,14900,0.029154727081074805,-0.019450984360448675,-0.025953468325775608,-0.0821615132146043,0.19715038466490328,0.24308985114349588
2022-08-29,27678.94921875,27678.94921875,27773.099609375,27333.05078125,27648.099609375,35900,-0.034333454942059194,-0.07093927122904997,-0.056974320059609895,-0.11212885449973786,0.21336146130327643,0.25072798286880404
2022-08-30,28407.900390625,28407.900390625,28466.80078125,27831.349609375,27971.94921875,30100,-0.025534876173608168,-0.05002375455774655,-0.060564717867836904,-0.12087389261894466,0.22594706518133914,0.2566889287787797
2022-09-01,27846.80078125,27846.80078125,28020.0,27710.05078125,27987.349609375,28400,-0.04699518202429842,-0.06616409058106709,-0.05868776600561154,-0.12490134983744505,0.23487491375596264,0.25963264294725374
2022-09-02,27745.80078125,27745.80078125,28085.349609375,27717.150390625,28083.30078125,17000,-0.04406081011015628,-0.05471228175008502,-0.05524529991802418,-0.12312576197553204,0.2343812095355402,0.2578845882859368
2022-09-05,27836.599609375,27836.599609375,27978.80078125,27669.400390625,27727.0,20000,-0.05372241688365509,-0.05549478947319242,-0.06969021014444376,-0.13555903288167548,0.22805693500071994,0.2578211313541276
2022-09-06,27742.80078125,27742.80078125,27967.099609375,27580.349609375,27884.849609375,21200,-0.06849902402444252,-0.06783080676265796,-0.08423942267678397,-0.1392892897135728,0.22094524301397,0.2568918044254668
2022-09-07,27832.400390625,27832.400390625,27917.80078125,27487.69921875,27500.5,17900,-0.07143465938524707,-0.04402992193618338,-0.08447678558872451,-0.13183501785681762,0.21934219392047902,0.25333717089975777
2022-09-08,28102.400390625,28102.400390625,28206.599609375,27959.650390625,28109.69921875,19800,-0.062243644882752025,0.006727690308225842,-0.07785841436906138,-0.1216036287432487,0.22416626821325714,0.23907314225281473
2022-09-09,28724.05078125,28724.05078125,28848.400390625,28127.44921875,28343.80078125,21500,-0.032897702497187264,0.027570977455114054,-0.0499267225502249,-0.10599352138316132,0.2398708320274888,0.2431933675896328
2022-09-12,29131.19921875,29131.19921875,29296.19921875,28932.05078125,28975.900390625,23700,-0.0364659313444603,0.047415816910901576,-0.05217178158371516,-0.09559831199336633,0.23622795381789408,0.24449943064683854
2022-09-13,29116.849609375,29116.849609375,29344.900390625,29062.599609375,29334.05078125,18100,-0.02573289648958499,0.07297934872247902,-0.04674641385815714,-0.10341032621061053,0.23344312472832615,0.23873537981288795
2022-09-14,28137.650390625,28137.650390625,28284.05078125,28040.30078125,28215.75,43300,-0.05922463503878428,0.052565373280103245,-0.06923851983703389,-0.12465043735840342,0.26074424993211365,0.247382716419838
2022-09-15,27734.349609375,27734.349609375,28265.75,27684.400390625,28232.849609375,28100,-0.08337109051763958,0.028485675137002398,-0.07964568492113933,-0.13615440562360703,0.25772900401551957,0.24878777606057054
2022-09-16,26706.44921875,26706.44921875,27575.55078125,26632.94921875,27530.599609375,50200,-0.11034551994814201,-0.03970425561306645,-0.08664099007734316,-0.16068859126012724,0.28367974967046505,0.2527167356388577
2022-09-19,26810.150390625,26810.150390625,27034.0,26506.900390625,26882.650390625,22600,-0.10740240113410404,-0.0246740439735198,-0.09973285650932928,-0.1679885985013383,0.28491049081983927,0.25183749118521914
2022-09-20,27020.599609375,27020.599609375,27370.349609375,26969.55078125,27079.150390625,19600,-0.08339187516070978,-0.03593579031533567,-0.10200466914787121,-0.1811855421987305,0.28437152069926763,0.24903692811837286
2022-09-21,26843.25,26843.25,27020.5,26805.44921875,26896.80078125,25900,-0.07302336457643621,-0.03364380026372793,-0.08103642726310945,-0.1622550147723828,0.28007025748815245,0.24874424850262178
2022-09-22,26782.650390625,26782.650390625,27009.05078125,26552.44921875,26659.05078125,27300,-0.0719753999714271,-0.05515069599754041,-0.07338702361153004,-0.16870206797656417,0.2801204465335681,0.24494665882491232
2022-09-23,26592.349609375,26592.349609375,27063.5,26560.94921875,26715.650390625,27900,-0.0704787102404082,-0.06723291953316168,-0.05934444430878072,-0.16042728905912818,0.27979660177215165,0.24486653608724054
2022-09-26,26743.650390625,26743.650390625,27049.19921875,26186.69921875,26431.900390625,31600,-0.06789266702695473,-0.04962488541741927,-0.03699098199520279,-0.1266673246683705,0.2808310437646087,0.24399304842232217
2022-09-27,27004.150390625,27004.150390625,27101.099609375,26682.150390625,26922.5,27400,-0.024379495868574574,-0.030140023758759127,-0.006733694581262273,-0.1079049761913885,0.2566359953407641,0.24407304521550716
2022-09-28,27067.650390625,27067.650390625,27243.19921875,26773.80078125,26778.849609375,22600,-0.04717877708562723,-0.03551135730956645,0.003538375744282951,-0.10575934524814024,0.23627904303084216,0.24352021406636853
2022-09-29,26819.05078125,26819.05078125,27300.0,26721.94921875,27273.900390625,25000,-0.03690729172350782,-0.038421463621916896,0.004403168385551326,-0.10048198165545519,0.22866925508359043,0.24389559913186049
2022-09-30,26981.150390625,26981.150390625,27091.0,26453.0,26713.05078125,27600,-0.027559139368640406,-0.025780686868618452,-0.0021820819808189285,-0.10695912014135989,0.23025214384626194,0.2439047591988408
2022-10-03,26729.099609375,26729.099609375,27011.5,26597.55078125,26950.05078125,16700,-0.03978575025474762,-0.04564832466299784,0.0042796833768388165,-0.10178097270430586,0.23123079471871416,0.24335444549048885
2022-10-04,27496.94921875,27496.94921875,27530.80078125,27106.5,27163.349609375,22500,-0.008861814797955003,-0.02480464316531439,0.012734666576856735,-0.09555449985495712,0.254943342232405,0.2501305960731226
2022-10-06,27928.75,27928.75,28009.30078125,27726.05078125,27734.849609375,22200,0.003461778647286806,-0.011382207352051199,0.020063739729074492,-0.07988776193295333,0.26100370018744024,0.2522345535746687
2022-10-07,27733.599609375,27733.599609375,27972.75,27656.650390625,27874.849609375,14900,-0.013123461915126367,0.012894146321072775,0.014075055361367772,-0.0548568644476124,0.2596749374917469,0.24424001471951137
2022-10-10,28027.599609375,28027.599609375,28097.599609375,27259.400390625,27259.400390625,23400,-0.024246272824779203,0.03561404496328113,0.008969562806211973,-0.038036354499759284,0.2495450162480249,0.2438732569139814
2022-10-11,27469.5,27469.5,28313.30078125,27400.05078125,28065.150390625,36400,-0.05704190913227025,0.019285893190103875,-0.003920797597569248,-0.0444031314798472,0.2512423507153294,0.24736040258065145
2022-10-12,27694.650390625,27694.650390625,27752.0,27416.69921875,27609.650390625,20500,-0.04884454320539133,0.04416304060477483,0.003532242191197854,-0.03018134801717398,0.2542201059811395,0.24551608676659667
2022-10-13,27506.19921875,27506.19921875,27705.25,27346.5,27625.75,61300,-0.022441503221085957,0.03856744801253553,0.03251373613876962,-0.021569468613652054,0.22593537977678516,0.2459659313293728
2022-10-14,27954.05078125,27954.05078125,28371.30078125,27842.69921875,28221.05078125,44900,0.007921626970503581,0.02309785658375829,0.046613000255275594,-0.03263204597175973,0.22812811134861916,0.23985757222109005
2022-10-17,28019.150390625,28019.150390625,28128.849609375,27798.69921875,27903.349609375,19000,0.04915296530522606,0.02461041098606409,0.06164801449028434,-0.034827673299440365,0.17807629007867343,0.23988899485941742
2022-10-18,28315.19921875,28315.19921875,28402.94921875,28211.55078125,28342.5,24100,0.05613727659846646,0.005998987851652426,0.06381511462993239,-0.052478610590183994,0.18034883186263653,0.23346325965894305
2022-10-19,28060.349609375,28060.349609375,28376.69921875,28007.05078125,28370.5,15200,0.038479901076630796,-0.009969014368884421,0.055542975517099524,-0.06459029378352743,0.18393441948825337,0.23375798927102845
2022-10-20,28432.19921875,28432.19921875,28462.25,27901.05078125,27905.599609375,19700,0.05919362293127706,0.009374020816534712,0.06790777487143884,-0.041136016263690234,0.18522323704663488,0.23499067022832
2022-10-21,28336.94921875,28336.94921875,28476.150390625,28207.30078125,28428.400390625,14700,0.05803379446976109,0.004286547304720667,0.06106842887452979,-0.05255313649360782,0.18566642713770623,0.23507722627795802
2022-10-24,28534.30078125,28534.30078125,28663.650390625,28504.55078125,28632.849609375,3800,0.07302668626131381,0.04068190999135157,0.04974554980829615,-0.034961851640387565,0.1823523505978,0.22769976948775966
2022-10-25,28722.849609375,28722.849609375,28820.150390625,28544.650390625,28687.900390625,16500,0.07400632261644469,0.030275650475348526,0.03639245833694993,-0.03068823447080904,0.18252369873265542,0.2256108618790562
2022-10-27,28572.19921875,28572.19921875,28827.44921875,28403.30078125,28787.099609375,22300,0.05806695657677041,-0.0031696403566165987,0.01517099297452873,-0.050858282025845414,0.18358390726628793,0.21861778615502092
2022-10-28,28318.349609375,28318.349609375,28629.55078125,28267.19921875,28567.650390625,13800,0.04620641986654239,-0.0286067016848075,-0.008851603538843511,-0.06523927092992277,0.18827060636735982,0.21645126203897896
2022-10-31,28727.599609375,28727.599609375,28843.150390625,28573.25,28588.69921875,16000,0.07116392163511343,-0.016851484963210095,0.0001630572622226545,-0.05561425711303569,0.18779308839247827,0.21851064513449414
2022-11-01,29270.650390625,29270.650390625,29296.150390625,28874.650390625,28924.25,21500,0.08485553680452118,0.008475554285382936,0.023370262122085927,-0.037643238130224965,0.19537395435744231,0.22151323338655143
2022-11-02,29138.650390625,29138.650390625,29307.0,29023.5,29299.400390625,15600,0.09014709872250504,-0.009460492522712527,0.019354462361360625,-0.049412943079187754,0.19165659987913167,0.21996396869115045
2022-11-03,28795.75,28795.75,28969.19921875,28643.5,28866.349609375,16600,0.047234359379925595,-0.033144870972194984,0.0021732916494796584,-0.07173071947927123,0.17742513060209408,0.21967102504284558
2022-11-04,28693.05078125,28693.05078125,28757.94921875,28425.599609375,28756.75,15700,0.027366093407331205,-0.042720997900623114,-0.017946544286070676,-0.08408615902291072,0.17134200050066425,0.21927415391077404
2022-11-07,28741.30078125,28741.30078125,28944.19921875,28480.650390625,28815.94921875,16300,0.03633502993006221,-0.0409240105003682,-0.014959704331848567,-0.07959432832911617,0.16846973051360026,0.21932728212524577
2022-11-09,28626.80078125,28626.80078125,28940.400390625,28505.30078125,28940.400390625,14000,0.021378968596175163,-0.03617198644649511,-0.03175020024553943,-0.07165866290324518,0.16633260734161712,0.21876755595713396
2022-11-10,28505.75,28505.75,28667.849609375,28284.650390625,28287.849609375,14500,0.03772365714701764,-0.05715308623823245,-0.0237857675283748,-0.07806022813471591,0.14807608103337938,0.21549263836093424
2022-11-11,29591.94921875,29591.94921875,29733.150390625,29163.75,29182.349609375,37800,0.06850777321122137,-0.009835781021582002,-0.003095139572590888,-0.04665029630958262,0.19387828571791663,0.22820633104768157
2022-11-14,29849.30078125,29849.30078125,29945.150390625,29610.55078125,29709.75,21700,0.08518449037127573,-0.0019960285783543474,0.007908496199536375,-0.03026493872687952,0.19090519869416464,0.22891592920986284
2022-11-15,29865.30078125,29865.30078125,29926.150390625,29531.650390625,29789.849609375,17000,0.06837112856938643,-0.012942489293990445,-0.002484363335560902,-0.03853009482918979,0.18579648484461156,0.22764156389553508
2022-11-16,29951.5,29951.5,30125.19921875,29812.900390625,29920.650390625,18100,0.06896531773574233,-0.002245265141225805,0.005549060626080182,-0.027481273863693922,0.18576804195595598,0.22715966614843788
2022-11-17,29681.400390625,29681.400390625,29838.599609375,29610.099609375,29810.44921875,14000,0.048249746057598575,-0.01180909716517553,-0.0007554383891059668,-0.044776568855038,0.18870608721751855,0.2279055254055969
2022-11-18,29669.25,29669.25,29890.5,29398.94921875,29739.19921875,15000,0.05733714700715864,0.006457147547997977,0.011917489874294418,-0.04025060047611939,0.1842258248727716,0.22461326755524855
2022-11-21,29209.55078125,29209.55078125,29576.150390625,29153.900390625,29520.150390625,13000,0.027340535866369642,0.008691984220869475,-0.006592607106040704,-0.02444408283929267,0.19092806927337166,0.22390143882996724
2022-11-22,29446.900390625,29446.900390625,29478.0,29020.349609375,29195.69921875,15000,0.039169748419514594,0.020341435911686023,0.0011698048698172148,-0.01596937601154136,0.19151070729927655,0.22436349500302716
2022-11-23,29405.650390625,29405.650390625,29592.05078125,29365.25,29574.650390625,13100,0.030536918218355913,0.02785870668898016,0.0002787509101485064,-0.014646811344025235,0.19089923240992268,0.2235979870710448
2022-11-24,30178.650390625,30178.650390625,30258.0,29464.75,29507.55078125,20800,0.050684413317223065,0.051828786177683384,0.00380326187239155,-0.0008623959674114445,0.20922749963913764,0.2295822339109193
2022-11-25,30334.599609375,30334.599609375,30400.349609375,29981.150390625,30233.900390625,18600,0.061682349935053615,0.09594476906030946,0.017943104155971668,0.02664097926754172,0.2073812077608655,0.21654350016867038
2022-11-28,30309.650390625,30309.650390625,30619.650390625,30152.849609375,30207.75,18400,0.07031839103330961,0.06694440538898827,0.026693389084225583,0.02170336641755144,0.20315753597621009,0.2104907349047016
2022-11-29,30345.650390625,30345.650390625,30568.349609375,30228.099609375,30242.400390625,13300,0.05632391161292727,0.08973560837399841,0.02268828749272922,0.028442659009308535,0.19907912831257066,0.20587803288558468
2022-11-30,30391.69921875,30391.69921875,30499.349609375,30133.94921875,30274.5,34400,0.03829941641761603,0.09536212194272076,0.004519549037743431,0.02586732906621636,0.1899103900816523,0.2056071414813722
2022-12-01,31120.5,31120.5,31227.599609375,30723.25,30749.44921875,30800,0.0680144613016338,0.11797060117641034,0.027664051582652727,0.053059916801033724,0.20324484813000535,0.21055303171070408
2022-12-02,31052.099609375,31052.099609375,31135.19921875,30869.69921875,31097.55078125,22900,0.0783570356519625,0.11928495807682093,0.04271691431449809,0.06035181374749987,0.19649791877636186,0.21044202196450168
2022-12-05,30891.5,30891.5,31104.099609375,30750.55078125,31052.0,17100,0.07661957020571042,0.10991145450772621,0.04439041837799529,0.048822829263050815,0.19737872408972615,0.21091745476116694
2022-12-06,30443.0,30443.0,30690.400390625,30323.94921875,30656.19921875,17000,0.05920745312474307,0.08328824501966126,0.03503813852107096,0.03586918469239109,0.2077932126118066,0.21288530179731943
2022-12-07,30187.05078125,30187.05078125,30337.30078125,30091.19921875,30319.25,15200,0.05450312146029024,0.05093292764107593,0.03228028729165011,0.010158176595835622,0.21032972621592647,0.20942736587098296
2022-12-08,30115.0,30115.0,30226.55078125,29983.400390625,30175.849609375,14400,0.05645352253492719,0.03377137940194319,0.024217890813008847,-0.0037501907423092007,0.20962785378899218,0.2076902141811246
2022-12-09,29168.44921875,29168.44921875,30196.25,29038.599609375,30196.25,36300,-0.014311324910346368,0.0017721563310333366,-0.022316927011709176,-0.02183313583381219,0.20195190695916704,0.21810238036891677
2022-12-12,29050.5,29050.5,29183.80078125,28661.099609375,28940.94921875,22600,-0.026761122047849528,0.032442282731579786,-0.035926849668586835,0.005036859382277603,0.19914241394251653,0.2063206354817869
2022-12-13,29376.55078125,29376.55078125,29421.099609375,28993.80078125,29103.5,17100,-0.016365145744885568,0.05921181477137982,-0.027482635177937698,0.018344597311836353,0.20399381091783825,0.20505377414727993
2022-12-14,29713.900390625,29713.900390625,29810.349609375,29503.099609375,29546.94921875,18400,-0.007932811691401143,0.1126114200821402,-0.021547974679647974,0.048184926384367444,0.20825701037081723,0.1895700491087005
2022-12-15,29087.94921875,29087.94921875,29615.94921875,29039.25,29609.599609375,20500,-0.019994042196959327,0.08496031521410274,-0.02386453857385229,0.03998022523552458,0.21924054213070268,0.19531018063446362
2022-12-16,28702.19921875,28702.19921875,29131.849609375,28623.650390625,28805.94921875,32700,-0.03259437907092355,0.06223398568814731,-0.030483218446794913,0.036821791764061196,0.22354051869137972,0.19712953583026693
2022-12-19,28556.44921875,28556.44921875,28698.25,28374.44921875,28567.69921875,19000,-0.022359178591655482,0.06382234709843249,-0.0367039323606273,0.024196782367307046,0.21787407361359934,0.19690742843082423
2022-12-20,28612.5,28612.5,28644.099609375,28109.150390625,28464.849609375,19300,-0.0283357630024329,0.06832220048003612,-0.03606981374416052,0.025468624913629112,0.21550542374400833,0.1967960693039262
2022-12-21,28764.25,28764.25,28958.150390625,28658.69921875,28742.30078125,19500,-0.021812147737071963,0.08167388074122295,-0.01808140607508124,0.0313632435316904,0.21682491661499595,0.19622225395300713
2022-12-22,28763.900390625,28763.900390625,29022.30078125,28629.849609375,28973.349609375,18200,-0.046879167281764555,0.07554129561565759,-0.027578795203101913,0.010248089859136833,0.19203335230121446,0.1960279079998221
2022-12-23,28237.05078125,28237.05078125,28603.599609375,28179.55078125,28442.80078125,19000,-0.06914707479695059,0.045655959279986336,-0.031013938512498007,-0.0013471318606006477,0.19794171583532572,0.1993009661503981
2022-12-27,28636.25,28636.25,28685.0,28333.80078125,28551.75,12800,-0.055210151521331796,0.057951081336497845,-0.032021280327677815,-0.017600933741118707,0.20748903224499732,0.2011343782676358
2022-12-28,28583.44921875,28583.44921875,28715.30078125,28346.25,28495.75,13400,-0.05807096401596368,0.06578899648206571,-0.031454279644844485,-0.011770324780241648,0.20698709248817376,0.20010717762158411
2022-12-29,28687.19921875,28687.19921875,28724.75,28386.650390625,28408.30078125,16200,-0.05608439290384981,0.06323113742095265,-0.025839215626022982,-0.000921662520822597,0.20772938382289935,0.19991307875099423
2022-12-30,28621.69921875,28621.69921875,29027.0,28564.75,28887.80078125,15500,-0.08029436484792984,0.07080671017856455,-0.04270237979809599,-0.0013153930553766457,0.18258135156542232,0.19886111364873302
2023-01-02,28737.30078125,28737.30078125,28777.599609375,28474.69921875,28681.55078125,1084494200,-0.07454564609943914,0.045108697427939104,-0.04787428677618455,-0.008331870105886097,0.18480592672663443,0.19074488090609643
2023-01-03,28962.30078125,28962.30078125,29032.400390625,28636.400390625,28713.69921875,14200,-0.06245081070035452,0.03700669672828183,-0.037398742478085056,-0.014964244512541525,0.18927676381384118,0.18881472458109058
2023-01-04,28677.80078125,28677.80078125,28925.44921875,28600.75,28912.599609375,17300,-0.05798374729001743,0.03404538845205751,-0.025810340402621534,-0.008017189289583504,0.18620658373516275,0.18939756154848636
2023-01-05,28527.75,28527.75,28803.05078125,28386.0,28803.05078125,21300,-0.05496730347307188,0.017844924203130885,-0.024345843416769486,-0.025722756942104352,0.18530770778484854,0.1886042169084348
2023-01-06,27956.44921875,27956.44921875,28507.150390625,27908.75,28466.900390625,18900,-0.07167693113896734,0.01772690506743846,-0.031379961800113265,-0.033846434853151086,0.19530005244061854,0.1886579507547664
2023-01-09,28748.150390625,28748.150390625,28780.0,28134.05078125,28134.05078125,26300,-0.014409364891940335,0.038039837482715555,0.0069675583791127815,-0.019050939671392486,0.1961807047125625,0.1963690185729663
2023-01-10,28502.69921875,28502.69921875,28661.69921875,28242.900390625,28627.80078125,19600,-0.018856845191993266,0.036228196853919536,0.012661523188440382,-0.016656621073778632,0.19784754333149188,0.19668445313724017
2023-01-11,28596.349609375,28596.349609375,28946.0,28460.0,28550.650390625,19400,-0.02655863779531853,0.02297695003673028,0.01172063892705899,-0.018336469391987187,0.19337531563865643,0.19408769061188008
2023-01-12,28720.30078125,28720.30078125,28832.599609375,28509.5,28722.44921875,21500,-0.03343888201525003,0.02502397042201543,0.009545503494010177,-0.006538224892280953,0.1887494126717485,0.19421655936364374
2023-01-13,28933.75,28933.75,29060.94921875,28292.30078125,28717.0,34600,-0.005301137511977028,0.021845185565228187,0.019586359652184693,-0.005012008605692619,0.17632244658570273,0.19363018508393706
2023-01-16,29264.650390625,29264.650390625,29327.900390625,28895.400390625,29037.05078125,30100,0.019596100200836686,0.0429182386540059,0.04007616975171524,0.02107069711165699,0.17380969473900643,0.19391586168794298
2023-01-17,29498.0,29498.0,29518.849609375,29259.099609375,29291.150390625,22500,0.03297156358752695,0.03748569616616715,0.052903131658422975,0.009624561041863489,0.1739383855752465,0.19277406808228453
2023-01-18,29617.80078125,29617.80078125,29715.80078125,29541.94921875,29580.25,25500,0.03513502075141983,0.0452007572379205,0.04709844601663571,0.01168694591572339,0.17415086858726603,0.192720484726496
2023-01-19,29632.349609375,29632.349609375,29714.94921875,29396.05078125,29487.5,19700,0.030179810333139212,0.03848171492067998,0.03519379464876948,0.01721360108595782,0.17368109803163123,0.1922865368125916
2023-01-20,29529.650390625,29529.650390625,29783.80078125,29479.69921875,29574.44921875,24000,0.02662191113168988,0.028089162190462647,0.0321218447071111,0.007059856050486202,0.17450926768855102,0.19206039732752567
2023-01-23,30086.0,30086.0,30124.05078125,29505.5,29620.25,18300,0.0654795443431273,0.052981598289311815,0.04797218837111794,0.03146710006339348,0.168320309811309,0.19524855593165982
2023-01-24,30316.900390625,30316.900390625,30499.75,30151.55078125,30220.5,23100,0.05868961161552222,0.07057440877798782,0.059461714404291155,0.05193699308547872,0.1643283390787655,0.19465395377662717
2023-01-25,30043.900390625,30043.900390625,30231.400390625,30004.75,30208.099609375,14000,0.051094294488328584,0.04582007543785305,0.06381609232251262,0.05249610641772495,0.16897967006695722,0.19377434426126666
2023-01-27,29766.44921875,29766.44921875,30234.349609375,29542.44921875,30052.69921875,19800,0.03762130948268383,0.016938428818916718,0.06987079497688431,0.04675594563323504,0.17396538966839187,0.19115710443969935
2023-01-30,30094.849609375,30094.849609375,30224.5,29606.349609375,29842.69921875,21200,0.051469704134824434,0.03281549440112874,0.07667511596496657,0.056810627911504596,0.17614031657810972,0.192129776665763
2023-01-31,29740.349609375,29740.349609375,30172.75,29556.30078125,30163.19921875,29500,0.03490407243743121,0.03280343833291366,0.06432021871651783,0.054437257375296255,0.1831993719151862,0.19213298966838596
2023-02-01,30018.25,30018.25,30083.400390625,29659.0,29885.94921875,17600,0.036459438313464876,0.04618537181190829,0.0702588779746306,0.07383042628107983,0.1839368868645524,0.19276692458601175
2023-02-02,30566.75,30566.75,30610.099609375,30107.099609375,30124.900390625,23900,0.06586799431234724,0.0635131037611516,0.08984128287403648,0.09605756753593553,0.18719214656445715,0.1960169208766094
2023-02-03,30597.650390625,30597.650390625,30849.599609375,30417.900390625,30839.05078125,20000,0.07255743585193364,0.06884631029625465,0.0802329835978528,0.08553129232797796,0.1847542765455725,0.19573783610355072
2023-02-06,30411.099609375,30411.099609375,30534.69921875,30186.69921875,30502.900390625,14200,0.08780265231174988,0.06684088681669498,0.09311354450183051,0.08146240315210618,0.16661096367701383,0.19599463576360632
2023-02-07,30310.69921875,30310.69921875,30544.099609375,30250.75,30429.75,13700,0.0543530212167862,0.02428870077759493,0.07532948880666235,0.05852355178311419,0.1428304472790093,0.18095404088032774
2023-02-08,30774.05078125,30774.05078125,30938.400390625,30415.599609375,30415.599609375,21900,0.07968899875299629,0.030980625200469847,0.08205869929415155,0.05593820163614449,0.14295873371109216,0.1827071603884306
2023-02-09,30990.849609375,30990.849609375,31012.94921875,30665.44921875,30769.80078125,15900,0.08373446375879356,0.037687510210231645,0.08386019229124686,0.06539712696859867,0.14338247655973005,0.1831939283171749
2023-02-10,30870.19921875,30870.19921875,30900.150390625,30636.400390625,30839.25,13800,0.07485640397274529,0.030672895138807776,0.07495155459399139,0.06071965751006325,0.14609813307663488,0.18336295892746726
2023-02-13,30289.650390625,30289.650390625,30792.849609375,30238.05078125,30790.19921875,20400,0.046862241867196675,0.020492631479480883,0.05720380000123493,0.0517291726620116,0.1657191245638466,0.18667258506029571
2023-02-14,30588.75,30588.75,30759.44921875,30457.400390625,30481.5,16900,0.04524570058759969,0.030991683308476015,0.04328983055996538,0.05162790768402259,0.16468343099464602,0.1876734403563204
2023-02-15,30934.349609375,30934.349609375,30959.30078125,30324.19921875,30512.0,17300,0.04869311849532165,0.059049139134045525,0.050767596305711704,0.0669841618391871,0.166606397723162,0.1858788726521212
2023-02-16,31434.849609375,31434.849609375,31587.349609375,31024.150390625,31042.30078125,32200,0.061349890275287144,0.06750962554221496,0.06847884748143784,0.07892967236788617,0.17350633227131346,0.1878881865421264
2023-02-17,31054.849609375,31054.849609375,31218.25,30963.05078125,31147.099609375,15800,0.04800496817673716,0.0560844326461758,0.057042506821871064,0.07376912964490301,0.1815383507567435,0.18978198681955014
2023-02-20,31222.349609375,31222.349609375,31405.30078125,30961.94921875,31056.05078125,15900,0.057322020286680875,0.034584025635362003,0.06747591041011003,0.06918132891302076,0.18049294040399727,0.1827422078431305
2023-02-21,30947.25,30947.25,31393.0,30911.05078125,31318.349609375,13400,0.028626271355447708,0.020196422517990253,0.044734158019430925,0.05725470836153057,0.1747223227118366,0.18349279572611668
2023-02-22,30608.19921875,30608.19921875,30815.900390625,30503.349609375,30621.099609375,14900,0.009608463410562873,0.009849959477505,0.04073721035043398,0.06417645844721587,0.1784092116957682,0.1849504662962447
2023-02-23,30598.400390625,30598.400390625,30899.400390625,30497.55078125,30759.599609375,15700,0.018456325336940305,0.008329035520625583,0.03973400805867766,0.06777676150731404,0.17488512332648173,0.1849406287455486
2023-02-24,30514.900390625,30514.900390625,30859.69921875,30445.900390625,30732.44921875,11300,0.025144120025022865,0.004053777019449756,0.033014267528297725,0.07295903014891558,0.17133309158200274,0.18501038418295726
2023-02-27,29919.19921875,29919.19921875,30345.5,29667.099609375,30338.69921875,15700,-0.005836559840135647,-0.03860158998891405,0.008682718153353308,0.03686954788484009,0.18248158773607998,0.18270535068937954
2023-02-28,29663.94921875,29663.94921875,30294.44921875,29608.94921875,29986.19921875,46200,-0.0025689136687524483,-0.044703914005412404,0.01771180889066659,0.029758162027115675,0.18008125984646547,0.18339993327254467
2023-03-01,30097.75,30097.75,30121.650390625,29712.80078125,29722.150390625,14100,0.002648388896754561,-0.0256947704060988,0.012037442403438847,0.04115443530155172,0.18459999001078226,0.1857998657381696
2023-03-02,29717.44921875,29717.44921875,29936.400390625,29618.599609375,29883.099609375,15800,-0.027785118838280165,-0.02383309073514439,-0.011402754235509183,0.0470174870699005,0.17706272295110706,0.18521738731047888
2023-03-03,29817.05078125,29817.05078125,29988.55078125,29774.05078125,29968.75,14800,-0.02551175006608264,-0.012256911172979446,-0.010965965747616768,0.039797203243388646,0.17767901243303263,0.1846061281358056
2023-03-06,30179.75,30179.75,30340.94921875,30032.05078125,30048.69921875,19000,-0.007607406912168324,0.0021500913166196955,-0.004615479607657069,0.05040005219502974,0.18280290632051222,0.18625230451488253
2023-03-08,30065.75,30065.75,30096.69921875,29729.25,29944.19921875,15000,-0.008081279055366597,0.03076271811780784,-0.009937803086910169,0.07088897020869578,0.1829120991655701,0.1741548683030243
2023-03-09,29742.349609375,29742.349609375,30096.599609375,29712.0,30090.25,14000,-0.03352503637589355,0.02381541141718735,-0.01774032525681668,0.07287976793071704,0.17671429298702387,0.1754572873821946
2023-03-10,29545.5,29545.5,29584.44921875,29324.0,29418.599609375,11300,-0.046637947251945255,0.005751159147582285,-0.01978181558888681,0.06997620264365922,0.17440632132645612,0.17458131716421274
2023-03-13,29267.0,29267.0,30051.599609375,29187.099609375,29695.0,31200,-0.051933555964104205,-0.015040112026693087,-0.012608984029514603,0.06566598256708966,0.17615903356081858,0.17404276573857322
2023-03-14,28784.69921875,28784.69921875,29402.25,28638.900390625,29281.25,25500,-0.049685326587354695,-0.010425279476372507,-0.008742009513851512,0.06405786082197407,0.17342836312113927,0.17187956939971288
2023-03-15,28716.5,28716.5,29179.5,28689.400390625,29080.349609375,19100,-0.06120714314903353,0.0004982468813978791,-0.007793464863118271,0.0714845958537007,0.16717723173101057,0.1697444353986661
2023-03-16,28517.25,28517.25,28746.349609375,28400.349609375,28694.30078125,18800,-0.0781364289179195,-0.0013726923277374015,-0.020950671801925225,0.07652169517256746,0.15866021324945104,0.17002770693125663
2023-03-17,28854.44921875,28854.44921875,29120.75,28721.099609375,28737.69921875,31800,-0.08208725101886383,0.008456067059851469,-0.030201764701736078,0.07836245669644337,0.15203125513763296,0.17169240207882855
2023-03-20,28442.94921875,28442.94921875,28744.30078125,28209.05078125,28732.849609375,22400,-0.0841060389433187,-0.01117014284224338,-0.03084098005307412,0.055355083390725146,0.1537360722518136,0.17388523964809138
2023-03-21,28164.849609375,28164.849609375,28552.0,28124.25,28455.650390625,21600,-0.09792664672110196,-0.02082647947999594,-0.05662005394175207,0.035433791952489746,0.15035436043110834,0.17500249705001
2023-03-22,28217.599609375,28217.599609375,28549.0,28148.400390625,28375.900390625,0,-0.08820332632544092,-0.0006888528134785243,-0.05035005804259185,0.03608925228637694,0.15166840625134856,0.17091722545315116
2023-03-23,27999.25,27999.25,28116.44921875,27843.25,28065.80078125,19300,-0.08523693929539666,-0.0222445327163997,-0.058041302364365,0.035961009059983895,0.1502826522198921,0.16909374624301232
2023-03-24,27935.650390625,27935.650390625,28453.849609375,27869.5,28208.349609375,19400,-0.08702252294259916,-0.02266342396844323,-0.05468906766384973,0.042308253159436426,0.14972875395859137,0.16911194358237905
2023-03-27,27948.75,27948.75,28193.599609375,27818.25,27985.650390625,13400,-0.08409499483122651,-0.02574141912980299,-0.056606901470205084,0.04051666350721528,0.15067303220747635,0.16891629878353492
2023-03-28,27702.80078125,27702.80078125,28090.75,27674.69921875,27998.30078125,19000,-0.0740794705531761,-0.03210495751761766,-0.04872400419033662,0.03161127544851339,0.14061382487792706,0.1697548415782435
2023-03-29,28011.30078125,28011.30078125,28113.94921875,27639.650390625,27777.94921875,23500,-0.0557123539186547,-0.025263333029304058,-0.042810674817672756,0.036105158047420094,0.14891121528486687,0.1711734239781081
2023-03-31,28698.599609375,28698.599609375,28741.599609375,28277.0,28379.75,22600,-0.04648687661453099,-0.009104980086586112,-0.04126362803797223,0.03876549024538578,0.16687990546095202,0.17773832958076757
2023-04-03,28633.0,28633.0,28841.599609375,28449.25,28841.599609375,13100,-0.03649200208158432,-0.0015622111887774182,-0.040888193544861395,0.034180195979881534,0.1623575839538043,0.17664324445672835
2023-04-05,28977.19921875,28977.19921875,29032.650390625,28506.69921875,28520.0,21500,-0.028166822019437543,0.015754807818702865,-0.02604688982796144,0.039937554179121926,0.16876141744096926,0.17798298130100007
2023-04-06,28764.55078125,28764.55078125,29004.80078125,28666.0,28876.19921875,16900,-0.046892343997216646,0.028905729628854848,-0.0405518787570196,0.043480581570633725,0.16208868054214812,0.17355506324931888
2023-04-10,29041.599609375,29041.599609375,29086.400390625,28739.400390625,28810.849609375,12600,-0.03406369010003074,0.01020758604510763,-0.026721870240891454,0.03656763168262256,0.16743519770915552,0.16502560224045906
2023-04-11,28675.75,28675.75,29095.44921875,28530.5,29051.75,17700,-0.0358613096605791,0.006071382219693833,-0.04340560713306241,0.01678077145622725,0.1688994232391236,0.1661643845675988
2023-04-12,28980.349609375,28980.349609375,29031.05078125,28578.099609375,28773.400390625,16300,-0.019128137639403686,0.013428287359940061,-0.04207089795147034,0.018082971544491233,0.17337825172871507,0.16742592145022406
2023-04-13,28342.80078125,28342.80078125,28736.69921875,28230.0,28713.650390625,27400,-0.03157820134451772,-0.013144012762096535,-0.07085110598463962,-0.011452956548640647,0.1870776075784534,0.17339344206109347
2023-04-17,27008.19921875,27008.19921875,27076.150390625,26184.44921875,27059.150390625,84900,-0.061716816510724914,-0.06655033589666048,-0.10064993378898102,-0.0526418005707624,0.24532155625439012,0.19860098118032493
2023-04-18,27166.94921875,27166.94921875,27189.400390625,26851.69921875,27189.400390625,28100,-0.05396029395121271,-0.07168037696930774,-0.0944972903933392,-0.05856491504181305,0.24741509813144985,0.1974348915465534
2023-04-19,26687.44921875,26687.44921875,27193.099609375,26640.19921875,27174.599609375,26900,-0.06416469965547167,-0.09527936745711574,-0.10144041586130648,-0.07120893366135683,0.2527870917254746,0.19936323387289273
2023-04-20,26637.150390625,26637.150390625,26868.900390625,26597.94921875,26694.099609375,19800,-0.0768442610467217,-0.10063712740319142,-0.10751074526997306,-0.07086063522129338,0.24656143881848658,0.19900640753417698
2023-04-21,26822.099609375,26822.099609375,26835.69921875,26602.80078125,26701.69921875,27000,-0.05698598963522783,-0.09483723150697776,-0.09440271963976565,-0.06811960138735706,0.24626758001534751,0.19975270271656573
2023-04-24,27013.650390625,27013.650390625,27034.900390625,26721.5,26910.69921875,24400,-0.04087361497456066,-0.0852024987332316,-0.07804446931476228,-0.0694350529573905,0.24731959870097556,0.2005197555858261
2023-04-25,26985.80078125,26985.80078125,27082.099609375,26820.69921875,27028.80078125,18000,-0.04365356533430109,-0.10304457949710832,-0.07964663871481314,-0.0837659525546337,0.24691781907192753,0.196079966908137
2023-04-26,27065.0,27065.0,27158.75,26977.55078125,27007.55078125,16600,-0.033366965186567454,-0.10726361695045172,-0.0765070668384128,-0.09044630192992154,0.246656477515846,0.1953453212037666
2023-04-27,27355.25,27355.25,27378.099609375,27024.150390625,27079.0,24400,-0.020776333556199456,-0.08949072376314948,-0.07802018679229139,-0.09078189456950247,0.25050234461105547,0.1964359791363287
2023-04-28,27708.19921875,27708.19921875,27743.0,27388.80078125,27401.94921875,39000,-0.008606852945122756,-0.06914664173997287,-0.07214858692676496,-0.09531349259481425,0.2552862628897452,0.19794343420790073
2023-05-02,28025.0,28025.0,28154.099609375,27756.0,27792.69921875,26000,0.011630564768313034,-0.06877753623099048,-0.058919953881297005,-0.09703424237784641,0.25653447934198004,0.19804914971932192
2023-05-03,27743.75,27743.75,27883.44921875,27693.30078125,27872.400390625,16100,-0.009551530053509394,-0.06713436915165294,-0.06863285791374274,-0.09134994932115592,0.2560472603813766,0.19767638777026078
2023-05-04,27883.19921875,27883.19921875,27912.5,27685.55078125,27716.55078125,14100,-0.028412549801162812,-0.07112509161093672,-0.0800291215403871,-0.10742669703542251,0.24002165220997196,0.19690128302426432
2023-05-05,27719.94921875,27719.94921875,27915.25,27634.849609375,27905.349609375,14900,-0.03188805857751542,-0.09313390469219007,-0.07045267867122651,-0.11917531199711073,0.24052596049378425,0.19293562386120744
2023-05-08,27920.94921875,27920.94921875,27947.0,27735.150390625,27837.30078125,14900,-0.03645107285995197,-0.0874806116712521,-0.07673970779005146,-0.11046416954294491,0.23755710921529888,0.19371756805162843
2023-05-09,28125.5,28125.5,28168.44921875,27910.650390625,27961.0,15500,-0.022216609121063047,-0.07515675653735343,-0.060104735156976674,-0.10337859212043177,0.23874697851496357,0.19430995876651008
2023-05-10,28091.75,28091.75,28236.849609375,27998.94921875,28220.44921875,14700,-0.03270651830997551,-0.07320679746567416,-0.07191707419762627,-0.10670281131184967,0.2353763518078372,0.19426508395801775
2023-05-11,28102.0,28102.0,28348.349609375,28039.19921875,28298.25,16100,-0.020008195077722446,-0.0868280487428722,-0.05243622041391505,-0.11062549385675358,0.23180721313303423,0.19126045723123525
2023-05-12,28028.400390625,28028.400390625,28164.44921875,27874.099609375,28070.849609375,15500,-0.032848092986499045,-0.09559109401937249,-0.061053184922868486,-0.11913890514001868,0.22776337624807505,0.1904419207674205
2023-05-15,28165.400390625,28165.400390625,28323.55078125,27957.5,28083.75,13700,-0.006259098809400565,-0.08761844421406106,-0.038278933304296214,-0.11799111575523646,0.2152719648686828,0.19085269359469756
2023-05-16,28216.0,28216.0,28421.05078125,28178.69921875,28252.75,12300,0.04471978199907167,-0.06846069082615824,0.011983840631043075,-0.09747439289198057,0.1195261293465201,0.1874554909188309
2023-05-17,27942.94921875,27942.94921875,28300.099609375,27776.80078125,28197.80078125,22400,0.028564120091350675,-0.08649587777369128,-0.0009712801084060807,-0.10054509715438753,0.12581084073347848,0.18683267045831173
2023-05-18,27892.55078125,27892.55078125,28137.69921875,27858.75,28125.44921875,13800,0.045156116368488375,-0.09833078330514333,0.01614161654585633,-0.10466407381594023,0.10439375191024944,0.18493560998956285
2023-05-19,28303.650390625,28303.650390625,28369.400390625,28007.05078125,28063.349609375,22900,0.06256299850251734,-0.099609168094005,0.029713678521551712,-0.10889904269813266,0.11198922949223845,0.1843751653138164
2023-05-22,29007.30078125,29007.30078125,29062.05078125,28294.25,28357.599609375,22200,0.0814701758512304,-0.06593330361860372,0.04229929408609978,-0.08656399141704141,0.13519937601060703,0.19076331461219467
2023-05-23,28873.69921875,28873.69921875,29319.900390625,28830.0,29076.5,20800,0.06885588586615166,-0.07522337107902288,0.034781266792884846,-0.10343360844184546,0.13790347678310294,0.19040456634489686
2023-05-24,28890.80078125,28890.80078125,28959.349609375,28655.0,28721.150390625,14800,0.07059268003355346,-0.0664501439950238,0.04154528688949832,-0.09218127718161728,0.13734179112833247,0.18978842510674598
2023-05-25,28928.75,28928.75,28970.94921875,28686.19921875,28854.94921875,16200,0.06886199889155731,-0.05486925927093422,0.040369678845086465,-0.09855368845617896,0.1375367259637662,0.18872875460912475
2023-05-26,29355.900390625,29355.900390625,29384.849609375,28975.94921875,28975.94921875,17500,0.07313588399393178,-0.04060669787106541,0.04052091486771925,-0.0970332584749628,0.14104501820787763,0.1914161004924795
2023-05-29,29240.19921875,29240.19921875,29659.599609375,29200.25,29629.75,13600,0.05529049318236834,-0.041773073336546895,0.02574992353802852,-0.10663409079365338,0.1389393668891198,0.19148774302306512
2023-05-30,29297.650390625,29297.650390625,29405.19921875,29172.69921875,29253.5,17300,0.04541125390276535,-0.020774246783165307,0.01861994988904203,-0.09213467077572135,0.1351063915796646,0.18740910621801507
2023-05-31,29319.75,29319.75,29495.05078125,29212.5,29248.05078125,46000,0.056805586843883704,-0.011603283710195922,0.03223098888704867,-0.08271139644909165,0.1272615256695565,0.18663529510339724
2023-06-01,29446.25,29446.25,29599.099609375,29382.05078125,29455.349609375,13600,0.05605708186451319,-0.021646136339095068,0.043351574090336076,-0.08106138633570936,0.12712006528796516,0.18435635091175642
2023-06-02,29328.150390625,29328.150390625,29550.150390625,29272.55078125,29485.849609375,21200,0.05801602157291108,-0.01310000818910717,0.0322758251384101,-0.08308073729005894,0.1256186990664864,0.1827219707871818
2023-06-05,29238.75,29238.75,29533.400390625,29217.349609375,29459.150390625,14800,0.047197563769252104,-0.01939496919036865,0.029159784717983417,-0.07620297984098257,0.12613507477284241,0.18265919116408705
2023-06-06,28689.05078125,28689.05078125,29013.900390625,28485.849609375,29003.5,27300,0.02003700489769078,-0.049394021446499736,0.0018035817527208842,-0.09950571870447489,0.14536299190097626,0.18472460439497984
2023-06-07,28913.69921875,28913.69921875,28937.94921875,28754.849609375,28886.69921875,16900,0.029259452285813392,-0.0383177130538902,0.006802529308475913,-0.09306470414423729,0.14706340667086928,0.18546119604679434
2023-06-08,28591.099609375,28591.099609375,28918.05078125,28568.599609375,28892.650390625,19000,0.017404441298662032,-0.03870743283970801,-0.0010439809153621749,-0.0981147641650929,0.153784564917513,0.18555790542463302
2023-06-09,28355.349609375,28355.349609375,28674.44921875,28322.150390625,28645.69921875,19100,0.011664926081880855,-0.0402819512489212,-0.0019087738094936135,-0.10635365522647455,0.15676724673421225,0.18581387775650077
2023-06-12,28784.0,28784.0,28844.30078125,28402.55078125,28457.44921875,18200,0.021963103694450092,-0.016503228892609467,0.010948806880928696,-0.10086686674672807,0.16438555923907652,0.18763218813711918
2023-06-13,28899.30078125,28899.30078125,28974.150390625,28866.19921875,28935.900390625,17900,0.0242167841384322,0.003981336112949485,0.0007212879732283461,-0.09417157633317519,0.1646971763090636,0.18469802497554172
2023-06-14,28855.05078125,28855.05078125,28928.650390625,28666.900390625,28896.25,18300,0.032641563900777104,0.004824779525708145,0.0010631739974400478,-0.10027386495633106,0.15999259268440263,0.18465868796188203
2023-06-15,28699.0,28699.0,28833.25,28645.80078125,28824.599609375,27900,0.0289127095285997,0.006373335437322991,-0.0018733883192509904,-0.09385862805840928,0.16152356328695128,0.18443465898701045
2023-06-16,28588.80078125,28588.80078125,28759.400390625,28441.05078125,28671.099609375,42600,0.010074686010093314,-0.00920649829376674,-0.024127693546181606,-0.1101389014093459,0.15465781022453384,0.1829916642860326
2023-06-19,28708.30078125,28708.30078125,28750.69921875,28568.55078125,28641.44921875,16300,-0.010307749840456348,0.00932925627575476,-0.03438982835342641,-0.09468576500312564,0.1270712738288859,0.18077327783701255
2023-06-20,28930.80078125,28930.80078125,28966.94921875,28640.30078125,28728.5,20000,0.001977632379813743,0.027195287122003364,-0.02356734357124357,-0.072714063674431,0.12931983812816927,0.1802112800980274
2023-06-21,29025.69921875,29025.69921875,29084.44921875,28869.80078125,29022.69921875,15600,0.004669252282808012,0.028638141463546596,-0.02658241333797795,-0.07076479231759314,0.12980526970599202,0.18028159852833978
2023-06-22,28811.150390625,28811.150390625,28977.900390625,28750.400390625,28969.150390625,17600,-0.004065146588601354,0.02899721923355081,-0.028632359879166125,-0.07022158339559481,0.13251412552744113,0.18021487977934522
2023-06-23,28554.30078125,28554.30078125,28752.5,28482.150390625,28747.599609375,18300,-0.027306251850854335,0.022145551722418944,-0.036287669799775046,-0.07938552310054403,0.12359898777106043,0.18116797535634882
2023-06-26,28590.099609375,28590.099609375,28631.75,28451.150390625,28539.80078125,12100,-0.02223307729579793,0.022947345028847543,-0.02720918180774956,-0.07746064983999768,0.12354659036479819,0.18117701982845902
2023-06-27,28800.150390625,28800.150390625,28821.849609375,28630.44921875,28681.94921875,11700,-0.016980883905939326,0.03961150419555115,-0.026831279025456345,-0.07044832802536138,0.12674414552374744,0.1806917276781208
2023-06-28,28843.0,28843.0,28997.349609375,28778.150390625,28945.0,16000,-0.016260370569326166,0.029691560033039188,-0.03987587522689229,-0.08104163457463542,0.12689421168949572,0.17939227032967872
2023-06-30,29563.0,29563.0,29594.19921875,28957.150390625,29013.150390625,28000,0.00396485121195389,0.030119950185395927,-0.03396841710084786,-0.07525603629194388,0.1552006427062178,0.179629372271947
2023-07-03,29424.80078125,29424.80078125,29718.94921875,29334.400390625,29648.400390625,19300,0.003295481963154989,0.027653434193063875,-0.039245088579380694,-0.0829624057189593,0.15545881427688998,0.179855052578532
2023-07-04,29729.849609375,29729.849609375,29743.349609375,29444.80078125,29557.55078125,19000,0.016796190308238312,0.025973883291591227,-0.025967971354341035,-0.07836876750864596,0.15899008130103545,0.1794393053291883
2023-07-05,29841.849609375,29841.849609375,29910.349609375,29702.650390625,29910.0,21300,0.04018253642879044,0.03745230844443537,-0.002803645624008144,-0.0647884003078183,0.14086343788297515,0.17882312192017
2023-07-06,29805.19921875,29805.19921875,29848.05078125,29690.25,29792.099609375,18400,0.030833135298781844,0.026293304075733603,-0.01033336624686143,-0.07999610823082448,0.1395468738403628,0.17787635916196615
2023-07-07,29560.44921875,29560.44921875,29937.75,29508.849609375,29654.25,18800,0.033903893960662845,0.03085182493047256,-0.003513160423152417,-0.05996595431085683,0.13630745757157386,0.17670926232216796
2023-07-10,29194.75,29194.75,29609.849609375,29116.30078125,29609.849609375,15800,0.02960289335834787,0.007398129888524174,-0.013088638544408004,-0.07925498626377014,0.14106235744461026,0.17740642933038595
2023-07-11,29324.80078125,29324.80078125,29371.5,29092.69921875,29299.30078125,20100,0.01878824281719016,0.03464724631764815,-0.02625653263774619,-0.0557386853979116,0.13232326279948586,0.17136265502445844
2023-07-12,29118.05078125,29118.05078125,29424.75,29020.19921875,29412.5,24400,0.007569387289187546,0.07811892771567197,-0.02812974830654258,-0.01661566420105509,0.13473489302585198,0.13900505292705523
2023-07-13,29628.19921875,29628.19921875,29903.650390625,29115.69921875,29158.55078125,39800,0.026794215105051533,0.09059721723561442,-0.008280059959014263,-0.008699763287604023,0.1473001845200219,0.14258848742824934
2023-07-14,30945.5,30945.5,31017.55078125,29847.05078125,29860.55078125,53600,0.07827798878009684,0.15955255769661147,0.031381813730529506,0.04911623275869026,0.2076117915134686,0.16135355546848254
2023-07-17,31041.599609375,31041.599609375,31658.099609375,30805.0,31007.599609375,51100,0.08579579279637617,0.16534986491273318,0.038762476173089144,0.04693481692475299,0.20568750690170748,0.16110230256067773
2023-07-18,31371.150390625,31371.150390625,31491.75,30865.849609375,31089.900390625,37100,0.09275538910035963,0.16960084585100832,0.039768080203674394,0.04901567249171612,0.20695683220742542,0.16169579089546976
2023-07-19,31353.55078125,31353.55078125,31653.849609375,31068.150390625,31490.44921875,30000,0.08374292914733905,0.16065582873357798,0.029724359787302035,0.04287964412444567,0.2073006895731192,0.1615475958117969
2023-07-20,31145.94921875,31145.94921875,31348.599609375,30960.75,31292.349609375,20500,0.07304733588055523,0.1541606443782284,0.013530459811711193,0.02979409032417446,0.21073527696085603,0.16247577890175785
2023-07-21,29871.05078125,29871.05078125,30338.099609375,29701.19921875,29854.25,78300,0.03678785387791694,0.10367821101976715,-0.015086688307606178,-0.004744591388373687,0.26320668358581056,0.18599202024165415
2023-07-24,29843.44921875,29843.44921875,30112.900390625,29807.150390625,29993.849609375,21700,0.04514725986029089,0.09095874535052695,-0.008794483429468203,-0.007131896399939164,0.2603804112793469,0.185105143381453
2023-07-25,29761.150390625,29761.150390625,29921.400390625,29685.400390625,29899.0,18000,0.04096001053686438,0.07409182948582882,-0.011974013601752098,-0.015340753374674998,0.2609649530358371,0.1837671297830898
2023-07-26,29800.400390625,29800.400390625,29988.900390625,29770.19921875,29854.400390625,16000,0.03473072141753808,0.06335059377787688,-0.016333738639533912,-0.026504035087322464,0.2602128570320971,0.18253995062376174
2023-07-27,29745.0,29745.0,29895.0,29670.5,29826.0,36200,0.031272752487605304,0.07213336337012843,-0.004980524451238422,-0.014658446133712255,0.26052157101419093,0.18117489304457135
2023-07-28,29490.25,29490.25,29829.75,29339.349609375,29741.150390625,19400,-0.002460846328180444,0.057635093040878216,-0.02627651106374651,-0.018518783562983865,0.24781944129979222,0.18208455912471652
2023-07-31,29928.44921875,29928.44921875,29951.599609375,29452.349609375,29605.5,22500,0.017116460405092404,0.07967186312542562,-0.005202021501472087,-0.013570750259377151,0.2526297200977974,0.18368981803971124
2023-08-01,30288.650390625,30288.650390625,30348.75,29948.0,29998.150390625,20700,0.0187959504872095,0.08480016754892405,0.0010255249237456354,0.004362246828619076,0.25351590212102226,0.1845995683000658
2023-08-02,30043.599609375,30043.599609375,30259.400390625,29801.55078125,30253.099609375,19300,0.006760639928183876,0.06819788481538103,0.00015957380193709625,-0.0008158602357655198,0.25526039765869724,0.18518390710047639
2023-08-03,29971.150390625,29971.150390625,30054.349609375,29685.150390625,29913.650390625,17300,0.005567859844084033,0.06690221828917742,0.011499470169151094,0.00866880411194515,0.25539149666222427,0.18526498458175122
2023-08-04,30436.099609375,30436.099609375,30555.80078125,30027.30078125,30082.55078125,22500,0.02962236413070407,0.08305813142747853,0.02004233478705264,0.01638053400713635,0.25869184802529854,0.18756353198869224
2023-08-07,30779.25,30779.25,30809.0,30451.349609375,30582.44921875,15000,0.054273456700262956,0.09814508038407754,0.0418017872995502,0.028119748669141575,0.25543298024851513,0.18845901051213537
2023-08-08,30824.94921875,30824.94921875,30910.55078125,30670.150390625,30817.25,22500,0.051156304477238956,0.09442609695725279,0.044394304821457675,0.03072646220384856,0.25537214845466044,0.1883322862563184
2023-08-09,30940.05078125,30940.05078125,30964.69921875,30590.55078125,30772.5,17000,0.06257286978746679,0.09654276939502404,0.049766114320685784,0.022933780181670027,0.2528695893201324,0.18838666144038896
2023-08-10,30867.0,30867.0,30967.75,30722.19921875,30845.650390625,16900,0.041811544876680706,0.10464359929795575,0.03514876157232161,0.02976909000292083,0.2476820606337967,0.1871071166880409
2023-08-11,30819.150390625,30819.150390625,31164.30078125,30764.5,30950.30078125,23300,-0.0040829719789630126,0.10492405776463887,0.0028785766805989876,0.03331042295328235,0.19334296576108992,0.1870877655105416
2023-08-14,31028.900390625,31028.900390625,31058.900390625,30570.5,30755.80078125,13700,-0.0004091032327523392,0.09628616670953094,0.013638490854678165,0.028653177036949806,0.19461543280911622,0.18544838817319917
2023-08-16,31212.099609375,31212.099609375,31304.75,31047.0,31129.30078125,0,-0.0050699696781770776,0.07600841059814001,0.009322981952897491,0.013183552298985157,0.19193388636672892,0.17939617347793224
2023-08-17,31060.19921875,31060.19921875,31238.25,30885.400390625,31205.30078125,17300,-0.009356246906344956,0.07572635509689496,0.014235587038814557,0.02028434506855392,0.19263604334417095,0.1794334101777323
2023-08-18,30604.05078125,30604.05078125,30934.099609375,30515.0,30907.44921875,20000,-0.01739868108350262,0.059300883107120006,0.016086226278420046,0.0032589054578149312,0.1981936858490022,0.18240838493822312
2023-08-21,30937.599609375,30937.599609375,30987.650390625,30597.05078125,30626.25,12900,0.03570509909194319,0.06944128624206014,0.05350202948571381,0.010905157457331782,0.13061240156400822,0.18352856207499085
2023-08-22,30902.400390625,30902.400390625,31024.599609375,30785.69921875,30973.900390625,11400,0.035483538250320024,0.052681061708939714,0.04950831902655828,0.004187486079644476,0.13067278824525635,0.1813941581975791
2023-08-23,30924.099609375,30924.099609375,31084.650390625,30887.44921875,31036.94921875,12200,0.039076084206621786,0.05758854028413096,0.05109805579646576,0.012136338558724313,0.1296635751483195,0.1811181857411324
2023-08-24,31112.150390625,31112.150390625,31212.44921875,31004.75,31084.55078125,37500,0.04401786495501803,0.0619332941654811,0.06381742037846683,0.021531035632911033,0.13046435863755151,0.18141238100470597
2023-08-25,30914.55078125,30914.55078125,30998.94921875,30803.0,30907.849609375,15200,0.03931923957808037,0.05439339630283335,0.05936509950333868,0.014931618462156404,0.13325789373704808,0.1820405480093226
2023-08-28,30773.599609375,30773.599609375,31025.75,30745.0,30975.349609375,11100,0.04351775957731796,0.0450770338965063,0.06082403674140291,0.0008152507563188305,0.12975514118236844,0.18223640999983357
2023-08-29,30866.05078125,30866.05078125,30978.25,30784.849609375,30899.94921875,11400,0.031328103759970194,0.052437687687137746,0.052141839565955306,0.008812650685555257,0.12100639382836183,0.1820219715207912
2023-08-30,31103.900390625,31103.900390625,31197.75,31023.75,31069.849609375,11800,0.026916022651584992,0.06379036007438765,0.046481764609532905,0.02326085030600522,0.11699997842349988,0.18236668013132554
2023-08-31,31164.900390625,31164.900390625,31428.0,31067.69921875,31175.099609375,35300,0.037322451231845744,0.08629946066368688,0.05129061197131968,0.05109322477734901,0.111544034965593,0.1775384446320606
2023-09-01,31514.349609375,31514.349609375,31550.94921875,31149.25,31166.599609375,14300,0.05148948901316497,0.0899452668075944,0.04872138673375592,0.052089599095827666,0.11503277481269712,0.17818757035810126
2023-09-04,32163.94921875,32163.94921875,32197.849609375,31454.5,31552.5,30800,0.056769744860566185,0.1249637005287989,0.05616510371438599,0.07697488606809344,0.12353379824617543,0.18036689526118835
2023-09-05,32365.30078125,32365.30078125,32482.650390625,32014.94921875,32207.400390625,24000,0.05152987097638828,0.14141780041919172,0.052672905462363584,0.08692886096223562,0.12024008172170504,0.17929672659372847
2023-09-06,32312.30078125,32312.30078125,32515.05078125,32038.55078125,32437.849609375,19400,0.04825154948171928,0.12257854298394943,0.046197414240920054,0.0683059960791299,0.1211021643344579,0.17745692802606566
2023-09-07,32448.349609375,32448.349609375,32497.650390625,32153.400390625,32264.5,17700,0.04874907409780471,0.12280742897515506,0.043935639457908016,0.06879523258185372,0.12118509332459991,0.1774675798735057
2023-09-08,32415.650390625,32415.650390625,32561.25,32353.400390625,32450.75,12700,0.05017171706434054,0.12339606110444534,0.0360056116405012,0.06666464293926588,0.12057529286977331,0.17742714473175974
2023-09-11,32642.80078125,32642.80078125,32674.44921875,32458.05078125,32531.0,15300,0.05917263673757023,0.1374194495017247,0.02993442210825914,0.06741500670949407,0.12062668642549161,0.17704969444573868
2023-09-12,32977.8984375,32977.8984375,33114.1484375,32429.5,32758.55078125,24400,0.06281234662972035,0.15352507052791786,0.0340672295550839,0.09152574944271663,0.12269772186717195,0.17736141941777284
2023-09-13,32886.69921875,32886.69921875,32982.3515625,32713.099609375,32943.1484375,14900,0.05365225762870529,0.14554669986699453,0.022570829424235717,0.07545769448418382,0.12388107125697119,0.1776322420578021
2023-09-14,33045.3984375,33045.3984375,33240.19921875,32949.55078125,32991.44921875,24000,0.06391456811879048,0.14222204519539816,0.025812833858969375,0.07385721799216793,0.12084725297800096,0.17735060232933586
2023-09-15,33355.05078125,33355.05078125,33402.75,33156.19921875,33216.8984375,31900,0.08989006127533417,0.14915580602803624,0.04420428457738024,0.07833273496021409,0.10240455583627676,0.1779376239256646
2023-09-18,33129.5,33129.5,33266.8984375,33030.3515625,33255.1015625,14200,0.07084907744299551,0.14988466447282756,0.03270756752353621,0.07732419134237545,0.1065128398077225,0.1777941272592377
2023-09-20,32949.19921875,32949.19921875,33167.30078125,32851.75,32860.8984375,16600,0.06623429902700839,0.15391371237449047,0.04020112325446146,0.08770062455873417,0.11001140472173926,0.1769887616995688
2023-09-21,32919.94921875,32919.94921875,32976.8515625,32504.75,32849.8984375,20700,0.0645402658310521,0.1514457685888997,0.049196220913596767,0.09520805059536697,0.1106345831933407,0.1771016609558777
2023-09-22,32906.30078125,32906.30078125,33109.6484375,32664.400390625,32799.05078125,22900,0.057667193302255004,0.14257392183485362,0.04283481889929863,0.09703895995978562,0.11074420801740092,0.1768838576222485
2023-09-25,32648.599609375,32648.599609375,32960.94921875,32581.150390625,32881.3515625,15200,0.05609167153665129,0.1319418787704123,0.034875320104334584,0.09491639469969382,0.11249481114646458,0.17808329565487946
2023-09-26,32471.0,32471.0,32693.25,32391.44921875,32675.099609375,12200,0.05515768100485374,0.09836620099448634,0.036580684519983864,0.07357870926692445,0.11329714022848965,0.1723685431592091
2023-09-27,32594.650390625,32594.650390625,32651.0,32339.94921875,32439.05078125,13800,0.056003264610225534,0.10772713918915922,0.03667815555970089,0.08734171275352387,0.1133623640517794,0.17193123658892245
2023-09-28,31879.599609375,31879.599609375,32623.349609375,31808.75,32616.05078125,26100,0.024938969357804597,0.07230948115264257,0.01583691355143313,0.0653699390798177,0.14199348064035883,0.17778008421556532
2023-09-29,31784.400390625,31784.400390625,32020.349609375,31514.900390625,31814.650390625,22000,0.019878131880259664,0.06509485191694475,-9.195113703430735e-05,0.052733031093169735,0.1427421988453866,0.17789723953825118
2023-10-03,31717.25,31717.25,31852.650390625,31499.349609375,31772.75,14300,0.0064383492961137545,0.06415158533975363,0.0016301284302882024,0.06253858161668213,0.13789565210485671,0.17795499756155875
2023-10-04,31811.5,31811.5,31874.69921875,31412.5,31531.349609375,16000,-0.010957896256860722,0.0761507636298766,-0.006211000996194982,0.07075556898116298,0.11643637127142087,0.1769377872807872
2023-10-05,32125.400390625,32125.400390625,32368.44921875,31956.900390625,31995.0,21400,-0.007412271316322161,0.10038278768014797,-0.00592309946648939,0.09057442921871717,0.11984767382026412,0.17546780037515822
2023-10-06,32341.69921875,32341.69921875,32438.400390625,32098.80078125,32251.44921875,14000,0.0009098218569771888,0.10287873598885544,-0.0012547341998856432,0.09186504188961497,0.12231610545523837,0.17568630161348242
2023-10-09,32308.55078125,32308.55078125,32638.25,32203.55078125,32216.150390625,17400,-0.004308349417087465,0.10957120804440867,0.00657524257320985,0.1029654073209254,0.12136400987377473,0.1748410747732586
2023-10-10,32569.44921875,32569.44921875,32616.349609375,32200.25,32423.94921875,14500,0.004744585602067142,0.09927197999055748,0.011308659401606636,0.08505012128860656,0.12478457640564244,0.17230527299668236
2023-10-11,32548.05078125,32548.05078125,32981.8984375,32489.599609375,32688.69921875,24900,-0.002902630832291364,0.051786230025367086,0.006349057781577683,0.03916900958145075,0.12222697493568495,0.1485417830375914
2023-10-12,32003.650390625,32003.650390625,32556.5,31907.0,32474.150390625,28500,-0.029542453977817962,0.030992306883548926,-0.019579105112510486,0.026804345849639866,0.1293782790728846,0.1528200287813501
2023-10-13,31807.94921875,31807.94921875,32024.349609375,31434.099609375,31457.5,37300,-0.032802014967344695,0.01392358337791566,-0.016910175468092037,0.013832401117829907,0.13036371984584028,0.15195730405574082
2023-10-16,31750.400390625,31750.400390625,31949.75,31710.650390625,31831.05078125,15800,-0.03918845310109598,0.012657246132783184,-0.020716196753033933,0.017769918029474474,0.12809629217771243,0.15200668751260196
2023-10-17,31794.900390625,31794.900390625,31938.19921875,31770.75,31884.25,13200,-0.04677403733715835,0.020835812943672538,-0.027912952978843886,0.02922708020715281,0.12173320051156247,0.15135024664223856
2023-10-18,31606.650390625,31606.650390625,31882.44921875,31568.19921875,31778.55078125,14900,-0.04596657388052938,0.058103065141064114,-0.023009524914895052,0.061845804600420884,0.12136476294533384,0.1240964946905673
2023-10-19,31540.05078125,31540.05078125,31667.0,31345.55078125,31345.55078125,31200,-0.04276730454493449,0.0568500494049482,-0.028863701459528213,0.059272250696160045,0.1208095336663589,0.12419630372294148
2023-10-20,31469.349609375,31469.349609375,31605.75,31360.5,31445.44921875,17300,-0.044064454648331974,0.05739694858328104,-0.03394918353312648,0.06440634979503512,0.12071225092898301,0.12413528614112311
2023-10-23,30848.400390625,30848.400390625,31456.099609375,30802.05078125,31358.44921875,13500,-0.0625381869662357,0.03516731272945228,-0.042588252407103844,0.06027314900638536,0.1357128742585601,0.13128301862886224
2023-10-25,30530.5,30530.5,31004.19921875,30469.0,30790.349609375,16600,-0.06487566495093378,0.02640779963018991,-0.036798765164665626,0.053760430585351404,0.13712528740598925,0.13309932086378373
2023-10-26,30225.650390625,30225.650390625,30312.44921875,30054.19921875,30184.0,28200,-0.06914938281466543,0.0249370687133883,-0.028088535162334782,0.06508767150032724,0.13900716259587084,0.1335467884658315
2023-10-27,30599.69921875,30599.69921875,30676.94921875,30313.94921875,30328.25,15100,-0.06120486484643495,0.02242849253878032,-0.027263701743212354,0.058196332311703736,0.14797812620679948,0.13251337949091885
2023-10-30,30641.0,30641.0,30698.400390625,30433.650390625,30627.900390625,11000,-0.03885242049937032,0.011633057426819526,-0.01925299440560413,0.04166568547205263,0.13038260938947757,0.1303140238100015
2023-10-31,30582.25,30582.25,30769.19921875,30396.05078125,30765.25,12400,-0.03782202513971544,0.017928956504163818,-0.009372457221475283,0.04081836369553404,0.13032806061267932,0.1292387913821911
2023-11-01,30344.849609375,30344.849609375,30694.44921875,30283.150390625,30609.44921875,10900,-0.04326984182503213,0.012468631129584296,-0.015638805052325178,0.03271974453269544,0.13198414924002858,0.13018719880225274
2023-11-02,30582.75,30582.75,30731.55078125,30495.30078125,30575.80078125,12400,-0.03862596859626233,0.004818304332918855,-0.023044158692956396,0.024480649980303193,0.13557447381241636,0.12730393227010506
2023-11-03,30779.94921875,30779.94921875,30924.849609375,30739.349609375,30797.25,11800,-0.04188122655329263,2.2717212082801197e-05,-0.025757496810253855,0.0187345375779695,0.13215422189282605,0.12588691867089136
2023-11-06,30972.94921875,30972.94921875,31034.150390625,30863.650390625,30955.349609375,9500,-0.04232152400967448,0.0048013055577063035,-0.030020915975482065,0.012930723163510516,0.13175545323363494,0.1265044036626727
2023-11-07,30981.599609375,30981.599609375,31052.5,30860.650390625,30949.94921875,9400,-0.04107120684116494,0.0013428817043241725,-0.035656667191145575,0.012846815401808764,0.13198594042363965,0.1262769593354862
2023-11-08,30917.19921875,30917.19921875,31128.900390625,30865.25,31049.75,11100,-0.050730056529442624,0.0016263070188227147,-0.03821855368598237,0.006722715028083526,0.12644640349289427,0.12625544788147794
2023-11-09,30717.69921875,30717.69921875,30993.05078125,30655.55078125,30982.650390625,20500,-0.05623536643719429,-0.00329182247366111,-0.03523483712806941,-0.0015932694004120451,0.1269438167576335,0.1269195355522246
2023-11-10,30639.05078125,30639.05078125,30680.849609375,30504.099609375,30623.69921875,12700,-0.04263887377593467,-0.012564080726907956,-0.024014523436185264,-0.012090636705558211,0.11571826625330935,0.1262122548453738
2023-11-13,30635.849609375,30635.849609375,30810.349609375,30572.94921875,30793.650390625,8900,-0.03684926687081347,-0.018462391419093005,-0.021280474941428373,-0.01736045364616723,0.11496178227011783,0.12557159253946465
2023-11-15,31429.349609375,31429.349609375,31472.5,30987.75,31095.80078125,24300,-0.01011170811391715,0.01188499751805061,-0.007258399043510333,-0.004133345583639203,0.1507039878694934,0.1359199694285083
2023-11-16,32273.349609375,32273.349609375,32453.650390625,31431.5,31555.099609375,26900,0.015047986088079446,0.05454502869756439,0.017385051996768874,0.03097976281823067,0.17866179311055,0.142645840135316
2023-11-17,32191.349609375,32191.349609375,32405.849609375,32134.650390625,32288.900390625,16400,0.018499246567533545,0.04052512204663983,0.015413441855016474,0.02308631859152932,0.17737892247964537,0.141287121175331
2023-11-20,32383.19921875,32383.19921875,32600.349609375,32198.099609375,32202.30078125,15300,0.026732627773739637,0.04791856973590436,0.02320132365144323,0.032578092832411754,0.17785899528146487,0.14164640598733205
2023-11-21,32325.69921875,32325.69921875,32587.150390625,32300.05078125,32507.75,12400,0.027212180105555372,0.04532386155392176,0.014892970828010776,0.027868585344037022,0.1777426036841683,0.14174333529177108
2023-11-22,32564.400390625,32564.400390625,32583.44921875,32262.150390625,32298.0,11100,0.05562687135380617,0.046677904991022645,0.028134573747261138,0.024747901031719755,0.159928704863109,0.14197564081943112
2023-11-23,32370.650390625,32370.650390625,32688.0,32334.5,32657.150390625,14200,0.06027252716545739,0.04710078498886494,0.024719537805625302,0.019269124896550194,0.1558789861406117,0.14189136280824455
2023-11-24,32055.150390625,32055.150390625,32420.44921875,32010.0,32341.0,11800,0.06052806064902572,0.04164448740210358,0.010815126963042765,0.0163338506987869,0.15561534694011153,0.14312924836346053
2023-11-28,32118.5,32118.5,32187.94921875,31807.849609375,32115.849609375,14300,0.049634500339119425,0.0405769182337643,0.0054050594093264515,0.012294918762267626,0.15164286672344976,0.1430736817348658
2023-11-29,32608.400390625,32608.400390625,32633.0,32248.349609375,32258.5,18800,0.06420809995186194,0.048370139471429985,0.014278410164745514,0.009649252694325261,0.15810970890846707,0.14543358047314905
2023-11-30,32582.19921875,32582.19921875,32701.650390625,32455.30078125,32569.80078125,39500,0.06539575141626264,0.04547740600356143,0.010177046473821116,-0.0001940756620919526,0.15768801969030619,0.1454487174375623
2023-12-01,32598.69921875,32598.69921875,32729.80078125,32478.75,32729.80078125,13400,0.07427453549411145,0.03440812273823424,0.006933449995556229,-0.008431430852736677,0.15271043483616,0.1438217753986914
2023-12-04,32665.55078125,32665.55078125,32888.19921875,32522.44921875,32888.19921875,16800,0.06810377684315494,0.015595148440527673,-0.013092610662888138,-0.0437018874077677,0.1519627606438729,0.13780053102575918
2023-12-05,32479.150390625,32479.150390625,32755.19921875,32252.44921875,32754.0,19000,0.055204807512804877,0.003517644101146633,-0.029269937580845173,-0.06188239335514223,0.15473508198863622,0.137763159771573
2023-12-06,33022.6015625,33022.6015625,33073.05078125,32529.30078125,32560.150390625,25300,0.06617556272326852,0.021982364736533144,-0.012434002037765346,-0.04566563904959753,0.16207631755034232,0.14181161537601353
2023-12-07,32961.6015625,32961.6015625,33111.6484375,32891.75,33053.6484375,16800,0.06390896461413997,0.01581750564523965,-0.013098008855677135,-0.043699734027045745,0.16276026639875985,0.1416540135868466
2023-12-08,33392.8984375,33392.8984375,33452.3984375,33012.69921875,33098.6484375,25700,0.08007514526893478,0.03014741444637603,0.0015964562147521288,-0.027847243319325976,0.1651817217890706,0.14400720682312904
2023-12-11,33514.25,33514.25,33615.69921875,33332.5,33424.0,16300,0.09104037256615216,0.026696521067228973,0.008453417808868657,-0.023350113421038543,0.16063633773376035,0.14352488935791435
2023-12-12,33493.8984375,33493.8984375,33799.80078125,33358.0,33484.80078125,19700,0.09317676571093592,0.015646843020574064,0.016933567465730492,-0.0300287470580054,0.15966575121306278,0.1420834020819678
2023-12-13,33066.6484375,33066.6484375,33497.44921875,32715.650390625,33466.30078125,23500,0.07934491320198744,0.005471793248481571,0.0030831827800468226,-0.03719634872336686,0.17051704820464425,0.1444781698754208
2023-12-14,34223.3515625,34223.3515625,34308.55078125,33419.1015625,33451.94921875,44000,0.0888978610073301,0.03564650997408636,0.012292240304975666,-0.01805663184746309,0.18745443780526888,0.16043413178046
2023-12-15,35782.44921875,35782.44921875,35947.6015625,34427.55078125,34427.55078125,67500,0.10873056722800323,0.07277453880731377,0.02315332850882923,0.010161677713476314,0.22336762736319257,0.1832494837294264
2023-12-18,35685.55078125,35685.55078125,36132.0,35487.94921875,35707.30078125,27600,0.10854472441433116,0.0771533159646236,0.023055841363275986,0.013311344727992669,0.22344509761633657,0.18268339889723412
2023-12-19,35345.0,35345.0,35762.1015625,35091.94921875,35728.3984375,20600,0.09146103080313028,0.07271195774271355,0.0021394298396388844,-0.00525739055907537,0.22943770143911585,0.1835245352609312
2023-12-20,34741.05078125,34741.05078125,35928.5,34621.0,35492.80078125,32400,0.07471923642409606,0.05531908783938122,0.005633539677662114,-0.01598958661451877,0.24119557035974382,0.18732577355339547
2023-12-21,34846.05078125,34846.05078125,35020.0,34394.55078125,34406.80078125,19900,0.07006578850694467,0.05894767731246375,-0.002779564164825832,-0.021401041507821628,0.24079126102890752,0.1873551647508717
2023-12-22,35637.80078125,35637.80078125,35770.44921875,34740.1484375,34974.6484375,39200,0.10092940213432389,0.09155679593119981,0.022785760551403023,0.006429077997678112,0.24721008825642718,0.19152311298039995
2023-12-26,35493.44921875,35493.44921875,35682.6484375,35185.44921875,35421.1484375,40100,0.1072619777547692,0.09308149483385164,0.024075546254701097,0.0027343010699627524,0.2435276745470735,0.19132913305740573
2023-12-27,35741.0,35741.0,35814.69921875,35447.1015625,35557.30078125,22900,0.11278546632003361,0.09652963206133869,0.024043511912493543,-0.0017791840822247718,0.2433225480541939,0.19160075575162577
2023-12-28,35691.6484375,35691.6484375,35850.3984375,35614.80078125,35812.0,21700,0.09455379625924376,0.11957643367026383,0.010853088573834935,0.004067299969759075,0.24156239866674414,0.18523967613579323
2023-12-29,35515.0,35515.0,35781.1015625,35395.05078125,35559.3984375,18000,0.09001236416117275,0.11737203041512667,0.01062836468813333,0.010789509213831039,0.24322228078611427,0.18550498162011353
2024-01-02,35283.1015625,35283.1015625,35701.80078125,35106.1484375,35668.05078125,18400,0.0823469159225223,0.112426252670077,0.01337576628772319,0.0029952455011594825,0.2459605496929343,0.18613163547847092
2024-01-03,34395.44921875,34395.44921875,35076.94921875,34367.75,35039.05078125,24900,0.052957883645817994,0.08122689023623542,0.012809151277409114,-0.025854779534386196,0.26727954217826444,0.19430450957791048
2024-01-04,34409.3984375,34409.3984375,34800.3515625,34236.6015625,34552.94921875,26900,0.05943037375239224,0.07109632935630361,0.020902626819991887,-0.03700131894959413,0.2656348082578661,0.19349805158281294
2024-01-05,34851.75,34851.75,34991.55078125,34459.44921875,34469.69921875,24600,0.0553908035997126,0.07761035572907704,0.01846690119654526,-0.02706824000450725,0.26335656549761105,0.1946385619227349
2024-01-08,34514.6484375,34514.6484375,34881.80078125,34419.75,34876.6484375,15000,0.047116851165596385,0.06828216069444659,0.017843361527942747,-0.034250360025854354,0.26661956416275345,0.19588341761121777
2024-01-09,34662.44921875,34662.44921875,35139.3515625,34608.44921875,34926.6484375,18700,0.03801858600642771,0.06426267714699563,0.010576255370818632,-0.029948301443555536,0.2637595587467436,0.19546471308581528
2024-01-10,34834.3515625,34834.3515625,34941.0,34546.94921875,34693.0,16300,0.03938926165735479,0.07024386180960107,0.00978519152676105,-0.02098412845915565,0.2639180091362221,0.19559450184086202
2024-01-11,34735.25,34735.25,35104.94921875,34665.1015625,34978.30078125,21900,0.037062020857810074,0.08535275120288088,0.0016279521380129225,-0.00827153993332197,0.26432366660574463,0.19216448198437605
2024-01-12,36521.69921875,36521.69921875,36581.1015625,35659.55078125,35673.0,67100,0.10448748042247069,0.1481940871944476,0.058220396580898726,0.039668215647660876,0.3088182217305295,0.21593384679533295
2024-01-15,37201.94921875,37201.94921875,37929.30078125,37109.3515625,37538.44921875,99200,0.08703407235876282,0.17170016003120048,0.043850246230017875,0.05180713388045355,0.29349178829629247,0.21826615274100716
2024-01-16,36727.1015625,36727.1015625,37132.3984375,36600.44921875,37132.3984375,28800,0.026399879392688508,0.1551255425014415,-0.000428650696822519,0.04302899346426603,0.25723876037290866,0.22055281574060295
2024-01-17,36960.3984375,36960.3984375,37107.19921875,36289.30078125,36299.6015625,35600,0.035724477508130015,0.16938675818880822,0.028567218515187065,0.07275516935433957,0.25736987003130285,0.22000348012027637
2024-01-18,36730.5,36730.5,36826.44921875,36136.3984375,36784.3515625,34200,0.03919932097892209,0.16456692650081695,0.03877279097665598,0.0709323305884193,0.25568090841784286,0.22054390239034893
2024-01-19,37069.25,37069.25,37263.94921875,36831.3515625,37065.0,24400,0.06701579734619156,0.17794776378081667,0.04468735091541198,0.07152668176638843,0.24645679783084118,0.22072828920069845
2024-01-23,36521.3515625,36521.3515625,37383.44921875,36424.8984375,36958.30078125,31200,0.04807720656113634,0.18389774186148866,0.048841730728461985,0.08240017129605759,0.2547333538997214,0.2187518331830425
2024-01-24,37090.1484375,37090.1484375,37174.19921875,36435.30078125,36761.6015625,23600,0.040753010130022416,0.21485558498878166,0.0358559719831848,0.09291329395501746,0.24852787567942966,0.21850935393541374
2024-01-25,36496.19921875,36496.19921875,36938.6015625,36354.1015625,36938.6015625,30800,0.028251692131129325,0.2074578626791077,0.032390890531270866,0.07512946859327863,0.256022351448028,0.22044474829776398
2024-01-29,36531.8984375,36531.8984375,36653.25,36351.5,36553.80078125,18300,0.0221286040541675,0.1938646251501399,0.01830267166635413,0.05261853401493677,0.2551792621458144,0.21965564614588376
2024-01-30,36381.94921875,36381.94921875,37022.8984375,36321.1015625,36682.1015625,19500,0.019340680844674107,0.18736167940830906,0.0311228174542878,0.06295795909448909,0.2557143910819226,0.2201107823743111
2024-01-31,36638.3984375,36638.3984375,36704.5,36228.8515625,36373.94921875,25100,0.03163166091792191,0.19802821693956463,0.03189400811011944,0.05934084070789547,0.2555737356938362,0.22004407642417237
2024-02-01,36534.55078125,36534.55078125,36951.3984375,36451.1484375,36632.5,18700,0.03546879847093942,0.20397864057835702,0.034008042978006525,0.06135515440795447,0.2543484024037167,0.21923781607712664
2024-02-02,37323.25,37323.25,37663.94921875,36729.94921875,36730.1484375,26900,0.08512174859614774,0.22040202401680675,0.06948547470633692,0.07821233950163031,0.2418935944470753,0.2222205319344229
2024-02-05,37162.1484375,37162.1484375,37574.44921875,37097.94921875,37441.0,15400,0.07999994550907363,0.207349244581021,0.07477801928047101,0.0752108993920233,0.2434261476299307,0.22267048274162224
2024-02-06,38246.30078125,38246.30078125,38286.0,37161.6015625,37267.1484375,36900,0.09739972257490659,0.23482915724721987,0.08733101937148602,0.10513191765650798,0.25740802743118524,0.2287080242971331
2024-02-07,37767.75,37767.75,38373.44921875,37734.55078125,38345.3984375,17800,0.09425277989983871,0.21903808958177606,0.07484590963534754,0.08899017402426579,0.25972527378416765,0.23099546867807927
2024-02-08,37851.6015625,37851.6015625,38101.5,37625.75,37893.44921875,20900,0.09200597233114416,0.2242894737872818,0.08397158766318724,0.10731211792285422,0.2598519073181078,0.23073554351764858
2024-02-09,37699.25,37699.25,38082.05078125,37443.75,37891.5,16100,0.08224348406083526,0.22728104509170022,0.07466667383776993,0.10419972525685783,0.2615511351867126,0.23034459337703656
2024-02-12,37998.0,37998.0,38285.3515625,37770.0,37770.0,38300,0.0939319567298349,0.2401820236302299,0.09537086978206111,0.12740664424566894,0.2606244177556656,0.23018250350618635
2024-02-13,38204.0,38204.0,38258.5,37605.30078125,38070.3984375,20500,0.04606304792046245,0.24703575997151517,0.05297347886566228,0.12876007850660143,0.19736730048992918,0.2300820119585011
2024-02-14,37775.3984375,37775.3984375,37844.69921875,37200.05078125,37724.75,23000,0.015414493885201441,0.2019147359712481,0.02706282645752356,0.09189937934918868,0.1931702839274289,0.2274866819537167
2024-02-15,37999.55078125,37999.55078125,38270.44921875,37735.6015625,38053.30078125,19200,0.0346460560353401,0.17742816414109086,0.0401629914864684,0.06887622102611068,0.18701906341794788,0.22228166885638484
2024-02-16,38477.05078125,38477.05078125,38516.55078125,38131.8515625,38211.55078125,29500,0.04103452364872795,0.19526056683390602,0.019304915663531652,0.07824649076974799,0.1902877218604199,0.22289440943166416
2024-02-20,38029.69921875,38029.69921875,38347.8984375,37780.19921875,38190.75,15700,0.035371128047535505,0.17436510709944475,0.0011389660538023705,0.04727313905080055,0.19436611724293482,0.2248132080345552
2024-02-21,37405.8984375,37405.8984375,38001.44921875,37302.6015625,37938.8515625,18900,0.009081609083000153,0.15715666919907845,-0.010927750784953671,0.04233058542323298,0.20257206807489336,0.22807478997863823
2024-02-22,38130.1484375,38130.1484375,38192.1015625,37395.3515625,37535.75,23900,0.044050858091788436,0.17091510914100327,-0.002027470321366076,0.049492846363646814,0.20443569410055606,0.23043888939539076
2024-02-23,38045.6484375,38045.6484375,38490.44921875,37980.1015625,38487.5,22900,0.025761557724960138,0.17531306842443173,-0.009604891233391921,0.053572879617745484,0.1987330732628903,0.2299690920031823
2024-02-26,37598.6484375,37598.6484375,38005.8515625,37384.8984375,37991.8984375,14500,0.030207233694176328,0.17293626700613696,-0.005828246104600421,0.055361782201867715,0.19424902181592063,0.2304754162190797
2024-02-27,37870.25,37870.25,37929.30078125,37606.69921875,37606.69921875,17900,0.036635149547174395,0.17907903544686077,0.015439156968431345,0.0630063706350854,0.195284319709471,0.23065771650623249
2024-02-28,37741.75,37741.75,38138.3515625,37594.5,37926.6484375,14800,0.03737569895098436,0.15742414678062078,0.01744033999264616,0.06514232710477574,0.1950138423699822,0.2295296702743247
2024-02-29,37720.3984375,37720.3984375,37896.05078125,37414.94921875,37616.19921875,26400,0.029531858545775114,0.15769958265411166,0.017697875210586966,0.0658286953494458,0.19419438362666785,0.22951583986736954
2024-03-01,37516.05078125,37516.05078125,37888.8515625,37462.8515625,37823.69921875,18800,0.02686498065561871,0.15084502389198562,-0.0026915250324239803,0.04867116426847562,0.19517078866575915,0.230051641981427
2024-03-04,37314.80078125,37314.80078125,37733.25,37279.44921875,37634.25,14500,-0.00022637950205306456,0.14232884151056968,-0.025475938315567492,0.05924210198519675,0.1813592929576351,0.23059498631989164
2024-03-05,36720.75,36720.75,37202.30078125,36613.1015625,37180.05078125,18100,-0.011877635068444747,0.13059453706028346,-0.03872907907500778,0.05861208672472307,0.18964220145470018,0.23307123934653073
2024-03-06,37001.80078125,37001.80078125,37050.1484375,36134.0,36627.6484375,20100,-0.032539094620364084,0.12049926506301434,-0.057375632825843015,0.047121978167796286,0.15854557995916854,0.23139883645159953
2024-03-07,37099.8984375,37099.8984375,37318.94921875,36838.3515625,37057.94921875,20500,-0.01768311754075902,0.12554902307016813,-0.04335744239655348,0.049361810363481196,0.15375804117640446,0.2312714528968152
2024-03-11,36988.30078125,36988.30078125,37203.8515625,36820.3515625,37082.0,21000,-0.022807510002569642,0.1076696696598336,-0.05111134134886919,0.0426582733106331,0.15347562072154378,0.23033627143373753
2024-03-12,37224.25,37224.25,37568.94921875,36981.69921875,36991.5,20600,-0.012599720153583904,0.11069918019946745,-0.03799621820247645,0.04694753667355256,0.15531158764569403,0.23050162810020536
2024-03-13,36946.44921875,36946.44921875,37556.6015625,36689.1015625,37320.80078125,21800,-0.027673845498447314,0.10307999194816042,-0.04532963477106722,0.050880722454863525,0.15370068139069792,0.23123281316418387
2024-03-14,37679.6015625,37679.6015625,37723.3515625,36607.6484375,36901.8984375,26000,-0.013726270482148473,0.13950470770326318,-0.03227917267593272,0.08119062980487501,0.16956606998433263,0.2321310652441308
2024-03-15,37500.69921875,37500.69921875,37592.05078125,37264.8984375,37524.3515625,30300,-0.007271907911295616,0.09576349207834833,-0.01566469188240094,0.05607778526904372,0.1656991285817277,0.222600356734681
2024-03-18,36886.05078125,36886.05078125,37522.8515625,36746.6015625,37458.8515625,14300,-0.029302977985451117,0.03084197942274214,-0.03591841646884408,0.0029229511858490653,0.17338698403132397,0.20680989346633083
2024-03-19,35814.6484375,35814.6484375,36573.05078125,35783.3984375,36562.0,25700,-0.06919455336861202,0.0036176450530738258,-0.059065564365845646,-0.015001587291255225,0.19156071963975418,0.21567279167949935
2024-03-20,35748.8984375,35748.8984375,36115.19921875,35697.8515625,35875.6015625,15000,-0.059974199851822174,0.011427314683830847,-0.0438526326108285,-0.006565423290094241,0.18920726708754007,0.2147747363716072
2024-03-21,36026.80078125,36026.80078125,36296.3515625,35816.80078125,36039.19921875,26600,-0.036868454277452445,0.03700953111913141,-0.03491418253591361,-0.0037371686540768057,0.18592362907119106,0.2122045181897811
2024-03-22,35188.3984375,35188.3984375,35419.25,34701.75,35256.6015625,48800,-0.07715023729377524,0.009824575484869813,-0.0717176056013783,-0.029775387244576956,0.1835882835811573,0.2178238142898554
2024-03-26,34969.1015625,34969.1015625,35400.1484375,34938.0,35003.1015625,29100,-0.08086461924953225,-0.01876376218764375,-0.07150060644084011,-0.049457777763498356,0.18362318522962406,0.21316528299332807
2024-03-27,34744.3515625,34744.3515625,35121.55078125,34693.6015625,35057.3984375,22400,-0.07591487975278366,-0.021105236958888662,-0.07598718812015959,-0.052926964307230095,0.18165301508926474,0.2134005644593336
2024-03-28,34898.1484375,34898.1484375,35203.25,34786.6484375,34862.6015625,35100,-0.07848117090592222,-0.023582204261212603,-0.08427217715242763,-0.054621601650930884,0.17964711448887488,0.21309303553425035
2024-04-01,35042.80078125,35042.80078125,35265.30078125,34963.80078125,35224.0,16258200,-0.07151097176866472,-0.018179257183545405,-0.09478308280996928,-0.049553985967242586,0.18200546204290477,0.21328419583992214
2024-04-02,34793.94921875,34793.94921875,34984.3515625,34769.8984375,34900.1484375,17500,-0.07758266985432083,-0.020302711002393337,-0.09898576606039244,-0.05352194113246955,0.18199228303761555,0.21353207418451792
2024-04-03,35047.3984375,35047.3984375,35289.69921875,34626.19921875,34682.6015625,27300,-0.06580256429826026,-0.006680340292150255,-0.07009557042550552,-0.04216712507050824,0.18622813202306235,0.2136922809940691
2024-04-04,35426.69921875,35426.69921875,35649.6015625,34915.1484375,35314.69921875,31100,-0.050599266858440184,0.0299821640194724,-0.05546638861153841,-0.016366517363455957,0.1926618390322114,0.20815238884296003
2024-04-05,35247.8984375,35247.8984375,35371.1015625,35146.5,35331.80078125,15000,-0.04010951743905011,0.024368342315632896,-0.04714996831865215,-0.015112493232241953,0.18633039717372335,0.20846324853237186
2024-04-08,35064.1484375,35064.1484375,35429.94921875,35018.6015625,35381.0,27200,-0.052366433601574114,0.0060943406715587845,-0.06092074371999723,-0.03791601203847095,0.1830383180636159,0.2071601690249625
2024-04-09,35079.3515625,35079.3515625,35568.80078125,35002.80078125,35241.8984375,24200,-0.05446232901159809,0.01636125965537727,-0.061095306623757506,-0.03615349886272812,0.1823494862676433,0.20614684559586433
2024-04-10,35293.1484375,35293.1484375,35350.6015625,34952.25,35191.1484375,19200,-0.0458294192473232,0.018195460302581123,-0.06468747609496872,-0.03791777296635468,0.18504304915533387,0.20632941118809972
2024-04-12,35018.1015625,35018.1015625,35363.6015625,34980.8515625,35222.55078125,31900,-0.059266430821306004,0.00527496542228767,-0.0674909851581047,-0.03638809500337459,0.18303184467977368,0.20676052286460903
2024-04-15,34463.6015625,34463.6015625,35188.1484375,34335.1484375,34845.80078125,26100,-0.06720125231926144,-0.007820540733116887,-0.07969350337321568,-0.036706530783432,0.1881527353871877,0.20928683393973246
2024-04-16,33574.94921875,33574.94921875,34175.6015625,33504.3515625,34108.6015625,37500,-0.10893566209667904,-0.08068490960264951,-0.10899210404062787,-0.09225626413310939,0.18362781167904949,0.1883443208086066
2024-04-18,33498.6484375,33498.6484375,34102.1484375,33445.3515625,33746.3984375,47200,-0.10671936429518658,-0.09954588022994004,-0.1054706895709614,-0.09494808215970885,0.1840199097806928,0.183744854815596
2024-04-19,33368.30078125,33368.30078125,33538.55078125,32915.5,33047.3515625,43300,-0.09536803006810779,-0.09145292272885164,-0.09950758512571312,-0.09665888010428891,0.17951859456554622,0.18234614195150609
2024-04-22,33538.80078125,33538.80078125,33627.55078125,33341.6484375,33488.75,25300,-0.06354516253933284,-0.09257469618559222,-0.0873312232594381,-0.12801197466808323,0.1576414094210403,0.18213409739920425
2024-04-23,33714.55078125,33714.55078125,33803.8515625,33614.25,33752.8515625,18900,-0.05690658300441509,-0.0821102140931923,-0.08112463228690281,-0.12431221994066866,0.1604691991407729,0.18240735127426713
2024-04-24,33442.55078125,33442.55078125,33840.1015625,33393.6484375,33829.55078125,13400,-0.07173132068237831,-0.09783578623117539,-0.08946946681359014,-0.13390948692622828,0.156293426071261,0.1815507794297389
2024-04-25,33554.44921875,33554.44921875,33659.44921875,33283.44921875,33283.44921875,29000,-0.04643431617531968,-0.0812374738835352,-0.06786731466491658,-0.14393163641367746,0.13927270416492266,0.1797355286042518
2024-04-26,33666.25,33666.25,34307.44921875,33574.6015625,33743.1015625,51300,-0.037257221497996595,-0.09231288042078223,-0.056128190642903975,-0.13733955547022947,0.13988730659957838,0.17656510640916392
2024-04-29,33579.3984375,33579.3984375,33792.8515625,33527.05078125,33640.75,28000,-0.033529280951017926,-0.07992067239022216,-0.057022239428622834,-0.14037236468361702,0.13888939245757048,0.17396707326599078
2024-04-30,33200.94921875,33200.94921875,33688.94921875,33145.8984375,33547.69921875,25700,-0.048632930248134976,-0.09117919848728095,-0.0610820035134374,-0.13107550790435063,0.1409198219931134,0.17507816125429188
2024-05-02,33203.3515625,33203.3515625,33332.19921875,33059.30078125,33059.30078125,30400,-0.05249150118543655,-0.0873674369984514,-0.06078102209853431,-0.13969038084750185,0.13911092212209278,0.17503100461503712
2024-05-03,32908.3984375,32908.3984375,33305.0,32690.5,33248.5,31100,-0.05419191622645414,-0.10180576005151698,-0.05519617071645899,-0.1363340108144473,0.14001290718691137,0.17475559684311023
2024-05-06,33217.1484375,33217.1484375,33435.3515625,32990.80078125,33041.19921875,18200,-0.05222213578174384,-0.09080178277304929,-0.052580903490839104,-0.12514913819195195,0.142170445903079,0.1762190703205985
2024-05-07,33473.0,33473.0,33525.5,32998.19921875,33268.1484375,22600,-0.055147650270392146,-0.10315955872010074,-0.04572487945475745,-0.12369142057979932,0.13867299442891956,0.1707555090932698
2024-05-08,33335.1484375,33335.1484375,33489.6484375,33237.1015625,33425.1484375,21700,-0.054265646599941375,-0.10298112894189426,-0.04488472626792828,-0.12736143917477083,0.13851402831201365,0.1707435000359632
2024-05-09,33205.8515625,33205.8515625,33454.75,33006.94921875,33275.75,22500,-0.05299706274950089,-0.13178919570755054,-0.021725935268640195,-0.1330705626794908,0.13828275703696868,0.15844564985811208
2024-05-10,32935.1484375,32935.1484375,33178.3984375,32786.55078125,33166.1015625,20700,-0.06112436602996285,-0.12795577079651288,-0.03517562829934262,-0.13364188003934818,0.13905600433500245,0.1574843522819578
2024-05-13,33074.6015625,33074.6015625,33108.25,32669.25,32910.6484375,13000,-0.0628605543347538,-0.1262033785310851,-0.034304885493027015,-0.14398137214415907,0.13757387720809885,0.15778279813776572
2024-05-14,33122.8515625,33122.8515625,33321.6015625,32918.69921875,33106.75,12900,-0.054122008773587416,-0.12139229394483975,-0.04073129783016738,-0.14137850348805103,0.13742269254993103,0.1579187485308924
2024-05-15,33117.3984375,33117.3984375,33292.3515625,32986.05078125,33144.0,13700,-0.03906159147524524,-0.1284436434154429,-0.03583118542518349,-0.15548373533209403,0.12847821928147912,0.15658620134929813
2024-05-16,33668.44921875,33668.44921875,33705.19921875,33208.25,33364.6484375,32600,0.002784814338536279,-0.11871926450764314,-0.008771550564492747,-0.14910108918311704,0.11006830448251276,0.1605177824755028
2024-05-17,33381.8515625,33381.8515625,33766.69921875,33361.0,33763.8515625,20200,-0.003486614548581346,-0.11630709553650886,-0.02486564779126954,-0.14497226826872933,0.11407327531312679,0.1599471361393441
2024-05-21,33379.75,33379.75,33453.6015625,33191.75,33253.0,21300,0.00034311662511843366,-0.1215751419758766,-0.016907562078543492,-0.14979420253975495,0.11322180043266572,0.15914081574991593
2024-05-22,33613.1015625,33613.1015625,33724.3515625,33364.1484375,33444.25,18800,0.002215367858100059,-0.12641169528305474,-0.009487520076104206,-0.15168773380483058,0.1145215044497429,0.15736254697463867
2024-05-23,34042.8515625,34042.8515625,34098.05078125,33615.3515625,33683.69921875,25500,0.00973765847808905,-0.10483510882684921,-0.017070745966877077,-0.13955614928514704,0.12179679203304943,0.15904484754570591
2024-05-24,33824.30078125,33824.30078125,34088.19921875,33761.69921875,34024.6484375,15500,0.011415098163326531,-0.09574954234114563,-0.013345606452154435,-0.13664941770628758,0.1203792849016795,0.1563843595210297
2024-05-27,33995.25,33995.25,34227.05078125,33769.8984375,33914.44921875,35800,0.013136880250255611,-0.1084417083840522,-0.0029062744036092436,-0.1406236205810919,0.12104847654531137,0.15092083880192375
2024-05-28,33880.8515625,33880.8515625,34136.25,33802.05078125,34095.6484375,21800,0.006374382727508898,-0.10946841612758362,-0.014508856895685263,-0.13987674990202392,0.1214202000616664,0.15094927185657467
2024-05-29,33542.69921875,33542.69921875,33888.8984375,33515.1484375,33888.8984375,20700,-0.001092908761254563,-0.10787486750998987,-0.0038000475773123377,-0.13421277095580586,0.1265497546106177,0.15049292256779837
2024-05-30,32806.75,32806.75,33433.25,32685.349609375,33363.8984375,31500,-0.011873130980465385,-0.133706537453542,-0.006732675690649725,-0.14678412143426267,0.14403095374485364,0.15488712265489202
2024-05-31,32386.099609375,32386.099609375,32816.8515625,32280.80078125,32732.80078125,76700,-0.02461353793115295,-0.14190254534103475,-0.01942548748771089,-0.16830429731356533,0.15045399938135892,0.1563691307525793
2024-06-03,32511.400390625,32511.400390625,33143.55078125,32455.80078125,33114.69921875,26500,-0.0120637304069654,-0.1380949900491093,-0.047125843517087485,-0.196372350705887,0.14863501618561165,0.15687159150729388
2024-06-04,32315.55078125,32315.55078125,32594.349609375,31320.150390625,32575.19921875,37300,-0.027142536269975426,-0.1386206674663938,-0.002270340046642061,-0.11828604713177349,0.14496725460312163,0.15692565577617684
2024-06-05,33087.94921875,33087.94921875,33319.6015625,32410.80078125,32464.05078125,26600,-0.011503324507812218,-0.11327546909010744,-0.025755072490101227,-0.1228601266642857,0.16747532735460258,0.16565429301255427
2024-06-06,34023.80078125,34023.80078125,34093.1484375,33343.0,33451.69921875,35900,0.020658445395590475,-0.07344482938801633,-0.0026080220688193823,-0.0942487903798579,0.19481076726406715,0.17400748696855398
2024-06-07,35169.8984375,35169.8984375,35248.1015625,34256.30078125,34274.6015625,81900,0.05914761352538345,-0.04950846459014191,-0.0015446506497276413,-0.08582143804198916,0.22449092037765314,0.1869468091858029
2024-06-10,34526.25,34526.25,35167.75,34360.6484375,35140.44921875,60800,0.048310137891723226,-0.06937076773500261,-0.006280164742062722,-0.10340934372266863,0.23397890160879992,0.19024177506884074
2024-06-11,34531.44921875,34531.44921875,34751.30078125,34483.3984375,34600.8515625,16900,0.044047322943469025,-0.0664223960173218,-0.008467885224151539,-0.10816393597987495,0.2339948848821072,0.1902233726635627
2024-06-12,34547.44921875,34547.44921875,35016.3984375,34505.8984375,34860.05078125,30300,0.04300951123009167,-0.07191013334721319,-0.006729758267379982,-0.11611067483602588,0.2340608226823788,0.1896127179984485
2024-06-13,34902.05078125,34902.05078125,35039.55078125,34783.19921875,34796.3984375,27000,0.05388866360134048,-0.0553340978830108,-8.970933105967305e-05,-0.11903172180000077,0.2356189159418797,0.19058987642889125
2024-06-14,34598.55078125,34598.55078125,35035.69921875,34568.8515625,35035.69921875,19200,0.027625316404000788,-0.08176972827431284,-0.019766092595446594,-0.14132497457505044,0.2329173328664733,0.1863164992425499
2024-06-18,34802.94921875,34802.94921875,34917.6484375,34655.8984375,34696.0,28600,0.04257096565148033,-0.0719386586437607,-0.006026734894385433,-0.1416170140469173,0.2303936523885684,0.18677943011828016
2024-06-19,34927.1015625,34927.1015625,35036.6484375,34604.05078125,34904.8984375,24000,0.04635599615036057,-0.05310813104843903,0.002548148747779422,-0.11931781076734682,0.23030474484914223,0.18427964082561107
2024-06-20,34936.44921875,34936.44921875,35002.5,34728.6015625,35002.5,23900,0.03936999547005127,-0.02452067120755186,-0.0035190992755831374,-0.10471110794047789,0.22971805206867482,0.17440278684139832
2024-06-21,35200.30078125,35200.30078125,35875.30078125,35061.0,35474.3515625,88800,0.03399977280472566,-0.01534586183708897,0.010773660874367152,-0.09144790037014938,0.2272181890648212,0.17513010049768907
2024-06-24,35143.80078125,35143.80078125,35282.0,34918.1484375,35067.75,18100,0.039010414687757455,-0.024509531261503348,0.013713229508370173,-0.0938309882329389,0.22557104112473272,0.17435207023210314
2024-06-25,35426.8984375,35426.8984375,35468.0,35004.8515625,35146.6484375,16000,0.042113190445723925,0.006777802076545658,0.007714267113321238,-0.0667420947974291,0.22636636249879294,0.16836278084714662
2024-06-26,35406.6015625,35406.6015625,35593.94921875,35336.0,35484.05078125,18200,0.04503281144470206,0.012511044906831748,0.0021874799570744674,-0.07220274935905935,0.22569255271618335,0.1678473850181598
2024-06-27,36123.69921875,36123.69921875,36191.19921875,35105.69921875,35289.25,54800,0.0769466995833552,0.03969991075437851,0.017936854601856123,-0.04712344684979741,0.22929760351129075,0.17209140395550993
2024-06-28,36157.5,36157.5,36334.6484375,36041.19921875,36154.19921875,29200,0.1021359933550261,0.03608648650100754,0.034459668083658856,-0.03932475237642219,0.20840725398248672,0.17191364320282693
2024-07-01,36869.19921875,36869.19921875,37093.3515625,36085.44921875,36103.0,0,0.13842666030945106,0.05211907715085462,0.06691312296396457,-0.02267164579233838,0.20344345223532492,0.17609581057431303
2024-07-02,37299.1484375,37299.1484375,37525.44921875,36944.8984375,37006.3515625,0,0.14726366718597572,0.07200100232945039,0.11029870411828013,-0.0024000331530484864,0.20397312477414267,0.17665382895905354
2024-07-03,37314.3515625,37314.3515625,37444.0,37064.0,37439.44921875,0,0.1546871602185529,0.06468249359628375,0.044929112285083894,-0.0178616770117348,0.19980046579951952,0.1762009113364717
2024-07-04,37725.8984375,37725.8984375,37935.1015625,37399.1015625,37455.6484375,32000,0.1401703438338755,0.06490018176836299,0.06582132579071587,-0.014492567796351885,0.19084911524495835,0.17624957157559193
2024-07-05,37720.75,37720.75,37884.6484375,37491.3984375,37754.1484375,20600,0.10865773763839259,0.07015599999202071,0.042822635802696185,-0.010246175280777647,0.1745319165553744,0.17580909497147157
2024-07-08,37742.25,37742.25,37949.80078125,37582.69921875,37766.0,20600,0.07314071625970975,0.07637720240871038,0.02889882115199205,0.00339440667309443,0.14021191257410862,0.17531455584133188
2024-07-09,37668.6484375,37668.6484375,37827.80078125,37603.8515625,37747.30078125,16000,0.09101476231852579,0.07381256379231282,0.04054010973230948,-0.0052612774482607705,0.11600644781917784,0.17542878240903895
2024-07-10,37280.75,37280.75,37824.6484375,37110.3515625,37713.94921875,23500,0.07961730085041374,0.05631692411970013,0.034072213425992315,-0.012711035323202058,0.12656385408107784,0.17669902643509966
2024-07-11,37332.6015625,37332.6015625,37636.19921875,37108.3515625,37464.8515625,24500,0.08061817606604693,0.06609438823715497,0.038042085423029226,-0.013683438745881293,0.12627931064332418,0.17575961262429066
2024-07-12,39023.0,39023.0,39237.69921875,37825.25,37917.3515625,76200,0.11807183608144434,0.13229605237953712,0.07092218453448407,0.03218827863949891,0.19052554333455818,0.19331876962993252
2024-07-15,38911.3515625,38911.3515625,39567.0,38831.6484375,39432.1015625,35300,0.12465264249123509,0.15893999746602372,0.07687633896447177,0.048825775119361925,0.1857569040114529,0.18450597757888967
2024-07-16,39141.5,39141.5,39280.0,38730.55078125,39013.75,22100,0.12466043478041278,0.16845012636937073,0.07987292859862749,0.04946629818800652,0.18575691386322368,0.18437057135708412
2024-07-18,40010.3984375,40010.3984375,40075.69921875,39010.3515625,39010.3515625,41700,0.14554018649110456,0.19905411725317057,0.09090293485923695,0.07922526416358733,0.19401170792255532,0.18805838320242854
2024-07-19,39923.30078125,39923.30078125,40682.69921875,39833.1015625,40682.69921875,63900,0.14274065264261648,0.19036160659534618,0.10184022447505159,0.09211390501308614,0.19529354602472804,0.1883071226006229
2024-07-22,39773.1484375,39773.1484375,39945.5,39418.44921875,39664.8515625,57200,0.12990933471471355,0.1797027549190846,0.08701132537123457,0.08397448238689575,0.19872306049996422,0.18873509652695156
2024-07-23,40044.69921875,40044.69921875,40193.8515625,39081.30078125,39773.75,30800,0.13945271508922108,0.19741760969984323,0.09946600485464963,0.10471993648559064,0.1966247980995253,0.18754176937989223
2024-07-24,40115.05078125,40115.05078125,40282.1015625,39918.75,40003.0,21200,0.13233312964217903,0.19552106248950074,0.1031526380185015,0.11385859724087144,0.1972501695250138,0.18755771548714525
2024-07-25,40055.5,40055.5,40198.6484375,39693.6015625,39809.80078125,27700,0.13130032910088052,0.1897820517580664,0.1087898212186802,0.10119351967682677,0.1976927098795875,0.18777848891421353
2024-07-26,40977.3515625,40977.3515625,41073.6484375,40081.8984375,40164.44921875,42900,0.13436199638243895,0.22031225898133688,0.10149170964846643,0.12353133469677924,0.20042380953535338,0.1917577158780448
2024-07-29,40820.1015625,40820.1015625,41381.1015625,40691.3515625,41220.75,18100,0.12895254269515322,0.22948597925769953,0.09457189358892748,0.1307792840769173,0.20282578527556627,0.18991883419263525
2024-07-30,40776.3515625,40776.3515625,40889.8984375,40561.6015625,40827.1015625,14500,0.10597334432376271,0.22807938487007973,0.07634228363275541,0.13053955218125712,0.19784352603662747,0.19002007671308915
2024-07-31,40851.1015625,40851.1015625,41074.05078125,40657.05078125,40728.75,17800,0.09522879941754692,0.24135793603219158,0.0609349037646536,0.13122635817105843,0.1965825938074148,0.18830582356231207
2024-08-01,40709.3984375,40709.3984375,41036.05078125,40537.19921875,40862.3984375,20100,0.09098501602830855,0.22555367791720915,0.06115772965007382,0.1111199751418599,0.19814400608344196,0.18846992149815572
2024-08-02,39730.30078125,39730.30078125,40632.25,39662.6484375,40346.55078125,24200,0.05313067221104539,0.18693576259223854,0.03603141056359438,0.07864300533408364,0.22085654174399819,0.19660886238104885
2024-08-05,38435.94921875,38435.94921875,39044.69921875,37829.1015625,38822.55078125,33000,0.018960365813246005,0.1530156912549372,0.029988636597185203,0.0744101712739933,0.2546963173392333,0.20955994653224289
2024-08-06,38624.19921875,38624.19921875,39395.3984375,38551.69921875,38565.8515625,21500,0.023367690552364984,0.16317448284834968,0.03685422722458842,0.07049313108926958,0.25507379417174925,0.20921167449056846
2024-08-07,39194.80078125,39194.80078125,39427.1015625,38882.94921875,39269.05078125,16000,0.04051518721947778,0.1900599402376688,0.0460690738609727,0.08839226727719374,0.2591762761697413,0.20945881370290814
2024-08-08,38448.30078125,38448.30078125,39098.75,38371.1484375,39030.5,21600,0.03131779219168074,0.16247207720992485,0.03984621628401708,0.07140509411841367,0.26659164488356535,0.2142849188153631
2024-08-09,39043.30078125,39043.30078125,39252.3984375,38931.8515625,39007.69921875,13900,0.045823198682954036,0.1787421353979326,0.04370315883642206,0.08198882990621037,0.2710585526189615,0.21588090423018752
2024-08-12,39109.55078125,39109.55078125,39329.05078125,38747.8515625,39038.94921875,13600,0.0022179427837429877,0.18093668665002616,0.008550056012644025,0.08425218364378395,0.2209718462722021,0.21580762420351057
2024-08-13,39114.8515625,39114.8515625,39383.30078125,38972.69921875,39198.25,12400,0.005229836328690229,0.16176576201546267,0.023438836844244637,0.08431700116059071,0.22069238777514966,0.21395864589993757
2024-08-14,39731.25,39731.25,39767.1484375,39177.69921875,39259.69921875,24100,0.015067128239847793,0.19020510068508867,0.03413225642414064,0.11553034984738986,0.22661896218735839,0.21436522705629127
2024-08-16,40878.25,40878.25,40927.1484375,40063.8984375,40287.30078125,33700,0.02169065034070239,0.22464218575633432,0.03216203429892894,0.1353308504092816,0.23568662204772217,0.2205605935372035
2024-08-19,41236.8515625,41236.8515625,41271.6015625,40736.55078125,40940.8984375,16300,0.03290185820173752,0.22680888241819774,0.03119992311842701,0.13941765224974767,0.23686999474445797,0.22071314891003954
2024-08-20,41572.80078125,41572.80078125,41746.55078125,41366.19921875,41421.25,17900,0.04524792264253352,0.2211903196453917,0.03751208375007464,0.14581477232964857,0.23704104699440273,0.22008686307420774
2024-08-21,41570.8515625,41570.8515625,41603.6015625,41368.05078125,41532.05078125,11500,0.03811122004970424,0.2290232348437542,0.026217440339789677,0.15004550506840464,0.2365278554917144,0.21926298103317315
2024-08-22,41506.19921875,41506.19921875,41834.0,41406.19921875,41735.25,17000,0.03467896488741906,0.22094113791632664,0.018376509278841935,0.13900262522952422,0.236841102457337,0.21947360307818997
2024-08-23,41089.8515625,41089.8515625,41548.75,41029.5,41492.75,16900,0.02582295970590809,0.21277505338676517,0.00873498629249947,0.12823349074513835,0.24031680186316637,0.22077538878223554
2024-08-26,41662.1015625,41662.1015625,41820.8984375,41319.05078125,41343.44921875,21200,0.016710450380269082,0.24206168653270876,0.009633701265039596,0.14050119597484478,0.23167119094357785,0.22007533965447462
2024-08-27,41709.25,41709.25,41936.69921875,41589.8515625,41696.8515625,14800,0.021782122127712356,0.2713618386460104,0.014468156026673284,0.15890068311000172,0.23101222327110646,0.21349044840065065
2024-08-28,42394.3984375,42394.3984375,42717.1484375,41594.8984375,41792.8984375,37800,0.03968101149314296,0.3090306936877276,0.03183426940954037,0.19711004860954517,0.23701497857255904,0.21199525135678676
2024-08-29,42591.6484375,42591.6484375,42790.30078125,42151.5,42191.1015625,31500,0.042607097689570494,0.310052717685509,0.03455941952718611,0.2288948380340876,0.23720689074055454,0.21199143203902343
2024-08-30,42787.80078125,42787.80078125,42913.94921875,42455.1015625,42644.1015625,38100,0.051054607130609275,0.32406224702430775,0.04205852956099343,0.17092187869855202,0.236425949963728,0.21084960005367026
2024-09-02,42975.6015625,42975.6015625,43299.5,42847.80078125,42864.8515625,22600,0.08168326736608944,0.298829410018163,0.058986980181947146,0.18130913932025794,0.21411848854507934,0.2071208676155075
2024-09-03,42851.30078125,42851.30078125,43194.55078125,42746.75,42953.1015625,20100,0.11487556967491463,0.25945073146750564,0.06398305317647401,0.15172512406963845,0.16629788132821477,0.20171977294516394
2024-09-04,42450.5,42450.5,42498.44921875,42023.5,42315.69921875,22900,0.09906485723055547,0.20701229989157532,0.04879306877017231,0.12506569172826998,0.1744544846299007,0.19403061826652204
2024-09-05,42644.6484375,42644.6484375,42766.05078125,42294.55078125,42578.1484375,17700,0.0880179918633579,0.23513698816118178,0.053133760589564316,0.1540550741671387,0.17045827792354468,0.1887454833117963
2024-09-06,42228.8984375,42228.8984375,42983.6015625,42167.1484375,42607.8515625,22500,0.09832938203848207,0.2229112705345253,0.06784671874599124,0.15468384556074133,0.15591745193561318,0.19059580339232057
2024-09-09,41919.05078125,41919.05078125,42431.6484375,41809.6484375,42104.05078125,18600,0.07365540162990114,0.2133761458284218,0.050308714828834145,0.14419745162717978,0.1561593952014651,0.19177432125819233
2024-09-10,42644.19921875,42644.19921875,42937.44921875,42055.8515625,42128.30078125,21600,0.0903781395309351,0.22182502930914372,0.0618695097459514,0.151642277498808,0.16319857673260257,0.19337492200028764
2024-09-11,42473.30078125,42473.30078125,42984.19921875,42406.1484375,42710.1484375,15900,0.08586122878118752,0.22760346379211827,0.05357119113464037,0.1656894435428955,0.16526448764038532,0.1923558298724875
2024-09-12,43152.1015625,43152.1015625,43265.25,42449.05078125,42836.5,26400,0.08609977190498652,0.23989784001557868,0.034527402632400506,0.16217444490653676,0.16546922839172615,0.19398021330116388
2024-09-13,43394.3515625,43394.3515625,43571.6484375,42989.3984375,43244.19921875,28000,0.06155110755719728,0.24242635721857297,0.02832733457194747,0.16416049567749447,0.13860250224181325,0.1940241124968848
2024-09-16,43352.6484375,43352.6484375,43583.1484375,43286.80078125,43457.3984375,11500,0.051308400007047616,0.24090024621715478,0.01830017352430513,0.16381152045655734,0.13753870990273243,0.19413107809097033
2024-09-17,43415.0,43415.0,43645.8984375,43133.55078125,43294.44921875,12500,0.044312607862130315,0.233370142766669,0.015173551458393053,0.1517802936214785,0.13595824061662803,0.19400595605560977
2024-09-18,42089.30078125,42089.30078125,43222.44921875,41814.3984375,43222.44921875,27100,0.01247146015208589,0.19763087217662512,-0.012047985861907362,0.11947160094301768,0.1799576896331222,0.2062801293721021
2024-09-19,41945.6015625,41945.6015625,42850.44921875,41670.80078125,42551.0,32400,0.010586426895756507,0.18400434168687596,-0.013769246128849,0.11257065364311658,0.18037766445527723,0.20642433291790044
2024-09-20,42204.3984375,42204.3984375,42375.19921875,41614.25,42186.8515625,39800,0.027124626461711765,0.19199235665135728,-0.011863125410851216,0.11146261177159222,0.1768851981341401,0.20641289911136332
2024-09-23,41987.44921875,41987.44921875,42378.5,41785.1484375,42288.3515625,14000,0.0078091993454032504,0.16232418403474091,-0.029313108251211917,0.08353066446685631,0.1718674915380926,0.2039302798847815
2024-09-24,42243.94921875,42243.94921875,42403.8984375,41691.3984375,41863.3515625,21800,0.012819679537512618,0.16833158317776387,-0.024060151407516495,0.08795871400141464,0.17304900438181586,0.2040342114143471
2024-09-25,41960.94921875,41960.94921875,42222.8515625,41645.8515625,42128.1484375,17300,-0.010224209676875429,0.1381030808342203,-0.048216685276601945,0.06096758713395567,0.1645046409995496,0.20182133897276414
2024-09-26,42160.8984375,42160.8984375,42345.3984375,41982.8515625,42033.8984375,27100,-0.010113485056397642,0.1303447988402886,-0.052420407404457525,0.043617298638084945,0.1645516128658069,0.2009400153836361
2024-09-27,42312.6015625,42312.6015625,43377.94921875,42270.55078125,42738.55078125,46500,-0.011105950997094438,0.13394980190472117,-0.048475286488501745,0.056027943310440476,0.1641771136729286,0.2009353482757552
2024-09-30,41946.1015625,41946.1015625,42275.3984375,41853.25,42045.55078125,20900,-0.023955452921415987,0.11186488062018074,-0.04500678891066212,0.04978398676923956,0.1655183585007898,0.2012680878009439
2024-10-01,42434.80078125,42434.80078125,42470.5,41916.30078125,41916.30078125,19500,-0.009719658269562781,0.1249723502647746,-0.030172738063924176,0.06441241403320652,0.1714386897863076,0.20222544180387653
2024-10-03,41762.6015625,41762.6015625,42325.8515625,41631.5,41978.44921875,26100,-0.01620471932014933,0.10652124773960225,-0.018244522652011597,0.06830053323005925,0.1774481199197235,0.20552500470883575
2024-10-04,41912.5,41912.5,42566.1484375,41682.94921875,41682.94921875,28100,-0.017168588892766623,0.11266269798719808,-0.011978710863755127,0.08886718985828979,0.17708769859662213,0.2054194175283668
2024-10-07,42190.6015625,42190.6015625,42491.8515625,41760.1015625,42134.6484375,22000,-0.000906887852087368,0.13169937735962933,0.0013625491881084084,0.1123237780598636,0.17568568718200966,0.20407837117649535
2024-10-08,42387.55078125,42387.55078125,42445.25,41639.44921875,42275.25,18400,0.01117630268979175,0.13540307953859876,0.00809847273848674,0.10673049243937127,0.17421953192026987,0.20414225212785214
2024-10-09,42622.75,42622.75,42920.55078125,42498.55078125,42524.69921875,16700,-0.000502980924556029,0.09224688004510151,0.001859151391824132,0.0726649731317972,0.1641307899536229,0.18445147534425532
2024-10-10,42088.80078125,42088.80078125,42880.3984375,42012.3515625,42801.05078125,19800,-0.009052745911608984,0.08165867005792204,-0.012263218573760115,0.06491181045157046,0.16964135756086274,0.18649850399726273
2024-10-11,42335.69921875,42335.69921875,42567.19921875,41734.19921875,41770.5,20800,-0.018919179233195638,0.08160645909712194,-0.0021933508557758774,0.06733554535235298,0.1603450621893624,0.1864934570663249
2024-10-14,42872.75,42872.75,42985.1015625,42357.75,42383.25,28300,-0.012020033569317135,0.07154019140727286,-0.0030065348116021795,0.05835114286551035,0.1659741458101595,0.18302381845401824
2024-10-15,42731.30078125,42731.30078125,43329.5,42572.80078125,42917.6484375,29400,-0.014332403639555569,0.07033486573131187,-0.0014737680705400047,0.048874209564317095,0.16624915609444876,0.18312581023586055
2024-10-16,42230.69921875,42230.69921875,42691.1484375,42168.69921875,42605.3515625,17100,-0.027278608343890398,0.06178919391085724,-0.009683191364810884,0.04293709597844386,0.17054076313167138,0.1847716229434485
2024-10-17,42734.3515625,42734.3515625,42900.44921875,42369.80078125,42455.6015625,35400,0.015325766151414788,0.06716625161940626,0.040060271749913,0.05610377903642427,0.1361871770252093,0.18573694361387932
2024-10-18,42106.5,42106.5,42579.75,41838.0,42216.8984375,58500,0.003835883418199515,0.049643442547524286,0.02593827573842966,0.03159806678206656,0.14642760365835872,0.18855888513816363
2024-10-21,41562.69921875,41562.69921875,42609.05078125,41481.55078125,42426.44921875,28100,-0.01520455787802033,0.037627771935189847,0.023950635705969225,0.022262760483054533,0.1517710031738667,0.19062195811954513
2024-10-22,41238.80078125,41238.80078125,41850.6015625,41155.8515625,41556.3515625,21800,-0.01783029099004385,0.006380334716147518,0.03872348132206338,0.020986825421976607,0.15308489845474935,0.1856909092044032
2024-10-23,42222.1015625,42222.1015625,42530.94921875,41151.3515625,41168.3984375,27400,-0.000517178356996606,0.034345823413824306,0.057496590434670924,0.05047555455823416,0.1747059562387306,0.1916020620411318
2024-10-24,42139.8515625,42139.8515625,42379.6015625,41926.8515625,41929.25,16300,0.004263543772981659,0.0334384992220329,0.06597484661864372,0.05185966227004968,0.17309397518606245,0.1916424876186745
2024-10-25,42038.8515625,42038.8515625,42366.1484375,41874.55078125,42235.30078125,19000,-0.0028947882877999875,0.029075103352667497,0.07473894903527667,0.05994941565148826,0.17246622407025317,0.19171763214394638
2024-10-28,42205.3984375,42205.3984375,42401.30078125,41963.30078125,42012.6015625,19200,-0.0025335980545098113,0.03674827085192045,0.0677441970071534,0.06360656021809608,0.1725750560738453,0.19166797125000393
2024-10-29,42031.44921875,42031.44921875,42210.8984375,41746.6015625,42167.55078125,16300,0.002034698173865701,0.05791923021599632,0.054105824089528465,0.06806781270156659,0.17031190487552705,0.18478392384158257
2024-10-30,41668.6015625,41668.6015625,42164.3515625,41572.1015625,41975.3515625,22800,-0.018055916479960188,0.08410491764759209,0.038386941351872705,0.0722469716960461,0.16735050828030087,0.17187827305452053
2024-10-31,40407.55078125,40407.55078125,41501.94921875,40191.94921875,41501.94921875,29400,-0.032446512682455686,0.04617187148398605,0.008929561715765644,0.03730250073365715,0.19143947603472194,0.18382904536015196
2024-11-01,40433.6484375,40433.6484375,40646.69921875,40366.5,40568.6484375,2200,-0.03528426036385324,0.03160744873189003,-0.006890841676719384,0.031325542800209716,0.19065708628315153,0.18152800818538464
2024-11-04,40421.80078125,40421.80078125,40472.44921875,39975.0,40202.25,21800,-0.04192404743577183,0.051328666284321534,-0.009644306325904184,0.05637284220276084,0.188176772209153,0.1768162101634423
2024-11-05,40424.6015625,40424.6015625,40658.25,40225.19921875,40345.44921875,11900,-0.046309569261980155,0.035378688625459453,-0.014332405374827939,0.04170675751845221,0.18667703788895956,0.1742097050323673
2024-11-06,42039.5,42039.5,42105.5,40675.05078125,40770.6015625,34500,-0.013684006780416591,0.07491646312017175,0.00624632103909184,0.06928740076135953,0.23697668306394798,0.19132399154690502
2024-11-07,41752.3984375,41752.3984375,42369.6484375,41348.75,42151.5,19600,-0.007992680653896467,0.0674308292027026,0.023973286610010414,0.0649307418181797,0.23400035179903658,0.1920254367684494
2024-11-08,42050.1484375,42050.1484375,42306.69921875,41840.69921875,41938.80078125,21700,-0.006744917091708991,0.05836459808085581,0.025943859108256917,0.05818031772879784,0.23448770460025478,0.19005077828020017
2024-11-11,42590.30078125,42590.30078125,42798.1484375,41793.6484375,41991.3515625,18100,-0.00658808261074928,0.04188170435989802,0.03267689794579298,0.05817473068549961,0.23460394245371824,0.18293381398174846
2024-11-12,42609.55078125,42609.55078125,42884.6015625,42462.05078125,42846.0,18300,-0.0028491994808036436,0.0332881674215475,0.04399934631215585,0.061335657656379716,0.23435110916226526,0.18216288869953373
2024-11-13,42369.5,42369.5,42659.69921875,42201.3984375,42484.44921875,15000,0.0032867270449639108,0.019163953444996773,0.05984165032955324,0.06531180430248629,0.2313011092190652,0.1819042106116333
2024-11-14,42390.8515625,42390.8515625,42633.0,42162.80078125,42318.75,16600,-0.008038030002575858,0.019725359697459366,0.0411400623832443,0.06968458647118936,0.22716357998150857,0.18190301445600962
2024-11-18,41406.55078125,41406.55078125,42442.8515625,41035.3984375,42442.8515625,21800,-0.016623305635709462,-0.002400808538860044,0.039715599129720336,0.05231975324700533,0.2363791688429275,0.18831506177173188
2024-11-19,41748.3515625,41748.3515625,42447.6484375,41534.6015625,41534.6015625,18800,0.004466801897847983,0.016025854924260008,0.05541690618205586,0.06858366366709101,0.23388781953758847,0.18788166018659164
2024-11-21,41952.80078125,41952.80078125,42325.8515625,41678.19921875,41928.8984375,19200,0.017313791537910905,0.006977545727353762,0.06317006201174047,0.07337736199275435,0.23243494650735766,0.18600799773872675
2024-11-22,43332.1015625,43332.1015625,43436.1484375,41983.55078125,42229.19921875,24600,0.026289548812649777,0.038908672836361236,0.047907686358433565,0.0832971570125961,0.2455383944471936,0.19738977426256643
2024-11-25,43618.1484375,43618.1484375,43751.6484375,43337.6015625,43697.8515625,42000,0.0350807328499354,0.02886584183531027,0.042355501785167116,0.06201439802659192,0.24590858745827557,0.1950892555537322
2024-11-26,44085.94921875,44085.94921875,44244.6015625,43699.44921875,43763.19921875,21700,0.048695375353119186,0.03508436127901393,0.04812884247135374,0.07315096241687924,0.2473726171942375,0.1960276890189239
2024-11-27,44018.69921875,44018.69921875,44330.6015625,43980.1484375,44132.5,18100,0.04296371668982668,0.028767508846572643,0.0456034965904738,0.06684817904754581,0.2476741147477393,0.19589287442038744
2024-11-28,42968.75,42968.75,44013.1015625,42864.80078125,43948.0,24100,0.022299987239837504,-0.00015942912375610518,0.04488970465642805,0.05382075459997249,0.2640019895575207,0.20208571688137836
2024-11-29,43146.25,43146.25,43468.94921875,42738.75,42873.80078125,16700,0.03546191573728796,0.006883086706181318,0.044079117000435875,0.05232441716306768,0.26161551613674205,0.2021683441399272
2024-12-02,43547.0,43547.0,43578.0,42860.80078125,43171.75,14500,0.0776946179130158,0.025830084451302193,0.0747737275719973,0.062445007685651976,0.23268658531044747,0.20203214793770083
2024-12-03,43754.94921875,43754.94921875,43811.5,43404.0,43794.69921875,28300,0.08214200077403055,0.026036110553877778,0.07585502812486089,0.05339528707086039,0.23241897183959936,0.2020501345662273
2024-12-04,43949.25,43949.25,44225.55078125,43585.05078125,43761.1484375,28900,0.08726600870256718,0.040738726941839776,0.06759137936561643,0.05621831988765269,0.23188019203856533,0.20107630379201266
2024-12-05,44806.3984375,44806.3984375,45027.94921875,44023.8984375,44174.80078125,34800,0.10839431201876804,0.06887912780557248,0.08794688876789136,0.07802238811694118,0.23735057254378356,0.20393920931112303
2024-12-06,44716.05078125,44716.05078125,44852.30078125,44519.69921875,44780.44921875,17900,0.06366752176524448,0.04858460471662562,0.055754207022882696,0.06309270674857415,0.2013348136737535,0.20126564218735374
2024-12-09,44832.0,44832.0,44913.30078125,44477.1484375,44648.30078125,19500,0.07375867441746897,0.05553369235176686,0.05641728312394334,0.06755086148300948,0.19791334644980677,0.201047033805745
2024-12-10,45199.75,45199.75,45377.75,44824.1484375,44848.5,32300,0.07490108072225521,0.04745188214145846,0.05577536628217428,0.07812865811016467,0.1982019484447286,0.1992138140050938
2024-12-11,45350.3515625,45350.3515625,45398.94921875,45046.6015625,45238.80078125,19400,0.06480467924906241,0.04507499085872535,0.04407257352969185,0.07326102673709978,0.19523081169939333,0.19903309828905633
2024-12-12,45701.6484375,45701.6484375,46002.6484375,45375.5,45409.69921875,29300,0.07256818247449481,0.0541835409060758,0.04471416549784557,0.0870806022642282,0.19560699588881306,0.19951118866148898
2024-12-13,45995.80078125,45995.80078125,46088.8984375,45073.5,45496.94921875,20500,0.08558752832226002,0.05944491031325572,0.03425905964887832,0.08502662052152055,0.1927876492625495,0.19983126741465926
2024-12-16,45653.6015625,45653.6015625,46005.19921875,45536.8515625,45937.1015625,15600,0.076968258002307,0.08468424789888251,0.028714091716731227,0.11263417842464707,0.19679794456921174,0.1892882962450818
2024-12-17,45413.75,45413.75,45759.6484375,45213.8515625,45576.1484375,24200,0.09677693850714486,0.08268205266605544,0.05916259928007728,0.12516746520700517,0.17252303905755287,0.1895250793098514
2024-12-18,45526.8515625,45526.8515625,45693.0,45237.30078125,45293.05078125,21600,0.09050656753101594,0.07872291154487554,0.061578293645564,0.14045385428263046,0.17213530711598723,0.18927511444719897
2024-12-19,44954.19921875,44954.19921875,45265.94921875,44434.1015625,44493.44921875,27800,0.07154226610876036,0.07065801936534788,0.045769187078126716,0.14727422167975768,0.18234872577631075,0.1909789029213711
2024-12-20,43771.05078125,43771.05078125,45647.30078125,43663.05078125,45513.3515625,47400,0.010129885302629038,0.036149592799486596,0.02350448924076498,0.1268536819883085,0.17862284640312034,0.19898480412099012
2024-12-23,43828.3515625,43828.3515625,44267.3984375,43643.94921875,44011.5,16400,0.00481916662054549,0.044503338902437406,0.024159150862917866,0.13105495232051778,0.1772193199021969,0.19840386789919687
2024-12-24,43668.8984375,43668.8984375,44203.05078125,43262.1015625,43897.0,15500,-0.009459947866397034,0.035767738731552035,0.009835743690568388,0.1306867031243404,0.17328854048937162,0.1984221605908988
2024-12-26,43664.25,43664.25,43851.0,43420.8984375,43708.19921875,14300,-0.00805224200262189,0.03194434725322859,0.013562725038711032,0.12471927032999097,0.17324758184367542,0.19832758607048445
2024-12-27,43721.3984375,43721.3984375,43863.6484375,43546.05078125,43707.0,15700,0.01751618181818171,0.04232328652413142,0.021729168621154038,0.11971125511019798,0.1488318707664399,0.19739797808169615
2024-12-30,43971.44921875,43971.44921875,44175.5,43259.80078125,43674.05078125,41600,0.019125630124286586,0.03621198660555458,0.039273871465145715,0.11963286149415442,0.1493948796653801,0.19637728693440118
2024-12-31,43337.80078125,43337.80078125,43659.6484375,42574.44921875,43622.3984375,19800,-0.004803986927916948,0.037717938054999456,0.02119900695639132,0.10129387846550686,0.1555707365539777,0.19587611228104926
2025-01-02,44351.75,44351.75,44420.94921875,43325.8984375,43401.6484375,23700,0.013639617732529752,0.05819862809424392,0.024618002201348466,0.09121731444733072,0.17575201545911937,0.2011637949903913
2025-01-03,43726.55078125,43726.55078125,44337.1484375,43554.94921875,44334.1484375,27300,-0.005067190424182466,0.03640500874287578,0.013843616935148684,0.06830563687471292,0.18277339895222686,0.20316908080149582
2025-01-06,43674.8515625,43674.8515625,44331.1015625,43401.69921875,43961.6484375,22700,-0.025254135892631147,0.030369784465570815,0.018955509090678446,0.08622438844614888,0.1675101125875167,0.2030229466382821
2025-01-07,43375.8515625,43375.8515625,44112.05078125,43293.6484375,43836.3515625,20000,-0.029971323391375204,0.017669004522232745,0.00933122221317162,0.06866778035709731,0.16867520450219894,0.20330021985027324
2025-01-08,43634.25,43634.25,43725.94921875,42735.55078125,43333.8984375,20100,-0.02671640792291219,0.03671877530515144,0.011061356456225857,0.08910202470359074,0.1701705937182291,0.20182204460814226
2025-01-09,43126.44921875,43126.44921875,43838.6484375,43032.44921875,43606.30078125,21900,-0.04586974001515498,0.018678089994785818,-0.0018409490597319778,0.07627044706539676,0.17004257865574665,0.20307506328045266
2025-01-10,44609.5,44609.5,44798.6484375,43731.5,43731.5,46400,-0.016336181241704106,0.04050941448822387,0.03277957908742413,0.10802185666890696,0.21263015341410021,0.21296821236214386
2025-01-13,43999.1015625,43999.1015625,44655.69921875,43927.3984375,44390.6015625,28700,-0.03725351126728704,0.02966913616180622,0.02233213060178474,0.1083446713384163,0.2148570882382113,0.21487434616838838
2025-01-14,43061.19921875,43061.19921875,44007.55078125,42916.75,43996.6015625,38300,-0.06380151041301751,0.0196657885226601,0.00048428836108971307,0.09155831890089272,0.2232683129084082,0.21816204352349175
2025-01-15,43401.25,43401.25,43447.69921875,42976.30078125,43190.80078125,16600,-0.04933568186107995,0.015605675834922783,0.009649077140876039,0.07769293757096707,0.226085380985077,0.21741327370760638
2025-01-16,43188.8515625,43188.8515625,44012.3515625,43095.0,43696.44921875,31300,-0.0489917357077978,0.02570509452222347,-0.006905968993876077,0.08775735367200677,0.22603092129027638,0.21542251519367253
2025-01-17,42032.19921875,42032.19921875,42495.05078125,41962.6484375,42469.0,34600,-0.07676024639991819,0.01129618645624908,-0.03561571239532357,0.07496972861125739,0.24129903988209875,0.22106463033343107
2025-01-20,42192.80078125,42192.80078125,42478.5,41709.55078125,42377.3515625,54700,-0.06142692975272146,0.02313355339939349,-0.0360863802907917,0.06920028356843566,0.2405366643036025,0.2205493362904988
2025-01-21,41697.94921875,41697.94921875,42536.69921875,41639.0,42288.55078125,32700,-0.047362389650194237,-0.012414169933585906,-0.02350019105453971,0.045323531745323886,0.22665569935204224,0.21654316646332888
2025-01-22,42590.69921875,42590.69921875,42635.3515625,41750.19921875,41755.19921875,49400,-0.02823862407841382,0.010698843008056791,-0.003059139454223536,0.06168578372517386,0.24149364296014125,0.2208947403750482
2025-01-23,43351.75,43351.75,43663.44921875,42741.19921875,42750.44921875,60000,-0.007262570132239743,0.03123059714293297,0.014749756105353784,0.07157050071764726,0.2506239416152034,0.2237195546714589
2025-01-24,43524.1015625,43524.1015625,43959.1484375,43217.5,43220.44921875,36100,-0.003209683837464339,0.031244892213322162,0.024495346926257877,0.08247721346785963,0.2510963851064493,0.22372046723032374
2025-01-27,42060.69921875,42060.69921875,43245.94921875,41961.1484375,42986.8984375,29700,-0.03798367111070289,0.0006959074822228128,0.003348099398958748,0.06763134236234236,0.2784837526345332,0.23460903837954772
2025-01-28,41820.6484375,41820.6484375,42463.1484375,41731.25,42097.05078125,31300,-0.04891357504616589,0.003648955551626587,-0.01983117760465891,0.06049165544005197,0.27727763678425565,0.23422069635910628
2025-01-29,42914.5,42914.5,42968.3984375,42051.55078125,42052.0,29700,-0.009767472590190618,0.062041602875700264,0.010604920323222355,0.10510026622160484,0.29074782293713647,0.23111901788581704
2025-01-30,42426.6484375,42426.6484375,43025.8515625,42117.3515625,42893.80078125,24800,-0.04340531236084255,0.04929062988418331,-0.004579235855598829,0.09269231009076284,0.2791633117563871,0.2325202327458125
2025-01-31,42662.75,42662.75,42967.75,42486.80078125,42586.1015625,27500,-0.0243284860626638,0.05543912382521765,-0.003651344689602265,0.07573260679909144,0.2767148262051736,0.23271093468878015
2025-02-03,42314.25,42314.25,42375.25,41328.25,41592.19921875,27100,-0.031152975083451384,0.04674501082165117,-0.02035523407408424,0.0819426077003037,0.2778180598493736,0.23345317196108606
2025-02-04,42860.19921875,42860.19921875,42931.1015625,42407.3515625,42642.75,32200,-0.011888005080591846,0.01952209752137879,-0.013210332611012676,0.04994193237241462,0.2816133907298879,0.22084088776481203
2025-02-05,42888.30078125,42888.30078125,43250.75,42818.1015625,43060.6484375,21900,-0.017095497659522008,0.027205678865379612,-0.01740583487338976,0.047993379206305975,0.28060928738269314,0.22033446462525608
2025-02-06,43020.94921875,43020.94921875,43431.80078125,42838.1484375,43197.30078125,26500,-0.0024462946036867272,0.02308673850920928,-0.005712807233062112,0.04564948136383795,0.27792773452952946,0.2199694024395729
2025-02-07,42921.6484375,42921.6484375,43133.3515625,42623.44921875,43106.1484375,19200,-0.03783614616841702,0.007779885330039038,-0.04331804953567897,0.03186108823487677,0.24732651992696308,0.21850934880241038
2025-02-10,42596.55078125,42596.55078125,42973.6484375,42511.25,42956.44921875,21600,-0.03187680501288648,-0.00030509591773775213,-0.04468331289452376,0.02070734683198938,0.24435637227293883,0.21908133962831225
2025-02-11,41968.30078125,41968.30078125,42790.25,41866.6015625,42616.8984375,21500,-0.025380120789207483,-0.009469057193264074,-0.02088194286476397,0.011213015464255238,0.23819810770947553,0.2209001162274008
2025-02-12,41733.0,41733.0,42263.05078125,41591.19921875,42039.5,23600,-0.03843783301172199,-0.015518715436279473,-0.031202758812455933,0.0051949823090950975,0.23612798704606738,0.22117826673191476
2025-02-13,41315.55078125,41315.55078125,41944.69921875,41182.3984375,41787.0,21300,-0.043374637515866454,-0.002197719884487581,-0.03134637795513229,0.015812170903136247,0.23768156132997195,0.21682047665817336
2025-02-14,41311.1484375,41311.1484375,41606.75,40958.0,41547.05078125,18600,-0.017154724107996455,-0.010472344622888374,-0.005348196216419021,0.014582399514705413,0.21868725191245456,0.21613644876071084
2025-02-17,41073.19921875,41073.19921875,41254.8984375,40592.5,40968.80078125,17400,-0.0265353695836551,-0.02096645625846083,-0.010032729803833074,-0.004246882123500217,0.21861542997506522,0.21617465843481481
2025-02-18,41464.3515625,41464.3515625,41530.30078125,41039.25,41097.44921875,23200,-0.005602137770002402,-0.04310314830463635,-0.002155848335470556,-0.002866432716268852,0.2181671718014791,0.20625100010574585
2025-02-19,40924.25,40924.25,41403.25,40785.05078125,41373.5,20800,-0.039127068804176046,-0.06176095350218869,-0.0295202512651338,-0.008544650106815821,0.20709763382098448,0.20721411939112397
2025-02-20,40865.94921875,40865.94921875,41004.8515625,40701.1015625,40725.3984375,17400,-0.057340263801345936,-0.07303914415050217,-0.0447483734110391,-0.02007877673745373,0.19364920314496306,0.20576716631443362
2025-02-21,40544.55078125,40544.55078125,40905.3984375,40417.44921875,40821.6484375,18400,-0.0684574907760338,-0.07892437757497772,-0.05562636865907167,-0.017997248062586735,0.192602194291804,0.20621539794659902
2025-02-24,39446.6015625,39446.6015625,40186.5,39306.69921875,40100.25,32200,-0.06215059912947607,-0.08196999999999999,-0.05006951960917727,-0.025066419524756745,0.17939436199581643,0.20788248633440828
2025-02-25,39131.30078125,39131.30078125,39518.19921875,39066.3984375,39085.6015625,24900,-0.06430669434189118,-0.09305441883709475,-0.046460514213609305,-0.027431680803648995,0.1800073707551232,0.20798847372953333
2025-02-27,38946.6484375,38946.6484375,39237.69921875,38742.8984375,38971.6015625,31400,-0.09245946154563145,-0.10564106740992496,-0.06577698646466901,-0.034336223982221914,0.14333680890301176,0.20683673966580135
2025-02-28,37318.30078125,37318.30078125,38642.0,37167.30078125,38620.69921875,50700,-0.12040422339217449,-0.14710675140589002,-0.07202465474553688,-0.051737866044286984,0.19578374271474971,0.22262145136740305
2025-03-03,37614.44921875,37614.44921875,37930.1484375,37369.69921875,37408.6484375,30400,-0.11833041192257887,-0.14413899625704651,-0.05924091258220843,-0.0481686964310819,0.1978598362053294,0.22320652856377796
2025-03-04,37276.94921875,37276.94921875,37537.19921875,36797.3984375,37228.80078125,26600,-0.11904502103310355,-0.16804406248479786,-0.0643214384941252,-0.06177453639292363,0.1979842951057268,0.2188372239533619
2025-03-05,38072.30078125,38072.30078125,38381.75,37287.25,37287.25,31500,-0.11170966362203572,-0.148576403414986,-0.0526534921444195,-0.05373407849524303,0.2104232601011697,0.2243742657605257
2025-03-06,38145.30078125,38145.30078125,38347.1015625,37912.0,38226.1015625,30200,-0.11058959934531976,-0.14915014317340292,-0.061991230632376215,-0.06489404904894625,0.21099252363003923,0.22431088018845266
2025-03-07,37820.44921875,37820.44921875,38048.3515625,37625.05078125,38028.1484375,22900,-0.12088296735520299,-0.16325976982726675,-0.07636176054489441,-0.07965365297936433,0.2084759814893565,0.22346878582778257
2025-03-10,37644.3984375,37644.3984375,38037.30078125,37564.3984375,37791.6015625,20500,-0.12295077640562724,-0.16992047160604629,-0.07627629390611257,-0.08139203899003766,0.20802417602490958,0.223106831211694
2025-03-11,37400.1015625,37400.1015625,37500.80078125,36826.8984375,37185.25,28500,-0.12199225344408293,-0.18164655234160554,-0.08419761007008231,-0.09810653216169207,0.20798763890966002,0.22206250026847768
2025-03-12,36310.6484375,36310.6484375,37201.55078125,35828.80078125,37181.8515625,44900,-0.13480775343369744,-0.21056601209774162,-0.10874560133074307,-0.11779417435465867,0.22190355618396135,0.2274856306409244
2025-03-13,36122.5,36122.5,36592.94921875,35948.25,36378.19921875,23400,-0.13443797474420727,-0.20876998169469452,-0.10631717843043331,-0.11670626492313596,0.22195005280527091,0.22738279363122516
2025-03-17,36137.19921875,36137.19921875,36170.25,35828.05078125,35828.05078125,29600,-0.12533662179447602,-0.20426744722138124,-0.10264367296111954,-0.12918320987752852,0.22328003570348395,0.2275346453875677
2025-03-18,36619.3515625,36619.3515625,36681.1484375,36008.8515625,36242.1484375,29900,-0.11357217246328222,-0.19565376682750923,-0.10943120759308367,-0.13926477106316704,0.233320441609441,0.2298649753030251
2025-03-19,36223.5,36223.5,36581.6484375,35804.6015625,36581.6484375,36900,-0.11807454279178975,-0.19421320745289805,-0.11581402358949877,-0.15062132698382247,0.2339470414666744,0.22959385178614056
2025-03-20,36676.6484375,36676.6484375,37109.8515625,36444.55078125,36444.55078125,37100,-0.11546552507359009,-0.1620797814337369,-0.12615832930893434,-0.1452552086992377,0.23680398368014163,0.22677836467885515
2025-03-21,36702.80078125,36702.80078125,37033.8984375,35674.3984375,35942.5,53100,-0.10315275707557259,-0.16257857134071851,-0.1213580426211669,-0.1456105586359847,0.23648620696056155,0.22673391957878705
2025-03-24,37217.05078125,37217.05078125,37469.8515625,36539.94921875,36944.8984375,27900,-0.08928945753756834,-0.14774468528176965,-0.12181223184165979,-0.1448240091883044,0.24601912884391358,0.22934695220534618
2025-03-25,37706.8984375,37706.8984375,38073.05078125,37406.0,37542.3984375,36100,-0.06998850126765455,-0.1364354491947073,-0.10827389403761611,-0.13300184312791608,0.25352754235323227,0.2315555080722009
2025-03-26,37336.69921875,37336.69921875,37929.3984375,37216.6015625,37719.44921875,23500,-0.05348755685345996,-0.14603145020342767,-0.0948783043995346,-0.13231855007604565,0.2388688528193277,0.23191413840997185
2025-03-27,37548.30078125,37548.30078125,37627.6015625,37160.0,37168.1484375,35100,-0.04045354916385768,-0.14607543193643668,-0.08677336667452484,-0.14383599886629383,0.23979331470165172,0.23190625711813567
2025-03-28,36886.1484375,36886.1484375,37540.80078125,36767.25,37376.6015625,28900,-0.052905707748039155,-0.14886893721984373,-0.09612134906898462,-0.14356328152683906,0.24611803552998096,0.23271922413755425
2025-04-01,35980.6484375,35980.6484375,36538.6015625,35890.3984375,36422.8515625,31000,-0.03584440651762155,-0.18874343317907416,-0.08289589362293714,-0.14645288966568026,0.2136602918972352,0.2307538463757331
2025-04-02,36283.5,36283.5,36368.8515625,35970.69921875,36024.44921875,21600,-0.03538398797254094,-0.1702181088667435,-0.09022518029238469,-0.14220696979530967,0.21395515785358124,0.23091703256223597
2025-04-03,34757.25,34757.25,35686.55078125,34642.3984375,35676.44921875,38300,-0.06759402986450969,-0.20418161123544176,-0.12046128982192994,-0.1886857446629686,0.2584699595841642,0.2448884363622822
2025-04-04,33511.44921875,33511.44921875,34361.6484375,33418.6484375,34224.6015625,42300,-0.11979448231156409,-0.22741691490566918,-0.14518467797818035,-0.1935273186682599,0.2664900543855878,0.25383735591313566
2025-04-07,32668.80078125,32668.80078125,32835.1015625,30918.94921875,31307.94921875,56200,-0.14356945384716768,-0.2513037171201522,-0.12657656316107757,-0.18682852257812965,0.27283468663688903,0.2565714277236576
2025-04-08,33244.3984375,33244.3984375,33742.8515625,32859.05078125,33232.3984375,42300,-0.12099408853613935,-0.22914130331308613,-0.12025579386259988,-0.18703345086478318,0.2870781285608246,0.26016922657934183
2025-04-09,32517.349609375,32517.349609375,32762.30078125,32200.25,32710.25,41900,-0.13619685905294254,-0.27106670979555925,-0.1334742601340515,-0.22700851423082802,0.29227427442613685,0.2501983205922897
2025-04-11,32740.849609375,32740.849609375,33210.80078125,32526.0,32926.6484375,41400,-0.12457859092545076,-0.25587458728294343,-0.13927553530177061,-0.2447250159544686,0.29658113823027815,0.25077294678723666
2025-04-15,33275.30078125,33275.30078125,33520.6484375,32932.94921875,33504.1484375,31500,-0.08359387085787295,-0.22725559471272128,-0.12177952677340675,-0.2338356631393652,0.2941637824435198,0.2520128543082511
2025-04-16,33295.5,33295.5,33387.44921875,32867.94921875,33215.94921875,35800,-0.0782614713821026,-0.23284467613259985,-0.12469584872734485,-0.2424943585348026,0.2946670836653167,0.2509533633782514
2025-04-17,33372.3515625,33372.3515625,33471.55078125,32470.94921875,32832.6484375,82800,-0.07650973833122743,-0.227292452678308,-0.13617099853559234,-0.250450235058175,0.2951267901385345,0.2513283490769945
2025-04-21,34135.05078125,34135.05078125,34528.55078125,33283.8515625,33299.6015625,100,-0.06784120076539113,-0.18788330337892922,-0.12438989968856051,-0.22763435468028026,0.3040901087241958,0.2526843088337805
2025-04-22,33941.05078125,33941.05078125,34130.30078125,33789.1484375,34075.6015625,37700,-0.06301017899291894,-0.19557246371914194,-0.11799849780871852,-0.23080522483245425,0.3029831649662569,0.2522650918435871
2025-04-23,35414.6484375,35414.6484375,35522.75,34648.44921875,34700.1015625,71800,-0.03440881470264523,-0.15068608646164872,-0.08349320039047259,-0.20733401839533283,0.3401495583901097,0.26875754461754797
2025-04-24,35307.1015625,35307.1015625,35572.0,35197.30078125,35463.6015625,43600,-0.03802704940880175,-0.17101380794057242,-0.07641177999718418,-0.21814544826498106,0.34004996050411546,0.2640990238694316
2025-04-25,35562.25,35562.25,35941.44921875,35068.1484375,35487.30078125,46200,-0.04446351192565989,-0.1796813277434014,-0.06056776291064925,-0.21562131632530412,0.3367177411326462,0.26142191233716766
2025-04-28,35482.94921875,35482.94921875,35679.3515625,35089.75,35541.55078125,29000,-0.05897990317172985,-0.18475171353515518,-0.08685853581384972,-0.23828930731471043,0.3318106147081554,0.2609940353560775
2025-04-29,35920.3984375,35920.3984375,36157.19921875,35416.8984375,35565.75,33700,-0.037933208100483395,-0.14598665488929274,-0.07408533678086948,-0.21198993588497017,0.33504844781386606,0.25487335692784313
2025-04-30,35794.94921875,35794.94921875,36206.55078125,35440.80078125,35913.69921875,32300,-0.04669589637929894,-0.1440843086819964,-0.07815790035013181,-0.20406314842761042,0.33387329091733975,0.254798790488315
2025-05-02,35891.8515625,35891.8515625,36300.6015625,35637.3984375,35868.5,31300,-0.026955833480005076,-0.16364278827668965,-0.06213323519885239,-0.2147412867218611,0.32922812887350406,0.248105170484543
2025-05-05,35991.25,35991.25,36352.3984375,35949.3515625,36042.6015625,21200,0.0002946462323605292,-0.15168293217834972,-0.055626444672008946,-0.20379804822923253,0.31748106852900715,0.24774467112562354
2025-05-06,35869.19921875,35869.19921875,36314.19921875,35778.80078125,36129.30078125,21800,-0.011418434860198112,-0.1592384640289245,-0.056302470010229144,-0.1962975239510717,0.31611399904955184,0.24714356237901006
2025-05-07,35920.30078125,35920.30078125,36042.25,35440.6484375,35479.1015625,24900,0.0334621059275404,-0.1511062873322817,-0.01661513248482871,-0.19619628004016265,0.27354889144074085,0.24704726666739785
2025-05-08,36002.44921875,36002.44921875,36240.25,35832.80078125,35960.94921875,30700,0.07433280440185386,-0.1600027560534517,0.014547408585436461,-0.18252034954313656,0.23353071787575044,0.24515110588930544
2025-05-09,35880.1015625,35880.1015625,35929.30078125,35488.3984375,35490.8984375,22100,0.09829870409853236,-0.16340584940622915,0.01498340090877881,-0.17655976830806197,0.2089679646472249,0.24504036004368746
2025-05-12,38282.55078125,38282.55078125,38356.1015625,36600.75,36656.6484375,43200,0.15154890990798964,-0.11014165246346641,0.04554671115435438,-0.16612309709919626,0.29657932279578403,0.28149932405751904
2025-05-13,37354.6015625,37354.6015625,38326.3984375,37304.94921875,38326.3984375,36600,0.1487591089444258,-0.1297025412038032,0.05146973944842537,-0.17292845740461205,0.29985020735172613,0.28528296200224973
2025-05-14,37853.55078125,37853.55078125,37913.80078125,37379.1484375,37480.6015625,22000,0.1561566432415069,-0.11134704366926718,0.07562811442727702,-0.16631765315377178,0.3006907640370181,0.28683312803752403
2025-05-15,38293.80078125,38293.80078125,38377.3515625,37456.75,37929.1015625,37300,0.1508175698543297,-0.08755417616625638,0.0765073889785286,-0.17381960672347918,0.29931189716390366,0.2868722983212144
2025-05-16,37972.3515625,37972.3515625,38351.8984375,37814.8984375,38351.8984375,18000,0.140464974621195,-0.09011210403038361,0.07293977471446289,-0.17579356902859367,0.3035698749726668,0.2871010719423316
2025-05-19,37477.80078125,37477.80078125,37917.19921875,37429.6015625,37845.6015625,21700,0.12301947649872025,-0.09288875320383394,0.07716106375949439,-0.17599480822705005,0.31127676956535427,0.28755458031769504
2025-05-20,37283.5,37283.5,38019.05078125,37234.19921875,37722.19921875,25400,0.0922350823183602,-0.09749543621604873,0.06909158543252159,-0.17401997978485273,0.306991628896617,0.28762905830631885
2025-05-21,37540.1015625,37540.1015625,37618.8984375,37112.6015625,37418.25,14600,0.10603828397788484,-0.08601953885873914,0.07929965137591322,-0.16676821451587454,0.3047340619310048,0.2880313485259039
2025-05-22,37050.1484375,37050.1484375,37316.30078125,36868.55078125,37246.25,25400,0.0461814551932187,-0.10645778744052925,0.03464170485399598,-0.17899544791260635,0.2767297983421052,0.2880789681644109
2025-05-23,37403.55078125,37403.55078125,37826.3984375,37062.80078125,37108.69921875,17900,0.059377550860098216,-0.08602965769073345,0.03436585065283748,-0.16976306983187717,0.27712315634247325,0.28803830115053086
2025-05-26,37785.8984375,37785.8984375,37819.6484375,37442.8515625,37491.1015625,10600,0.0625283393907865,-0.07536961309188972,0.022518904989328625,-0.16649632261911007,0.27793598311142115,0.2890296144037197
2025-05-27,37501.44921875,37501.44921875,37798.69921875,37323.30078125,37777.8984375,22400,0.05688647771514388,-0.07505574741519383,0.036429021696482655,-0.1641199560375466,0.2799091042457928,0.2889973989942347
2025-05-28,37465.75,37465.75,37777.5,37440.69921875,37751.3984375,14900,0.04302155960738707,-0.05021602581813034,0.025906961107193816,-0.14772258903217628,0.27789068366003034,0.2838108295860528
2025-05-29,37754.1484375,37754.1484375,38121.3984375,37585.05078125,37762.1484375,29700,0.0547339572065586,-0.03519311436766426,0.03421138376431432,-0.13658101455707294,0.2777305146090057,0.28394055060387635
2025-05-30,37321.75,37321.75,37665.44921875,37241.25,37646.3984375,39500,0.03983908255638635,-0.041721136546770454,0.02324545742592643,-0.13955406932216996,0.2822556537452448,0.2847024930835331
2025-06-02,37061.8515625,37061.8515625,37172.6015625,36770.1484375,37147.8515625,19000,0.029746162261660825,-0.006871942542433507,0.019303103996997084,-0.12402157540290859,0.2840013777011473,0.271291609304943
2025-06-03,36814.8984375,36814.8984375,37367.3515625,36740.55078125,37199.6484375,24300,0.02636521693675431,-0.02125647983305945,0.019683384862598352,-0.13080782789393886,0.28498639490909744,0.2710972252341994
2025-06-04,36938.1015625,36938.1015625,37088.5,36762.80078125,36831.30078125,20100,0.028334973792348617,-0.009090005039349203,0.019905570455290844,-0.12400143021874221,0.28507857325217356,0.27059440500065807
2025-06-05,37107.94921875,37107.94921875,37408.25,36886.25,37034.44921875,23500,0.030706244269188776,-0.0253294795090222,0.011051324395926487,-0.13338190862798638,0.2852908149397516,0.2671452652876718
2025-06-06,37294.8515625,37294.8515625,37356.30078125,36910.94921875,37134.1484375,15100,0.039429932982091076,-0.022294993127122797,-0.0020167006921008035,-0.13133843338980933,0.28493288145103063,0.2673376089703543
2025-06-09,37669.19921875,37669.19921875,37786.25,37445.30078125,37522.5,18600,-0.016021700487116153,-0.003999159267653929,-0.023183271362391622,-0.11709966780329306,0.16618220433807016,0.2676155199795202
2025-06-10,38300.0,38300.0,38567.75,37825.1484375,37871.6015625,37600,0.025308754422616486,0.01741564720680766,0.003911858415229341,-0.1003009071929084,0.15181305845691007,0.2695978241555994
2025-06-11,38784.30078125,38784.30078125,38834.75,38215.0,38355.5,42400,0.024588182106842993,0.03701057379314432,0.005351877890025447,-0.08048927970881015,0.15109365212491735,0.27037665402011807
2025-06-12,38460.30078125,38460.30078125,38891.05078125,38227.25,38732.94921875,38400,0.004347962244623194,0.05920170628321619,0.011286742049007592,-0.04839266049767432,0.14955968398913733,0.2636852610606774
2025-06-13,38469.25,38469.25,38687.55078125,37722.19921875,37769.5,24700,0.013085795771224262,0.06496643366322918,0.025124307768518928,-0.03868047182491874,0.1460367347785259,0.26337868052967356
2025-06-16,39073.05078125,39073.05078125,39258.3984375,38369.05078125,38440.8515625,25400,0.04256519771026945,0.08124181248049567,0.04252307454620907,-0.027060514392386992,0.14568461438443497,0.2650495675933151
2025-06-17,39356.1015625,39356.1015625,39499.1484375,38977.94921875,39123.0,24100,0.05559031642683765,0.07473507539665358,0.04872349241127916,-0.013688898199811783,0.1441110928381924,0.26417421367012794
2025-06-18,39030.8984375,39030.8984375,39572.5,38963.80078125,39220.3515625,18500,0.03971211618908366,0.07750213086808277,0.0397684742345803,-0.005634086123225135,0.14829825424599932,0.2637245986923147
2025-06-19,38664.94921875,38664.94921875,38966.80078125,38429.3984375,38945.3515625,30200,0.04358419194929852,0.054211626905828814,0.036125718783151406,-0.014893791975517656,0.14380215907023292,0.2635673978976415
2025-06-20,38991.44921875,38991.44921875,39041.05078125,38454.05078125,38674.19921875,34000,0.042453146942829756,0.06235623409615054,0.03202187380742094,-0.01310285741936057,0.14311589839314126,0.26401809295082324
2025-06-23,38414.1015625,38414.1015625,38646.5,38278.69921875,38642.1484375,21900,0.016625332491142952,0.032164041914172214,0.01779527865533903,-0.02335761546844939,0.1517494796340053,0.26460969856834593
2025-06-24,38417.94921875,38417.94921875,38936.55078125,38380.0,38852.6484375,25900,0.024439055532333054,0.01885731287150505,0.01565195168680189,-0.03926595127941179,0.14854091713804765,0.26331451472280776
2025-06-25,39046.30078125,39046.30078125,39109.25,38605.5,38635.0,20000,0.042186551216778057,0.04578877078778998,0.022297578739780333,-0.029057384395292374,0.15747231073391982,0.2644335007733851
2025-06-26,38996.25,38996.25,39103.3515625,38760.1484375,38996.6484375,27500,0.03289973721844719,0.03856231010786626,0.004091976689243548,-0.044391869010771856,0.15645088441113777,0.2642658998087199
2025-06-27,38822.94921875,38822.94921875,39357.75,38707.1484375,39125.75,39100,0.040223173317167626,0.052507536386774634,0.0043816985103479755,-0.03756515724887621,0.1504781545177965,0.26169564112141397
2025-06-30,38950.0,38950.0,39011.94921875,38652.30078125,38945.8515625,21000,0.05094587447461674,0.0825263493418662,0.018560708856147468,-0.018975079140674422,0.146735941094072,0.25618435577334286
2025-07-01,38833.1484375,38833.1484375,39282.94921875,38725.25,39004.6484375,17400,0.05482155555654589,0.07027018996237966,0.014104400366569347,-0.024424566839448714,0.1442454892869636,0.25590668039665876
2025-07-02,38879.1015625,38879.1015625,39519.5,38738.8515625,39080.30078125,27500,0.052547367566137426,0.11858969171899392,0.01870518926075393,0.023824472719176093,0.1443154897662351,0.23883098828018004
2025-07-03,38854.30078125,38854.30078125,39203.69921875,38803.75,39009.8515625,22500,0.047061387095398866,0.1594336170788644,0.020621929124291283,0.050247338962525534,0.14453396756786413,0.2251390683649815
2025-07-04,39166.55078125,39166.55078125,39191.8984375,38784.3984375,38968.1015625,16200,0.05018653085703639,0.19889772029003683,0.031870797198909395,0.0500185577394574,0.1456618643125812,0.2177302895086048
2025-07-07,38866.94921875,38866.94921875,39176.6484375,38799.69921875,39146.1484375,14500,0.031796534697871026,0.16912776424035725,0.017531358399842434,0.03931454563163883,0.14702665427382544,0.2167020668922622
2025-07-08,38983.25,38983.25,39238.19921875,38732.55078125,38837.0,18500,0.017839425587467428,0.19884463119838136,0.0011788999792536892,0.05940409194104168,0.13608713767070982,0.2104904033986872
2025-07-09,38680.8515625,38680.8515625,38999.75,38540.6484375,38986.80078125,24200,-0.002667296216927295,0.18142479575191417,-0.015979968285695922,0.06544946058961654,0.13203199939976612,0.2114888073703372
2025-07-10,38376.6484375,38376.6484375,38715.19921875,38197.3515625,38713.80078125,22300,-0.002175030929315591,0.15330733416313747,-0.02094098410836831,0.06643098947485404,0.13163379479564163,0.21072356622387797
2025-07-11,37693.25,37693.25,37990.80078125,37558.1015625,37702.55078125,40700,-0.020171955522917617,0.13208241353936723,-0.03761833221152422,0.0590083924227629,0.14607036172489216,0.21478933944982656
2025-07-14,37273.69921875,37273.69921875,37664.19921875,37016.1015625,37643.3515625,30900,-0.046050961635262344,0.11690358855723804,-0.05149464236201762,0.06530756184754272,0.1363186175311124,0.2165001647055869
2025-07-15,37424.6015625,37424.6015625,37664.8984375,37048.94921875,37077.0,38900,-0.04907752351773598,0.09636870917025009,-0.06285432609780306,0.05200702766071208,0.13380160558778806,0.21219957625814326
2025-07-16,37660.75,37660.75,37758.5,37258.05078125,37325.69921875,30700,-0.03510419929723141,0.10959293048183616,-0.05122539796502834,0.06636083823923511,0.13545117763506412,0.21187643330273934
2025-07-17,37138.55078125,37138.55078125,37666.55078125,37060.69921875,37552.8515625,32600,-0.039477575125322906,0.048677663616860434,-0.05231168193866931,0.016514334532473196,0.13973865771352031,0.19651573868271263
2025-07-18,37141.8984375,37141.8984375,37419.6015625,36951.8515625,37366.69921875,49800,-0.04743477911974092,0.051966794038646125,-0.04170056025734348,0.022201869528141627,0.13453208053208787,0.19635954721043783
2025-07-21,37031.75,37031.75,37164.8515625,36780.05078125,37109.80078125,25900,-0.03598552370802954,0.04132190735963004,-0.040742823964184716,-0.0024126206729000454,0.1262526144096064,0.1960594048219295
2025-07-22,36858.8984375,36858.8984375,37121.0,36827.3984375,36963.6484375,24800,-0.04058131193762682,0.03877775802308214,-0.041242170834270064,0.008673132147051898,0.12642183069278368,0.196278304303733
2025-07-23,36951.5,36951.5,37086.6015625,36745.19921875,36958.30078125,25700,-0.053649148301800786,0.0287051816614472,-0.052664800689921076,-0.007617674041832556,0.1081521350244638,0.19482509717802274
2025-07-24,36135.80078125,36135.80078125,36974.05078125,36097.6484375,36949.30078125,48500,-0.07335190483059273,0.009522336808385656,-0.054294392183326656,-0.02039031345314979,0.1282634887034226,0.2002084005092275
2025-07-25,35623.75,35623.75,36271.1015625,35531.6484375,35998.0,34100,-0.08240484772869627,-0.007469705541190641,-0.051169688828652915,-0.027607991098700935,0.13354368462731372,0.20229809522610828
2025-07-28,35370.05078125,35370.05078125,35566.55078125,35049.8984375,35521.69921875,28700,-0.09191140484595639,-0.01725972892716976,-0.059143104238136734,-0.026243362014361726,0.13080531053826758,0.20271273486353036
2025-07-29,35373.25,35373.25,35438.75,35101.5,35270.8984375,37000,-0.08909652131525037,-0.013826604149298927,-0.06087998411619511,-0.031936007382903586,0.13183256687806572,0.2026104189083166
2025-07-30,35481.69921875,35481.69921875,35531.55078125,35258.0,35453.05078125,20900,-0.08738376678505588,-0.012210408959853258,-0.06387611750471123,-0.03025919916459674,0.13310042596883795,0.20269534852379437
2025-07-31,35301.6484375,35301.6484375,35589.0,34999.25,35218.8515625,25100,-0.09143524068935016,-0.019465364064315538,-0.06636365514271914,-0.03983913381639359,0.132290832602727,0.20287163007811704
2025-08-01,34649.6015625,34649.6015625,35166.3984375,34586.8984375,35118.6015625,24500,-0.11532670425786828,-0.03429477471953579,-0.08014935888160657,-0.05750993672282634,0.13191335570267057,0.20623479599357045
2025-08-04,35203.3515625,35203.3515625,35219.8515625,34324.8515625,34558.69921875,23000,-0.09425997486014737,-0.08043349139258837,-0.06525317793350027,-0.07233111804085379,0.1530056077876919,0.15890718913317495
2025-08-05,35034.5,35034.5,35196.75,34854.30078125,35196.75,27900,-0.10129350426144557,-0.062110194338925395,-0.06709038079195784,-0.06500710047813352,0.15011646543266463,0.1516123574280841
2025-08-06,34426.25,34426.25,34990.3515625,34347.44921875,34957.94921875,25900,-0.10999244821757537,-0.09054106445801768,-0.07459062437272324,-0.08678294445076162,0.15607194106643202,0.15230228562805098
2025-08-07,34726.80078125,34726.80078125,34808.05078125,34224.55078125,34284.94921875,25200,-0.09510595127123,-0.09314823619562285,-0.06516739379792569,-0.07455644915413717,0.16405775254347443,0.15135466947202786
2025-08-08,34398.5,34398.5,34643.75,34350.8515625,34603.0,30100,-0.08740954945514112,-0.0941172041088284,-0.0561350551602805,-0.06787798638923792,0.15781195434332224,0.15157551706018377
2025-08-11,34544.6484375,34544.6484375,34624.3984375,34228.0,34367.25,17400,-0.07321652635639642,-0.07826372632882572,-0.053391790007978446,-0.06381626401457285,0.1587313267436862,0.150135251989957
2025-08-12,34674.30078125,34674.30078125,35072.5,34561.30078125,34589.8515625,29700,-0.07348911321492446,-0.06998267916772838,-0.04537330150584906,-0.06202202477801,0.15854189281901013,0.15027713152858918
2025-08-13,34692.94921875,34692.94921875,34842.1484375,34552.8515625,34756.6484375,24700,-0.07880354961730718,-0.07584295793685625,-0.05529490381068414,-0.06802060290415357,0.15495253110295493,0.14938332641489027
2025-08-14,34833.19921875,34833.19921875,35332.19921875,34732.25,34732.25,37800,-0.06207435438390596,-0.05983644633677454,-0.04295365635818282,-0.060714212550330715,0.15292109172139548,0.14771449275262852
2025-08-18,34634.94921875,34634.94921875,35158.69921875,34514.0,35152.69921875,21900,-0.06749652883167867,-0.07401975226073643,-0.06383385239088679,-0.07497733018349262,0.15264910215623792,0.14636872204981327
2025-08-19,34756.69921875,34756.69921875,34825.30078125,34549.05078125,34618.8515625,16700,-0.06143514096012204,-0.08016745251566448,-0.05704910025374099,-0.07934749024674081,0.15466335795678282,0.1447705478167808
2025-08-20,35690.05078125,35690.05078125,35773.6484375,34647.19921875,34647.19921875,41800,-0.031711410427307296,-0.048302091658749435,-0.031298432074028715,-0.05733897888112216,0.18687280006879167,0.1550373958998998
2025-08-21,35723.8984375,35723.8984375,35922.55078125,35461.44921875,35918.80078125,24200,-0.03322196832334279,-0.04649183754495778,-0.02782343825319189,-0.05987640318216514,0.18649802084068623,0.15507964183985087
2025-08-22,35440.8515625,35440.8515625,35767.1484375,35415.3984375,35735.44921875,27600,-0.019231598684000706,-0.06127265401918791,-0.01157062841444767,-0.06274243691712189,0.1718108249618965,0.15474349712643753
2025-08-25,36280.1015625,36280.1015625,36445.30078125,35795.5,35795.5,39100,0.018424549984209948,-0.02790995699558574,0.013160226595716917,-0.03667943778203442,0.18469332197786476,0.16107749759030868
2025-08-26,36063.19921875,36063.19921875,36324.30078125,35998.94921875,36106.80078125,46100,0.019597043888538668,-0.026945559966584542,0.018334918514991472,-0.02676152056808756,0.1840714564516564,0.1609189022794132
2025-08-28,35488.80078125,35488.80078125,36018.94921875,35444.19921875,36017.1484375,22800,0.0032666147795297196,-0.036020679467615335,0.016166898158959886,-0.034325676539022076,0.1937627220725003,0.1635920292528735
2025-08-29,35181.25,35181.25,35575.19921875,35130.3515625,35491.6015625,28100,-0.008467723512836423,-0.047562042665548754,0.008760210384527567,-0.03970875083565362,0.19591731574236923,0.1642102767409754
2025-09-01,35740.6484375,35740.6484375,35787.69921875,35255.30078125,35255.30078125,14500,0.012435679902518704,-0.03684657357887966,0.018221242137588245,-0.03176192585339055,0.20319372804269203,0.16735223384480946
2025-09-02,35737.8984375,35737.8984375,36061.1015625,35541.19921875,35767.0,16900,0.03140864038615154,-0.04174713290897014,0.030828555012786474,-0.02481115275279855,0.19011799478558883,0.16694270698553593
2025-09-03,35474.94921875,35474.94921875,35832.0,35293.1015625,35807.94921875,15400,0.0077151079143076284,-0.058250508253645195,0.008026530338997473,-0.042788397862150385,0.18474066710050213,0.16598132058096346
2025-09-04,35143.1015625,35143.1015625,35599.30078125,35093.3984375,35580.6015625,17400,0.00309984622300874,-0.08242554667101831,-0.00033835030852658043,-0.0676890291988771,0.18715468276979924,0.1627229097461285
2025-09-05,34635.8515625,34635.8515625,35331.5,34343.3984375,35234.75,23500,0.006088422715224473,-0.10696207318904505,-0.0006992158061858156,-0.09103613491973905,0.1836956436932895,0.16224348511022071
2025-09-08,34310.44921875,34310.44921875,34912.8515625,34259.3984375,34744.8984375,19600,-0.011989344055119533,-0.10789961280082128,-0.019185592134146834,-0.10327698714945133,0.1839882571970933,0.16243748690142398
2025-09-09,35255.94921875,35255.94921875,35304.8515625,34770.3515625,34773.05078125,35900,0.024926936312629877,-0.08352907273341692,0.004186773365830954,-0.08959737766858444,0.20530652612953723,0.1729984685833914
2025-09-10,36183.80078125,36183.80078125,36255.19921875,35426.6015625,35428.8984375,36500,0.04745025403039316,-0.07394482750209164,0.03166631965589306,-0.07501109368672665,0.2232473042724044,0.1785953139936052
2025-09-11,36003.5,36003.5,36278.19921875,35829.8515625,36265.94921875,22600,0.038333843474898766,-0.08518632256235681,0.017176039824440492,-0.09130619376647475,0.2246575268513865,0.17786550903139528
2025-09-12,36110.75,36110.75,36356.6484375,36025.30078125,36331.44921875,24600,0.04086711603301052,-0.07481632640806413,0.02077518028030334,-0.08698578476570118,0.2246308065785088,0.17752100735966375
2025-09-15,35902.19921875,35902.19921875,36151.44921875,35686.1484375,36139.69921875,15700,0.03068911337390401,-0.07145360477184448,0.012910984586108176,-0.0825836187373391,0.22615494765142743,0.17696668826699286
2025-09-16,36212.1484375,36212.1484375,36274.0,35860.5,35962.30078125,23600,0.045537795040166085,-0.07127975073861847,0.030980126113783202,-0.07632503580811334,0.22579835241389176,0.17701067757474
2025-09-17,36447.1484375,36447.1484375,36608.8984375,36253.8984375,36326.30078125,22100,0.04863664435194881,-0.05120393410216173,0.03464182820792239,-0.06555404778071594,0.22626519141427565,0.17536701303266003
2025-09-18,36750.25,36750.25,37064.94921875,36631.05078125,36801.5,31300,0.02970573578749236,-0.043409376415544654,0.014813894431085162,-0.05855251272833717,0.20909149620540954,0.17636031443151115
2025-09-19,36578.25,36578.25,36821.19921875,36369.94921875,36765.5,37200,0.023915406768796776,-0.06320831248718839,0.014215868970421264,-0.06646842721401269,0.21023101565893815,0.17294365198902442
2025-09-22,35500.1484375,35500.1484375,35781.6015625,35145.1015625,35437.8984375,51000,0.0016731221848726996,-0.08965225021636691,-0.011686293548016202,-0.07608418921104376,0.23579058526445756,0.1827586699527296
2025-09-23,35249.1015625,35249.1015625,35642.69921875,35177.3515625,35477.6015625,29900,-0.0284177815275376,-0.09205502745587313,-0.0364982052741708,-0.07378899967737163,0.22011554891236992,0.18301715684528208
2025-09-24,34994.30078125,34994.30078125,35193.30078125,34857.69921875,35104.05078125,23600,-0.029639589960290036,-0.10155838815789475,-0.04359430429895805,-0.08352533274840679,0.2205058912441521,0.18308997347250291
2025-09-25,34548.30078125,34548.30078125,35092.3984375,34460.30078125,34914.0,29200,-0.026501318142508223,-0.11033994998232621,-0.042417027872882374,-0.08485423041814977,0.21796300755645887,0.18447081095701104
2025-09-26,33702.0,33702.0,34477.30078125,33636.55078125,34399.19921875,37000,-0.042046544679339104,-0.1331589814177564,-0.05137437913276577,-0.10178002380825846,0.23219810106657968,0.1901844571882182
2025-09-29,33693.1015625,33693.1015625,33970.05078125,33606.44921875,33900.6015625,31900,-0.05728902424869442,-0.1328346956443146,-0.057689007560911665,-0.10251030006803463,0.22255729635935903,0.19020064722890467
2025-09-30,33655.1015625,33655.1015625,33922.6015625,33634.30078125,33789.69921875,28800,-0.05827978045890092,-0.14071826874753723,-0.05956133103338568,-0.10733778916602044,0.22240852119735927,0.18898893253443863
2025-10-01,33905.19921875,33905.19921875,34016.6015625,33432.1015625,33702.8515625,24200,-0.04424953480047045,-0.12765987811583568,-0.04915545229476048,-0.10311282117755638,0.22472648004733223,0.18975922469268078
2025-10-03,33949.75,33949.75,33992.1484375,33763.1015625,33921.1015625,28900,-0.0339569221110918,-0.12911955775878103,-0.040423618710465625,-0.10450402244680146,0.22342830561851307,0.18959176024077007
2025-10-06,34722.55078125,34722.55078125,34743.75,33926.6484375,33961.3984375,20400,0.002503164058015317,-0.10233230710689578,-0.011103819921007396,-0.08669218853068428,0.23371583387289802,0.19591015007226567
2025-10-07,34709.44921875,34709.44921875,34879.19921875,34533.75,34820.6015625,21000,0.01162911034641767,-0.09555808982961034,-0.0018996651762881456,-0.08581852036174864,0.23099503088605708,0.19551639778132654
2025-10-08,35232.25,35232.25,35394.55078125,34607.30078125,34664.3984375,23300,-0.0006722048129510494,-0.06529020447958189,-0.007811761685428298,-0.061166950449810464,0.21589359746391823,0.19543765305762162
2025-10-09,35628.5,35628.5,35688.3515625,35174.80078125,35315.3984375,21200,-0.015346668101758665,-0.04413834025688568,-0.023703707281494735,-0.0481052809641106,0.1978901472816686,0.19589403972355324
2025-10-10,35609.05078125,35609.05078125,35821.30078125,35321.8515625,35705.6484375,25100,-0.01095585759023432,-0.048512227397210506,-0.02214737983034143,-0.052066344565482536,0.19726032958551762,0.19564010494978906
2025-10-13,35330.80078125,35330.80078125,35505.3515625,35072.3984375,35397.19921875,20300,-0.021598809738097358,-0.061866776916285504,-0.026112212994249373,-0.062473583092337526,0.1984308368473261,0.19558784807671403
2025-10-14,35214.8515625,35214.8515625,35766.25,35148.3984375,35542.8515625,26300,-0.01914500145414577,-0.05179790751881497,-0.022188608096073703,-0.05315389382423985,0.19784222568665452,0.19379626523664034
2025-10-15,35401.80078125,35401.80078125,35571.6015625,35226.1484375,35327.19921875,36000,-0.02237778456168138,-0.04684999231200104,-0.025723829911240226,-0.061073986843839356,0.19606491636572845,0.19420139702278524
2025-10-16,35531.05078125,35531.05078125,35574.25,35229.6015625,35443.69921875,27600,-0.02513496104697832,-0.0405246638020077,-0.03520398054935192,-0.06023720980114,0.1948655168276395,0.1943586961960113
2025-10-17,34950.69921875,34950.69921875,35356.5,34872.94921875,35356.5,73000,-0.048967035088196664,-0.051770381092252404,-0.060226258974590885,-0.07766526948950914,0.19853996077876868,0.19687780764222348
2025-10-20,35292.6015625,35292.6015625,35377.8515625,35077.8515625,35109.75,25600,-0.03514789355696346,-0.044893940367779384,-0.05552530006325418,-0.06960656771152907,0.2029920350950969,0.19796393895066153
2025-10-21,35299.75,35299.75,35564.19921875,35221.55078125,35500.8984375,4700,-0.005645002804785859,-0.02313635683102966,-0.032081030013620504,-0.055316422051834735,0.17367566710805585,0.19280259412352338
2025-10-23,36078.6484375,36078.6484375,36462.0,35859.75,35936.75,57100,0.023533844501799184,0.012769527000947356,-0.005147710182441756,-0.02968328093177397,0.18834945779639464,0.19586987185341098
2025-10-24,35986.3515625,35986.3515625,36268.6484375,35886.1484375,36211.3984375,23100,0.02834892422772861,0.01742436800731717,-0.00111401765618524,-0.02772187797093917,0.18629294784078562,0.19535883060576548
2025-10-27,36129.1015625,36129.1015625,36279.3984375,35962.80078125,36075.55078125,29100,0.04575625271005879,0.02136788569045822,0.002559608611979014,-0.02476025487921052,0.17866607404706747,0.19550294450455508
2025-10-28,35860.3984375,35860.3984375,36193.1484375,35677.6015625,36088.6484375,27100,0.06404363057088602,0.010673085762191503,0.012065709906357469,-0.032825052584626535,0.15255987143524852,0.19606937225506788
2025-10-29,36090.1015625,36090.1015625,36201.55078125,35778.19921875,35916.1015625,23400,0.07114215933946055,0.022334739591436392,0.013540952210569168,-0.029568225342626375,0.15243868858599582,0.1961633900098958
2025-10-30,35906.3984375,35906.3984375,36127.8984375,35812.75,36073.1484375,22300,0.06689318321679028,0.03627161116796751,0.015422504534986725,-0.017157304799876316,0.15465407261307737,0.1924866294954504
2025-10-31,35712.3515625,35712.3515625,36050.3515625,35681.05078125,35918.55078125,18500,0.05330015411767941,0.014458850575528981,0.017634664481085638,-0.02596341674404501,0.15675617366192435,0.19020651136688896
2025-11-03,35653.1015625,35653.1015625,35742.80078125,35479.5,35664.80078125,1100,0.0501727277078623,0.017656925673264823,0.01526106700810237,-0.027528434417444236,0.15743295038794827,0.18995899172271993
2025-11-04,35274.55078125,35274.55078125,35668.75,35198.75,35580.55078125,23000,0.015897449570383415,0.024641103264224196,-0.004838145347807021,-0.017006283198489625,0.14491902962139258,0.18772474286136923
2025-11-06,35337.6015625,35337.6015625,35509.0,35248.30078125,35380.44921875,25100,0.01809744487131404,0.01758874320434911,0.002110762180315362,-0.019553200295606254,0.14489161055067826,0.18695459430529227
2025-11-07,35117.6484375,35117.6484375,35272.55078125,34732.5,35233.19921875,21700,-0.003252746063620693,0.020906389450121354,-0.021065878368056623,-0.025433801074016493,0.13694022196154204,0.1863446311194598
2025-11-10,35688.25,35688.25,35855.6015625,35237.19921875,35246.94921875,26700,0.0016770282217888344,0.03310502825261241,-0.013911564172178759,-0.007134824694101649,0.1433328944687894,0.18897640709589927
2025-11-11,36116.8984375,36116.8984375,36149.8984375,35683.8984375,35902.8984375,33800,0.014261757758434968,0.04160423206082586,-0.0019373304765615273,-0.007708835429478755,0.14933143992721437,0.1903108559239372
2025-11-12,36855.3984375,36855.3984375,36911.94921875,36290.80078125,36299.3984375,40400,0.04315208324004649,0.062331086501613786,0.017447790798876817,0.011295978271275153,0.16083243232606842,0.19448635509303352
2025-11-13,36679.5,36679.5,36939.8515625,36525.3984375,36937.94921875,33100,0.041591782231440444,0.05300405425454491,0.01241557214911948,0.0023429210705070425,0.16158496710256934,0.1947397177264682
2025-11-14,36301.25,36301.25,36503.0,35957.30078125,36392.05078125,25000,0.025406877585345322,0.048110386151452245,0.0022466183836913345,0.006581919239547318,0.16687355365277604,0.19564269091691128
2025-11-17,36375.19921875,36375.19921875,36406.44921875,36138.19921875,36285.19921875,21400,0.02375804877533949,0.046566562314032334,0.007023891879526678,0.005222609615643137,0.16666552453858008,0.1955782807834656
2025-11-18,35975.19921875,35975.19921875,36312.94921875,35914.3515625,36294.69921875,24200,0.029312718283197814,0.007989577802725023,0.02152577378850906,-0.026321045045668567,0.1600436799493419,0.1895169988457199
2025-11-19,37044.6484375,37044.6484375,37116.5,36024.44921875,36062.19921875,44600,0.049643460596048294,0.03697104901108972,0.04153686380605315,-0.0016555674487697125,0.18637483272341682,0.1987179838828874
2025-11-20,37043.30078125,37043.30078125,37278.75,36964.3515625,37228.05078125,26300,0.0493927232133371,0.04521474931052594,0.036885251369645156,-0.007943492997102064,0.1864145013230588,0.19792215736262445
2025-11-21,36885.3515625,36885.3515625,37096.25,36761.55078125,36930.25,28500,0.022359571656279664,0.016682698612553004,0.015532980690423637,-0.027390171014265663,0.1728925089501597,0.19243520759576244
2025-11-24,37037.94921875,37037.94921875,37554.3515625,36951.80078125,37084.6484375,63800,0.02922212479427433,0.02702893867200795,0.02285078727981138,-0.023450450100391595,0.172641165788231,0.19214416486066546
2025-11-25,36826.8984375,36826.8984375,37124.55078125,36727.3515625,37112.1015625,25900,0.0193139835983156,0.037704786490192266,0.022443069368211388,-0.018778867929077014,0.1741772329541975,0.18950177296628873
2025-11-26,37364.6015625,37364.6015625,37407.0,36881.1015625,36881.94921875,23300,0.04194607953454921,0.06206009060223838,0.03157055919595386,-0.010747135884816794,0.17750589779915055,0.19058913109654224
2025-11-27,37446.30078125,37446.30078125,37668.55078125,37208.25,37487.6484375,22500,0.03757814913325652,0.047723038565813614,0.031373688833593816,-0.01686566072779505,0.1767714101431401,0.1881090448317475
2025-11-28,37405.5,37405.5,37554.6015625,37323.44921875,37488.5,18500,0.04175026256418879,0.046661992881768866,0.029187409997906588,-0.019382598371696202,0.1752469021811193,0.1881401491687814
2025-12-01,37549.75,37549.75,37659.75,37413.0,37476.6015625,16400,0.051449942585953146,0.058486363671899966,0.0338133422494995,-0.0006152433479875707,0.17308599910602457,0.18747033852566872
2025-12-02,37541.25,37541.25,37734.3515625,37418.5,37559.3984375,23200,0.05295888309156127,0.06823952158107138,0.042523531576664775,0.015765896028499427,0.17270230185388533,0.18624676092451586
2025-12-03,37825.25,37825.25,38007.30078125,37515.0,37530.8515625,40900,0.0723098994107052,0.09208373097871636,0.05713860034814622,0.04176240201060666,0.1661380230888481,0.18380814825522435
2025-12-04,38360.25,38360.25,38471.6015625,37847.69921875,37875.69921875,39900,0.08553632119469068,0.11803403550417113,0.06499312400697876,0.06714831489545703,0.17012057414715914,0.18415649151314908
2025-12-05,38703.6484375,38703.6484375,38920.6015625,38369.55078125,38500.6015625,32300,0.1021138988387027,0.09779056571015321,0.0748841700097318,0.044798051854318954,0.16635876629870497,0.1770959681078699
2025-12-08,38590.69921875,38590.69921875,38937.3515625,38322.44921875,38783.3984375,28400,0.08132786613941567,0.06651867370293574,0.06622675202414507,0.026978080531861792,0.16296624329494036,0.1698282247627491
2025-12-09,38130.6015625,38130.6015625,38463.94921875,37908.8984375,38438.5,26000,0.05575515097135764,0.059080410585081955,0.05012364842807138,0.025721733868959484,0.16934441761616476,0.17149395889854377
2025-12-10,37789.8984375,37789.8984375,38300.5,37745.25,38273.75,18900,0.02535585123532824,0.046499960191909606,0.029908397540884923,0.020856892580218833,0.16077411437852995,0.17263821423567433
2025-12-11,38097.0,38097.0,38136.44921875,37672.3984375,37925.94921875,18800,0.038645564961354406,0.061132767045194214,0.03789591165619699,0.028050275847002926,0.1608600136924927,0.17273355327567952
2025-12-12,38274.75,38274.75,38300.30078125,37901.75,38203.8515625,13900,0.05436451912812923,0.05695882877703129,0.04908091553137095,0.02495096709107303,0.15437995155365242,0.17218015795630473
2025-12-15,38386.30078125,38386.30078125,38410.69921875,38042.94921875,38125.94921875,13600,0.05528771266394483,0.05320450095225637,0.054755235698529026,0.025685989241949425,0.15436520124003106,0.17184477760829484
2025-12-16,38062.5,38062.5,38293.3984375,37946.75,38262.30078125,14700,0.0580205482270717,0.03570724008680215,0.05994841677108653,0.018538152832964228,0.15155759665164328,0.17218546362077009
2025-12-17,38172.05078125,38172.05078125,38367.8515625,37969.44921875,37996.94921875,14800,0.030433608936850876,0.043572362845406776,0.039419244020613475,0.0241662344238589,0.11493901140894405,0.17189314265884598
2025-12-18,38633.3515625,38633.3515625,38667.3515625,38248.75,38273.6015625,23500,0.0429241117210275,0.08825887391756071,0.05730245041252324,0.06392776267677003,0.12062099441617166,0.1611242060400806
2025-12-19,38691.6015625,38691.6015625,39054.3515625,38590.25,38991.30078125,38500,0.04896930416779188,0.09766206363859009,0.052872534679941796,0.06600071197784985,0.1182921593199636,0.1601459218880945
2025-12-22,39488.0,39488.0,39530.25,39006.3984375,39023.25,45600,0.06614974189795841,0.12841231624658533,0.05794849030894467,0.08389364144603562,0.13441541397106999,0.16362775097601917
2025-12-23,39173.69921875,39173.69921875,39398.1484375,38942.3515625,39395.80078125,24100,0.06372518134354488,0.1338820819810127,0.052430923688420616,0.08220442527436811,0.13664315453849335,0.16204700199593478
2025-12-24,38974.80078125,38974.80078125,39098.8984375,38901.05078125,39084.8984375,15800,0.043094242984409004,0.1564536461115067,0.045506013503762155,0.0961243605084674,0.1325844354301495,0.1528477638862986
2025-12-26,38572.30078125,38572.30078125,39019.94921875,38495.3984375,38921.6484375,12400,0.030069725887685195,0.1448130030326591,0.03667839878743262,0.08768265672281172,0.13979651223478562,0.15499837966372487
2025-12-29,38282.69921875,38282.69921875,38721.69921875,38206.75,38622.6015625,21200,0.02345107587787898,0.13750062966401133,0.033406047251419824,0.08341934028135456,0.14320035969375008,0.15614770556537305
2025-12-30,37998.6015625,37998.6015625,38281.55078125,37906.6015625,38281.55078125,32700,0.011953516667887243,0.12073081527526597,0.021003893089766246,0.07633818056545594,0.14597409842744527,0.1569767062647548
2025-12-31,37884.05078125,37884.05078125,38108.5,37822.1484375,38051.69921875,20900,0.009131309725968206,0.11588600155376705,0.005389774490833554,0.06626210810949784,0.14651790861395414,0.1572966053632988
2026-01-02,38320.30078125,38320.30078125,38359.0,38085.3984375,38251.3515625,16400,0.01308783897660959,0.10361421955044747,-9.428914045339631e-05,0.053733135352358685,0.1496513936575443,0.15265081722847207
2026-01-05,37771.1484375,37771.1484375,38260.8515625,37365.8984375,38222.0,22000,-0.015357083504408897,0.08820938642541387,-0.0236751622003325,0.042726420057064285,0.1499863317578733,0.15612431206520463
2026-01-06,37977.3984375,37977.3984375,38053.1015625,37680.69921875,37712.05078125,16600,-0.018764380861219676,0.07791578560835588,-0.01846842626518952,0.032697306502324386,0.14750140918327204,0.15380121053871862
2026-01-07,38688.80078125,38688.80078125,38736.80078125,37940.8515625,37951.30078125,25100,0.0025421037837101146,0.08589474104298533,-0.0043991672343204336,0.047813698822048556,0.16262029829201247,0.15655368893946628
2026-01-08,37920.30078125,37920.30078125,38728.6484375,37853.75,38686.55078125,24900,-0.005515275726906466,0.06490625134037531,-0.006954893453448796,0.04151325859406607,0.17280150373014208,0.1625699862979776
2026-01-09,38027.19921875,38027.19921875,38244.55078125,37861.1484375,37861.25,20800,0.00627947655489125,0.07631863354002921,0.009179516105710439,0.05824494847461281,0.16997449914321533,0.1615440220224426
2026-01-12,37988.25,37988.25,38079.6015625,37573.1015625,37938.6015625,20200,-0.0028545554768092396,0.07875649944392693,0.0013271758549843193,0.053115728729485,0.16750218261772853,0.16134047382043715
2026-01-13,38236.6015625,38236.6015625,38394.3984375,37777.75,38227.8515625,33700,-0.0009966998478109224,0.08007504473476978,0.011083349714135382,0.06393394337300329,0.1683375821887895,0.16149018956444877
2026-01-14,37822.69921875,37822.69921875,38295.75,37649.1484375,38127.19921875,23600,-0.014682361963237023,0.06449706347298112,-0.0007853706879999978,0.0613585884239074,0.17219725165830194,0.16331751948647813
2026-01-16,39086.6484375,39086.6484375,39139.5,38390.5,38433.3515625,48900,0.026907019704433432,0.11833666596664782,0.03331650777693529,0.11893954775069171,0.20666162814497027,0.17180520255209356
2026-01-19,38902.5,38902.5,38977.6484375,38624.8984375,38892.3984375,89700,0.019135708032453902,0.10228484944945748,0.028162193803268232,0.11225462429232902,0.20766440043694098,0.1715308678664155
2026-01-20,38101.05078125,38101.05078125,38809.0,38023.8515625,38753.19921875,35600,-0.013778270839092444,0.07935752466377233,0.00880698353686582,0.1039471668933607,0.21695312372784778,0.17757671700633845
2026-01-21,37992.30078125,37992.30078125,38128.30078125,37451.3515625,38001.94921875,34600,-0.018073709875265687,0.05304113171160152,0.013078100866936726,0.08138646566621976,0.216919238077782,0.17250745748538787
2026-01-22,38301.75,38301.75,38542.5,38080.94921875,38294.80078125,25700,-0.03004077188006482,0.06434101644004353,0.003677954214165058,0.08392803153198225,0.20499931859073245,0.17298907084475842
2026-01-23,38238.5,38238.5,38576.6484375,38149.30078125,38513.69921875,31300,-0.02387314033141852,0.05838502332672002,0.01923697605482333,0.09371578649720003,0.20357735727600518,0.17296681692609536
2026-01-27,38566.1015625,38566.1015625,38677.55078125,38074.80078125,38482.8515625,40600,-0.010486242663403589,0.07545100564667973,0.026492394599661795,0.10478447975012495,0.20586109202756928,0.17275094611959171
2026-01-28,38725.3515625,38725.3515625,38792.6484375,38433.44921875,38583.1484375,28900,0.003967893492223151,0.07301863629938343,0.030829989400187774,0.10031398862524454,0.20307148583393772,0.17252353517537053
2026-01-29,38431.30078125,38431.30078125,38635.6015625,38063.3984375,38601.8515625,26800,0.0038816897850091348,0.07031900868991192,0.024049649457823175,0.08805422338811209,0.2031150855901648,0.17299165541361525
2026-01-30,38036.1484375,38036.1484375,38262.6484375,37704.3515625,38262.6484375,32600,0.0009881120213921513,0.06506983643832953,0.024821058665508766,0.08067700789192589,0.2048069843230416,0.17407692774020667
2026-02-02,38074.1484375,38074.1484375,38413.1484375,37807.1015625,38396.0,26200,0.005017880937486341,0.06790564548096589,0.0448653808730165,0.09410368374010569,0.20450491485928385,0.17398531728616984
2026-02-03,38611.75,38611.75,40301.3984375,38550.5,40301.3984375,47500,0.007605608849829304,0.09460642715041656,0.030432539393534186,0.0895317273774805,0.20656600023381705,0.17421104520616476
2026-02-04,36345.6484375,36345.6484375,37176.69921875,35809.5,37165.3515625,84600,-0.03774044631867035,0.028526182605152606,-0.019672052161877174,0.018086985381915,0.2957711551976193,0.21560523418432218
2026-02-05,36143.30078125,36143.30078125,36621.94921875,36023.8984375,36215.6484375,100,-0.04829445227187967,0.02920617949619797,-0.02782367054884538,0.02330243619380079,0.2947155556318846,0.21552158523553194
2026-02-06,35611.05078125,35611.05078125,36105.8515625,35211.94921875,36079.8515625,41100,-0.07955144480703547,-0.002163155065042388,-0.062449763284890936,-0.00682992513732017,0.2868381807447835,0.21526428808949724
2026-02-09,35616.6484375,35616.6484375,36056.44921875,35544.05078125,35840.8984375,25100,-0.06074984365337788,-0.01385085712345091,-0.06038083319541465,-0.02055846183722998,0.28087261489706816,0.21381406603145517
2026-02-10,35722.19921875,35722.19921875,36059.6484375,35427.3984375,35656.94921875,33800,-0.06061450875570873,-0.03074717047684883,-0.0704204761241577,-0.033040804203462115,0.2809135499665463,0.20963858414909123
2026-02-11,35095.1484375,35095.1484375,35857.6484375,35013.6015625,35788.6484375,26900,-0.07615780043829345,-0.043194470003680485,-0.0825012678096837,-0.04608093333893193,0.28546419490662195,0.21241648222961582
2026-02-12,33160.19921875,33160.19921875,34488.80078125,33058.19921875,34439.0,97100,-0.13276290612418362,-0.08652734496057302,-0.13567358395811346,-0.08255778259389368,0.3380693381843819,0.2407385131397584
2026-02-13,32681.5,32681.5,32932.75,31422.599609375,31487.400390625,112500,-0.13592893487097646,-0.101544439565462,-0.128350697737995,-0.08069562383117312,0.3388574390680301,0.2420894929667825
2026-02-16,32738.05078125,32738.05078125,32809.3515625,32299.55078125,32693.0,49100,-0.16242368967504284,-0.08998278002065441,-0.1619722437520541,-0.08121009241888066,0.3063573867818298,0.24141490297838067
2026-02-17,33075.05078125,33075.05078125,33703.1015625,32650.44921875,32793.75,66600,-0.14979626550350233,-0.10715711509443315,-0.15526422159679742,-0.09459601305324661,0.31355908375372993,0.2340560023049507
2026-02-18,32668.30078125,32668.30078125,33169.30078125,32169.150390625,33133.8515625,53700,-0.14258793100460954,-0.11810502594883421,-0.1658456188823466,-0.10387172415077195,0.3104393844390968,0.23500269232924706
2026-02-19,32319.400390625,32319.400390625,33167.6015625,32195.94921875,32875.1015625,40300,-0.1493171056759136,-0.12378765494855792,-0.1611167522773248,-0.10024165064628321,0.3100719445767708,0.23563122549912763
2026-02-20,32004.05078125,32004.05078125,32339.80078125,31804.75,32098.94921875,41700,-0.16442327618842478,-0.1359119104507992,-0.17554825513374706,-0.12095592131387434,0.3041234442033578,0.23576246661824876
2026-02-23,31550.5,31550.5,32051.69921875,31416.55078125,31987.80078125,50800,-0.17490225819527438,-0.1432756670088503,-0.20142462962106777,-0.13663853726225217,0.3033881874853769,0.23692060546242277
2026-02-24,30053.5,30053.5,31056.44921875,29875.0,31031.849609375,93800,-0.22072756170868157,-0.19566919642567782,-0.23062809938167195,-0.16587940705666748,0.32509056321735375,0.2522969496105497
2026-02-25,30526.349609375,30526.349609375,30999.75,30340.94921875,30343.900390625,50600,-0.21172182103737358,-0.1847966562117649,-0.21723621864615705,-0.1568342156219492,0.33526727525830313,0.25510332355962667
2026-02-26,30554.19921875,30554.19921875,31112.19921875,30459.80078125,30797.05078125,41400,-0.2049657805583075,-0.1831629247370039,-0.20802060942311706,-0.15620418693986604,0.33806675692099925,0.2552139000239821
2026-02-27,30603.849609375,30603.849609375,31305.80078125,30546.0,31145.75,58700,-0.1954009313097923,-0.1849786054667475,-0.18979286051345223,-0.1468861111017341,0.34124863543782247,0.25498562477235104
2026-03-02,30272.94921875,30272.94921875,30587.30078125,29889.5,30020.150390625,30900,-0.20489491003471638,-0.19360838494322907,-0.19601825116418037,-0.14879849430748848,0.33836184743516123,0.2553510925308074
2026-03-04,30305.30078125,30305.30078125,30579.44921875,30092.19921875,30092.19921875,47900,-0.21512749923922125,-0.1988076541133238,-0.1666560846124221,-0.14087261216766078,0.32839943288701534,0.2544902791647404
2026-03-05,30126.80078125,30126.80078125,30563.349609375,29823.150390625,30554.849609375,34600,-0.17110294969544793,-0.21463492075129853,-0.13191534846271202,-0.1659346908814181,0.2744990985414204,0.25182105018458734
2026-03-06,30138.400390625,30138.400390625,30664.94921875,30062.75,30074.599609375,28200,-0.16614144975215306,-0.22130337559019686,-0.11964295792703827,-0.1550095460794364,0.27640563395394685,0.25055286419960254
2026-03-09,30162.05078125,30162.05078125,30241.099609375,29533.900390625,29688.05078125,46500,-0.1530142997877787,-0.21841139466591442,-0.08818718309589757,-0.1439715256398787,0.2776533718402818,0.2507467247491423
2026-03-10,30024.05078125,30024.05078125,30360.150390625,29741.05078125,30337.599609375,33700,-0.15702200801021116,-0.21259960370576703,-0.09494745351943501,-0.15152870075645541,0.27624330903610406,0.2502105140474047
2026-03-11,29651.69921875,29651.69921875,30231.400390625,29598.30078125,30043.849609375,47700,-0.1699363458231231,-0.21535382616096765,-0.0901874047104606,-0.1419339026177966,0.2731374004821528,0.2506118160236921
2026-03-12,29579.44921875,29579.44921875,29790.80078125,29322.80078125,29587.05078125,40600,-0.15716415129495065,-0.22357536764705888,-0.06797895319956337,-0.13633494984496475,0.2722881149505689,0.24935979396162866
2026-03-13,29071.30078125,29071.30078125,29508.44921875,28936.75,29381.650390625,29600,-0.12330741472711015,-0.24045746134853918,-0.020386536453530057,-0.12927938882055146,0.20824914605830983,0.2500877042719688
2026-03-16,29042.55078125,29042.55078125,29202.69921875,28586.94921875,28934.599609375,38900,-0.11134584455272856,-0.2434136608590325,-0.030379617740677545,-0.1428077616147143,0.20692947632622555,0.24971599923782709
2026-03-17,28760.900390625,28760.900390625,29080.75,28288.05078125,29080.75,47900,-0.12148403144706543,-0.24437700123152706,-0.03965480329295423,-0.1562509207765308,0.20531920204348197,0.2498129238345596
2026-03-18,29559.30078125,29559.30078125,30055.599609375,28912.05078125,28912.05078125,54400,-0.10629613309597852,-0.22562974280204395,-0.030588871797734285,-0.146587738574524,0.2312112277038391,0.2578924441222868
2026-03-19,28579.599609375,28579.599609375,29321.849609375,28477.5,29141.94921875,32000,-0.12515806069171842,-0.2602350442430631,-0.016046124823005603,-0.1512542049627178,0.2510261946042342,0.2625477118598717
2026-03-20,29199.599609375,29199.599609375,29322.400390625,28844.44921875,28993.0,69900,-0.09653028037472411,-0.24532460714484028,-0.004606909898457134,-0.13549419754926695,0.26947531128456526,0.26780025644057787
2026-03-23,29147.05078125,29147.05078125,29295.69921875,28613.80078125,28847.900390625,43000,-0.08926994959256251,-0.2618757399399818,0.030340926269000756,-0.12204332314297572,0.2691096054568992,0.26274353712382015
2026-03-24,29648.900390625,29648.900390625,29926.349609375,29210.69921875,29572.75,41800,-0.06027161564396766,-0.24314269568818447,0.048646037269928,-0.11842514808341431,0.2771626738907975,0.2665425125661091
2026-03-25,29671.30078125,29671.30078125,29950.05078125,29413.44921875,29552.150390625,46700,-0.012717294782637611,-0.23870551775791826,0.07059559799389625,-0.13023487335688144,0.21895308843423272,0.26676973401527365
2026-03-27,29541.650390625,29541.650390625,30029.55078125,29461.19921875,29721.0,61900,-0.032257352462725764,-0.23412267890990834,0.07224182896080023,-0.11037396719103865,0.21061371136322019,0.26649241689627284
2026-03-30,29062.599609375,29062.599609375,29439.05078125,28961.400390625,29225.599609375,61900,-0.04881815421494207,-0.24084246402508636,0.07532218216940645,-0.10165946522705693,0.21666562202080894,0.2675389197412746
2026-04-01,29669.05078125,29669.05078125,30257.849609375,29562.349609375,29943.150390625,32100,-0.03054513860369512,-0.21920677179526138,0.06871554301451299,-0.09354779817709646,0.23149309156802006,0.27241151374964545
2026-04-02,30441.44921875,30441.44921875,30558.599609375,29324.349609375,29352.44921875,52900,0.0055660252584719405,-0.19645738533809531,0.09213506119983128,-0.06570528614503313,0.2477901486452731,0.27918344701434494
2026-04-06,30636.55078125,30636.55078125,30821.349609375,30444.05078125,30490.400390625,44300,0.010930431028915777,-0.20051382278710173,0.0727040876127274,-0.07288428445174244,0.24873322023188071,0.2782056333830703
2026-04-07,31403.349609375,31403.349609375,31443.05078125,30372.099609375,30489.30078125,55300,0.042372531932414415,-0.16858896516376276,0.10868346648747973,-0.0494798388844061,0.26162375287727935,0.2832967778610099
2026-04-08,31565.80078125,31565.80078125,31946.75,31272.80078125,31786.69921875,56300,0.047361517934741304,-0.1688266684934111,0.06589285882427953,-0.08550130571860026,0.2617636248674038,0.283260638780786
2026-04-09,31636.19921875,31636.19921875,31718.0,31105.75,31436.650390625,46100,0.048874277422024326,-0.182290518705298,0.05940160542619133,-0.09179386537190093,0.2617019162926707,0.2798887242271082
2026-04-10,31030.599609375,31030.599609375,31544.69921875,30680.80078125,31533.349609375,93000,0.03352475105569663,-0.18168899059159538,0.04222162197093782,-0.1111143252993273,0.27194248823001993,0.2797052123793585
2026-04-13,30669.80078125,30669.80078125,30821.400390625,30402.25,30619.75,42500,0.03433535309356617,-0.19347726334450377,0.0353492790681319,-0.12181005801516542,0.2714159997761728,0.2799216830989729
2026-04-15,31539.75,31539.75,31661.150390625,31111.5,31170.75,55800,0.06627238954832837,-0.16974985686363542,0.041222826393984224,-0.10930262510938715,0.2863372504063483,0.28726456768359093
2026-04-16,31817.5,31817.5,32134.25,31600.099609375,31833.599609375,71300,0.09446427042993566,-0.16787845415622504,0.04929793240417868,-0.10820439724605213,0.2763212613123745,0.2876233341679422
2026-04-17,31809.849609375,31809.849609375,31959.349609375,31411.75,31656.55078125,105100,0.09528428990168392,-0.15897462988030808,0.05492553727576022,-0.10785371908554364,0.27613616989259887,0.28721402287410763
2026-04-20,31585.75,31585.75,31912.5,31498.75,31855.349609375,44800,0.09821839966789758,-0.191904364721729,0.0649842611391187,-0.1401614710422988,0.27445738065571146,0.27747452653944193
2026-04-21,31729.099609375,31729.099609375,31883.849609375,31415.75,31536.55078125,42700,0.07340494432470956,-0.1843943291722897,0.039810633586144784,-0.144961822845464,0.2610520499962803,0.277954982175125
2026-04-22,30496.25,30496.25,31072.94921875,30135.150390625,31068.25,102300,0.06706358440362048,-0.19959556561606473,0.007245298052845461,-0.16573445828920452,0.2728457844324683,0.28556119251190953
2026-04-23,30124.30078125,30124.30078125,30525.900390625,29982.25,30432.94921875,56000,0.031668282587618446,-0.20709459122525753,-0.014127680173851687,-0.16796315055150224,0.2692257796668719,0.2860923206305841
2026-04-24,28530.599609375,28530.599609375,29872.5,28442.400390625,29650.19921875,110100,-0.021149692862632796,-0.2551097636694146,-0.08268393268283114,-0.200069959226729,0.3346141084998199,0.30305984370315564
2026-04-27,29159.150390625,29159.150390625,29238.849609375,28578.55078125,28582.75,80100,-0.01651831918039226,-0.23744000442943625,-0.06803185805028467,-0.19927622486577623,0.33840611830709805,0.30790550788851273
2026-04-28,28959.900390625,28959.900390625,29270.05078125,28891.099609375,29098.55078125,52600,-0.023976043243596257,-0.24908406042304398,-0.05354940268290109,-0.2022247789986935,0.3390104755119329,0.3067328745733826
2026-04-29,29245.25,29245.25,29486.80078125,29034.30078125,29072.150390625,38100,-0.01003330506947786,-0.24480349899986786,-0.06954577700137232,-0.1988298138482959,0.3409867883371011,0.3076567635776804
2026-04-30,29353.900390625,29353.900390625,29543.099609375,29012.69921875,29287.30078125,43900,0.010023218334399564,-0.23619810430808297,-0.06458698798855322,-0.1802810666891299,0.3360219106016511,0.30806990750475166
2026-05-04,29076.150390625,29076.150390625,29664.5,28955.599609375,29606.5,27100,-0.01998380045915371,-0.23556533494966858,-0.08347315052240378,-0.18811988663607393,0.32901106811407016,0.30800747446298854
2026-05-05,29107.30078125,29107.30078125,29407.0,28889.44921875,29069.849609375,26800,-0.043826705749549166,-0.23551013021261347,-0.10192979139490443,-0.1934349244227116,0.3137532665900726,0.30801299316339203
2026-05-06,29267.94921875,29267.94921875,29646.05078125,29123.80078125,29435.5,59000,-0.04467218167841547,-0.24199371386300805,-0.10400187456968935,-0.18770943416710206,0.31344613054976955,0.30631832012262966
2026-05-07,29043.5,29043.5,29418.0,29009.400390625,29377.80078125,49600,-0.07514642987862996,-0.20090846501354298,-0.12717108773661812,-0.14467981784660477,0.2970978586561805,0.28344920053510275
2026-05-08,29394.19921875,29394.19921875,29490.599609375,28961.80078125,29031.55078125,42300,-0.06879602318816902,-0.1867317432723582,-0.07624687856013668,-0.1295363377027211,0.30083671074836915,0.28524578842488124
2026-05-11,29329.44921875,29329.44921875,29536.900390625,29274.05078125,29323.400390625,28900,-0.07291489044084809,-0.1763947264877509,-0.0746288685385017,-0.1033087300577531,0.30011547491067275,0.2842642941242017
2026-05-12,28234.900390625,28234.900390625,29091.05078125,28126.900390625,29091.05078125,63000,-0.09009491450192153,-0.20725554960143067,-0.0621933719614427,-0.11108200520891898,0.31967127109511695,0.29295986062701146
2026-05-13,27916.650390625,27916.650390625,28335.44921875,27880.75,28226.80078125,35100,-0.0897674689921083,-0.2185069508270363,-0.07173043140592206,-0.12124317007942786,0.319569688341526,0.2930011556824128
2026-05-14,27360.349609375,27360.349609375,27856.0,27078.0,27847.5,54500,-0.13251215975475394,-0.22039510224325431,-0.11015672878696359,-0.1331537089979875,0.29931234347250124,0.293522214793153
2026-05-15,27716.900390625,27716.900390625,28114.099609375,27472.650390625,27472.650390625,53300,-0.12887874941070165,-0.1641515719557909,-0.10601410849818238,-0.0803106560776361,0.302602275643855,0.27433114563521566
2026-05-18,28389.80078125,28389.80078125,28466.099609375,27663.80078125,27689.599609375,47300,-0.10751540388034542,-0.13131891800406958,-0.07862427548515027,-0.059820222676652324,0.32131519901296784,0.2787293095565358
2026-05-19,29308.0,29308.0,29609.599609375,28677.80078125,28679.849609375,86700,-0.07211321561147033,-0.10477260250370457,-0.041460467026983694,-0.024378174336938896,0.3476832927136466,0.2873040065724986
2026-05-20,29185.150390625,29185.150390625,29517.150390625,29036.650390625,29140.80078125,44300,-0.08017716386752871,-0.11760829685045127,-0.042840851116395684,-0.0372830012574602,0.34630727622011465,0.28623167093937935
2026-05-21,29021.099609375,29021.099609375,29328.349609375,28964.94921875,29277.94921875,38600,-0.0483715338976104,-0.1116434306239863,-0.018697342626901037,-0.02780513014878705,0.32018912907935215,0.2855294663427795
2026-05-22,28912.5,28912.5,29181.94921875,28792.5,29072.599609375,58200,-0.040226685759433445,-0.10541347764648668,-0.02145578240486168,-0.03725032067130429,0.31815477089308614,0.28497188559956727
2026-05-25,28979.849609375,28979.849609375,29177.80078125,28831.30078125,29103.650390625,86100,0.01574625160882981,-0.09449432487611131,0.01014953706333821,-0.034288007967473666,0.25112700127960425,0.28461093789681335
2026-05-26,28978.5,28978.5,29203.099609375,28919.05078125,28970.5,64100,-0.006195324219154252,-0.08152010269250887,0.001234312384646996,-0.01154379571743791,0.2385429553313911,0.28340768055106513
2026-05-27,28906.69921875,28906.69921875,29116.400390625,28800.900390625,28928.900390625,54100,-0.0018370633585542695,-0.038158643128088254,0.001853132426855808,0.021527526659306684,0.2374535525723361,0.26582051190751443
2026-05-29,29080.150390625,29080.150390625,29747.19921875,28931.75,29347.5,192800,-0.0056453478556346415,-0.047375439161774335,0.020407654832717892,0.028549215012659057,0.2357217796395821,0.2640313590105527
2026-06-01,29854.25,29854.25,30238.150390625,29341.599609375,29349.19921875,73300,0.017045421654929394,-0.02290844586496199,0.042671002260241786,0.06000281495662274,0.2537089357638693,0.2697894950342126
2026-06-02,31116.55078125,31116.55078125,31290.94921875,30264.599609375,30265.69921875,116100,0.07017436501095009,0.016752832680171803,0.09653292348517517,0.08407572660327711,0.2881924777680248,0.283052665345994
2026-06-03,29384.44921875,29384.44921875,30567.0,29301.0,30563.19921875,112300,0.00952161244984051,-0.02934963467152696,0.03561932688536862,0.029369792300146913,0.359914149787612,0.3059108565199123
2026-06-04,29300.599609375,29300.599609375,29382.900390625,28971.80078125,29150.05078125,66000,0.0011155681042416266,-0.03315265468332229,0.03869726823763975,0.010308435521126147,0.3595878716001356,0.30593089304359283
2026-06-05,29010.30078125,29010.30078125,29639.80078125,28918.849609375,29509.94921875,65200,-0.001143086017525441,-0.037060025327842805,0.038317799737833,0.019437059365458365,0.3603224956117417,0.30634539909840924
2026-06-08,28653.55078125,28653.55078125,28915.849609375,28417.69921875,28577.69921875,97700,-0.025197095249580914,-0.04926769802410891,0.018364446749818186,0.005023706067233347,0.3598905453669533,0.3072793986518546
2026-06-09,28516.25,28516.25,28895.30078125,28294.599609375,28895.30078125,50100,-0.027726371971217634,-0.05456528116029491,-0.003635272581080984,-0.02185554623296959,0.3600976137103717,0.3073664389831251
2026-06-10,28279.94921875,28279.94921875,28799.349609375,28249.19921875,28541.849609375,33500,0.0015955015778967852,-0.05809014830168058,0.008635908985211382,-0.014949942895745139,0.33455296126206624,0.3076511192724628
2026-06-11,27821.05078125,27821.05078125,28003.94921875,27519.150390625,27888.0,36400,-0.0034244656159431175,-0.06173839900353517,0.007296257592405486,-0.032189044499580266,0.337291043491923,0.3083716923015602
2026-06-12,27795.75,27795.75,28078.599609375,27660.0,28025.25,32300,0.015913553621983434,-0.06030197538699733,0.018729102210808257,-0.05961455643447677,0.3290062450454632,0.30835844176749344
2026-06-15,28067.900390625,28067.900390625,28384.25,27955.05078125,28178.849609375,33000,0.012663753704534875,-0.034515152871045895,0.003764885490226577,-0.06487227599298184,0.3276295667155108,0.307238418966114
2026-06-16,28568.099609375,28568.099609375,28663.849609375,28124.30078125,28237.05078125,41700,0.006280383208703499,-0.016336415332406262,-0.00806219185298307,-0.04112835639757384,0.3223768758120297,0.3095035975558732
2026-06-17,28809.55078125,28809.55078125,29007.0,28688.400390625,28759.05078125,35900,-0.017007275104067188,0.001691546160385693,-0.03680993488685991,-0.01970473094090397,0.30209130872139184,0.3093679054434761
2026-06-18,28466.44921875,28466.44921875,28662.900390625,28262.650390625,28592.400390625,50700,-0.024625577125888864,-0.03697149572608349,-0.04613958870710533,-0.05338172736776203,0.3044860792710378,0.3049892257886982
2026-06-19,27426.849609375,27426.849609375,27527.75,26634.5,27012.150390625,124500,-0.0549341693270986,-0.040334714823011764,-0.07008550933403113,-0.08428491954656803,0.3300657110087904,0.3066893415966041
2026-06-22,27628.55078125,27628.55078125,27856.400390625,27531.0,27531.0,34900,-0.04440810095114567,-0.05380377981691875,-0.06058056796072275,-0.09656483416051265,0.3319905184091659,0.3036827945200551
2026-06-23,27012.05078125,27012.05078125,27428.5,26955.5,27416.44921875,60400,-0.06790231331940444,-0.07324926339969273,-0.05926373943058738,-0.13150314270730779,0.33910100252439435,0.30690436167788676
2026-06-24,27566.69921875,27566.69921875,27705.94921875,27036.099609375,27046.400390625,85400,-0.048718904748347946,-0.07022861369028688,-0.053233102693530765,-0.11864126278373888,0.34941880490623145,0.30780602355694237
2026-06-25,27330.849609375,27330.849609375,27881.0,27295.099609375,27801.400390625,55600,-0.05451503118532619,-0.07887929110792424,-0.06074118557607999,-0.1110399507697567,0.35008779025666875,0.30814659372646397
2026-06-29,27038.5,27038.5,27313.349609375,26965.349609375,27172.19921875,64900,-0.07020769711298325,-0.08473292309421454,-0.08713075770263612,-0.13410497211834105,0.34955771171480715,0.3086890518414342
2026-06-30,26299.05078125,26299.05078125,27032.19921875,26208.5,26989.94921875,71600,-0.11908519620322067,-0.09508952623885492,-0.13974801379820212,-0.16379769422365986,0.3407155733769535,0.3118953346206831
2026-07-01,25769.80078125,25769.80078125,26505.75,25699.099609375,26381.0,66500,-0.17182977758646079,-0.13142483151042417,-0.19407082762996697,-0.18991179306600026,0.29310587890648154,0.3106761043610627
2026-07-02,26965.05078125,26965.05078125,27030.94921875,26132.0,26141.75,84300,-0.08233601451873396,-0.11419950517200605,-0.11523838071432335,-0.17859404552665248,0.2972258721723914,0.3206939255454763
2026-07-03,27439.400390625,27439.400390625,27759.55078125,27286.55078125,27482.400390625,68400,-0.06352085771495586,-0.10435738714365006,-0.10000355049518583,-0.1610704414414308,0.3070960501109073,0.3227246417646926
2026-07-06,27276.44921875,27276.44921875,27502.599609375,27127.44921875,27489.849609375,23200,-0.05976675580077495,-0.1314159298915354,-0.10528668057352586,-0.18792514001520044,0.3062698335142972,0.3180317063617836
2026-07-07,27939.150390625,27939.150390625,28156.19921875,27248.30078125,27248.30078125,58500,-0.024932351179752565,-0.1148917594632739,-0.08010249427320937,-0.13161650681696524,0.3186053312719611,0.3222491019806474
2026-07-08,27555.19921875,27555.19921875,28067.849609375,27468.849609375,27915.19921875,42400,-0.03370186406873277,-0.12899779685232515,-0.061236001802867035,-0.133496250008451,0.3215374753262638,0.32302262694424005
2026-07-09,27471.25,27471.25,27646.44921875,27014.5,27495.5,29700,-0.028596204770191758,-0.11470450633186102,-0.060810428262698224,-0.11105391842340917,0.32064417919620236,0.3210746827263268
2026-07-10,28010.400390625,28010.400390625,28439.55078125,27870.0,28043.5,44500,0.00680598338516436,-0.0867107161729862,-0.03832478473444767,-0.10198796069204452,0.3237293356108123,0.32340253296358096
2026-07-13,29015.849609375,29015.849609375,29272.650390625,27856.099609375,27880.55078125,76300,0.04389518575231821,-0.08002284072083643,0.018999868088091176,-0.07918504907963375,0.34654285169936594,0.3265735520288363
2026-07-14,28724.75,28724.75,29285.05078125,28674.5,29020.400390625,55300,0.023402164046242513,-0.09720279720279723,0.015095330053472189,-0.09122268752897744,0.34792275395820066,0.32635416310871357
2026-07-15,28532.25,28532.25,28725.25,28223.80078125,28412.80078125,33800,-0.001254882539097446,-0.10303725574386324,-0.00497946669151994,-0.09174318270619497,0.34331524144462083,0.32650041723045714
2026-07-16,28722.599609375,28722.599609375,29052.900390625,28669.80078125,28697.44921875,36300,-0.00301813702460052,-0.09064690218294646,-0.0024805060165740134,-0.07865833611100126,0.3427933206669903,0.3267673025422262
2026-07-17,29226.599609375,29226.599609375,29380.75,28935.94921875,29082.05078125,61600,0.026703379293414375,-0.07887081672057872,0.019822347298627863,-0.0690118927043949,0.3451988174818113,0.32885251344206795
2026-07-20,29161.900390625,29161.900390625,29483.150390625,29113.75,29324.44921875,27500,0.06326103092266666,-0.0437545471779317,0.05387447132429646,-0.038028111909724216,0.31438019029984965,0.319052816565799
2026-07-21,28984.400390625,28984.400390625,29415.25,28930.55078125,29075.25,32900,0.04907422108781545,-0.0378398954021365,0.04555602092307587,-0.03844587756105222,0.3155794413110934,0.3183508713814364
2026-07-22,28549.849609375,28549.849609375,28913.349609375,28502.94921875,28881.94921875,19900,0.05693010281146216,0.0006747141757819097,0.049704209978254754,-0.003438642177526985,0.3087907395800148,0.2996810881435084
2026-07-23,28533.55078125,28533.55078125,28688.94921875,28277.75,28502.900390625,35400,0.03507317125012843,-0.021454658348898148,0.04140291041365152,-0.012194607934896684,0.30186375193539006,0.2962236027729826
2026-07-24,28767.94921875,28767.94921875,28812.30078125,28141.0,28204.849609375,57500,0.052581592958677925,-0.006628170998030702,0.0645765539351495,0.0028839502333293243,0.30012791892632235,0.29641835296660596
2026-07-27,29441.900390625,29441.900390625,29537.5,29070.25,29181.69921875,43800,0.08888808146254412,0.006724182238996068,0.086812632540479,0.0142394357454102,0.3042821210781241,0.2995723015926275
2026-07-28,30418.349609375,30418.349609375,30664.099609375,29820.05078125,29825.400390625,92900,0.15663298506050527,0.03626261602665792,0.15162163576810928,0.036771050074208,0.2954251247115778,0.3068297974268428
2026-07-29,31123.099609375,31123.099609375,31352.80078125,30770.55078125,31106.599609375,83500,0.20773535944523247,0.07039959524387362,0.1975566066266039,0.06497247118720284,0.2813696233460394,0.3094511309044345
2026-07-30,31194.55078125,31194.55078125,31846.400390625,31131.349609375,31207.55078125,98000,0.1568511787465634,0.07170881338968194,0.15100021366815541,0.05987708341516962,0.2480371854341425,0.3094602059079506
2026-07-31,30708.94921875,30708.94921875,30900.25,30034.400390625,30488.400390625,50200,0.11915525782560765,0.04923474443767484,0.11450976737864571,0.047070817738735116,0.2577362794052129,0.31123076601816696
2026-08-03,31715.25,31715.25,31715.25,30796.55078125,30950.94921875,40100,0.16273382014103,0.09199132335978799,0.14865497242192038,0.07358967810913253,0.2703241583247945,0.3172776444486032
2026-08-04,31454.150390625,31454.150390625,31676.650390625,31245.05078125,31616.099609375,31400,0.12580912271331846,0.07008019359687112,0.11694794655238394,0.05193214302178295,0.26851718242269224,0.3171220266797251
2026-08-05,31404.05078125,31404.05078125,31603.30078125,31237.099609375,31578.0,31100,0.13967787102337614,0.07073441942352354,0.10858340530194743,0.03677380938794372,0.2599456871805932,0.31709705307671887
2026-08-06,31106.25,31106.25,31701.900390625,31090.19921875,31467.900390625,27900,0.1323201528871092,0.10169505008519142,0.10422664141090676,0.047953674534141344,0.26409793053897535,0.3072860031390887
2026-08-07,31547.69921875,31547.69921875,31799.150390625,31047.44921875,31067.05078125,32400,0.1262851933137279,0.13006749654121763,0.11125848629506008,0.08060477985997028,0.26121482880116265,0.3071276699479005
2026-08-10,31631.44921875,31631.44921875,31955.0,31546.400390625,31611.55078125,25500,0.0901438229308269,0.15610544712891805,0.07474583105729837,0.11835887535819367,0.2372126548562172,0.3036337118796942
2026-08-11,31823.150390625,31823.150390625,31954.0,31639.099609375,31741.25,27800,0.10786518213822571,0.14814968276138485,0.09041767043468552,0.11312106099430297,0.23105679784134375,0.3029398755910451
2026-08-12,31332.55078125,31332.55078125,31822.650390625,30997.900390625,31813.599609375,31200,0.09814510882422511,0.10365518316505895,0.08329994742505153,0.07042043949901977,0.2390289430147099,0.3016821092874696
2026-08-13,31453.900390625,31453.900390625,31459.30078125,31098.599609375,31277.0,20900,0.09509239478304421,0.07321892966510846,0.08167059588698944,0.040284320071789725,0.2389291659799576,0.29510239815854744
2026-08-14,31357.75,31357.75,31529.55078125,31052.69921875,31419.849609375,22900,0.0729181779306749,0.07444195353788174,0.0716155221019763,0.044559033718785335,0.23534088685961477,0.2950229617200402
2026-08-17,30807.80078125,30807.80078125,31331.19921875,30722.05078125,31242.400390625,17200,0.05644009370370551,0.061565591790940344,0.05441231184323558,0.03480764547246462,0.24649198891446852,0.2972421141918155
2026-08-18,30213.44921875,30213.44921875,30615.44921875,30212.94921875,30584.099609375,25500,0.04240380382416098,0.04499608192823179,0.043759816557260245,0.026631307460708742,0.2572016071646006,0.30004991623198435
2026-08-19,30433.05078125,30433.05078125,30659.80078125,30165.0,30461.099609375,25400,0.06596185961191914,0.050145228200386915,0.06254254279158267,0.048206057687482096,0.24951861537040085,0.3003303532938425
2026-08-20,30673.05078125,30673.05078125,30942.900390625,30637.80078125,30850.5,25200,0.07498190521054648,0.05847613855962175,0.05980569756868381,0.04517203250247315,0.24962499283999393,0.3006698761723758
2026-08-21,30532.25,30532.25,30693.349609375,30337.0,30676.400390625,18900,0.06132869492483972,0.056234396357353944,0.04094153529360178,0.04180985793514913,0.2506453449473546,0.3008044839751233
2026-08-24,30596.900390625,30596.900390625,30892.900390625,30484.80078125,30579.599609375,25400,0.03922980462116432,0.05215757070118099,0.029932336933339965,0.023649505971005125,0.23903482752393973,0.3006304060935166
2026-08-25,30771.80078125,30771.80078125,30771.80078125,30283.400390625,30692.349609375,24300,0.011619669588059045,0.030734343728279878,-0.00293926649426135,-0.009977603949827163,0.21057759584240768,0.2961220774641142
2026-08-26,30318.849609375,30318.849609375,30841.150390625,30307.44921875,30809.19921875,22500,-0.025840935192641967,-0.025635912459670007,-0.024090466325681903,-0.056474486468172214,0.199838826768306,0.285165971437367
2026-08-27,30221.150390625,30221.150390625,30576.94921875,30164.5,30342.55078125,19600,-0.031204180417628513,0.02847428466826951,-0.02189795918632642,-0.0008028973495552982,0.19947949174212157,0.2595092959247931
2026-08-28,31281.69921875,31281.69921875,31322.900390625,30473.5,30493.150390625,44200,0.01865091494730442,0.06761293747521568,0.027179156145541894,0.03519571187840298,0.22966437072532972,0.26859410104228126
2026-08-31,31191.44921875,31191.44921875,31277.5,30634.44921875,31225.5,38900,-0.016515738682495007,0.0751853093129502,0.011493140226013554,0.0446417924390603,0.19776248631286816,0.26774166756217355
2026-09-01,31496.69921875,31496.69921875,31529.19921875,30834.099609375,31006.25,33500,0.0013527253986069798,0.09922499515698657,0.024066593848301898,0.05888417514012034,0.19910864984838056,0.26678403521136784
2026-09-02,31102.900390625,31102.900390625,31241.150390625,30668.099609375,31164.30078125,31000,-0.009589539665526337,0.09070794338754218,0.019251526526641194,0.06177985080231818,0.20408265704687387,0.2680517940646605
2026-09-03,30838.849609375,30838.849609375,31185.69921875,30621.650390625,31180.80078125,20600,-0.008596355736387395,0.09048461759359916,0.022356346863466436,0.06211927447804544,0.20352363869639095,0.2680839932752621
2026-09-04,30695.150390625,30695.150390625,31263.19921875,30656.69921875,30956.150390625,20700,-0.027024120593184153,0.1033066519296244,0.0003642944945893012,0.07152561686341707,0.19654282471326023,0.2658291112089636
2026-09-07,29995.19921875,29995.19921875,30377.099609375,29847.25,30343.19921875,27200,-0.051728581535558926,0.0791289754278981,-0.018997662594875675,0.07251463098177702,0.21028567566600243,0.2705724935073982
2026-09-08,29883.5,29883.5,30078.75,29722.900390625,30032.30078125,21700,-0.060950923048662564,0.06468597879096905,-0.026764510331804492,0.0738585156787307,0.2077706760196042,0.2701788466873123
2026-09-09,28914.0,28914.0,29299.55078125,28779.80078125,29299.55078125,45300,-0.07718971870931446,0.012107924410606818,-0.03608432886919832,0.03535386607775859,0.2296452786809131,0.2767293338398966
2026-09-10,28890.900390625,28890.900390625,29264.900390625,28740.599609375,28919.349609375,28900,-0.08148433002489941,0.0028237028058051283,-0.04385297703556934,0.02806268100523268,0.22811360787434806,0.27620473353079283
2026-09-11,28921.5,28921.5,29124.599609375,28671.80078125,28672.849609375,25400,-0.07769211757858907,0.015985512550341863,-0.037968716502294275,0.04784170216574235,0.22886584976724714,0.275069846432187
2026-09-15,29555.30078125,29555.30078125,30435.0,29553.5,29921.05078125,46400,-0.040655287564774434,0.07760465391356708,0.007478260244413892,0.11485515528785761,0.24011549003624552,0.26716848042543523
2026-09-16,29087.650390625,29087.650390625,29763.400390625,28974.900390625,29696.44921875,29200,-0.037261512910162775,0.05281129730355638,0.001542239789798061,0.08954134916048329,0.23702770813206664,0.26915668833419437
2026-09-17,29155.599609375,29155.599609375,29406.650390625,28805.400390625,28918.75,24200,-0.04197578419124659,0.07935527907466078,-0.008431009615460727,0.1025880563495758,0.23514998921665242,0.2647015112656472
2026-09-18,28854.55078125,28854.55078125,29150.55078125,28568.650390625,29145.349609375,62900,-0.059286570904503066,0.046717655685960535,-0.02274585143720198,0.07482771427975021,0.23376988116654698,0.26273411202880376
