Date,Adj Close,Close,High,Low,Open,Volume
2019-01-02,30195.2,30195.2,30455.1,29985.8,30347.6,23768072
2019-01-03,30189.2,30189.2,30479.3,30122.1,30187.8,20217241
2019-01-04,30190.2,30190.2,30350.3,30085.5,30256.1,20339807
2019-01-07,30282.6,30282.6,30491.2,30241.9,30440.9,20899470
2019-01-08,30272.0,30272.0,30385.1,30159.7,30341.85,18731288
2019-01-09,30577.35,30577.35,30640.7,30331.05,30404.7,24818176
2019-01-10,30571.65,30571.65,30774.3,30519.25,30614.55,19305431
2019-01-11,30759.05,30759.05,30849.25,30611.95,30704.45,25793965
2019-01-14,30716.4,30716.4,30753.0,30456.8,30735.1,16657850
2019-01-15,31011.05,31011.05,31045.9,30759.9,30797.2,20150165
2019-01-16,30783.85,30783.85,31040.85,30691.0,30995.25,17921690
2019-01-17,30737.25,30737.25,30912.8,30514.95,30822.3,21370739
2019-01-18,30540.35,30540.35,30855.95,30461.3,30727.8,21911405
2019-01-21,30485.0,30485.0,30727.4,30403.0,30626.7,19604898
2019-01-22,30507.6,30507.6,30592.4,30205.35,30486.3,22864495
2019-01-23,29991.4,29991.4,30854.55,29869.75,30620.0,51981317
2019-01-24,30036.75,30036.75,30264.55,29983.4,30118.75,42081326
2019-01-25,29938.05,29938.05,30331.1,29856.25,30125.8,22428348
2019-01-28,29565.55,29565.55,29991.3,29533.5,29951.8,19921938
2019-01-29,29758.9,29758.9,29842.1,29488.7,29561.55,17781812
2019-01-30,29463.85,29463.85,29857.55,29337.35,29853.9,30784000
2019-01-31,29800.55,29800.55,29872.75,29450.6,29571.8,47908371
2019-02-01,30199.9,30199.9,30536.6,29872.2,29936.1,43443621
2019-02-04,30008.9,30008.9,30299.35,29889.2,30233.0,19318602
2019-02-05,29759.85,29759.85,30053.65,29695.35,30023.95,37339130
2019-02-06,30029.0,30029.0,30074.65,29805.6,29883.35,28548850
2019-02-07,30266.3,30266.3,30319.5,30034.45,30091.65,22339374
2019-02-08,29769.05,29769.05,30315.45,29699.9,30163.2,16403218
2019-02-11,29728.5,29728.5,29842.95,29320.85,29744.5,24711817
2019-02-12,29524.0,29524.0,29817.9,29483.5,29767.6,20199811
2019-02-14,29451.45,29451.45,29597.3,29399.95,29423.8,21880290
2019-02-15,29309.1,29309.1,29568.3,29003.25,29542.75,51245356
2019-02-18,28965.15,28965.15,29348.65,28887.7,29238.35,56594379
2019-02-19,29009.7,29009.7,29267.7,28913.2,28913.2,55365248
2019-02-20,29053.4,29053.4,29175.7,28907.6,29124.35,19553998
2019-02-21,29166.35,29166.35,29229.3,29024.75,29092.55,21946832
2019-02-22,29241.2,29241.2,29282.0,29121.0,29214.6,22015109
2019-02-25,29327.05,29327.05,29362.7,29165.6,29294.45,42226812
2019-02-26,29253.65,29253.65,29391.3,29095.05,29171.0,28240715
2019-02-27,29171.95,29171.95,29547.85,29055.6,29340.85,30000909
2019-02-28,29262.85,29262.85,29375.15,29180.95,29375.15,60223280
2019-03-01,29464.9,29464.9,29494.75,29334.45,29335.2,23232320
2019-03-05,29649.2,29649.2,29726.1,29371.8,29559.35,29030097
2019-03-06,29710.3,29710.3,29997.7,29651.3,29822.65,37894667
2019-03-07,29904.05,29904.05,30012.9,29754.2,29812.0,26558673
2019-03-08,29945.75,29945.75,30071.05,29777.5,29920.2,23274485
2019-03-11,30256.4,30256.4,30290.8,29977.35,30069.2,32289014
2019-03-12,30480.8,30480.8,30563.75,30387.35,30411.35,29800665
2019-03-13,30451.6,30451.6,30628.95,30391.4,30578.85,24797164
2019-03-14,30467.3,30467.3,30516.3,30166.35,30500.25,27751589
2019-03-15,29953.4,29953.4,30553.35,29854.7,30538.2,42328262
2019-03-18,30172.3,30172.3,30192.7,29971.75,30105.5,22699510
2019-03-19,30433.15,30433.15,30468.85,30119.85,30244.6,30877740
2019-03-20,30297.35,30297.35,30584.05,30250.4,30491.75,30051038
2019-03-22,30198.85,30198.85,30424.7,30095.7,30363.6,21614196
2019-03-25,29921.45,29921.45,30065.8,29792.25,30065.8,23753563
2019-03-26,29957.8,29957.8,30013.9,29787.95,29959.6,22946782
2019-03-27,29891.35,29891.35,30202.2,29821.4,30012.95,27271587
2019-03-28,30243.25,30243.25,30316.1,29882.25,29952.6,41830420
2019-04-01,30193.15,30193.15,30539.4,30162.15,30402.6,22973796
2019-04-02,30073.15,30073.15,30295.0,30024.7,30237.15,26883591
2019-04-03,29969.0,29969.0,30177.95,29929.6,30140.0,28648668
2019-04-04,29998.7,29998.7,30078.35,29907.35,29980.6,20403646
2019-04-05,29869.15,29869.15,30100.0,29801.1,30057.6,21563374
2019-04-08,29804.45,29804.45,29986.15,29731.25,29934.65,15017780
2019-04-09,30019.25,30019.25,30038.4,29787.3,29834.0,16200092
2019-04-10,29994.95,29994.95,30133.65,29948.85,30052.3,20128277
2019-04-11,30151.15,30151.15,30203.5,29998.3,30034.0,26697765
2019-04-12,30533.7,30533.7,30582.25,30193.5,30205.4,36470890
2019-04-15,30547.4,30547.4,30751.7,30455.0,30670.35,23623321
2019-04-16,30742.6,30742.6,30828.1,30578.75,30643.2,20683496
2019-04-18,30558.95,30558.95,30811.35,30532.45,30785.65,22804409
2019-04-22,30418.1,30418.1,30562.8,30365.1,30539.65,14106079
2019-04-23,30495.05,30495.05,30565.15,30407.6,30459.8,19629974
2019-04-24,30631.25,30631.25,30678.75,30247.75,30493.45,29832006
2019-04-25,30371.3,30371.3,30786.15,30312.2,30686.95,38457309
2019-04-26,30440.75,30440.75,30511.35,30298.35,30446.1,14392110
2019-04-30,30336.9,30336.9,30628.75,30255.1,30442.45,24101454
2019-05-02,30091.25,30091.25,30442.6,30030.25,30349.5,31138750
2019-05-03,29750.55,29750.55,30063.4,29688.15,30026.0,25929607
2019-05-06,29575.85,29575.85,29677.05,29371.1,29677.05,19977935
2019-05-07,29557.05,29557.05,29910.75,29521.0,29742.45,40204807
2019-05-08,29395.7,29395.7,29587.45,29310.4,29480.7,26240056
2019-05-09,29474.8,29474.8,29550.6,29217.05,29296.05,20225348
2019-05-10,29359.05,29359.05,29533.3,29257.2,29505.3,18436110
2019-05-13,29061.0,29061.0,29658.55,28988.55,29295.95,48698880
2019-05-14,29235.1,29235.1,29406.65,28996.2,29105.3,36928697
2019-05-15,29185.1,29185.1,29368.75,29118.55,29361.0,36347341
2019-05-16,29228.7,29228.7,29344.2,29032.1,29258.8,45065053
2019-05-17,29962.15,29962.15,30002.45,29250.9,29251.7,46727172
2019-05-20,30547.65,30547.65,30592.85,30055.5,30447.05,33027463
2019-05-21,30537.9,30537.9,30824.95,30491.3,30557.65,32762161
2019-05-22,30247.65,30247.65,30459.65,30064.25,30459.65,27293137
2019-05-23,29723.8,29723.8,30664.0,29630.8,30609.65,45616577
2019-05-24,29965.4,29965.4,30038.3,29606.85,29889.8,29148853
2019-05-27,30105.4,30105.4,30129.3,29948.9,29994.05,21432272
2019-05-28,30068.95,30068.95,30223.55,29997.1,30194.45,36831783
2019-05-29,30014.2,30014.2,30207.75,29960.8,30073.6,18426320
2019-05-30,30002.4,30002.4,30124.8,29974.9,30055.7,24842085
2019-05-31,29850.4,29850.4,30316.75,29756.4,30060.95,48777826
2019-06-03,30278.75,30278.75,30313.35,29956.3,30019.95,38563328
2019-06-04,30197.95,30197.95,30339.95,30150.75,30254.1,36086791
2019-06-06,30057.4,30057.4,30375.0,30010.1,30313.1,28037466
2019-06-07,29971.45,29971.45,30110.9,29793.6,30098.1,20464421
2019-06-10,30360.9,30360.9,30437.25,30117.6,30161.4,22483520
2019-06-11,30311.3,30311.3,30466.9,30267.3,30459.55,20035966
2019-06-12,30379.25,30379.25,30433.0,30156.9,30351.0,17450219
2019-06-13,30354.55,30354.55,30389.7,30162.6,30351.5,14875584
2019-06-14,29966.1,29966.1,30356.0,29897.5,30313.95,16180099
2019-06-17,29703.9,29703.9,30020.55,29657.25,30019.4,19005568
2019-06-18,29580.75,29580.75,29733.55,29409.85,29706.3,29398576
2019-06-19,29585.4,29585.4,29789.8,29473.35,29657.5,19741541
2019-06-20,29651.45,29651.45,29702.85,29357.1,29467.15,22642382
2019-06-21,29423.85,29423.85,29665.7,29388.5,29642.8,37626684
2019-06-24,29464.2,29464.2,29625.5,29406.85,29440.7,41483451
2019-06-25,29552.6,29552.6,29618.6,29285.65,29424.85,33851661
2019-06-26,29524.1,29524.1,29634.5,29440.85,29508.05,31551759
2019-06-27,29486.8,29486.8,29668.8,29429.95,29591.25,39820803
2019-06-28,29546.05,29546.05,29575.25,29446.65,29544.2,22332813
2019-07-01,29600.4,29600.4,29728.8,29579.4,29630.1,14018949
2019-07-02,29710.95,29710.95,29750.9,29568.75,29663.35,20226219
2019-07-03,29812.65,29812.65,29850.35,29609.35,29776.35,28596202
2019-07-04,29889.45,29889.45,29924.75,29754.15,29830.45,21259166
2019-07-05,29973.25,29973.25,30151.3,29570.25,29940.2,50510430
2019-07-08,29594.65,29594.65,29999.95,29541.8,29931.8,23794696
2019-07-09,29321.3,29321.3,29550.55,29259.4,29539.9,19743464
2019-07-10,29154.05,29154.05,29495.8,29056.55,29322.25,19801803
2019-07-11,29293.65,29293.65,29370.55,29166.2,29201.2,16523982
2019-07-12,29252.0,29252.0,29406.7,29157.0,29269.05,21635959
2019-07-15,29079.9,29079.9,29329.0,29023.85,29288.95,17628528
2019-07-16,29366.6,29366.6,29420.5,29078.1,29101.0,19143296
2019-07-17,29614.25,29614.25,29631.7,29285.7,29367.95,21582629
2019-07-18,29553.9,29553.9,29674.25,29506.75,29620.5,23177175
2019-07-19,29027.55,29027.55,29685.95,28936.9,29665.25,31507031
2019-07-22,28714.95,28714.95,29054.75,28580.6,29039.05,25801704
2019-07-23,28990.9,28990.9,29043.0,28625.1,28783.0,27736970
2019-07-24,28992.5,28992.5,29105.05,28719.65,28970.6,29095096
2019-07-25,28983.55,28983.55,29225.25,28931.15,29012.4,32751167
2019-07-26,29142.3,29142.3,29172.05,28875.45,28970.55,13381422
2019-07-29,28974.95,28974.95,29248.7,28881.4,29126.6,14447209
2019-07-30,28864.6,28864.6,29051.55,28817.85,28981.2,22821542
2019-07-31,29065.95,29065.95,29157.25,28514.3,28828.3,24885801
2019-08-01,28925.35,28925.35,29120.1,28767.75,29011.65,26008573
2019-08-02,28930.75,28930.75,29066.7,28623.85,28846.8,28722521
2019-08-05,28777.55,28777.55,28882.6,28489.15,28832.05,24451312
2019-08-06,28847.35,28847.35,29045.1,28671.75,28687.7,23774162
2019-08-07,28814.55,28814.55,29055.8,28771.4,28861.35,22345599
2019-08-08,29131.8,29131.8,29165.9,28834.9,28914.9,20797582
2019-08-09,29302.2,29302.2,29365.1,29123.65,29219.85,22749012
2019-08-13,28728.5,28728.5,29292.3,28643.8,29285.55,36596139
2019-08-14,28839.6,28839.6,29021.75,28620.75,28771.65,25993375
2019-08-16,28889.95,28889.95,28965.95,28567.35,28822.5,20573084
2019-08-19,28837.5,28837.5,29204.1,28795.85,28950.1,24022924
2019-08-20,28669.85,28669.85,28872.85,28592.55,28861.05,24153166
2019-08-21,28399.1,28399.1,28720.7,28337.55,28704.3,30615494
2019-08-22,28396.15,28396.15,28746.4,28342.5,28422.8,23097045
2019-08-23,28257.1,28257.1,28422.0,28099.15,28349.5,29634215
2019-08-26,28707.8,28707.8,28779.0,28115.05,28526.95,26789257
2019-08-27,28927.25,28927.25,29079.7,28735.2,28813.05,32250553
2019-08-28,28815.0,28815.0,28978.45,28598.75,28873.4,27695889
2019-08-29,28751.8,28751.8,28930.35,28626.8,28707.85,28222760
2019-08-30,29257.35,29257.35,29318.2,28676.0,28869.95,28514514
2019-09-03,28766.9,28766.9,29142.3,28712.7,29116.45,21178244
2019-09-04,28725.65,28725.65,28989.6,28503.0,28812.9,22008508
2019-09-05,28710.0,28710.0,28879.25,28612.75,28693.45,19087482
2019-09-06,28649.75,28649.75,28851.7,28609.3,28751.3,16059055
2019-09-09,28845.65,28845.65,28971.0,28616.95,28679.75,19008171
2019-09-11,28759.35,28759.35,28909.65,28708.75,28830.9,25161449
2019-09-12,28575.2,28575.2,28881.9,28534.1,28824.4,21882372
2019-09-13,28592.05,28592.05,28678.0,28503.45,28614.65,26539799
2019-09-16,28751.75,28751.75,28796.45,28449.35,28496.45,19651323
2019-09-17,28675.3,28675.3,28903.0,28641.6,28768.5,26126766
2019-09-18,28752.15,28752.15,28821.2,28514.45,28764.9,31276999
2019-09-19,28575.6,28575.6,28814.7,28529.05,28794.8,21131302
2019-09-20,29835.35,29835.35,30003.6,28500.8,28660.35,94166643
2019-09-23,31120.1,31120.1,31813.8,30449.3,30449.3,87252141
2019-09-24,31312.4,31312.4,31401.05,30939.65,31197.65,32512629
2019-09-25,30925.95,30925.95,31281.75,30810.95,31249.15,37931229
2019-09-26,31027.7,31027.7,31185.5,30760.85,30914.75,39950950
2019-09-27,31026.0,31026.0,31343.0,30952.85,30977.0,31745350
2019-09-30,31134.5,31134.5,31193.35,30745.85,31089.2,32873305
2019-10-01,30801.35,30801.35,31341.75,30717.35,31130.25,28815493
2019-10-03,30791.0,30791.0,30831.2,30567.95,30819.6,26332585
2019-10-04,30327.15,30327.15,30991.75,30300.0,30921.45,33150151
2019-10-07,30218.1,30218.1,30527.45,30151.8,30347.15,30123304
2019-10-09,30269.15,30269.15,30370.95,30022.8,30249.55,34618805
2019-10-10,30147.2,30147.2,30323.25,30071.45,30245.8,32905944
2019-10-11,30416.2,30416.2,30498.25,30102.25,30222.9,37651431
2019-10-14,30591.0,30591.0,30699.9,30493.1,30585.5,26432735
2019-10-15,30927.9,30927.9,31059.6,30687.85,30783.5,26669990
2019-10-16,30899.0,30899.0,30980.25,30754.4,30945.6,26229295
2019-10-17,31331.9,31331.9,31358.55,30889.3,30928.5,28730635
2019-10-18,31501.45,31501.45,31544.2,31227.25,31313.05,26492156
2019-10-22,31659.4,31659.4,31842.8,31453.05,31462.4,35348738
2019-10-23,31899.55,31899.55,31939.45,31643.55,31739.7,26728900
2019-10-24,31752.8,31752.8,32089.75,31649.05,32026.2,28540362
2019-10-25,31685.6,31685.6,32176.4,31589.6,32172.15,46467826
2019-10-29,31950.75,31950.75,31995.1,31526.7,31828.7,30676234
2019-10-30,32274.1,32274.1,32385.95,32039.8,32229.85,50326074
2019-10-31,32319.75,32319.75,32533.75,32208.1,32310.1,52892699
2019-11-01,32449.85,32449.85,32591.3,32338.25,32396.1,32862226
2019-11-04,32255.7,32255.7,32644.9,32228.3,32541.1,23829411
2019-11-05,32361.45,32361.45,32390.05,32064.75,32257.0,30820818
2019-11-06,32393.0,32393.0,32543.05,32181.9,32360.6,29055223
2019-11-07,32535.9,32535.9,32608.05,32340.75,32587.8,30953761
2019-11-08,31947.5,31947.5,32551.45,31907.4,32489.55,29030887
2019-11-11,31802.55,31802.55,32061.3,31751.65,31928.4,18384216
2019-11-13,31582.45,31582.45,31999.95,31525.15,31913.9,24491690
2019-11-14,31439.45,31439.45,31602.35,31347.65,31587.0,24733867
2019-11-15,31289.7,31289.7,31624.2,31235.3,31447.15,27814384
2019-11-18,31165.25,31165.25,31422.35,31076.65,31342.95,18848184
2019-11-19,30972.95,30972.95,31248.6,30924.75,31241.1,21805568
2019-11-20,31089.35,31089.35,31210.9,30786.3,31009.3,20591887
2019-11-21,30893.55,30893.55,31128.75,30839.45,31128.75,22273320
2019-11-22,30809.55,30809.55,31066.85,30745.15,30964.15,25036780
2019-11-25,31085.6,31085.6,31127.85,30783.15,30798.9,19187289
2019-11-26,31055.35,31055.35,31281.0,30912.1,31137.8,51029897
2019-11-27,31221.95,31221.95,31256.1,31096.35,31120.4,19315572
2019-11-28,31263.4,31263.4,31290.3,31101.1,31277.6,25965956
2019-11-29,30975.5,30975.5,31260.6,30892.1,31243.25,25124223
2019-12-02,30889.5,30889.5,31018.55,30823.05,30977.0,22581987
2019-12-03,30677.5,30677.5,30983.85,30603.2,30898.2,20505384
2019-12-04,30705.55,30705.55,30771.45,30543.1,30629.85,24122501
2019-12-05,30795.1,30795.1,30833.8,30665.05,30739.6,22869220
2019-12-06,30536.45,30536.45,30883.5,30482.5,30854.75,21202331
2019-12-09,30375.0,30375.0,30574.5,30298.7,30562.0,16200608
2019-12-10,30059.0,30059.0,30431.75,30024.25,30424.0,26692148
2019-12-11,30102.45,30102.45,30250.15,29985.4,30072.8,25519628
2019-12-12,30227.95,30227.95,30351.8,30135.15,30155.6,23614875
2019-12-13,30426.25,30426.25,30489.25,30245.85,30380.0,20934519
2019-12-16,30043.1,30043.1,30523.35,30008.25,30459.8,22268600
2019-12-17,30182.05,30182.05,30334.8,30084.35,30115.65,28731629
2019-12-18,30291.05,30291.05,30331.9,29964.8,30186.85,34723017
2019-12-19,30386.1,30386.1,30515.8,30303.7,30341.05,25215426
2019-12-20,30356.35,30356.35,30443.95,30152.8,30372.15,29111225
2019-12-23,30217.95,30217.95,30548.5,30173.75,30392.15,32436149
2019-12-24,30197.55,30197.55,30302.2,30132.65,30241.95,17316630
2019-12-26,30063.55,30063.55,30264.1,30040.65,30218.85,26824232
2019-12-27,30145.45,30145.45,30172.4,30063.6,30147.4,21592041
2019-12-30,30225.35,30225.35,30367.75,30163.5,30206.4,22976493
2019-12-31,30121.5,30121.5,30309.35,30098.1,30254.75,18170821
2020-01-02,30266.2,30266.2,30357.3,30220.05,30271.3,17998667
2020-01-03,30109.25,30109.25,30306.05,30050.75,30302.15,20089305
2020-01-06,29799.3,29799.3,30049.3,29765.15,30024.75,17667570
2020-01-07,29861.8,29861.8,30049.35,29841.15,29903.05,18622056
2020-01-08,29893.2,29893.2,29932.8,29660.1,29685.15,18127207
2020-01-09,30123.6,30123.6,30170.65,30035.3,30071.4,25835515
2020-01-10,30370.45,30370.45,30393.2,30183.8,30244.55,27618464
2020-01-13,30713.45,30713.45,30735.45,30443.5,30455.75,31666435
2020-01-14,31145.4,31145.4,31179.3,30690.7,30798.55,67441140
2020-01-15,31237.1,31237.1,31273.05,31006.3,31133.4,38166019
2020-01-16,31338.2,31338.2,31507.7,31210.95,31255.9,33199268
2020-01-17,31371.45,31371.45,31490.75,31305.65,31372.25,21148293
2020-01-20,31426.75,31426.75,31546.8,31368.1,31369.65,24432676
2020-01-21,31145.95,31145.95,31362.85,31105.5,31358.35,22451037
2020-01-22,31153.15,31153.15,31275.6,31024.4,31270.7,19256107
2020-01-23,31226.9,31226.9,31257.15,30995.3,31147.0,25011188
2020-01-24,31474.9,31474.9,31526.95,31173.8,31223.05,21949485
2020-01-27,31149.7,31149.7,31450.35,31110.55,31373.25,17500325
2020-01-28,31027.05,31027.05,31234.1,31007.2,31210.55,49576185
2020-01-29,31426.25,31426.25,31506.55,31132.2,31150.45,46825220
2020-01-30,30936.45,30936.45,31438.35,30849.85,31419.2,37175318
2020-01-31,30775.3,30775.3,31108.6,30729.6,31099.25,49149652
2020-02-03,30435.3,30435.3,30702.95,29833.05,30049.3,102457740
2020-02-04,30744.0,30744.0,30857.05,30467.0,30614.05,58565411
2020-02-05,30934.4,30934.4,30984.5,30736.05,30885.2,64580430
2020-02-06,30736.6,30736.6,31158.65,30590.25,31055.4,49485384
2020-02-07,30809.5,30809.5,30930.0,30724.05,30806.5,47794999
2020-02-10,30528.45,30528.45,30872.15,30496.55,30863.7,24442191
2020-02-11,30414.55,30414.55,30871.15,30375.35,30856.25,46118449
2020-02-12,30986.25,30986.25,31084.45,30488.45,30494.95,35306974
2020-02-13,31039.3,31039.3,31066.6,30817.55,30968.35,27421091
2020-02-14,30646.75,30646.75,31205.9,30556.3,31036.9,29591320
2020-02-17,30481.05,30481.05,30788.6,30451.1,30660.35,35459574
2020-02-18,30360.6,30360.6,30471.35,30076.65,30463.0,40610242
2020-02-19,30835.0,30835.0,30888.9,30440.35,30529.4,28679644
2020-02-20,30636.25,30636.25,30904.45,30585.2,30807.75,34634952
2020-02-24,30147.6,30147.6,30590.0,30108.4,30545.5,32962208
2020-02-25,30173.2,30173.2,30580.25,30145.1,30295.8,31166143
2020-02-26,29965.55,29965.55,30231.75,29851.2,30155.1,35992533
2020-02-27,29981.2,29981.2,30012.6,29622.25,29993.4,33412776
2020-02-28,29310.25,29310.25,29578.5,29151.8,29468.4,60349528
2020-03-02,29138.9,29138.9,29913.1,28911.5,29610.15,40844563
2020-03-03,29406.2,29406.2,29539.5,29119.5,29350.45,40485393
2020-03-04,29223.75,29223.75,29604.7,28873.35,29563.15,45837467
2020-03-05,29530.5,29530.5,29844.1,29332.05,29333.25,38389692
2020-03-06,28937.0,28937.0,29201.75,28689.45,28988.2,47823517
2020-03-09,28056.5,28056.5,28530.45,27841.3,28466.25,43871379
2020-03-11,28078.75,28078.75,28256.9,27639.3,27697.95,48363955
2020-03-12,26083.0,26083.0,27319.6,25716.2,27305.85,85959069
2020-03-13,26208.0,26208.0,26935.0,23420.4,24896.85,93535575
2020-03-16,24707.65,24707.65,25624.35,24492.7,25586.4,57561430
2020-03-17,24929.85,24929.85,25677.55,24598.2,24850.5,74735778
2020-03-18,24186.5,24186.5,25392.65,24047.0,25269.25,74132447
2020-03-19,23970.75,23970.75,24382.0,22699.05,23695.9,118829938
2020-03-20,25931.6,25931.6,26113.7,24198.2,24198.2,87762108
2020-03-23,23184.05,23184.05,24373.55,23082.2,23950.55,69667235
2020-03-24,23935.3,23935.3,24584.85,23390.45,24123.3,83206249
2020-03-25,24471.7,24471.7,24695.25,23646.7,23804.85,92962761
2020-03-26,25680.1,25680.1,26091.05,24295.6,24727.15,87681348
2020-03-27,25740.45,25740.45,26557.7,25301.8,26382.25,55047455
2020-03-30,25831.55,25831.55,26164.1,25159.85,25218.5,48612218
2020-03-31,27319.2,27319.2,27406.2,26038.8,26472.75,64851135
2020-04-01,26358.8,26358.8,27683.9,26197.05,27346.95,41906619
2020-04-03,26537.75,26537.75,27180.75,26114.2,26716.5,90161887
2020-04-07,28745.3,28745.3,28823.5,27272.9,27491.6,70920964
2020-04-08,28839.9,28839.9,29817.6,28397.35,28600.25,75200365
2020-04-09,28953.2,28953.2,29501.2,28764.25,29500.75,76633055
2020-04-13,28509.85,28509.85,28963.05,28357.75,28913.3,41204171
2020-04-15,29686.95,29686.95,29865.35,28880.6,28979.6,106868399
2020-04-16,29512.3,29512.3,30023.0,29233.1,29563.45,61078096
2020-04-17,29202.35,29202.35,30202.75,29092.35,30202.75,57684415
2020-04-20,28598.1,28598.1,29490.25,28542.3,29490.25,56367919
2020-04-21,28480.6,28480.6,28791.2,28063.3,28134.3,46484214
2020-04-22,29185.15,29185.15,29264.25,28197.1,28453.35,50159275
2020-04-23,28786.25,28786.25,29698.35,28689.6,29278.45,63716288
2020-04-24,28636.7,28636.7,29008.9,28591.2,28736.45,42113333
2020-04-27,29052.55,29052.55,29101.65,28771.6,28805.2,42007893
2020-04-28,28778.15,28778.15,29233.4,28636.0,29208.9,39175236
2020-04-29,28665.0,28665.0,28932.35,28608.25,28887.5,43005148
2020-04-30,28669.3,28669.3,29078.45,28460.05,29078.45,65338853
2020-05-04,27599.0,27599.0,28235.45,27544.75,28197.45,74361350
2020-05-05,27138.6,27138.6,28011.75,27065.85,27815.7,65780211
2020-05-06,26630.2,26630.2,27062.1,26373.95,27061.5,101493046
2020-05-07,26254.55,26254.55,26445.1,25984.0,26402.25,236904193
2020-05-08,26759.8,26759.8,26809.4,26598.05,26809.4,65277326
2020-05-11,26667.8,26667.8,27149.05,26608.2,26895.65,50403534
2020-05-12,26857.15,26857.15,26913.65,26321.9,26571.05,53361288
2020-05-13,26746.5,26746.5,27765.9,26680.75,27761.9,56803279
2020-05-14,26933.65,26933.65,27090.8,26587.0,26618.1,65530916
2020-05-15,26958.65,26958.65,27028.95,26795.85,26969.4,54811702
2020-05-18,26694.65,26694.65,27092.5,26653.95,27057.5,59539266
2020-05-19,26895.75,26895.75,26987.65,26731.45,26895.2,49736991
2020-05-20,27290.35,27290.35,27428.25,26935.65,26995.1,50600732
2020-05-21,27887.1,27887.1,27967.0,27207.45,27366.5,91935088
2020-05-22,27786.1,27786.1,28051.25,27658.1,27843.25,68203306
2020-05-26,28122.3,28122.3,28403.75,27957.6,28071.7,88109568
2020-05-27,28222.4,28222.4,28296.1,27742.25,28226.25,51946214
2020-05-28,28451.6,28451.6,28524.25,28096.75,28223.1,63838520
2020-05-29,29296.95,29296.95,29384.9,28297.9,28374.75,158631717
2020-06-01,29571.3,29571.3,30023.35,29483.5,29579.45,69900757
2020-06-02,29359.85,29359.85,29752.05,29326.2,29751.55,44818763
2020-06-03,29527.0,29527.0,29887.8,29431.5,29704.1,52614359
2020-06-04,29621.55,29621.55,29725.15,29311.3,29573.25,44781238
2020-06-05,29542.0,29542.0,29802.75,29428.25,29789.35,39218958
2020-06-08,29502.15,29502.15,29891.3,29447.55,29891.3,47190168
2020-06-09,29524.9,29524.9,30117.65,29455.05,29507.25,67577739
2020-06-10,29503.2,29503.2,29770.75,29379.9,29645.2,48134327
2020-06-11,29092.45,29092.45,29698.95,29045.65,29552.1,40953084
2020-06-12,29145.6,29145.6,29227.25,28319.1,28356.65,50796438
2020-06-15,28701.8,28701.8,29215.85,28591.15,29187.5,46194485
2020-06-16,28575.35,28575.35,29103.3,28349.0,29081.2,51030891
2020-06-17,28431.75,28431.75,28673.85,28384.7,28517.9,41710967
2020-06-18,28648.7,28648.7,28730.2,28393.8,28402.3,45432001
2020-06-19,28709.45,28709.45,28816.85,28592.45,28784.1,59057453
2020-06-22,28865.45,28865.45,29058.2,28718.95,28961.05,51163839
2020-06-23,29355.2,29355.2,29452.05,28923.05,28993.35,56744985
2020-06-24,29487.4,29487.4,29942.7,29433.6,29568.2,79281997
2020-06-25,30113.25,30113.25,30174.6,29338.35,29378.25,101089409
2020-06-26,29757.05,29757.05,30505.15,29655.5,30369.75,94831983
2020-06-29,29971.65,29971.65,30168.35,29820.2,30035.3,113894850
2020-06-30,30063.25,30063.25,30219.8,30019.75,30170.45,70668065
2020-07-01,30232.5,30232.5,30286.1,29983.65,30093.9,61624757
2020-07-02,30316.2,30316.2,30399.7,30136.5,30352.5,60014284
2020-07-03,30529.1,30529.1,30632.3,30428.35,30501.95,57187574
2020-07-06,30647.65,30647.65,30736.5,30566.6,30724.8,56527182
2020-07-07,30518.2,30518.2,30797.25,30420.75,30772.85,59860232
2020-07-08,30773.9,30773.9,30919.1,30402.75,30574.25,51567719
2020-07-09,30671.75,30671.75,30891.4,30581.45,30785.7,39786405
2020-07-10,30821.15,30821.15,30860.55,30575.75,30618.2,36864480
2020-07-13,31214.9,31214.9,31283.15,30977.15,31011.9,42666375
2020-07-14,30932.85,30932.85,31305.65,30848.3,31192.35,37205261
2020-07-15,31140.45,31140.45,31236.45,30978.3,31038.1,44227840
2020-07-16,31182.35,31182.35,31246.2,30633.7,31195.15,39586709
2020-07-17,31439.3,31439.3,31528.4,31191.5,31217.3,39264408
2020-07-20,31536.35,31536.35,31598.6,31284.05,31571.4,37452764
2020-07-21,31280.25,31280.25,31708.0,31240.9,31626.8,48250528
2020-07-22,31051.6,31051.6,31422.3,30946.35,31420.85,58426954
2020-07-23,31101.9,31101.9,31326.45,31052.4,31177.9,54206420
2020-07-24,31018.85,31018.85,31138.55,30653.4,31009.95,80399286
2020-07-27,30819.75,30819.75,31183.15,30708.2,31129.45,42846932
2020-07-28,30910.9,30910.9,31047.1,30764.3,30891.0,47078774
2020-07-29,30948.5,30948.5,31139.75,30816.4,30818.1,43005172
2020-07-30,30696.4,30696.4,31134.55,30582.75,31104.45,39765129
2020-07-31,30872.45,30872.45,31032.55,30677.65,30734.8,39156532
2020-08-03,30759.8,30759.8,30985.0,30674.45,30892.8,31101220
2020-08-04,30901.65,30901.65,31059.45,30782.85,30903.5,40672518
2020-08-05,30863.6,30863.6,31090.1,30728.5,31050.3,85517874
2020-08-06,31287.6,31287.6,31326.85,30926.25,31010.25,46808207
2020-08-07,31490.6,31490.6,31597.0,31209.0,31329.65,69952396
2020-08-10,31621.75,31621.75,31791.7,31584.65,31597.05,48164023
2020-08-11,31767.75,31767.75,32155.5,31725.6,31730.1,82198272
2020-08-12,31636.7,31636.7,31723.45,31537.9,31690.3,41031436
2020-08-13,31668.15,31668.15,31867.8,31441.1,31680.8,48597230
2020-08-14,31237.95,31237.95,31828.8,31115.5,31763.35,51162508
2020-08-17,31545.15,31545.15,31600.0,31179.05,31428.95,29580884
2020-08-18,31726.15,31726.15,31762.65,31559.7,31626.75,30234921
2020-08-19,31586.05,31586.05,31911.25,31548.6,31738.45,32271639
2020-08-20,31439.9,31439.9,31556.35,31307.1,31445.6,32399851
2020-08-21,31604.4,31604.4,31724.15,31563.4,31690.25,30990640
2020-08-24,31642.0,31642.0,31799.4,31606.8,31692.25,32498639
2020-08-25,31460.3,31460.3,31724.4,31394.0,31700.65,31125667
2020-08-26,31408.45,31408.45,31536.2,31313.65,31528.0,41957471
2020-08-27,31314.45,31314.45,31636.6,31277.1,31602.05,61728229
2020-08-28,31253.45,31253.45,31451.3,31203.7,31410.8,52707865
2020-08-31,30595.15,30595.15,31457.85,30475.85,31457.85,126435123
2020-09-01,30988.15,30988.15,31130.85,30525.3,30727.5,61292900
2020-09-02,31084.35,31084.35,31248.35,30942.25,31099.4,42533239
2020-09-03,31316.85,31316.85,31346.95,31100.7,31155.6,45238628
2020-09-04,30828.65,30828.65,31156.25,30769.1,30969.8,60593264
2020-09-07,31003.85,31003.85,31053.25,30407.85,30897.7,50948337
2020-09-08,30818.45,30818.45,31052.65,30748.4,31001.65,41681915
2020-09-09,30633.6,30633.6,30678.1,30461.0,30534.6,45838428
2020-09-10,30778.75,30778.75,30824.0,30578.95,30757.15,33547489
2020-09-11,30972.25,30972.25,31023.0,30730.55,30736.5,40985552
2020-09-14,30760.5,30760.5,31153.8,30669.25,31151.85,47903562
2020-09-15,30712.2,30712.2,30866.6,30617.9,30846.25,44767543
2020-09-16,30837.55,30837.55,30865.9,30670.05,30748.3,67774629
2020-09-17,30651.75,30651.75,30894.4,30613.45,30822.7,53980789
2020-09-18,30460.85,30460.85,30758.65,30321.9,30730.1,57959542
2020-09-21,29541.75,29541.75,30526.65,29381.35,30491.75,42355098
2020-09-22,29312.4,29312.4,29583.85,29065.45,29564.6,36295074
2020-09-23,29322.35,29322.35,29652.25,29149.15,29426.0,79424899
2020-09-24,29044.95,29044.95,29275.95,28969.35,29200.4,58951516
2020-09-25,29633.5,29633.5,29763.75,29221.1,29371.9,52444101
2020-09-28,29886.2,29886.2,30001.6,29630.55,29754.95,41743164
2020-09-29,29434.8,29434.8,30056.45,29396.8,30026.1,46576009
2020-09-30,29841.75,29841.75,30015.95,29437.75,29507.9,42766330
2020-10-01,30009.55,30009.55,30155.95,29894.05,30149.15,37474463
2020-10-05,30112.15,30112.15,30217.25,29965.0,30083.8,41338529
2020-10-06,30054.7,30054.7,30397.0,29965.05,30228.35,46729790
2020-10-07,30168.8,30168.8,30310.45,30072.6,30138.4,35727139
2020-10-08,30136.05,30136.05,30325.0,30006.55,30262.95,43944115
2020-10-09,29923.9,29923.9,30258.7,29862.3,30130.05,42672098
2020-10-12,30024.25,30024.25,30297.5,29890.05,30107.35,84141925
2020-10-13,29926.7,29926.7,30257.6,29866.0,30055.2,51737992
2020-10-14,29959.6,29959.6,29987.8,29754.1,29918.15,62245907
2020-10-15,29644.8,29644.8,30107.0,29554.35,30006.0,47274444
2020-10-16,29671.05,29671.05,29834.0,29546.05,29802.2,35888610
2020-10-19,30068.85,30068.85,30151.0,29745.45,29815.85,34720147
2020-10-20,29964.6,29964.6,30117.25,29744.65,29997.1,40737308
2020-10-21,29684.1,29684.1,30139.25,29483.2,30105.05,45715155
2020-10-22,29715.35,29715.35,29776.05,29526.35,29671.85,48619786
2020-10-23,29782.2,29782.2,29861.9,29641.95,29830.65,38403274
2020-10-26,29774.65,29774.65,29940.4,29635.35,29927.7,37188949
2020-10-27,30163.7,30163.7,30208.1,29752.45,29784.15,75885228
2020-10-28,29948.1,29948.1,30240.3,29882.55,30240.3,42631939
2020-10-29,29663.45,29663.45,29847.5,29595.75,29720.4,41448233
2020-10-30,29428.45,29428.45,29829.15,29329.8,29682.8,35499512
2020-11-02,29441.45,29441.45,29568.9,29307.25,29538.6,34837464
2020-11-03,29526.35,29526.35,29655.8,29434.05,29622.75,55465649
2020-11-04,29612.4,29612.4,29858.4,29537.95,29565.25,39692851
2020-11-05,30180.05,30180.05,30216.75,29805.55,29898.45,57253653
2020-11-06,30150.65,30150.65,30393.1,30083.4,30293.4,59225358
2020-11-09,30453.7,30453.7,30546.85,30247.35,30388.8,63131745
2020-11-10,30494.75,30494.75,30646.8,30086.05,30636.6,85223560
2020-11-11,30845.6,30845.6,30886.75,30289.2,30589.05,86215493
2020-11-12,31240.2,31240.2,31318.6,30776.55,30840.05,69003051
2020-11-13,31222.1,31222.1,31393.45,31151.0,31270.2,47935400
2020-11-17,31291.45,31291.45,31572.85,31240.65,31572.85,39661717
2020-11-18,30952.85,30952.85,31252.25,30886.2,31229.5,46300667
2020-11-19,31085.2,31085.2,31353.8,30783.35,30833.7,74802192
2020-11-20,31454.35,31454.35,31531.7,31116.05,31234.8,71482173
2020-11-23,31568.1,31568.1,31610.2,31358.8,31593.6,46439514
2020-11-24,31832.2,31832.2,31878.1,31576.95,31600.4,62432879
2020-11-25,31441.7,31441.7,32006.0,31350.35,31926.35,60610895
2020-11-26,31701.3,31701.3,31765.5,31305.65,31548.45,44878291
2020-11-27,31718.8,31718.8,31898.2,31431.5,31786.4,96292294
2020-12-01,31705.25,31705.25,32090.8,31655.65,32090.8,37881675
2020-12-02,31820.25,31820.25,31918.8,31591.85,31811.15,48275066
2020-12-03,31908.65,31908.65,32027.65,31754.05,32022.25,50316214
2020-12-04,32356.75,32356.75,32404.85,32016.5,32044.05,43208630
2020-12-07,32866.9,32866.9,32907.45,32351.95,32358.6,56337105
2020-12-08,32849.85,32849.85,33086.0,32572.25,32969.4,54244842
2020-12-09,33125.5,33125.5,33182.35,32954.4,33019.65,58020263
2020-12-10,34054.8,34054.8,34122.5,33002.0,33161.4,97339081
2020-12-11,34364.85,34364.85,34427.7,33987.25,34245.25,86225915
2020-12-14,34411.65,34411.65,34596.05,34334.6,34505.35,45607508
2020-12-15,33967.9,33967.9,34360.8,33906.1,34329.5,39709982
2020-12-16,34195.85,34195.85,34352.75,34037.3,34058.25,39360753
2020-12-17,34013.55,34013.55,34234.8,33955.35,34221.4,46191076
2020-12-18,34102.7,34102.7,34173.5,33878.2,34090.05,47311363
2020-12-21,33151.1,33151.1,34121.75,32570.75,34121.75,68881620
2020-12-22,33329.05,33329.05,33544.55,32633.75,33195.7,62763038
2020-12-23,33966.0,33966.0,34040.95,33284.75,33392.5,45899903
2020-12-24,34115.65,34115.65,34288.45,33769.35,34191.2,42387914
2020-12-28,34181.1,34181.1,34369.4,34079.45,34262.05,31789743
2020-12-29,34181.95,34181.95,34377.4,33982.35,34313.7,44944354
2020-12-30,34313.7,34313.7,34362.7,34039.2,34323.95,39454569
2020-12-31,34177.1,34177.1,34324.95,34109.5,34255.1,35649116
2021-01-04,34619.7,34619.7,34713.6,34385.5,34535.25,44370717
2021-01-05,34720.25,34720.25,34788.35,34420.15,34473.5,36402461
2021-01-06,34327.35,34327.35,34768.2,34091.45,34748.1,72848563
2021-01-07,34032.35,34032.35,34543.0,33988.2,34521.65,56148076
2021-01-08,34276.75,34276.75,34346.2,33994.2,34282.45,83837475
2021-01-11,34681.25,34681.25,34919.6,34446.35,34597.35,73357641
2021-01-12,34488.65,34488.65,34771.65,34401.65,34754.7,58474639
2021-01-13,34617.6,34617.6,34945.3,34377.25,34617.6,83407138
2021-01-14,34885.7,34885.7,34942.2,34616.0,34669.1,73574701
2021-01-15,34630.05,34630.05,35000.35,34350.15,34898.8,77773991
2021-01-18,34502.85,34502.85,34810.4,34248.2,34735.7,85435939
2021-01-19,34659.85,34659.85,34808.1,34454.85,34648.25,50207770
2021-01-20,34605.35,34605.35,34796.85,34555.55,34667.0,62546728
2021-01-21,34494.4,34494.4,34974.05,34376.4,34822.75,51184263
2021-01-25,34178.6,34178.6,34647.5,33958.4,34613.4,42318632
2021-01-27,34281.4,34281.4,34394.65,34096.2,34316.45,71172534
2021-01-28,33625.85,33625.85,34146.65,33543.2,34033.35,52360433
2021-01-29,33121.05,33121.05,33864.45,32972.25,33832.2,60721600
2021-02-01,33689.65,33689.65,33867.15,32996.3,33304.15,84228247
2021-02-02,33730.85,33730.85,34148.6,33634.85,34047.45,72637229
2021-02-03,33682.35,33682.35,34009.75,33630.6,33954.95,82803006
2021-02-04,34507.65,34507.65,34569.95,33740.2,33784.95,127649599
2021-02-05,34644.5,34644.5,34818.2,34368.55,34676.5,147000631
2021-02-08,34452.25,34452.25,34978.15,34410.6,34938.05,62514842
2021-02-09,34231.3,34231.3,34786.25,34160.65,34598.4,91510208
2021-02-10,34188.0,34188.0,34449.1,33881.2,34268.85,62243166
2021-02-11,34463.75,34463.75,34512.5,34162.95,34299.25,65200654
2021-02-12,33928.3,33928.3,34524.1,33785.6,34524.1,126913216
2021-02-16,33724.5,33724.5,34162.75,33619.05,34089.3,50509298
2021-02-18,33373.9,33373.9,33670.85,33323.05,33593.3,45325474
2021-02-19,33336.8,33336.8,33584.55,33115.1,33396.8,60617293
2021-02-22,32891.7,32891.7,33357.0,32803.5,33330.05,76985593
2021-02-23,33025.95,33025.95,33175.4,32845.25,33056.75,48761622
2021-02-24,33091.7,33091.7,33261.7,32841.95,33228.7,32439553
2021-02-25,33001.8,33001.8,33262.3,32969.45,33159.0,52215795
2021-02-26,32443.15,32443.15,33017.05,32312.45,32832.85,73964263
2021-03-01,32797.65,32797.65,32886.15,32429.6,32610.4,29379443
2021-03-02,33250.9,33250.9,33301.35,32847.4,32932.85,41838211
2021-03-03,33454.4,33454.4,33538.35,33306.2,33538.35,40107686
2021-03-04,33443.8,33443.8,33562.1,33201.85,33289.15,43301960
2021-03-05,33360.3,33360.3,33474.55,33238.6,33291.45,34090124
2021-03-08,33190.35,33190.35,33578.1,33142.25,33493.1,35185572
2021-03-09,33215.85,33215.85,33404.4,32827.4,33281.25,38188394
2021-03-10,33402.75,33402.75,33424.5,33220.0,33393.05,33548427
2021-03-12,33068.5,33068.5,33577.1,33022.1,33557.5,43598695
2021-03-15,33058.85,33058.85,33179.8,32720.0,33172.6,55187777
2021-03-16,33351.75,33351.75,33409.25,33107.0,33166.1,63050080
2021-03-17,33194.6,33194.6,33595.6,33136.1,33594.15,95906817
2021-03-18,33222.6,33222.6,33480.55,33017.95,33391.45,106916217
2021-03-19,34028.35,34028.35,34173.1,32831.8,33120.75,159227424
2021-03-22,34608.0,34608.0,34647.2,33934.5,34049.45,63563692
2021-03-23,34473.75,34473.75,34814.4,34415.5,34651.25,59393228
2021-03-24,33987.1,33987.1,34542.85,33943.55,34357.25,42516125
2021-03-25,33213.15,33213.15,34044.4,33071.7,34024.25,59071629
2021-03-26,33818.45,33818.45,33887.35,33444.15,33495.75,41638163
2021-03-30,34578.85,34578.85,34628.15,33981.25,34023.35,62241247
2021-03-31,34931.7,34931.7,34980.15,34448.3,34538.55,51953080
2021-04-01,34874.55,34874.55,35102.7,34754.85,35081.1,40133110
2021-04-05,34304.55,34304.55,34892.6,34024.15,34800.55,47978583
2021-04-06,34619.85,34619.85,34697.1,34221.1,34439.55,46243473
2021-04-07,34835.3,34835.3,35050.45,34613.2,34682.15,32763925
2021-04-08,34983.05,34983.05,35105.65,34869.15,34899.5,28578740
2021-04-09,35253.1,35253.1,35442.85,34999.4,35064.7,30466835
2021-04-12,34561.35,34561.35,34979.9,34472.9,34865.1,52686100
2021-04-13,34720.35,34720.35,35045.45,34591.1,34698.95,36246183
2021-04-15,34658.6,34658.6,35046.75,34349.65,34972.5,36226912
2021-04-16,34853.15,34853.15,34957.15,34699.0,34816.9,29154086
2021-04-19,34519.0,34519.0,34623.95,34218.1,34463.45,28156292
2021-04-20,34296.5,34296.5,34772.05,34087.1,34772.05,41427833
2021-04-22,34043.05,34043.05,34222.8,33894.05,34212.2,37705000
2021-04-23,33726.1,33726.1,34002.85,33631.7,33938.1,32389044
2021-04-26,33865.7,33865.7,33952.6,33726.05,33874.75,33345995
2021-04-27,34009.35,34009.35,34037.2,33888.35,33949.9,24362807
2021-04-28,34129.15,34129.15,34398.5,33999.85,34060.45,28700432
2021-04-29,34009.0,34009.0,34455.0,33944.9,34400.7,28002196
2021-04-30,33623.45,33623.45,34098.9,33544.85,33970.25,35650551
2021-05-03,33994.2,33994.2,34072.7,33505.2,33515.65,53604116
2021-05-04,33822.75,33822.75,34166.9,33691.7,34074.25,41272606
2021-05-06,34048.5,34048.5,34233.55,33897.7,34003.85,32950357
2021-05-07,34123.5,34123.5,34221.6,34049.85,34153.5,51167740
2021-05-10,34204.25,34204.25,34332.1,34067.45,34273.95,34144556
2021-05-12,34057.4,34057.4,34258.65,33988.45,34197.25,60478779
2021-05-14,34781.5,34781.5,34835.0,34094.4,34158.2,84249755
2021-05-17,34807.4,34807.4,35097.55,34755.2,35050.6,53305009
2021-05-18,34741.45,34741.45,35125.6,34655.95,35083.9,47819412
2021-05-19,34729.7,34729.7,34844.55,34635.15,34704.2,41697743
2021-05-21,34690.55,34690.55,34727.05,34522.7,34556.6,35783908
2021-05-24,34572.5,34572.5,34748.7,34487.55,34722.5,50724956
2021-05-26,34815.7,34815.7,34982.45,34782.8,34929.1,30474660
2021-05-27,34812.3,34812.3,34957.75,34741.8,34878.6,83176800
2021-05-28,34890.5,34890.5,35084.2,34870.55,34947.85,39434545
2021-06-01,35241.2,35241.2,35378.8,35172.85,35357.45,51385825
2021-06-02,35058.6,35058.6,35220.45,34953.15,34996.25,114180563
2021-06-03,35266.5,35266.5,35300.15,35090.35,35216.05,60185571
2021-06-04,35138.0,35138.0,35330.65,35092.1,35330.65,54504461
2021-06-07,35375.35,35375.35,35428.8,35199.5,35336.1,47675425
2021-06-08,35672.45,35672.45,35716.4,35398.95,35463.65,40784202
2021-06-09,35588.95,35588.95,35785.15,35454.15,35721.35,39176035
2021-06-10,35731.3,35731.3,35901.75,35448.6,35564.45,51892121
2021-06-11,35646.95,35646.95,35869.65,35589.05,35858.2,34468583
2021-06-14,35659.95,35659.95,35707.65,35258.0,35620.35,30547814
2021-06-15,35921.5,35921.5,35953.65,35673.9,35691.4,32080055
2021-06-16,36131.25,36131.25,36244.15,35937.95,35953.95,38146488
2021-06-17,36183.55,36183.55,36287.5,35935.45,35983.8,45041885
2021-06-18,36287.15,36287.15,36360.6,35796.6,36251.3,48042897
2021-06-21,36377.6,36377.6,36456.15,36034.4,36056.9,35547487
2021-06-22,36299.65,36299.65,36565.25,36244.45,36534.0,34463710
2021-06-23,36188.75,36188.75,36437.35,36111.15,36418.65,28081893
2021-06-24,36242.55,36242.55,36302.55,36130.55,36278.35,33514175
2021-06-25,36006.55,36006.55,36329.25,35975.65,36298.1,24100094
2021-06-28,36054.45,36054.45,36159.75,35955.9,36104.2,24514224
2021-06-29,36234.55,36234.55,36336.15,36035.35,36059.45,35681094
2021-06-30,36093.2,36093.2,36425.45,36033.6,36355.45,31660637
2021-07-01,36234.9,36234.9,36283.0,36097.2,36197.35,26254330
2021-07-02,36216.7,36216.7,36328.25,36053.35,36298.55,26828540
2021-07-06,36238.5,36238.5,36413.6,36198.8,36364.45,24437066
2021-07-07,36447.05,36447.05,36503.95,36105.4,36163.1,31216909
2021-07-08,36179.1,36179.1,36440.35,36120.6,36337.65,33637907
2021-07-09,36184.4,36184.4,36316.55,36083.2,36135.6,23013703
2021-07-12,36176.65,36176.65,36339.7,36086.9,36301.1,21565622
2021-07-13,36110.3,36110.3,36329.05,36066.1,36320.65,20211766
2021-07-14,36073.2,36073.2,36153.2,35912.25,36124.75,29413273
2021-07-15,36182.95,36182.95,36223.2,35948.4,36181.15,40662424
2021-07-16,36253.55,36253.55,36418.7,36139.6,36300.35,48983883
2021-07-19,36180.4,36180.4,36295.35,36054.75,36073.35,26550275
2021-07-20,36230.25,36230.25,36403.15,36110.65,36189.8,34245583
2021-07-22,36263.6,36263.6,36734.0,36205.55,36429.2,37005261
2021-07-23,36558.65,36558.65,36683.6,36210.5,36327.8,59866851
2021-07-26,36486.75,36486.75,36746.5,36459.05,36639.15,62670265
2021-07-27,36360.8,36360.8,36620.3,36307.35,36551.45,36914143
2021-07-28,36360.35,36360.35,36489.05,36194.65,36418.15,28292515
2021-07-29,35990.05,35990.05,36469.2,35955.85,36372.6,30330234
2021-07-30,36051.9,36051.9,36246.1,35859.9,36055.7,34849876
2021-08-02,36199.95,36199.95,36385.45,36123.7,36250.15,32168125
2021-08-03,36826.05,36826.05,36885.55,36196.3,36264.1,51044924
2021-08-04,36482.45,36482.45,36935.65,36429.4,36909.05,32637675
2021-08-05,36701.45,36701.45,36781.55,36320.9,36626.9,60491817
2021-08-06,36669.8,36669.8,36813.35,36596.95,36724.15,41184389
2021-08-09,36691.9,36691.9,37016.95,36521.3,36816.65,31046092
2021-08-10,36537.25,36537.25,36790.4,36286.15,36784.35,29453650
2021-08-11,36425.85,36425.85,36641.7,36088.25,36597.25,27229790
2021-08-12,36521.85,36521.85,36696.05,36457.0,36537.0,38916024
2021-08-13,36842.05,36842.05,36907.85,36575.8,36674.85,40552087
2021-08-16,36954.25,36954.25,37063.3,36703.35,36844.15,20324539
2021-08-17,37478.55,37478.55,37514.0,36979.6,37014.45,30968270
2021-08-18,37738.3,37738.3,37878.85,37538.9,37571.65,46270895
2021-08-20,38596.05,38596.05,38741.45,37401.3,37469.25,53950165
2021-08-23,38489.5,38489.5,38913.75,38311.7,38780.3,33225733
2021-08-24,38232.8,38232.8,38675.05,38124.6,38578.85,26341462
2021-08-25,38448.1,38448.1,38663.3,38264.3,38271.7,27017406
2021-08-26,38670.7,38670.7,38864.2,38398.75,38403.5,37058451
2021-08-27,38819.5,38819.5,38884.55,38549.15,38743.25,24877159
2021-08-30,39150.2,39150.2,39172.95,38915.4,38945.15,27020573
2021-08-31,39529.7,39529.7,39615.0,39105.7,39168.55,48174510
2021-09-01,39644.7,39644.7,39821.15,39464.9,39701.45,32891602
2021-09-02,40296.4,40296.4,40323.65,39648.8,39713.55,40576646
2021-09-03,40226.25,40226.25,40441.85,40103.1,40371.15,27369583
2021-09-06,40169.05,40169.05,40514.0,40130.85,40388.1,20698693
2021-09-07,40289.85,40289.85,40642.65,40237.85,40296.35,52501922
2021-09-08,40263.45,40263.45,40434.7,39910.7,40377.55,28542948
2021-09-09,40577.95,40577.95,40610.4,40120.3,40122.0,33397273
2021-09-13,40592.35,40592.35,40754.8,40474.65,40569.9,29886955
2021-09-14,40469.55,40469.55,40750.6,40444.05,40718.8,34796506
2021-09-15,40504.5,40504.5,40645.4,40404.3,40626.85,30954575
2021-09-16,41007.6,41007.6,41402.3,40453.7,40494.25,161019398
2021-09-17,40798.9,40798.9,41406.1,40704.1,41187.35,99303376
2021-09-20,41169.7,41169.7,41535.0,40631.95,40716.35,85627197
2021-09-21,41619.95,41619.95,41676.8,41108.2,41239.4,70822591
2021-09-22,41507.25,41507.25,41821.9,41429.85,41801.8,67770460
2021-09-23,41548.8,41548.8,41775.75,41502.05,41743.45,47700422
2021-09-24,41090.9,41090.9,41649.05,41034.6,41614.4,43178302
2021-09-27,40720.6,40720.6,41273.0,40657.85,41268.2,34138606
2021-09-28,40682.95,40682.95,41085.9,40537.8,40872.15,33448464
2021-09-29,40472.15,40472.15,40830.7,40413.65,40570.05,29177307
2021-09-30,40426.55,40426.55,40646.55,40338.4,40558.65,35674402
2021-10-01,40399.0,40399.0,40465.85,40036.45,40400.85,29228330
2021-10-04,40445.45,40445.45,40686.0,40319.4,40465.45,24305179
2021-10-05,40427.5,40427.5,40606.45,40373.6,40440.55,25597315
2021-10-06,40167.45,40167.45,40754.45,40079.9,40496.85,42975168
2021-10-07,40226.4,40226.4,40480.55,40210.55,40399.25,24320218
2021-10-08,39993.35,39993.35,40399.5,39915.0,40363.3,23007518
2021-10-11,40318.05,40318.05,40434.05,40061.9,40070.25,32752617
2021-10-12,40808.75,40808.75,40892.6,40239.25,40262.6,52095317
2021-10-13,41149.4,41149.4,41244.25,40697.3,41004.15,70324330
2021-10-14,41377.2,41377.2,41789.3,41277.35,41446.2,98491769
2021-10-18,41564.15,41564.15,42021.45,41488.0,42021.45,73519124
2021-10-19,40237.3,40237.3,41704.5,40171.3,41653.35,77243923
2021-10-20,39696.35,39696.35,40593.1,39589.4,40343.35,65847245
2021-10-21,39354.45,39354.45,40035.65,39163.8,40008.35,38821450
2021-10-22,38874.8,38874.8,39684.05,38563.65,39502.9,47746836
2021-10-25,38491.0,38491.0,38849.45,38028.5,38774.5,35425714
2021-10-26,38826.85,38826.85,38955.2,38426.15,38569.25,30930212
2021-10-27,38946.1,38946.1,39177.5,38845.55,39090.55,47961792
2021-10-28,38208.55,38208.55,38966.55,38098.3,38899.3,74002069
2021-10-29,38222.1,38222.1,38451.8,37878.85,38253.8,50344997
2021-11-01,38663.65,38663.65,38733.95,38082.45,38383.6,41083425
2021-11-02,38616.2,38616.2,38875.45,38499.65,38758.65,31321063
2021-11-03,38370.1,38370.1,38780.8,38146.95,38762.65,37748838
2021-11-04,38710.1,38710.1,38769.1,38627.7,38695.6,8783186
2021-11-08,39094.75,39094.75,39141.05,38434.65,39045.6,35097237
2021-11-09,38964.25,38964.25,39126.35,38860.95,39064.2,25793337
2021-11-10,38917.35,38917.35,39018.3,38709.9,38808.95,26432041
2021-11-11,38542.55,38542.55,38922.85,38419.3,38922.85,19959476
2021-11-12,38912.75,38912.75,38997.75,38587.45,38743.9,24773671
2021-11-15,39278.3,39278.3,39353.7,38937.85,39014.75,49118314
2021-11-16,39014.65,39014.65,39407.15,38951.9,39396.4,26357175
2021-11-17,39013.45,39013.45,39346.65,38953.4,38992.5,56742598
2021-11-18,38866.5,38866.5,39204.6,38646.25,39042.75,31837172
2021-11-22,38351.65,38351.65,39026.25,38147.05,38998.7,38160412
2021-11-23,38560.1,38560.1,38619.95,38059.9,38190.05,24607327
2021-11-24,38178.2,38178.2,38683.95,38066.65,38677.9,25004109
2021-11-25,38259.75,38259.75,38307.85,37837.95,38206.05,33538454
2021-11-26,37547.15,37547.15,38097.2,37457.85,38050.55,42502285
2021-11-29,37324.85,37324.85,37463.7,36808.7,37359.05,34208951
2021-11-30,37386.95,37386.95,37769.45,37275.05,37276.15,50356115
2021-12-01,37457.85,37457.85,37727.45,37341.85,37612.35,28041640
2021-12-02,37892.6,37892.6,37930.3,37434.8,37547.45,27892223
2021-12-03,37498.1,37498.1,37896.9,37473.75,37843.25,24251002
2021-12-06,36821.85,36821.85,37629.15,36745.3,37527.55,21948907
2021-12-07,37175.85,37175.85,37347.05,36907.1,37078.3,18407191
2021-12-08,37659.95,37659.95,37695.8,37200.8,37200.8,18132319
2021-12-09,38201.65,38201.65,38264.3,37511.55,37632.75,47684149
2021-12-10,38189.55,38189.55,38337.4,37986.85,38287.15,44601215
2021-12-13,37823.55,37823.55,38450.95,37772.95,38408.8,33521810
2021-12-14,37642.6,37642.6,37937.55,37499.45,37817.6,47647778
2021-12-15,37424.65,37424.65,37766.65,37318.4,37692.7,42647735
2021-12-16,37244.35,37244.35,37566.6,37110.1,37538.3,30857524
2021-12-17,36438.0,36438.0,37199.5,36378.25,37164.85,41499297
2021-12-20,36084.65,36084.65,36244.15,35653.55,36231.15,49193781
2021-12-21,36336.8,36336.8,36674.0,36174.4,36295.7,32346953
2021-12-22,36505.55,36505.55,36669.45,36309.3,36558.65,25963802
2021-12-23,36995.1,36995.1,37041.85,36623.05,36756.7,32562358
2021-12-24,36913.75,36913.75,37152.3,36836.95,37136.25,26017914
2021-12-27,36883.4,36883.4,36965.05,36558.0,36871.3,13683824
2021-12-28,37162.7,37162.7,37191.1,36887.3,37004.5,17673863
2021-12-29,37028.7,37028.7,37236.35,36991.1,37180.3,18877615
2021-12-30,37075.65,37075.65,37159.35,36999.4,37063.15,18419557
2021-12-31,37579.95,37579.95,37630.4,37149.3,37206.8,15841295
2022-01-03,37606.05,37606.05,37725.5,37559.75,37673.25,13925408
2022-01-04,37800.35,37800.35,37842.65,37477.75,37687.6,21234860
2022-01-05,37910.95,37910.95,37941.4,37690.7,37798.7,20565249
2022-01-06,37622.5,37622.5,37786.25,37427.95,37704.25,19829751
2022-01-07,37864.45,37864.45,37909.1,37644.7,37649.2,17494097
2022-01-10,37984.05,37984.05,38174.6,37904.85,38012.2,22839398
2022-01-11,37849.9,37849.9,38111.35,37781.65,38039.9,16746639
2022-01-12,37992.95,37992.95,38026.55,37821.2,37976.85,24492687
2022-01-13,38087.25,38087.25,38141.05,37922.35,38092.3,23495230
2022-01-14,37816.0,37816.0,38124.4,37784.0,38080.0,27720033
2022-01-17,37988.9,37988.9,38092.15,37633.15,37850.15,22262508
2022-01-18,37503.15,37503.15,38218.15,37439.55,38085.35,26936850
2022-01-19,37106.4,37106.4,37508.9,37036.65,37491.7,22746815
2022-01-20,36681.4,36681.4,37317.25,36530.0,37216.8,32189045
2022-01-21,36812.9,36812.9,36993.95,36502.95,36633.65,34024511
2022-01-24,35941.35,35941.35,36880.7,35783.25,36838.65,32207153
2022-01-25,36382.85,36382.85,36443.25,35366.55,35849.25,31706902
2022-01-27,35966.8,35966.8,36228.45,35689.2,36093.7,39885444
2022-01-28,36188.3,36188.3,36552.3,36033.05,36033.75,28525709
2022-01-31,36467.25,36467.25,36669.8,36351.75,36361.45,27963355
2022-02-01,37183.8,37183.8,37231.35,36533.7,36720.05,54855716
2022-02-02,37581.5,37581.5,37609.5,37274.85,37482.15,50070121
2022-02-03,37467.2,37467.2,37699.7,37338.7,37570.2,45565301
2022-02-04,37508.4,37508.4,37712.25,37210.7,37662.5,68988475
2022-02-07,36764.95,36764.95,37591.05,36595.2,37468.4,39339541
2022-02-08,36765.95,36765.95,36890.8,36555.35,36848.95,27892153
2022-02-09,36852.85,36852.85,36936.45,36709.25,36907.95,21721913
2022-02-10,36982.55,36982.55,37043.1,36515.2,36836.15,29595815
2022-02-11,36671.65,36671.65,36877.15,36407.65,36874.05,29800752
2022-02-14,35661.25,35661.25,36027.3,35556.1,35988.05,33926904
2022-02-15,36438.7,36438.7,36528.95,35683.6,35845.0,26527956
2022-02-16,36460.75,36460.75,36698.75,36274.6,36510.45,19860430
2022-02-17,36571.7,36571.7,36653.65,36320.15,36526.15,23703698
2022-02-18,36498.7,36498.7,36662.95,36370.1,36439.2,17365378
2022-02-21,36200.3,36200.3,36400.15,36055.35,36291.1,24348855
2022-02-22,35879.85,35879.85,35946.2,35561.8,35713.4,36809677
2022-02-23,35933.1,35933.1,36108.15,35865.0,36005.7,20134872
2022-02-24,34735.15,34735.15,35452.75,34608.65,34984.95,63388931
2022-02-25,35292.55,35292.55,35465.8,34934.05,35057.65,37767315
2022-02-28,35515.4,35515.4,35593.85,34623.55,35150.55,44447818
2022-03-02,35364.45,35364.45,35427.35,35035.55,35187.6,34925415
2022-03-03,35019.6,35019.6,35555.85,34955.55,35494.1,46051013
2022-03-04,34627.85,34627.85,34854.15,34136.5,34788.8,87801121
2022-03-07,33657.45,33657.45,34072.6,33407.55,33960.1,65122029
2022-03-08,34006.9,34006.9,34044.5,33462.4,33495.8,54594885
2022-03-09,34486.95,34486.95,34615.55,33963.2,34192.15,60299920
2022-03-10,35530.3,35530.3,35587.1,34966.75,35050.95,54428251
2022-03-11,35613.65,35613.65,35655.45,35255.6,35519.95,55382861
2022-03-14,35589.4,35589.4,35654.3,35237.85,35654.3,47011786
2022-03-15,35649.95,35649.95,35985.45,35438.3,35534.3,54822681
2022-03-16,36273.6,36273.6,36338.2,35769.55,35978.95,36015729
2022-03-17,36782.7,36782.7,36822.4,36513.85,36605.85,54578694
2022-03-21,36149.35,36149.35,36869.25,36085.15,36843.85,40122513
2022-03-22,35887.05,35887.05,36148.8,35382.8,36118.65,55153814
2022-03-23,35789.85,35789.85,36136.75,35751.3,36126.35,57483113
2022-03-24,35797.15,35797.15,36029.35,35634.25,35714.2,54013708
2022-03-25,35522.75,35522.75,35924.55,35314.85,35907.95,42125957
2022-03-28,35659.45,35659.45,35723.5,35264.9,35632.55,39068877
2022-03-29,35640.15,35640.15,35853.05,35555.05,35736.25,28826904
2022-03-30,35858.25,35858.25,36029.35,35754.75,35831.75,40999538
2022-03-31,36287.75,36287.75,36397.4,35939.4,35963.15,43123645
2022-04-01,36712.15,36712.15,36829.9,36229.9,36321.45,27206261
2022-04-04,37191.75,37191.75,37259.85,36613.85,36767.7,28562603
2022-04-05,37656.8,37656.8,37866.65,37220.9,37358.75,39778927
2022-04-06,37588.9,37588.9,37761.2,37307.35,37477.15,33266746
2022-04-07,37561.7,37561.7,37846.2,37507.9,37518.85,30923341
2022-04-08,38322.65,38322.65,38378.8,37607.8,37710.4,55054146
2022-04-11,38236.25,38236.25,38533.35,38024.35,38398.7,55908512
2022-04-12,37931.4,37931.4,38181.7,37797.15,38088.55,33803782
2022-04-13,38191.4,38191.4,38309.75,37894.7,38034.6,31373468
2022-04-18,38422.1,38422.1,38527.1,37952.4,38028.6,35882872
2022-04-19,37337.4,37337.4,38808.7,37102.55,38609.45,36248555
2022-04-20,37722.8,37722.8,37867.65,37270.7,37517.4,35131470
2022-04-21,38005.9,38005.9,38087.35,37773.7,37859.95,33649367
2022-04-22,37775.45,37775.45,38093.6,37661.05,37838.3,30169367
2022-04-25,37167.4,37167.4,37674.3,36926.05,37317.9,39284008
2022-04-26,37866.7,37866.7,37985.6,37505.25,37528.65,33386679
2022-04-27,37634.5,37634.5,37800.2,37374.15,37615.45,30416509
2022-04-28,38460.25,38460.25,38608.25,37854.7,38106.15,46961830
2022-04-29,38204.15,38204.15,38781.05,38086.55,38592.45,39098424
2022-05-02,38285.3,38285.3,38341.6,37886.45,38008.7,28290590
2022-05-04,37621.8,37621.8,38737.35,37495.15,38432.45,41232123
2022-05-05,37408.05,37408.05,37990.55,37322.8,37869.75,35799863
2022-05-06,37279.3,37279.3,37419.3,36762.65,36915.95,48390643
2022-05-09,36732.0,36732.0,37123.6,36553.6,37078.25,31680204
2022-05-10,36911.9,36911.9,37311.3,36712.45,36789.4,30435080
2022-05-11,36658.4,36658.4,37056.8,36151.1,36897.3,28192985
2022-05-12,36221.75,36221.75,36612.85,35826.7,36582.8,32506237
2022-05-13,36887.15,36887.15,37371.55,36520.65,36610.2,30391845
2022-05-16,36759.5,36759.5,37095.25,36653.9,37067.35,17397871
2022-05-17,37518.75,37518.75,37606.55,36865.65,36959.6,31031749
2022-05-18,37989.05,37989.05,38033.15,37531.3,37579.3,34748848
2022-05-19,37740.45,37740.45,38136.5,37355.9,37355.9,90203506
2022-05-20,38546.35,38546.35,38699.15,37989.2,38055.05,48933534
2022-05-23,38510.8,38510.8,38784.3,38308.0,38551.6,33727041
2022-05-24,38010.85,38010.85,38625.95,37922.5,38625.5,27935708
2022-05-25,37930.95,37930.95,38334.3,37798.85,38257.25,24337073
2022-05-26,37849.2,37849.2,37924.2,37346.3,37796.25,32101017
2022-05-27,38242.7,38242.7,38343.25,37825.4,38126.6,22351838
2022-05-30,38610.4,38610.4,38731.7,38314.2,38444.3,23466919
2022-05-31,38713.45,38713.45,38957.95,38185.4,38627.4,61559431
2022-06-01,38434.55,38434.55,39280.75,38356.85,38793.1,25705456
2022-06-02,38497.3,38497.3,38567.95,37952.2,38332.05,24903874
2022-06-03,38273.9,38273.9,38677.3,38212.0,38638.3,23111966
2022-06-06,38238.45,38238.45,38399.3,37741.35,38190.15,21912814
2022-06-07,37648.85,37648.85,38013.15,37494.8,37940.6,19679769
2022-06-08,37254.35,37254.35,37689.2,37121.65,37632.4,25152159
2022-06-09,37440.65,37440.65,37545.0,36862.55,37229.4,20303029
2022-06-10,37428.7,37428.7,37496.2,37059.9,37083.45,22052621
2022-06-13,37078.1,37078.1,37318.7,36929.0,36999.25,23576357
2022-06-14,36999.15,36999.15,37297.2,36820.2,36979.05,16567314
2022-06-15,36830.9,36830.9,37096.35,36756.2,37072.4,14199010
2022-06-16,36621.15,36621.15,37178.35,36440.15,37098.2,25585054
2022-06-17,36264.55,36264.55,36590.15,36024.05,36519.95,38327621
2022-06-20,36915.75,36915.75,37046.6,36179.0,36300.1,30576231
2022-06-21,37317.75,37317.75,37463.3,36879.5,36990.95,23852074
2022-06-22,36963.3,36963.3,37386.9,36883.15,37092.75,23511855
2022-06-23,37316.5,37316.5,37355.55,36943.55,36998.95,18274166
2022-06-24,37778.85,37778.85,37872.15,37449.25,37449.25,17940919
2022-06-27,38103.2,38103.2,38219.7,37875.15,38027.1,15747894
2022-06-28,38173.1,38173.1,38252.1,37712.2,38035.1,20061619
2022-06-29,37688.35,37688.35,37913.85,37605.1,37862.45,28038648
2022-06-30,37664.55,37664.55,37794.55,37415.8,37637.35,33170450
2022-07-01,38725.85,38725.85,38814.65,37428.4,37562.45,45052224
2022-07-04,39755.65,39755.65,39792.85,38761.3,38761.3,52302091
2022-07-05,39690.6,39690.6,39904.2,39619.95,39895.9,31797348
2022-07-06,40740.15,40740.15,40799.35,39589.4,39589.4,39964054
2022-07-07,40708.7,40708.7,41170.65,40650.25,40906.45,31305134
2022-07-08,40925.25,40925.25,40961.1,40675.75,40844.2,18879003
2022-07-11,41043.15,41043.15,41208.1,40778.5,40859.5,20748253
2022-07-12,40574.8,40574.8,40975.35,40513.4,40815.2,20699351
2022-07-13,40954.4,40954.4,41103.45,40681.15,40681.15,19717071
2022-07-14,40897.3,40897.3,41329.3,40651.85,41014.45,24688484
2022-07-15,41498.8,41498.8,41534.55,40994.75,41138.2,23121065
2022-07-18,41460.3,41460.3,41902.25,41335.0,41710.3,21003927
2022-07-19,41479.85,41479.85,41508.7,41211.5,41427.9,17210794
2022-07-20,41950.15,41950.15,42004.7,41465.65,41636.4,29392354
2022-07-21,42283.0,42283.0,42360.95,42003.75,42059.55,30680076
2022-07-22,42502.75,42502.75,42555.1,42205.6,42404.65,20861672
2022-07-25,42386.95,42386.95,42566.5,42291.75,42450.6,19340286
2022-07-26,41799.05,41799.05,42400.15,41718.95,42397.15,19805982
2022-07-27,42036.3,42036.3,42085.3,41635.65,41715.45,23920126
2022-07-28,42271.65,42271.65,42348.6,41916.2,42301.05,23898373
2022-07-29,42487.4,42487.4,42584.75,42156.9,42472.95,27882886
2022-08-01,42526.75,42526.75,42610.5,42343.35,42582.95,28526152
2022-08-02,42798.5,42798.5,43221.85,42587.45,42739.75,50815966
2022-08-03,42624.15,42624.15,42896.95,42257.05,42743.3,31580618
2022-08-04,42830.25,42830.25,42874.3,42435.7,42607.75,43926316
2022-08-05,42930.9,42930.9,43117.15,42845.95,42891.8,24582720
2022-08-08,42978.5,42978.5,43040.1,42830.6,42961.75,17558594
2022-08-10,42821.6,42821.6,43245.6,42709.2,43067.15,19115613
2022-08-11,42478.5,42478.5,43143.9,42382.7,43047.05,23230498
2022-08-12,42457.3,42457.3,42547.25,42126.85,42536.2,17340234
2022-08-16,42964.1,42964.1,43132.35,42566.25,42603.6,27657135
2022-08-17,43275.85,43275.85,43326.65,43041.2,43081.95,20845336
2022-08-18,43522.3,43522.3,43653.25,43264.05,43307.3,23373157
2022-08-19,42945.35,42945.35,43671.4,42865.5,43626.35,23151530
2022-08-22,42890.65,42890.65,43222.1,42751.75,42947.9,24078060
2022-08-23,42937.65,42937.65,43017.25,42584.35,42625.6,22236133
2022-08-24,42999.7,42999.7,43205.95,42768.05,42847.55,29234556
2022-08-25,42830.05,42830.05,43364.35,42738.65,43189.4,29429061
2022-08-26,42768.95,42768.95,43159.75,42698.95,43103.95,18316110
2022-08-29,42933.9,42933.9,43045.0,42226.55,42286.55,27340772
2022-08-30,43821.15,43821.15,43870.05,43100.45,43106.55,34274315
2022-09-01,43497.35,43497.35,43638.1,43281.45,43549.6,31235255
2022-09-02,43666.55,43666.55,43832.45,43449.9,43647.65,37310811
2022-09-05,43755.85,43755.85,43836.6,43563.3,43736.0,26970380
2022-09-06,43528.9,43528.9,43958.15,43426.15,43832.3,23585299
2022-09-07,43614.95,43614.95,43780.05,43403.6,43443.4,18714260
2022-09-08,43786.45,43786.45,43963.6,43600.6,43883.9,18751985
2022-09-09,43837.7,43837.7,44305.2,43772.4,44072.8,17281795
2022-09-12,43921.85,43921.85,44069.3,43863.75,43968.1,19743538
2022-09-13,44251.55,44251.55,44330.6,43995.1,44095.65,22663361
2022-09-14,44182.65,44182.65,44529.95,43786.75,43800.55,26308149
2022-09-15,44041.6,44041.6,44499.25,43954.4,44343.1,18932764
2022-09-16,43192.65,43192.65,43991.45,43101.6,43929.35,35707473
2022-09-19,43655.65,43655.65,43722.9,42877.1,43131.8,23561153
2022-09-20,43981.25,43981.25,44259.35,43866.35,43980.0,22005264
2022-09-21,44500.15,44500.15,44674.95,43945.1,43989.8,37587088
2022-09-22,45080.45,45080.45,45228.15,44460.75,44484.75,41961733
2022-09-23,44854.65,44854.65,45237.95,44780.15,45227.15,34129569
2022-09-26,43937.4,43937.4,44825.05,43845.3,44638.3,32699775
2022-09-27,44218.15,44218.15,44599.9,44049.8,44136.55,26550504
2022-09-28,43964.65,43964.65,44310.3,43704.7,44000.3,28541007
2022-09-29,44356.25,44356.25,44531.2,44130.8,44290.35,32679470
2022-09-30,44405.65,44405.65,44590.65,44037.9,44393.65,25674674
2022-10-03,43477.3,43477.3,44654.45,43365.05,44519.65,20586630
2022-10-04,44287.05,44287.05,44319.05,43871.3,44034.05,23378919
2022-10-06,44097.2,44097.2,44518.5,44023.0,44478.6,40102801
2022-10-07,43813.3,43813.3,44105.65,43534.3,44056.1,26151265
2022-10-10,43329.2,43329.2,43413.5,42996.6,43278.6,21662920
2022-10-11,42564.65,42564.65,43473.75,42461.8,43466.9,28034841
2022-10-12,43196.85,43196.85,43267.15,42559.2,42739.15,24850175
2022-10-13,43036.65,43036.65,43319.85,42995.65,43180.85,17284721
2022-10-14,43153.05,43153.05,43646.35,43105.2,43474.2,15392992
2022-10-17,43182.9,43182.9,43406.95,42924.5,43073.85,14352468
2022-10-18,43715.75,43715.75,43859.05,43389.25,43465.4,29824228
2022-10-19,43890.55,43890.55,44055.9,43665.9,43923.1,26965166
2022-10-20,44281.15,44281.15,44365.1,43821.55,43824.4,30219040
2022-10-21,44269.2,44269.2,44670.8,44080.7,44467.75,39087788
2022-10-24,44210.1,44210.1,44471.25,44090.5,44372.9,5375328
2022-10-25,43752.85,43752.85,44342.3,43659.45,44332.6,31822770
2022-10-27,43954.6,43954.6,44073.7,43617.2,43858.0,36276810
2022-10-28,43944.1,43944.1,44202.8,43834.25,44118.1,23312955
2022-10-31,44296.3,44296.3,44410.4,44031.0,44166.35,24382932
2022-11-01,44564.9,44564.9,44604.85,44400.8,44460.15,34057130
2022-11-02,44533.35,44533.35,44807.8,44346.7,44583.75,27742733
2022-11-03,44661.85,44661.85,44782.75,44404.95,44439.0,23615617
2022-11-04,44509.55,44509.55,44790.95,44409.65,44684.7,17336425
2022-11-07,44709.45,44709.45,44998.9,44416.15,44700.55,26539612
2022-11-09,44826.55,44826.55,45050.35,44671.95,44696.55,33965879
2022-11-10,44586.9,44586.9,44927.25,44386.15,44719.65,29568378
2022-11-11,44520.5,44520.5,45035.5,44431.05,44988.15,20840526
2022-11-14,43919.15,43919.15,44692.55,43878.3,44570.4,30158292
2022-11-15,43911.05,43911.05,44077.4,43468.05,44054.65,27713133
2022-11-16,43910.3,43910.3,44012.65,43594.8,43960.1,19812631
2022-11-17,43845.1,43845.1,44084.8,43775.45,43923.4,23898468
2022-11-18,43747.0,43747.0,43958.8,43447.9,43915.65,17516170
2022-11-21,43611.0,43611.0,43688.6,43456.2,43647.25,18153486
2022-11-22,43854.15,43854.15,43881.85,43526.05,43619.0,16105760
2022-11-23,43854.2,43854.2,44009.2,43736.35,44000.8,16166129
2022-11-24,44241.75,44241.75,44388.45,43932.6,43991.45,22817137
2022-11-25,44102.6,44102.6,44331.55,43878.75,44331.55,16175181
2022-11-28,44251.05,44251.05,44313.45,43974.0,44042.3,21807504
2022-11-29,45078.55,45078.55,45151.7,44254.65,44261.05,36916817
2022-11-30,45536.55,45536.55,45788.05,45079.0,45085.85,83279850
2022-12-01,45370.65,45370.65,45690.7,45188.1,45680.6,31195575
2022-12-02,45154.2,45154.2,45351.4,45025.9,45348.55,30281130
2022-12-05,45151.15,45151.15,45232.75,44781.4,45123.05,22674109
2022-12-06,45287.85,45287.85,45341.2,44961.05,44977.1,17491047
2022-12-07,45724.6,45724.6,45878.45,45313.95,45423.9,28142578
2022-12-08,45767.05,45767.05,45986.05,45612.65,45720.45,17297237
2022-12-09,46159.5,46159.5,46235.15,45821.9,45964.95,22467021
2022-12-12,46215.2,46215.2,46244.2,45973.05,46093.25,26863621
2022-12-13,46145.55,46145.55,46331.2,46037.15,46312.55,19669562
2022-12-14,45949.35,45949.35,46285.65,45840.35,46243.95,16577594
2022-12-15,45544.55,45544.55,45977.3,45427.35,45864.4,16940508
2022-12-16,45320.75,45320.75,45541.6,45096.25,45472.8,23972035
2022-12-19,45981.45,45981.45,46013.55,45383.0,45449.4,17837780
2022-12-20,45694.7,45694.7,45888.7,45402.05,45866.3,20108088
2022-12-21,45284.7,45284.7,45864.45,45189.15,45835.0,15720740
2022-12-22,45085.55,45085.55,45569.5,44923.5,45383.15,14674655
2022-12-23,44314.9,44314.9,44976.65,44245.65,44823.6,19011847
2022-12-27,44559.4,44559.4,44981.25,44480.5,44880.05,12394332
2022-12-28,44589.15,44589.15,44634.7,44408.4,44566.9,13654471
2022-12-29,44508.0,44508.0,44630.75,44099.0,44537.55,18144996
2022-12-30,44171.45,44171.45,44740.35,44086.0,44640.65,13102601
2023-01-02,44192.85,44192.85,44318.65,44000.8,44284.2,12327497
2023-01-03,44013.65,44013.65,44231.75,43900.9,44121.6,12841329
2023-01-04,43723.55,43723.55,44160.65,43655.0,44104.85,14787998
2023-01-05,44401.5,44401.5,44533.65,43812.95,43832.1,26308885
2023-01-06,44412.85,44412.85,44717.35,44287.6,44453.75,19486009
2023-01-09,44796.65,44796.65,44894.55,44505.6,44617.5,19967234
2023-01-10,44626.05,44626.05,44809.45,44503.8,44800.05,14886937
2023-01-11,44123.0,44123.0,44752.8,44077.1,44728.45,15394460
2023-01-12,43966.35,43966.35,44258.75,43802.6,44179.4,17879673
2023-01-13,43955.6,43955.6,44200.55,43741.45,44013.6,27143102
2023-01-16,44006.75,44006.75,44099.85,43866.15,44065.55,17479347
2023-01-17,44536.1,44536.1,44582.8,44011.25,44044.8,25800200
2023-01-18,44711.45,44711.45,44808.95,44505.3,44621.8,19431994
2023-01-19,44326.05,44326.05,44708.95,44157.35,44596.1,17035184
2023-01-20,43899.6,43899.6,44138.7,43752.0,43887.4,29180762
2023-01-23,44261.9,44261.9,44295.05,43841.05,44047.65,13023516
2023-01-24,44324.35,44324.35,44449.65,44214.95,44324.85,19238336
2023-01-25,44284.15,44284.15,44426.9,44056.0,44274.8,23100042
2023-01-27,44486.65,44486.65,44617.8,44111.15,44483.5,33739116
2023-01-30,44220.35,44220.35,44548.4,43956.6,44542.25,28266766
2023-01-31,44456.9,44456.9,44626.4,43721.95,44291.65,35172217
2023-02-01,44958.3,44958.3,45253.75,43550.1,44699.45,79437624
2023-02-02,45981.55,45981.55,46090.55,44915.85,44989.4,68022229
2023-02-03,46037.2,46037.2,46229.35,45551.7,46191.9,37231309
2023-02-06,46293.6,46293.6,46374.9,45874.1,46041.25,39352588
2023-02-07,45758.1,45758.1,46398.7,45538.5,46396.25,33867791
2023-02-08,45771.6,45771.6,45976.05,45604.65,45795.65,20307112
2023-02-09,45671.25,45671.25,46012.1,45614.2,45776.35,19320917
2023-02-10,45488.1,45488.1,45716.1,45303.4,45521.1,19203614
2023-02-13,45508.4,45508.4,45590.5,45255.7,45477.8,17093168
2023-02-14,45976.95,45976.95,46078.7,45503.1,45595.4,37902401
2023-02-15,45799.2,45799.2,45845.7,45361.95,45625.35,21072203
2023-02-16,45758.2,45758.2,45979.0,45657.8,45914.1,17795017
2023-02-17,45617.3,45617.3,45756.45,45401.75,45628.8,15368795
2023-02-20,45501.2,45501.2,45900.45,45389.3,45726.0,16435544
2023-02-21,45551.95,45551.95,45820.4,45485.4,45675.4,17945711
2023-02-22,45412.85,45412.85,45577.75,45329.15,45538.4,17332126
2023-02-23,45530.1,45530.1,45956.1,45209.1,45440.3,29256216
2023-02-24,45372.5,45372.5,45672.35,45154.55,45656.15,19985786
2023-02-27,45040.75,45040.75,45384.9,44733.45,45377.75,15999116
2023-02-28,44940.45,44940.45,45261.75,44667.1,45082.0,31197643
2023-03-01,45062.55,45062.55,45149.0,44830.55,44830.55,18352491
2023-03-02,44831.6,44831.6,45149.85,44729.35,45128.65,11931946
2023-03-03,45410.0,45410.0,45471.65,44964.55,44985.7,16602551
2023-03-06,45552.1,45552.1,45772.05,45427.05,45529.25,19542336
2023-03-08,45722.0,45722.0,45812.95,45282.25,45469.65,18446966
2023-03-09,45260.45,45260.45,45767.9,45181.15,45724.7,17956373
2023-03-10,45334.75,45334.75,45398.65,44933.45,45138.95,15472872
2023-03-13,44953.6,44953.6,45555.7,44861.35,45351.5,18110986
2023-03-14,44714.95,44714.95,45121.15,44628.05,45068.05,20930410
2023-03-15,44464.35,44464.35,45047.65,44396.9,44873.1,20482469
2023-03-16,44971.2,44971.2,45021.7,44447.8,44575.9,28838041
2023-03-17,44858.3,44858.3,45242.4,44573.0,45232.35,64585305
2023-03-20,45213.05,45213.05,45259.5,44392.05,44704.2,18370042
2023-03-21,44913.4,44913.4,45306.35,44806.75,45282.05,20194811
2023-03-22,45109.5,45109.5,45140.2,44828.5,45027.7,15491575
2023-03-23,45267.45,45267.45,45434.3,44876.15,45056.95,20090367
2023-03-24,45060.0,45060.0,45412.95,44990.05,45229.15,18882876
2023-03-27,45188.0,45188.0,45434.1,44918.35,45093.25,22198219
2023-03-28,45044.25,45044.25,45342.85,44987.0,45215.2,19874607
2023-03-29,45421.65,45421.65,45523.45,44989.2,45051.1,24611372
2023-03-31,45904.9,45904.9,45958.5,45435.9,45583.1,20700681
2023-04-03,45738.45,45738.45,46053.65,45530.35,46053.65,16946646
2023-04-05,46361.25,46361.25,46413.25,45626.2,45662.85,24715588
2023-04-06,46109.15,46109.15,46353.7,46023.3,46347.25,24509751
2023-04-10,45909.65,45909.65,46161.05,45843.35,46107.4,15323143
2023-04-11,46269.7,46269.7,46330.05,45950.4,46001.4,29483279
2023-04-12,46112.6,46112.6,46401.0,46008.8,46380.95,20772024
2023-04-13,46211.95,46211.95,46449.4,46118.9,46179.55,21041989
2023-04-17,46688.6,46688.6,46801.35,46220.35,46331.9,21905868
2023-04-18,46536.35,46536.35,46765.55,46437.4,46756.3,21540503
2023-04-19,46421.45,46421.45,46539.65,46230.6,46475.95,21840290
2023-04-20,46256.05,46256.05,46616.0,46156.1,46404.5,18634470
2023-04-21,46669.7,46669.7,46706.1,46194.8,46259.4,23437852
2023-04-24,46943.05,46943.05,46978.45,46509.75,46812.05,23102105
2023-04-25,47051.85,47051.85,47117.05,46807.95,46913.45,23754945
2023-04-26,47387.5,47387.5,47459.95,46933.05,47038.1,21566282
2023-04-27,47360.15,47360.15,47453.55,47197.15,47401.5,24352222
2023-04-28,47814.1,47814.1,47955.3,47074.05,47267.05,31061578
2023-05-02,47750.2,47750.2,48083.7,47675.25,47956.85,24553152
2023-05-03,48120.65,48120.65,48207.9,47638.15,47754.7,22591998
2023-05-04,48057.35,48057.35,48169.8,47938.8,48061.5,19139090
2023-05-05,48186.15,48186.15,48326.05,48013.65,48054.4,27542830
2023-05-08,48538.45,48538.45,48686.15,48312.4,48376.7,25592663
2023-05-09,48369.1,48369.1,48708.35,48228.6,48685.4,21895556
2023-05-10,48643.35,48643.35,48698.75,48333.85,48453.0,23168435
2023-05-11,48865.0,48865.0,48919.85,48491.3,48860.65,28956420
2023-05-12,48950.75,48950.75,49223.6,48661.75,48905.0,21616505
2023-05-15,49506.55,49506.55,49650.15,48910.5,49026.8,21478462
2023-05-16,49406.1,49406.1,49688.4,49363.9,49668.15,16576633
2023-05-17,49434.0,49434.0,49513.8,49217.9,49408.5,20055823
2023-05-18,48889.3,48889.3,49756.15,48818.0,49628.3,31799551
2023-05-19,48874.25,48874.25,48965.8,48426.6,48964.8,36089579
2023-05-22,49052.25,49052.25,49126.25,48701.45,48934.1,21415031
2023-05-23,49118.8,49118.8,49322.4,49027.25,49089.85,15920437
2023-05-24,49355.25,49355.25,49439.25,49031.3,49054.95,20094350
2023-05-25,49657.0,49657.0,49825.05,49418.65,49511.1,26811201
2023-05-26,50388.0,50388.0,50425.15,49654.6,49802.7,26956302
2023-05-29,50626.4,50626.4,50850.25,50501.9,50633.15,29663834
2023-05-30,50927.2,50927.2,51029.45,50669.5,50717.8,26338204
2023-05-31,51042.75,51042.75,51133.6,50650.95,50896.45,37573572
2023-06-01,50998.95,50998.95,51367.3,50923.8,51147.1,17629004
2023-06-02,51288.65,51288.65,51399.55,51026.95,51135.85,16483363
2023-06-05,51058.4,51058.4,51502.2,51026.9,51373.2,14340094
2023-06-06,51038.4,51038.4,51212.65,50783.15,51134.85,15438871
2023-06-07,51609.4,51609.4,51673.45,51066.9,51143.3,24886436
2023-06-08,51143.5,51143.5,51718.0,51091.5,51696.95,16622631
2023-06-09,50674.85,50674.85,51381.9,50605.75,50930.9,17253114
2023-06-12,50762.55,50762.55,50875.15,50553.25,50792.1,18002510
2023-06-13,51462.7,51462.7,51607.35,50794.1,50897.05,30301624
2023-06-14,51767.9,51767.9,51834.5,51441.9,51526.5,25957017
2023-06-15,52046.45,52046.45,52236.65,51840.8,51901.25,25499955
2023-06-16,52440.2,52440.2,52540.5,52112.6,52159.65,30377501
2023-06-19,52123.85,52123.85,52526.05,52063.7,52486.2,14744727
2023-06-20,52164.7,52164.7,52239.4,51809.15,52101.8,15719572
2023-06-21,51934.25,51934.25,52421.95,51763.55,52209.6,17763912
2023-06-22,51557.8,51557.8,51965.75,51516.0,51934.95,15360027
2023-06-23,51283.75,51283.75,51556.95,51124.5,51527.8,17095130
2023-06-26,51635.0,51635.0,51883.4,51346.9,51415.95,16464719
2023-06-27,51598.6,51598.6,51821.75,51477.55,51702.3,15200742
2023-06-28,51893.4,51893.4,51985.1,51590.9,51683.45,26341681
2023-06-30,52194.75,52194.75,52239.05,51759.45,51943.75,21355728
2023-07-03,52741.5,52741.5,52857.9,52061.1,52299.0,21368367
2023-07-04,52814.8,52814.8,52882.4,52390.55,52870.15,20330995
2023-07-05,53776.2,53776.2,53846.9,52720.1,52845.45,34071943
2023-07-06,53765.65,53765.65,53971.25,53557.65,53969.45,24725164
2023-07-07,52942.45,52942.45,53820.8,52847.85,53758.6,21260657
2023-07-10,52536.15,52536.15,53148.6,52484.5,53071.35,17040617
2023-07-11,53184.4,53184.4,53372.0,52544.4,52609.5,20126630
2023-07-12,53279.5,53279.5,53513.4,52944.5,53511.55,24312897
2023-07-13,53029.95,53029.95,53567.65,52946.4,53453.4,17698354
2023-07-14,53453.7,53453.7,53558.95,53094.45,53151.3,16263681
2023-07-17,53471.6,53471.6,53799.65,53351.6,53536.35,16558283
2023-07-18,53340.65,53340.65,53633.2,53245.9,53558.45,14504691
2023-07-19,53517.3,53517.3,53607.25,53078.55,53366.45,21491115
2023-07-20,54239.7,54239.7,54289.95,53309.8,53561.55,30770172
2023-07-21,53697.45,53697.45,54349.85,53511.0,54015.55,38919106
2023-07-24,52771.7,52771.7,53882.25,52615.4,53843.95,55560832
2023-07-25,52315.95,52315.95,52761.5,52002.75,52761.5,53774359
2023-07-26,52865.3,52865.3,52972.65,52381.6,52533.15,29726190
2023-07-27,52499.9,52499.9,53067.55,52270.95,52934.35,35663742
2023-07-28,52964.05,52964.05,53035.0,52500.8,52669.95,29421412
2023-07-31,52636.85,52636.85,53021.5,52517.05,52953.15,23039789
2023-08-01,52501.15,52501.15,52836.1,52454.15,52759.25,18819883
2023-08-02,52368.7,52368.7,52538.85,52103.25,52491.7,23305337
2023-08-03,52062.35,52062.35,52409.8,51943.05,52283.55,30732808
2023-08-04,52050.65,52050.65,52520.0,52014.65,52201.0,25286918
2023-08-07,52072.5,52072.5,52107.2,51789.5,51973.05,22049798
2023-08-08,51924.4,51924.4,52257.65,51752.7,52163.15,22806614
2023-08-09,52206.2,52206.2,52249.3,51620.65,51950.15,24884650
2023-08-10,51728.65,51728.65,52242.5,51609.15,52209.15,24403252
2023-08-11,51351.7,51351.7,51825.6,51265.5,51803.05,24024074
2023-08-14,51604.4,51604.4,51714.8,50984.6,51350.55,17198342
2023-08-16,51815.4,51815.4,51869.75,51459.4,51676.7,24170555
2023-08-17,51353.75,51353.75,51829.6,51248.55,51821.25,30089481
2023-08-18,51464.75,51464.75,51586.35,51167.75,51288.55,31895140
2023-08-21,51799.0,51799.0,51853.55,51409.4,51516.85,17494156
2023-08-22,52141.65,52141.65,52234.5,51769.35,51912.1,19633214
2023-08-23,51888.3,51888.3,52315.3,51839.5,52310.6,18855107
2023-08-24,52036.75,52036.75,52150.05,51929.4,52028.5,15576257
2023-08-25,51506.8,51506.8,51938.9,51415.2,51930.0,18634844
2023-08-28,51390.8,51390.8,51650.65,51283.4,51594.15,13225982
2023-08-29,51223.05,51223.05,51526.1,51182.05,51511.7,19411911
2023-08-30,51513.55,51513.55,51560.45,51257.85,51333.7,15522869
2023-08-31,51092.65,51092.65,51641.1,50913.0,51579.95,40056965
2023-09-01,51240.5,51240.5,51326.55,51079.9,51156.85,21671085
2023-09-04,51171.75,51171.75,51419.2,50932.55,51415.1,23197134
2023-09-05,51548.45,51548.45,51634.95,51171.75,51309.5,17078153
2023-09-06,52064.85,52064.85,52136.25,51498.05,51629.9,26164009
2023-09-07,51853.1,51853.1,52110.6,51807.8,52040.3,21799266
2023-09-08,51778.3,51778.3,51981.5,51709.45,51976.8,17887941
2023-09-11,52239.05,52239.05,52291.25,51838.0,51948.7,19707045
2023-09-12,52065.9,52065.9,52454.75,51768.9,52449.0,28946210
2023-09-13,52223.65,52223.65,52346.65,52000.15,52049.6,22644599
2023-09-14,52143.2,52143.2,52401.65,51926.2,52397.5,26234807
2023-09-15,51895.15,51895.15,52178.25,51817.65,52041.05,30401848
2023-09-18,52198.6,52198.6,52243.15,51804.1,51983.5,17955595
2023-09-20,51924.15,51924.15,52066.8,51813.8,51932.9,20690436
2023-09-21,51672.65,51672.65,51921.85,51332.15,51893.05,20712727
2023-09-22,51608.5,51608.5,51716.7,51344.65,51629.95,16862086
2023-09-25,51642.45,51642.45,51762.45,51346.05,51646.3,15735135
2023-09-26,51912.85,51912.85,51982.45,51644.05,51724.5,18985056
2023-09-27,52329.5,52329.5,52377.85,51653.8,51951.35,20825195
2023-09-28,51329.1,51329.1,52393.15,51246.45,52381.8,24450092
2023-09-29,51602.65,51602.65,51742.7,51273.75,51504.55,19726276
2023-10-03,51320.85,51320.85,51708.0,51255.7,51603.65,23603682
2023-10-04,51435.75,51435.75,51528.25,51128.5,51372.15,25318624
2023-10-05,51384.55,51384.55,51654.55,51270.0,51625.6,22986003
2023-10-06,51577.9,51577.9,51725.4,51359.15,51488.95,17048367
2023-10-09,51502.85,51502.85,51635.15,51188.35,51333.7,14773571
2023-10-10,51803.95,51803.95,51845.05,51567.9,51587.0,13120190
2023-10-11,52254.45,52254.45,52342.45,51913.2,52016.05,18970951
2023-10-12,52363.95,52363.95,52491.4,52041.15,52377.25,21129462
2023-10-13,52520.7,52520.7,52655.75,52130.05,52240.1,22022180
2023-10-16,52401.95,52401.95,52588.3,52305.6,52468.95,14510997
2023-10-17,52665.3,52665.3,52851.45,52383.45,52494.85,21248935
2023-10-18,52442.05,52442.05,52772.8,52381.2,52770.3,16973864
2023-10-19,52516.35,52516.35,52667.2,52077.1,52170.0,22561492
2023-10-20,51823.35,51823.35,52400.6,51762.45,52164.6,34758849
2023-10-23,51421.65,51421.65,51956.5,51335.05,51771.7,16048818
2023-10-25,51216.85,51216.85,51619.6,50954.35,51385.2,24094225
2023-10-26,50941.1,50941.1,51089.85,50607.0,50969.35,34434556
2023-10-27,51395.0,51395.0,51502.45,50948.1,50967.85,24280180
2023-10-30,51180.7,51180.7,51501.95,50951.95,51330.15,16965812
2023-10-31,51262.6,51262.6,51418.45,51125.25,51213.5,19797293
2023-11-01,51087.8,51087.8,51462.45,50997.4,51391.6,19670631
2023-11-02,51589.0,51589.0,51633.9,51164.25,51408.4,20781358
2023-11-03,51901.5,51901.5,51984.6,51660.25,51777.05,26143750
2023-11-06,52075.7,52075.7,52166.35,51966.65,52035.4,17004235
2023-11-07,52130.0,52130.0,52216.45,51934.25,52089.9,18278744
2023-11-08,52455.2,52455.2,52498.65,52153.8,52262.5,16994274
2023-11-09,51983.0,51983.0,52562.5,51946.15,52537.85,20336360
2023-11-10,52076.05,52076.05,52129.15,51689.05,51959.3,17976968
2023-11-13,52025.6,52025.6,52182.55,51917.65,52170.95,11545746
2023-11-15,52383.45,52383.45,52434.9,52039.4,52333.7,22752800
2023-11-16,52305.75,52305.75,52680.4,52225.55,52390.8,24491372
2023-11-17,52756.1,52756.1,52809.75,52237.95,52237.95,17241740
2023-11-20,52550.1,52550.1,52887.9,52431.1,52842.1,12331702
2023-11-21,52466.2,52466.2,52651.6,52377.7,52546.55,13842934
2023-11-22,52691.2,52691.2,52711.5,52312.3,52551.45,12403571
2023-11-23,52823.05,52823.05,52888.7,52662.45,52713.65,15382958
2023-11-24,52576.9,52576.9,52958.1,52548.6,52889.5,14132623
2023-11-28,52489.5,52489.5,52691.9,52402.4,52670.2,20698211
2023-11-29,52725.45,52725.45,52775.7,52533.0,52592.75,26249226
2023-11-30,53013.8,53013.8,53193.35,52661.3,52697.85,40563967
2023-12-01,53851.45,53851.45,53917.5,53131.65,53199.25,30112591
2023-12-04,54237.7,54237.7,54397.55,53967.4,54313.6,25492069
2023-12-05,54110.9,54110.9,54557.7,54039.6,54476.5,26722441
2023-12-06,54662.55,54662.55,54872.9,54201.2,54281.75,31244958
2023-12-07,54173.15,54173.15,54728.5,54088.2,54678.55,24865227
2023-12-08,53636.35,53636.35,54491.3,53568.6,54309.6,29632898
2023-12-11,53976.9,53976.9,54021.25,53558.8,53790.45,17146211
2023-12-12,53837.0,53837.0,54372.8,53738.8,54093.0,20163515
2023-12-13,54215.35,54215.35,54275.65,53776.6,54047.75,22905166
2023-12-14,54361.45,54361.45,54564.0,53990.1,54560.85,27379065
2023-12-15,54186.2,54186.2,54585.75,53963.25,54542.05,29435315
2023-12-18,54017.05,54017.05,54122.25,53911.35,54070.9,24514253
2023-12-19,54776.55,54776.55,54855.8,54145.05,54201.95,26895002
2023-12-20,54597.9,54597.9,55581.4,54459.2,55500.4,41644494
2023-12-21,54803.3,54803.3,54940.35,53970.6,54350.2,34274643
2023-12-22,55101.05,55101.05,55143.05,54643.75,54972.6,29898243
2023-12-26,55484.4,55484.4,55556.75,55189.85,55271.75,16097054
2023-12-27,55750.35,55750.35,55813.3,55471.2,55572.45,21209481
2023-12-28,56504.5,56504.5,56580.7,55789.05,55866.75,39133793
2023-12-29,56987.2,56987.2,57055.8,56481.1,56555.15,35043470
2024-01-02,57209.5,57209.5,57430.0,56763.7,57427.4,21779769
2024-01-03,57213.3,57213.3,57631.6,57058.45,57130.5,35605717
2024-01-04,57703.9,57703.9,57922.2,57327.25,57470.9,27421818
2024-01-05,57667.35,57667.35,57966.7,57455.85,57945.1,24105421
2024-01-08,56672.85,56672.85,57748.35,56636.45,57718.85,28259386
2024-01-09,56573.1,56573.1,56996.25,56487.65,56868.3,16984637
2024-01-10,56348.95,56348.95,56794.85,56134.65,56575.6,17380011
2024-01-11,56228.55,56228.55,56688.0,56123.8,56476.4,17668217
2024-01-12,56485.75,56485.75,56559.9,56008.0,56279.1,27803687
2024-01-15,56657.3,56657.3,56818.6,56317.45,56795.4,20995094
2024-01-16,56755.85,56755.85,56872.5,56425.05,56705.2,24734812
2024-01-17,56259.5,56259.5,56839.6,56191.7,56477.65,25636261
2024-01-18,55953.6,55953.6,56228.2,55206.7,56175.6,22176870
2024-01-19,56640.5,56640.5,56813.95,56085.3,56296.3,25100551
2024-01-23,54973.9,54973.9,56284.4,54816.1,56212.7,25865311
2024-01-24,55858.7,55858.7,55918.6,54859.9,55130.3,36475670
2024-01-25,55214.1,55214.1,55981.6,54981.05,55932.3,33768158
2024-01-29,55139.1,55139.1,55470.5,55047.7,55058.15,32136373
2024-01-30,54574.35,54574.35,55501.4,54507.4,55187.2,57485159
2024-01-31,55071.4,55071.4,55124.95,54501.35,54634.25,37303924
2024-02-01,55215.8,55215.8,55792.0,55114.2,55205.85,54911054
2024-02-02,55118.4,55118.4,55557.5,54992.9,55347.4,31912450
2024-02-05,54698.4,54698.4,55387.9,54590.6,55340.4,26675833
2024-02-06,54608.8,54608.8,54956.7,54372.6,54860.15,31963156
2024-02-07,54772.6,54772.6,55041.35,54523.1,55041.35,24564802
2024-02-08,53646.2,53646.2,54775.6,53317.25,54774.6,63224923
2024-02-09,53867.1,53867.1,54007.8,53452.75,53536.85,44053672
2024-02-12,53292.95,53292.95,54036.0,53231.5,54005.55,19332182
2024-02-13,53432.05,53432.05,53534.8,53232.65,53345.4,23524913
2024-02-14,53839.05,53839.05,53951.7,53138.4,53224.35,22166931
2024-02-15,53321.35,53321.35,53997.65,53265.4,53902.0,33015952
2024-02-16,53518.6,53518.6,53643.9,53186.7,53465.0,49079171
2024-02-20,53882.5,53882.5,54027.15,53552.55,53981.4,22962435
2024-02-21,53892.35,53892.35,54226.85,53651.25,53975.55,32964404
2024-02-22,54419.2,54419.2,54479.8,53581.8,54189.3,28952893
2024-02-23,54337.75,54337.75,54561.55,54268.75,54528.5,21000310
2024-02-26,54317.3,54317.3,54433.25,54074.55,54312.6,16994706
2024-02-27,54306.45,54306.45,54456.65,54128.4,54342.8,23585084
2024-02-28,53824.9,53824.9,54439.15,53742.65,54406.3,27640613
2024-02-29,54015.6,54015.6,54113.3,53453.5,53836.75,37654671
2024-03-01,54225.15,54225.15,54559.65,54062.6,54272.85,24531525
2024-03-04,54221.75,54221.75,54588.55,54102.55,54492.85,17200793
2024-03-05,53653.1,53653.1,54364.95,53580.1,54224.55,24114757
2024-03-06,53879.6,53879.6,53946.9,53171.75,53657.35,23244582
2024-03-07,54406.3,54406.3,54461.05,53637.1,53914.0,36093601
2024-03-11,54087.45,54087.45,54628.6,53970.25,54570.85,32035533
2024-03-12,53636.1,53636.1,53950.25,53382.35,53944.05,43934073
2024-03-13,53664.15,53664.15,54962.5,53470.25,54844.5,120620326
2024-03-14,54145.8,54145.8,54252.45,53280.2,53504.4,45473163
2024-03-15,54155.45,54155.45,54464.95,53886.7,54013.95,91164897
2024-03-18,53907.85,53907.85,54189.1,53805.85,54144.3,26842202
2024-03-19,52740.9,52740.9,53915.1,52626.95,53859.55,38473147
2024-03-20,52993.5,52993.5,53033.7,52562.6,52726.5,32047773
2024-03-21,53338.35,53338.35,53423.6,52967.55,53210.6,32889534
2024-03-22,53775.7,53775.7,53849.6,53305.05,53312.9,52649080
2024-03-26,53687.7,53687.7,53784.0,53325.1,53325.4,26172809
2024-03-27,53543.55,53543.55,53819.95,53491.1,53737.95,26293318
2024-03-28,53949.2,53949.2,54251.0,53534.45,53683.2,51564393
2024-04-01,53889.15,53889.15,54369.1,53828.1,54078.2,20992044
2024-04-02,54096.95,54096.95,54141.65,53823.55,54141.65,22408564
2024-04-03,53866.7,53866.7,54101.6,53522.9,54056.2,26519949
2024-04-04,53634.45,53634.45,54116.0,53502.9,54072.95,42306230
2024-04-05,53925.95,53925.95,54094.5,53569.65,53718.2,36332781
2024-04-08,53966.05,53966.05,54228.9,53902.45,54100.25,25908662
2024-04-09,53629.35,53629.35,54091.35,53552.65,54081.1,19285010
2024-04-10,54290.9,54290.9,54370.5,53601.35,53869.6,31587962
2024-04-12,53701.4,53701.4,54275.6,53653.45,54244.45,39452062
2024-04-15,53174.95,53174.95,53475.15,52778.75,53299.05,29860910
2024-04-16,53402.25,53402.25,53526.75,52937.25,52996.55,26633509
2024-04-18,52825.5,52825.5,53571.75,52719.7,53482.9,43126654
2024-04-19,53055.45,53055.45,53229.75,52398.75,52530.0,31573914
2024-04-22,53499.45,53499.45,53594.6,53128.2,53318.9,25556662
2024-04-23,53905.3,53905.3,54037.95,53523.45,53622.0,25497438
2024-04-24,53932.5,53932.5,54033.95,53731.6,53755.35,24780822
2024-04-25,54291.65,54291.65,54358.2,53642.05,53998.45,52248911
2024-04-26,54300.75,54300.75,54601.6,54119.75,54441.5,30678021
2024-04-29,54332.15,54332.15,54557.25,54125.5,54527.15,30267446
2024-04-30,54240.6,54240.6,54670.3,54181.95,54519.5,28585135
2024-05-02,54490.55,54490.55,54757.35,54154.9,54155.15,44666573
2024-05-03,54273.9,54273.9,54702.55,53913.3,54688.85,44046213
2024-05-06,54660.15,54660.15,54697.7,54149.5,54544.15,29304073
2024-05-07,55765.55,55765.55,56222.75,54855.8,54942.6,102912754
2024-05-08,56008.8,56008.8,56124.3,55569.7,55704.3,36605492
2024-05-09,54625.1,54625.1,56020.35,54533.45,55924.6,44744181
2024-05-10,55276.5,55276.5,55407.1,54601.75,54739.25,27386226
2024-05-13,55340.7,55340.7,55525.9,54816.85,55386.95,26265940
2024-05-14,55054.3,55054.3,55504.45,55011.75,55320.35,31377929
2024-05-15,54555.95,54555.95,55292.35,54507.7,55172.0,20113233
2024-05-16,54997.0,54997.0,55066.2,54159.35,54757.3,40650011
2024-05-17,55064.7,55064.7,55136.6,54735.45,55094.95,22054770
2024-05-21,54969.25,54969.25,55139.55,54764.55,54998.65,23384482
2024-05-22,55753.9,55753.9,55898.45,55067.8,55154.9,29716955
2024-05-23,55899.0,55899.0,56062.0,55400.6,55925.3,41694859
2024-05-24,55449.15,55449.15,55894.55,55369.55,55847.25,26674728
2024-05-27,55260.5,55260.5,55708.7,55194.55,55649.6,26845377
2024-05-28,55271.95,55271.95,55461.3,55136.55,55328.7,28037691
2024-05-29,54974.25,54974.25,55254.7,54918.25,54920.7,24347923
2024-05-30,54280.1,54280.1,54933.05,54095.25,54776.5,34245427
2024-05-31,54107.35,54107.35,54588.7,53897.7,54510.8,68200379
2024-06-03,54653.6,54653.6,55184.85,54552.15,55139.0,30730444
2024-06-04,55172.5,55172.5,55446.3,53057.65,54633.8,98336019
2024-06-05,57567.4,57567.4,58832.65,55646.95,55799.0,100182286
2024-06-06,57373.6,57373.6,57862.0,56736.8,57851.65,56043136
2024-06-07,57953.35,57953.35,58075.45,57201.55,57282.6,54102607
2024-06-10,57991.75,57991.75,58266.05,57769.2,58038.15,29107646
2024-06-11,57792.85,57792.85,58233.65,57725.15,58081.15,27929988
2024-06-12,57495.55,57495.55,57945.4,57446.75,57886.25,34064621
2024-06-13,57117.0,57117.0,57679.25,57059.25,57676.25,51612349
2024-06-14,57225.85,57225.85,57401.25,57051.45,57162.05,30378166
2024-06-18,57167.4,57167.4,57490.65,57039.0,57370.85,33697371
2024-06-19,56646.55,56646.55,57409.8,56555.85,57373.3,31170793
2024-06-20,56669.65,56669.65,56895.2,56352.2,56705.1,29926432
2024-06-21,55990.1,55990.1,56761.3,55906.65,56737.55,47513070
2024-06-24,56392.7,56392.7,56463.0,55837.4,55958.1,23877840
2024-06-25,56246.35,56246.35,56544.05,56084.55,56457.65,22208745
2024-06-26,56465.2,56465.2,56609.8,56089.8,56257.7,27861957
2024-06-27,56670.6,56670.6,56787.6,56230.75,56427.7,61574164
2024-06-28,56756.85,56756.85,57007.45,56560.35,56709.1,30844627
2024-07-01,57154.7,57154.7,57234.4,56672.8,56745.5,26734634
2024-07-02,56669.2,56669.2,57374.0,56473.95,57360.65,26888399
2024-07-03,57177.55,57177.55,57276.65,56805.15,56850.5,20469345
2024-07-04,57058.4,57058.4,57446.05,57030.35,57325.7,21081657
2024-07-05,57673.0,57673.0,57737.75,57048.75,57102.35,28151175
2024-07-08,58611.2,58611.2,58673.95,57748.95,57888.45,49528761
2024-07-09,59182.65,59182.65,59425.75,58673.0,59018.0,45862882
2024-07-10,59349.6,59349.6,59545.75,58687.15,59219.4,29817000
2024-07-11,59516.7,59516.7,59587.6,58980.75,59403.3,35307324
2024-07-12,59725.75,59725.75,59885.4,59414.85,59576.7,35521959
2024-07-15,60070.7,60070.7,60141.25,59603.2,59805.15,26916275
2024-07-16,60645.15,60645.15,60875.15,60004.0,60144.25,36298245
2024-07-18,61225.35,61225.35,61281.4,60416.25,60482.45,46217543
2024-07-19,61087.9,61087.9,61491.4,60840.45,61286.45,38814588
2024-07-22,60881.75,60881.75,61454.2,60743.7,60968.25,30972647
2024-07-23,62511.25,62511.25,62755.0,60850.6,61028.0,81369161
2024-07-24,62182.35,62182.35,62731.8,61908.6,62627.7,75964007
2024-07-25,62139.5,62139.5,62342.2,61599.15,61912.5,41059848
2024-07-26,62728.8,62728.8,62928.6,61829.75,62483.5,36027378
2024-07-29,62513.85,62513.85,63084.3,62311.85,63016.45,29208383
2024-07-30,61819.0,61819.0,62915.95,61777.8,62627.15,44609206
2024-07-31,62082.2,62082.2,62264.6,61841.5,62143.3,32871514
2024-08-01,62173.2,62173.2,62264.1,61948.9,62173.5,31672455
2024-08-02,61745.15,61745.15,62639.55,61632.85,61659.05,38998534
2024-08-05,61550.45,61550.45,62156.55,60818.8,60877.25,57004547
2024-08-06,61604.15,61604.15,62291.35,61516.5,61654.8,35289306
2024-08-07,62322.65,62322.65,62545.6,61997.45,62112.2,27335661
2024-08-08,62042.55,62042.55,62503.25,61880.8,62480.8,37760537
2024-08-09,62157.35,62157.35,62488.4,62029.85,62479.55,19286470
2024-08-12,61668.45,61668.45,62163.8,61553.4,61840.25,23856409
2024-08-13,61495.75,61495.75,61978.65,61326.8,61768.1,30704932
2024-08-14,61305.3,61305.3,61730.4,61092.25,61642.3,22927450
2024-08-16,62213.0,62213.0,62303.45,61315.6,61450.0,29796243
2024-08-19,62326.05,62326.05,62640.4,62228.8,62433.25,26772212
2024-08-20,62240.6,62240.6,62473.05,61996.6,62381.2,23749845
2024-08-21,63091.9,63091.9,63212.55,62310.8,62380.4,23454417
2024-08-22,63483.6,63483.6,63620.9,63155.1,63424.8,28877460
2024-08-23,63409.25,63409.25,63700.75,63134.75,63586.65,23264622
2024-08-26,63657.95,63657.95,63782.5,63173.3,63480.0,21160302
2024-08-27,62981.15,62981.15,63805.95,62952.6,63744.9,18329338
2024-08-28,62713.6,62713.6,63069.9,62563.55,62994.3,23792396
2024-08-29,63162.95,63162.95,63355.6,62661.3,62825.8,34100309
2024-08-30,63059.75,63059.75,63585.95,62891.5,63144.7,61234567
2024-09-02,63578.6,63578.6,63768.9,63289.45,63306.2,29103216
2024-09-03,63485.75,63485.75,64058.0,63391.3,63605.5,26452474
2024-09-04,63742.9,63742.9,63821.3,62906.45,62906.45,25366502
2024-09-05,63700.4,63700.4,64015.5,63554.6,63867.5,25421556
2024-09-06,63175.7,63175.7,63908.5,62905.8,63694.9,33004578
2024-09-09,64465.85,64465.85,64540.3,63169.45,63275.65,38045847
2024-09-10,64584.95,64584.95,64883.9,64348.4,64701.45,28307751
2024-09-11,64768.15,64768.15,65344.6,64481.6,64654.0,33959784
2024-09-12,65513.2,65513.2,65597.85,64697.7,64958.65,41169370
2024-09-13,65062.8,65062.8,65616.25,64912.05,65616.25,28875971
2024-09-16,64597.0,64597.0,65026.1,64322.4,65026.1,26154193
2024-09-17,64686.45,64686.45,65199.75,64489.65,64643.8,31016366
2024-09-18,64615.05,64615.05,64988.75,64261.95,64722.55,18614175
2024-09-19,64975.8,64975.8,65458.65,64768.1,64826.2,39185330
2024-09-20,65870.8,65870.8,65974.6,65043.25,65272.3,56334840
2024-09-23,66305.2,66305.2,66438.7,65787.35,66008.8,23603602
2024-09-24,65796.65,65796.65,66324.85,65697.3,66276.35,27993541
2024-09-25,65521.7,65521.7,65854.3,64970.15,65817.2,30083538
2024-09-26,66156.9,66156.9,66218.85,65496.35,65604.4,34604523
2024-09-27,65845.45,65845.45,66427.7,65530.65,65967.0,74215121
2024-09-30,65540.35,65540.35,66122.15,65413.7,65744.45,32390356
2024-10-01,65470.95,65470.95,65685.0,65029.55,65546.85,24579881
2024-10-03,64502.05,64502.05,65076.4,64392.6,64687.8,59128875
2024-10-04,63380.05,63380.05,64683.5,63266.95,64371.15,48001599
2024-10-07,63028.35,63028.35,63688.15,62894.25,63522.65,49192803
2024-10-08,63326.55,63326.55,63562.75,62895.35,63014.15,46844124
2024-10-09,62334.35,62334.35,63517.55,62190.75,63515.1,48124509
2024-10-10,62056.3,62056.3,62672.35,61841.85,62640.2,27937825
2024-10-11,62080.2,62080.2,62312.45,61849.6,62257.65,22522889
2024-10-14,62372.3,62372.3,62439.05,61881.25,62368.45,17567050
2024-10-15,62607.7,62607.7,62683.2,62112.45,62494.15,24780719
2024-10-16,62373.25,62373.25,62572.05,62081.25,62560.15,23507423
2024-10-17,61352.75,61352.75,62423.8,61280.75,62409.0,25965289
2024-10-18,61042.1,61042.1,61409.4,60453.2,61372.5,38267364
2024-10-21,60280.25,60280.25,60990.5,59908.2,60929.0,29713770
2024-10-22,60000.95,60000.95,60562.65,59892.85,60293.25,34974052
2024-10-23,60097.65,60097.65,60352.15,59712.2,59712.2,35875587
2024-10-24,58396.9,58396.9,60186.4,58253.2,60171.8,45614803
2024-10-25,58908.5,58908.5,59465.55,58681.2,58724.9,55491675
2024-10-28,59252.65,59252.65,59518.95,58571.3,58984.1,24249185
2024-10-29,59203.85,59203.85,59389.9,58694.95,59354.5,24575509
2024-10-30,59748.9,59748.9,59837.05,59195.6,59269.95,38873709
2024-10-31,59203.0,59203.0,59882.35,58983.75,59773.6,28503697
2024-11-01,59433.2,59433.2,59620.4,59328.7,59542.25,3402512
2024-11-04,58743.7,58743.7,59589.9,58398.95,59579.1,26350081
2024-11-05,58542.2,58542.2,58871.25,58242.35,58601.5,22819675
2024-11-06,58754.8,58754.8,58962.4,58441.2,58608.55,25764841
2024-11-07,58180.25,58180.25,58917.35,58059.95,58816.3,20284235
2024-11-08,58359.4,58359.4,58431.65,57854.85,58241.4,18020160
2024-11-11,57843.95,57843.95,58533.25,57575.15,58327.15,18651543
2024-11-12,56902.55,56902.55,57960.05,56796.45,57925.15,29414795
2024-11-13,56647.85,56647.85,56855.7,56489.1,56730.95,31748367
2024-11-14,55782.7,55782.7,56774.05,55689.2,56634.75,31049848
2024-11-18,56314.35,56314.35,56420.95,55546.45,56029.5,30331047
2024-11-19,56378.55,56378.55,57012.9,56268.5,56554.75,28232017
2024-11-21,55693.7,55693.7,56281.95,55493.25,56168.9,39056204
2024-11-22,56956.45,56956.45,57088.4,55542.95,55700.25,36192877
2024-11-25,57358.2,57358.2,57902.2,57214.1,57443.5,55739866
2024-11-26,57838.25,57838.25,58038.25,57410.25,57688.1,22411778
2024-11-27,58028.6,58028.6,58093.55,57430.55,57912.25,21546427
2024-11-28,57706.05,57706.05,58788.85,57444.8,58068.5,39479289
2024-11-29,57943.7,57943.7,58120.45,57475.95,57475.95,27692860
2024-12-02,57917.0,57917.0,58090.8,57543.55,57839.3,23124028
2024-12-03,57689.2,57689.2,57767.65,57056.8,57278.25,46817789
2024-12-04,57270.35,57270.35,58005.9,57170.35,57813.7,32409111
2024-12-05,57605.2,57605.2,57922.9,56861.25,57358.6,45386527
2024-12-06,57744.3,57744.3,57997.55,57602.1,57742.9,22194397
2024-12-09,56460.6,56460.6,57562.8,56305.95,57481.95,50495525
2024-12-10,56530.25,56530.25,56697.4,56383.8,56582.8,30541989
2024-12-11,56766.8,56766.8,56898.7,56514.45,56716.3,22308577
2024-12-12,56146.7,56146.7,56885.75,56059.55,56701.15,36211563
2024-12-13,56869.4,56869.4,56997.45,55455.15,56088.7,48524184
2024-12-16,56697.2,56697.2,57062.55,56517.45,56946.0,24371286
2024-12-17,56467.45,56467.45,56842.1,56205.0,56625.45,42092833
2024-12-18,56467.8,56467.8,56685.6,56277.25,56578.35,34404610
2024-12-19,56157.9,56157.9,56570.6,56042.65,56145.95,31111190
2024-12-20,55600.8,55600.8,56309.7,55472.45,56151.85,39186785
2024-12-23,56135.05,56135.05,56304.45,55701.0,55970.15,30928607
2024-12-24,56439.3,56439.3,56586.45,56008.65,56151.05,23854419
2024-12-26,56258.0,56258.0,56603.6,56139.0,56517.4,18061462
2024-12-27,56444.25,56444.25,56615.8,56220.15,56436.75,23978813
2024-12-30,56618.4,56618.4,56827.6,56278.7,56545.25,49497392
2024-12-31,56799.65,56799.65,56845.8,56278.5,56576.25,25659712
2025-01-02,57671.35,57671.35,57718.15,56846.35,57129.15,41990496
2025-01-03,57817.0,57817.0,57923.5,57410.05,57903.05,58507343
2025-01-06,56714.4,56714.4,57853.25,56547.75,57837.3,44904302
2025-01-07,56719.55,56719.55,57126.6,56667.85,56852.25,30387932
2025-01-08,56967.6,56967.6,57087.6,56158.4,56831.25,29593951
2025-01-09,57495.6,57495.6,58238.1,56764.5,56953.8,41387319
2025-01-10,57117.7,57117.7,57607.55,56936.6,57449.9,25404211
2025-01-13,56420.15,56420.15,56925.5,56332.8,56334.5,36841745
2025-01-14,55627.2,55627.2,56622.15,55537.6,56567.3,39808663
2025-01-15,55549.85,55549.85,55832.15,55190.25,55746.85,27231868
2025-01-16,55240.0,55240.0,55834.0,54922.45,55771.75,33877587
2025-01-17,55800.85,55800.85,56005.1,55142.55,55332.2,33746044
2025-01-20,55738.05,55738.05,55952.85,55462.0,55824.25,23875402
2025-01-21,55622.65,55622.65,56372.1,55516.65,55914.55,36664878
2025-01-22,55596.05,55596.05,56055.7,55427.75,55815.55,27341811
2025-01-23,55781.8,55781.8,55951.25,54770.15,55308.15,27632032
2025-01-24,56069.35,56069.35,56359.45,55679.0,55908.95,22827035
2025-01-27,55654.5,55654.5,56227.3,55463.0,55832.05,26487763
2025-01-28,55441.95,55441.95,55799.15,55269.25,55742.25,40338773
2025-01-29,55163.05,55163.05,55673.9,54757.0,55444.8,54054315
2025-01-30,55558.95,55558.95,55803.0,55168.55,55212.45,61462653
2025-01-31,56691.95,56691.95,56791.35,55551.85,55572.45,61842132
2025-02-03,57419.55,57419.55,58475.1,57110.3,58276.3,57197349
2025-02-04,57274.7,57274.7,57793.7,56859.65,57701.85,80858566
2025-02-05,56383.75,56383.75,57392.25,56311.5,57339.1,46439258
2025-02-06,55841.8,55841.8,56607.35,55646.5,56592.9,36042268
2025-02-07,55113.3,55113.3,56140.65,54822.05,55904.0,83872090
2025-02-10,54856.65,54856.65,55513.2,54657.2,55081.1,37835410
2025-02-11,53794.25,53794.25,55117.2,53505.6,55012.1,35090901
2025-02-12,53739.0,53739.0,53962.2,53114.1,53741.8,33390946
2025-02-13,53314.75,53314.75,53944.9,53221.1,53713.65,31337628
2025-02-14,53138.55,53138.55,53912.6,52993.35,53444.7,40157258
2025-02-17,52945.0,52945.0,53080.1,52644.75,53011.75,34029825
2025-02-18,52480.5,52480.5,53104.0,52383.85,52897.55,29869934
2025-02-19,52360.45,52360.45,52606.6,52096.2,52346.7,29099295
2025-02-20,52337.3,52337.3,52379.15,51905.3,52035.25,39892555
2025-02-21,52098.15,52098.15,52443.5,51893.25,52362.4,33709269
2025-02-24,52285.8,52285.8,52340.2,51729.5,51753.75,32022246
2025-02-25,52453.35,52453.35,52645.4,52158.9,52223.9,37630751
2025-02-27,52055.15,52055.15,52579.1,51875.35,52453.35,49597626
2025-02-28,50689.0,50689.0,51918.2,50546.85,51796.65,104625214
2025-03-03,50786.65,50786.65,50856.8,50287.9,50739.75,48125114
2025-03-04,50524.25,50524.25,50602.6,50199.35,50494.3,44247901
2025-03-05,51279.1,51279.1,51613.95,50397.3,50397.3,43378706
2025-03-06,51890.3,51890.3,51966.0,51108.95,51597.55,43159345
2025-03-07,51891.8,51891.8,52005.2,51533.75,51804.95,30209572
2025-03-10,52006.4,52006.4,52426.65,51545.55,51789.6,31581177
2025-03-11,51951.45,51951.45,52224.6,51612.0,51670.3,27468124
2025-03-12,51957.25,51957.25,52097.1,51663.95,51973.9,35874873
2025-03-13,51879.25,51879.25,52327.6,51781.75,52047.25,23989215
2025-03-17,51773.15,51773.15,52280.65,51545.35,51777.15,23492842
2025-03-18,52475.0,52475.0,52658.6,51949.05,52075.0,40401363
2025-03-19,52184.1,52184.1,52677.2,52151.9,52612.35,37829574
2025-03-20,52857.9,52857.9,53035.4,52214.55,52443.45,41822874
2025-03-21,52986.05,52986.05,53096.15,52670.6,53066.25,49947089
2025-03-24,53232.75,53232.75,53349.3,53014.85,53185.05,28876469
2025-03-25,53131.3,53131.3,53601.65,52990.1,53307.1,41262384
2025-03-26,52988.5,52988.5,53291.55,52872.3,53229.45,32830478
2025-03-27,53276.6,53276.6,53475.05,52649.2,53002.55,49669394
2025-03-28,53589.8,53589.8,54150.9,53198.8,53198.8,31816627
2025-04-01,53101.75,53101.75,54029.9,52982.8,53615.15,31552235
2025-04-02,53702.6,53702.6,53738.45,52851.5,53286.6,32284297
2025-04-03,53806.75,53806.75,53861.8,53283.35,53330.25,33550548
2025-04-04,53830.7,53830.7,54223.35,53310.0,53603.7,41429568
2025-04-07,53241.15,53241.15,53395.45,51201.9,51201.9,57406167
2025-04-08,54300.25,54300.25,54531.4,53557.35,53800.05,37484968
2025-04-09,55264.75,55264.75,55412.2,54280.85,54365.25,47464668
2025-04-11,55741.1,55741.1,55960.5,55234.15,55939.55,32974784
2025-04-15,55896.95,55896.95,56620.5,55537.15,56620.05,34312948
2025-04-16,56345.6,56345.6,56435.95,55694.65,55694.65,29269874
2025-04-17,56674.2,56674.2,56728.3,56008.65,56303.15,43565727
2025-04-21,56130.2,56130.2,56789.75,56084.8,56768.35,44003006
2025-04-22,57193.8,57193.8,57282.2,56263.55,56471.0,50627730
2025-04-23,57497.9,57497.9,57559.25,57128.75,57436.35,41172406
2025-04-24,56887.55,56887.55,58048.2,56784.45,57582.65,61487978
2025-04-25,56532.35,56532.35,57121.8,55976.95,56926.9,43830027
2025-04-28,56620.3,56620.3,56767.1,56313.35,56432.95,21197824
2025-04-29,56474.5,56474.5,56744.5,56246.3,56693.8,27957805
2025-04-30,56445.35,56445.35,56826.25,56150.3,56492.0,45406604
2025-05-02,56252.25,56252.25,56588.3,55875.8,56242.15,34106704
2025-05-05,56936.2,56936.2,57047.95,56360.55,56417.95,40088219
2025-05-06,56883.4,56883.4,57197.7,56715.55,56943.45,33359752
2025-05-07,56590.25,56590.25,56756.6,56302.25,56501.65,33549625
2025-05-08,56020.7,56020.7,56487.3,55805.6,56410.4,54569531
2025-05-09,55633.0,55633.0,55703.7,55038.5,55203.2,32081589
2025-05-12,57101.4,57101.4,57160.7,56354.8,56498.15,24575676
2025-05-13,56334.15,56334.15,57363.6,56208.8,57061.3,33895182
2025-05-14,56351.7,56351.7,56596.95,56040.7,56340.4,31785374
2025-05-15,56685.95,56685.95,56939.55,56063.3,56410.15,50649019
2025-05-16,57061.8,57061.8,57090.45,56590.9,56909.8,39466098
2025-05-19,56955.7,56955.7,57370.75,56805.85,57038.35,24492347
2025-05-20,56206.25,56206.25,57229.05,56142.65,57209.65,32403462
2025-05-21,56413.15,56413.15,56753.5,56235.2,56369.4,25959260
2025-05-22,55598.05,55598.05,56334.0,55305.2,56326.9,45625041
2025-05-23,56502.05,56502.05,56679.75,55789.85,56022.0,39852658
2025-05-26,57049.7,57049.7,57084.95,56614.7,56678.5,27746279
2025-05-27,56547.6,56547.6,57204.1,56236.85,57133.55,49922316
2025-05-28,55703.85,55703.85,55970.8,55618.35,55890.7,445023829
2025-05-29,55630.45,55630.45,55881.4,55309.2,55846.7,38317324
2025-05-30,55283.0,55283.0,55736.85,55201.8,55608.4,62611603
2025-06-02,55732.55,55732.55,55827.6,55348.15,55350.15,32739373
2025-06-03,55460.8,55460.8,55983.3,55336.7,55785.7,32296923
2025-06-04,55530.55,55530.55,55678.65,55279.5,55542.95,32476047
2025-06-05,55632.45,55632.45,55854.9,55323.2,55660.3,39726362
2025-06-06,55802.7,55802.7,55842.05,55564.15,55737.85,23360640
2025-06-09,56026.1,56026.1,56079.25,55686.25,55974.15,22902836
2025-06-10,56198.8,56198.8,56331.8,55952.85,56178.2,32149313
2025-06-11,55820.6,55820.6,56208.4,55749.25,56128.8,53820344
2025-06-12,55104.1,55104.1,56020.25,55005.15,56019.4,44598708
2025-06-13,54527.15,54527.15,54688.6,54349.15,54373.6,35215936
2025-06-16,54873.3,54873.3,54908.55,54414.45,54534.7,24231598
2025-06-17,54708.75,54708.75,54932.05,54540.05,54842.0,27708736
2025-06-18,54452.4,54452.4,54804.8,54284.3,54647.15,23725134
2025-06-19,54283.5,54283.5,54603.75,54158.35,54418.7,37492090
2025-06-20,54630.95,54630.95,54690.05,54265.7,54316.9,65625297
2025-06-23,54226.85,54226.85,54459.1,54066.05,54395.3,35880282
2025-06-24,54346.3,54346.3,54792.85,54303.3,54597.0,35790486
2025-06-25,54747.25,54747.25,54892.35,54518.45,54575.25,32351637
2025-06-26,55118.8,55118.8,55165.9,54709.2,54882.8,39070682
2025-06-27,55109.0,55109.0,55298.35,55044.75,55246.5,47475435
2025-06-30,54883.9,54883.9,55268.15,54698.15,55203.5,35321102
2025-07-01,54502.95,54502.95,55022.05,54396.95,54997.5,30240121
2025-07-02,54439.7,54439.7,54643.5,54293.9,54620.6,35527549
2025-07-03,54515.75,54515.75,54802.9,54379.5,54570.95,30799841
2025-07-04,54735.6,54735.6,54799.35,54550.1,54699.2,26379915
2025-07-07,55652.85,55652.85,55691.75,54859.95,54874.0,42908041
2025-07-08,55504.0,55504.0,55753.0,55283.0,55624.35,25320355
2025-07-09,55946.2,55946.2,56028.15,55523.45,55526.4,39075117
2025-07-10,55628.2,55628.2,56074.85,55576.7,56026.6,20527340
2025-07-11,55910.25,55910.25,56349.9,55792.4,56023.35,35178264
2025-07-14,56025.6,56025.6,56080.55,55743.0,55903.7,28029286
2025-07-15,56429.05,56429.05,56465.8,56033.35,56170.6,24354825
2025-07-16,56685.55,56685.55,56791.5,56286.05,56452.9,41903133
2025-07-17,56843.05,56843.05,57017.15,56665.4,56751.2,35508604
2025-07-18,56506.9,56506.9,56943.35,56388.2,56943.35,25112625
2025-07-21,56222.7,56222.7,56541.8,56086.55,56496.85,19487274
2025-07-22,56003.95,56003.95,56288.55,55939.35,56286.8,24523884
2025-07-23,55710.35,55710.35,56221.3,55586.65,56163.75,31672005
2025-07-24,55085.85,55085.85,56015.5,55020.95,55859.6,34284237
2025-07-25,54579.95,54579.95,55046.0,54463.3,55046.0,23435826
2025-07-28,54732.95,54732.95,55050.25,54510.65,54593.75,28708191
2025-07-29,54891.15,54891.15,54943.6,54473.3,54733.0,44297429
2025-07-30,55020.4,55020.4,55105.25,54730.6,54906.7,48151492
2025-07-31,55812.15,55812.15,56120.4,54694.9,54695.8,49874131
2025-08-01,56197.05,56197.05,57032.9,55974.8,55982.0,44302091
2025-08-04,56139.65,56139.65,56431.3,55979.1,56336.65,36219305
2025-08-05,55733.7,55733.7,56231.4,55584.85,56202.45,23672592
2025-08-06,55230.8,55230.8,55778.6,55097.35,55728.55,22883357
2025-08-07,55298.5,55298.5,55430.25,54950.9,55156.35,24199452
2025-08-08,54900.95,54900.95,55517.9,54844.65,55343.95,22212150
2025-08-11,55309.9,55309.9,55352.6,54630.9,54855.3,23484897
2025-08-12,55034.45,55034.45,55596.65,54973.4,55336.5,25545256
2025-08-13,55010.15,55010.15,55229.55,54771.5,55135.0,26090474
2025-08-14,54656.3,54656.3,55139.55,54573.75,55089.05,24404873
2025-08-18,55304.25,55304.25,55775.4,55223.9,55379.8,61405707
2025-08-19,55886.65,55886.65,55966.4,55154.7,55382.1,33261214
2025-08-20,56664.05,56664.05,56786.65,55675.75,55854.4,50914718
2025-08-21,56303.05,56303.05,56719.8,56204.85,56713.3,36522512
2025-08-22,55737.45,55737.45,56429.0,55694.4,56303.6,28094863
2025-08-25,55681.65,55681.65,55894.05,55541.0,55879.4,29766798
2025-08-26,56187.0,56187.0,56425.15,55578.1,55580.3,43599186
2025-08-28,55612.95,55612.95,56595.5,55521.3,56595.5,32221140
2025-08-29,56141.85,56141.85,56565.0,55594.45,55687.25,48448038
2025-09-01,56175.2,56175.2,56212.15,55901.3,56140.0,30326673
2025-09-02,56806.6,56806.6,56882.6,56191.7,56210.2,45433443
2025-09-03,56969.2,56969.2,57063.25,56702.9,56955.9,29038531
2025-09-04,57104.05,57104.05,58485.05,57019.55,58485.05,73515643
2025-09-05,56292.1,56292.1,57217.75,56012.0,57176.15,39966817
2025-09-08,56171.3,56171.3,56617.75,56133.1,56332.75,20466940
2025-09-09,56497.25,56497.25,56554.2,56074.9,56338.15,22348977
2025-09-10,56856.85,56856.85,56906.9,56384.35,56611.45,25567463
2025-09-11,56960.6,56960.6,57124.85,56800.5,56844.35,23289862
2025-09-12,56557.15,56557.15,57065.5,56430.5,56991.8,24917169
2025-09-15,56551.35,56551.35,56673.2,56430.45,56516.2,18941871
2025-09-16,56398.65,56398.65,56700.8,56292.65,56634.3,22958171
2025-09-17,56321.0,56321.0,56678.35,56213.75,56562.7,42053872
2025-09-18,56522.35,56522.35,56643.45,56293.1,56448.85,36692137
2025-09-19,56273.05,56273.05,56640.7,56191.75,56594.55,41859936
2025-09-22,56006.75,56006.75,56425.5,55859.5,56357.0,24108633
2025-09-23,55281.55,55281.55,56127.35,55242.75,56025.45,33785008
2025-09-24,55378.95,55378.95,55703.95,55110.2,55290.1,30648167
2025-09-25,55108.0,55108.0,55656.0,55031.65,55424.75,43764049
2025-09-26,54847.55,54847.55,55199.55,54776.95,55031.55,31285411
2025-09-29,54945.8,54945.8,55007.1,54343.75,54861.6,58553012
2025-09-30,54710.7,54710.7,55069.25,54522.2,54974.55,32027599
2025-10-01,55105.35,55105.35,55149.05,54455.2,54776.45,34356508
2025-10-03,55170.6,55170.6,55213.05,54679.0,55062.95,33791273
2025-10-06,55057.65,55057.65,55138.6,54830.35,55049.75,28374471
2025-10-07,54763.85,54763.85,55254.45,54695.3,55114.65,28362070
2025-10-08,54489.65,54489.65,54764.0,54367.85,54609.45,24908061
2025-10-09,54707.45,54707.45,54752.95,54364.9,54410.65,32753577
2025-10-10,54966.45,54966.45,55023.2,54595.95,54696.6,28459243
2025-10-13,54473.85,54473.85,54941.75,54368.5,54735.05,21372086
2025-10-14,54213.75,54213.75,54610.6,54142.3,54530.95,21736273
2025-10-15,54748.7,54748.7,54837.8,54270.35,54295.3,31177863
2025-10-16,55853.9,55853.9,55902.3,54733.05,54799.55,49099385
2025-10-17,56616.4,56616.4,56834.95,55840.4,55862.7,44686437
2025-10-20,56597.15,56597.15,57025.65,56533.9,56737.6,26664658
2025-10-21,56609.15,56609.15,56797.3,56536.95,56678.9,2776496
2025-10-23,56772.45,56772.45,57445.2,56689.9,56826.9,52352794
2025-10-24,56348.1,56348.1,56701.55,55926.5,56701.55,34500623
2025-10-27,56428.95,56428.95,56631.3,56265.6,56385.45,31828205
2025-10-28,56110.05,56110.05,56602.2,55851.85,56481.7,38687962
2025-10-29,56615.35,56615.35,56663.85,56127.4,56250.3,70948617
2025-10-30,56343.5,56343.5,56690.35,56099.95,56661.15,40515774
2025-10-31,56208.5,56208.5,56756.15,56168.2,56533.25,51681672
2025-11-03,56153.7,56153.7,56384.7,55713.5,56203.35,39143433
2025-11-04,55815.6,55815.6,56188.15,55735.1,56177.25,29966638
2025-11-06,55711.75,55711.75,56273.7,55617.3,56123.75,30835935
2025-11-07,55437.2,55437.2,55712.1,55306.85,55497.65,23836732
2025-11-10,55334.45,55334.45,55652.35,55291.45,55425.95,20954751
2025-11-11,55523.05,55523.05,55588.35,55048.45,55347.3,29773807
2025-11-12,55529.2,55529.2,55639.75,55327.25,55629.95,28167801
2025-11-13,55243.5,55243.5,55616.7,55209.8,55594.8,28399090
2025-11-14,55560.8,55560.8,55621.25,54914.6,55153.6,80416119
2025-11-17,55677.15,55677.15,55897.55,55534.4,55769.75,25472204
2025-11-18,55363.45,55363.45,55739.6,55185.1,55652.4,25153963
2025-11-19,55380.8,55380.8,55469.15,55260.65,55349.0,25537821
2025-11-20,55426.7,55426.7,55863.25,55362.45,55460.55,31877087
2025-11-21,55504.7,55504.7,55605.05,55240.65,55394.95,27555579
2025-11-24,55138.15,55138.15,55636.85,55080.35,55630.9,47861362
2025-11-25,55052.1,55052.1,55258.65,54850.35,55135.25,24057414
2025-11-26,55442.6,55442.6,55477.9,54952.95,54952.95,31776945
2025-11-27,55470.55,55470.55,55638.5,55264.85,55526.4,22739723
2025-11-28,55595.8,55595.8,55638.75,55443.8,55475.55,28628295
2025-12-01,55500.5,55500.5,55695.35,55248.0,55515.65,26663331
2025-12-02,55390.95,55390.95,55678.95,55269.1,55463.5,23270992
2025-12-03,54949.1,54949.1,55447.3,54732.35,55415.55,25402615
2025-12-04,55209.3,55209.3,55266.25,54709.05,54932.5,23495127
2025-12-05,55202.85,55202.85,55254.2,54476.65,55147.25,25281051
2025-12-08,54540.5,54540.5,55282.55,54377.6,55235.95,20146016
2025-12-09,54521.2,54521.2,54723.3,54134.5,54448.2,30164443
2025-12-10,54506.0,54506.0,54903.95,54447.2,54545.1,21372933
2025-12-11,54619.65,54619.65,54712.3,54246.9,54485.4,18475519
2025-12-12,54490.8,54490.8,54744.7,54236.05,54671.05,30154017
2025-12-15,54868.4,54868.4,54930.8,54264.75,54473.45,21882812
2025-12-16,54863.45,54863.45,55324.9,54699.95,54799.45,33449229
2025-12-17,54603.4,54603.4,54938.9,54515.75,54772.2,26151330
2025-12-18,54546.45,54546.45,54683.8,54323.9,54623.0,21437892
2025-12-19,54781.35,54781.35,54854.85,54507.0,54507.0,26739056
2025-12-22,55062.65,55062.65,55133.8,54821.0,54885.05,25426454
2025-12-23,55348.65,55348.65,55431.0,54912.5,55103.6,24533934
2025-12-24,55113.75,55113.75,55383.4,55019.95,55363.15,16052695
2025-12-26,55132.05,55132.05,55233.35,54957.25,55083.85,15260529
2025-12-29,55192.45,55192.45,55227.15,54969.4,55143.25,22639491
2025-12-30,55033.15,55033.15,55246.95,54918.55,55231.35,37502069
2025-12-31,55475.65,55475.65,55559.05,55055.1,55069.0,27680076
2026-01-02,53078.8,53078.8,53579.4,52741.85,53562.5,139149781
2026-01-05,53441.1,53441.1,53573.75,52885.6,53054.95,69990031
2026-01-06,53561.95,53561.95,53637.75,53152.7,53538.8,94291569
2026-01-07,53493.8,53493.8,53782.6,53319.6,53636.2,49749623
2026-01-08,53010.15,53010.15,53515.65,52922.1,53419.65,54950898
2026-01-09,52438.15,52438.15,53083.5,52332.65,52918.25,49138749
2026-01-12,52745.5,52745.5,52814.85,52271.75,52381.25,31655137
2026-01-13,52577.15,52577.15,53007.15,52326.25,52816.4,39774248
2026-01-14,52258.65,52258.65,52608.8,52162.35,52608.8,26039797
2026-01-16,52142.5,52142.5,52601.45,52038.6,52510.9,47136445
2026-01-19,52489.95,52489.95,52669.95,51902.3,52015.05,28509359
2026-01-20,51713.0,51713.0,52616.85,51595.65,52586.15,35714472
2026-01-21,51402.5,51402.5,51962.0,51217.2,51563.35,40376442
2026-01-22,51978.4,51978.4,52095.3,51560.5,51582.05,39834200
2026-01-23,51662.05,51662.05,52217.5,51594.1,52135.6,30881010
2026-01-27,51349.75,51349.75,51741.4,51126.75,51692.2,76513419
2026-01-28,50985.45,50985.45,51579.25,50510.65,51449.75,61624018
2026-01-29,50523.9,50523.9,51002.0,50076.05,50971.45,42216434
2026-01-30,51215.2,51215.2,51339.45,50311.5,50420.5,75452496
2026-02-02,50623.2,50623.2,50696.45,49336.5,50103.9,57563966
2026-02-03,50806.65,50806.65,51840.25,50505.55,51534.7,77476447
2026-02-04,50922.75,50922.75,51244.9,50725.9,50938.2,38019545
2026-02-05,50731.65,50731.65,51403.1,50615.9,50915.05,40929473
2026-02-06,51882.75,51882.75,51935.55,50383.9,50667.85,85976403
2026-02-09,52047.3,52047.3,52098.45,51582.8,52041.0,53191861
2026-02-10,52130.45,52130.45,52183.55,51889.05,52105.1,28024915
2026-02-11,52152.1,52152.1,52411.1,51967.7,52335.95,38349426
2026-02-12,51885.75,51885.75,52221.75,51571.5,52212.7,30881301
2026-02-13,50902.15,50902.15,51690.05,50811.85,51690.05,24399614
2026-02-16,51318.85,51318.85,51371.9,50680.15,50809.55,72612467
2026-02-17,51778.3,51778.3,51824.15,51237.55,51246.2,83287449
2026-02-18,52406.5,52406.5,52428.9,51759.4,51860.6,141746389
2026-02-19,51483.6,51483.6,52548.65,51381.35,52548.65,65704493
2026-02-20,51772.7,51772.7,51969.25,51401.45,51443.85,34849525
2026-02-23,52136.35,52136.35,52186.2,51801.45,51905.7,110999141
2026-02-24,52235.25,52235.25,52338.3,51815.7,51911.35,29304123
2026-02-25,52105.3,52105.3,52519.9,51864.0,52444.65,28310323
2026-02-26,52023.0,52023.0,52197.55,51741.7,52156.55,23589775
2026-02-27,51142.2,51142.2,51987.55,51039.1,51801.35,36686635
2026-03-02,50751.65,50751.65,50879.5,49954.15,49968.25,40154959
2026-03-04,49797.5,49797.5,50315.8,49742.25,50052.35,46704967
2026-03-05,50000.8,50000.8,50186.45,49354.8,49985.85,38504675
2026-03-06,49970.6,49970.6,50173.6,49679.5,49847.65,44348735
2026-03-09,49192.4,49192.4,49321.6,48740.95,49299.4,29849547
2026-03-10,49603.55,49603.55,49717.55,49288.1,49627.5,33352408
2026-03-11,49059.7,49059.7,49685.5,48964.95,49649.55,33516568
2026-03-12,48189.15,48189.15,48929.0,48036.5,48909.8,57312990
2026-03-13,47924.15,47924.15,48642.85,47852.25,48047.8,50862607
2026-03-16,48468.85,48468.85,48622.35,47826.35,48005.85,61338101
2026-03-17,48104.45,48104.45,48612.6,48040.15,48612.6,43846756
2026-03-18,48079.0,48079.0,48368.7,47997.0,48215.35,38150736
2026-03-19,46861.95,46861.95,47914.55,46740.35,47549.15,35211930
2026-03-20,47007.55,47007.55,47688.45,46925.35,47321.9,79110078
2026-03-23,45837.05,45837.05,46743.95,45740.9,46699.05,60769037
2026-03-24,46408.3,46408.3,46822.7,45777.2,46498.5,56505920
2026-03-25,47283.35,47283.35,47673.15,46549.25,46690.25,54386161
2026-03-27,46427.2,46427.2,47112.95,46346.8,47080.55,49939800
2026-03-30,45538.65,45538.65,46412.2,45436.0,46141.7,56901444
2026-04-01,46135.95,46135.95,46513.05,45886.25,46499.45,42232299
2026-04-02,46232.15,46232.15,46315.25,45334.15,45882.7,37518688
2026-04-06,46600.05,46600.05,46666.5,45901.5,46291.45,39077541
2026-04-07,46980.1,46980.1,47057.8,46020.5,46362.25,46535920
2026-04-08,47704.25,47704.25,48076.8,47648.3,47851.65,52628370
2026-04-09,47640.7,47640.7,47969.45,47458.6,47611.8,39092940
2026-04-10,48194.05,48194.05,48285.0,47632.15,47727.35,38969548
2026-04-13,47570.4,47570.4,47785.1,47285.35,47486.25,35903101
2026-04-15,48290.4,48290.4,48482.5,47952.5,47958.6,44415918
2026-04-16,48377.9,48377.9,48496.9,48117.25,48382.75,40131137
2026-04-17,49657.75,49657.75,49743.05,48371.6,48371.6,74887662
2026-04-20,49555.75,49555.75,49843.95,49377.7,49760.15,34341765
2026-04-21,50820.1,50820.1,51038.0,49597.2,49685.65,62635971
2026-04-22,51199.0,51199.0,51627.95,50769.7,50940.45,66326236
2026-04-23,51140.5,51140.5,51331.95,50693.55,50919.95,36338756
2026-04-24,50766.25,50766.25,51383.3,50571.75,51383.3,49933215
2026-04-27,51046.5,51046.5,51336.95,50878.3,50990.9,61303373
2026-04-28,50882.75,50882.75,51182.3,50817.35,51047.1,39620627
2026-04-29,51771.8,51771.8,52067.05,51027.75,51065.3,53590544
2026-04-30,51072.1,51072.1,51829.1,50680.1,51723.45,36199803
2026-05-04,51266.0,51266.0,51972.9,51129.2,51383.0,37962751
2026-05-05,51593.55,51593.55,51642.7,51036.25,51249.85,51286505
2026-05-06,51460.55,51460.55,51947.35,51194.7,51898.85,46701331
2026-05-07,51068.45,51068.45,51504.95,51000.1,51485.45,50963326
2026-05-08,51165.9,51165.9,51320.15,50756.85,51107.55,48825003
2026-05-11,51205.65,51205.65,51444.15,50870.4,51118.15,51463475
2026-05-12,50453.9,50453.9,51237.2,50396.5,51019.8,37357863
2026-05-13,50604.85,50604.85,50917.1,50397.0,50541.15,35724136
2026-05-14,50779.15,50779.15,51061.05,50513.65,50727.5,27743070
2026-05-15,51051.35,51051.35,51440.2,50776.5,50848.85,39199288
2026-05-18,50900.1,50900.1,50987.05,50344.1,50973.8,34029506
2026-05-19,50883.35,50883.35,51467.65,50800.35,50920.2,41435315
2026-05-20,50520.55,50520.55,50657.7,50313.35,50564.7,31627014
2026-05-21,50263.55,50263.55,50901.6,50138.1,50800.8,46078034
2026-05-22,50249.8,50249.8,50520.15,50035.25,50308.5,61954151
2026-05-25,50157.75,50157.75,50721.1,50062.15,50572.8,38369336
2026-05-26,50227.35,50227.35,50300.45,50030.1,50223.8,57287733
2026-05-27,50141.9,50141.9,50467.5,50053.9,50320.75,39364394
2026-05-29,49383.35,49383.35,50245.55,49083.45,49956.2,120370657
2026-06-01,48247.7,48247.7,49571.65,48127.5,49474.55,43874391
2026-06-02,48612.8,48612.8,48668.65,47867.65,47996.4,49581805
2026-06-03,48123.95,48123.95,48617.3,47922.8,48617.3,52514699
2026-06-04,48216.0,48216.0,48538.1,47851.25,48067.95,43759605
2026-06-05,48302.45,48302.45,48369.25,48026.4,48277.7,34402682
2026-06-08,48098.65,48098.65,48458.55,47674.7,47935.1,36094921
2026-06-09,48447.4,48447.4,48506.6,48056.1,48316.8,25839439
2026-06-10,48957.0,48957.0,49439.55,48390.35,48484.15,42607951
2026-06-11,48521.8,48521.8,48964.45,48464.85,48852.2,29870900
2026-06-12,48827.6,48827.6,49007.75,48654.8,48829.85,29000117
2026-06-15,49043.4,49043.4,49510.85,48963.3,49422.2,30597179
2026-06-16,49642.4,49642.4,49685.55,49142.85,49158.6,31501616
2026-06-17,49556.05,49556.05,49867.85,49402.75,49677.95,29073467
2026-06-18,49654.5,49654.5,49833.8,49438.4,49708.9,35365675
2026-06-19,49558.7,49558.7,49695.9,49230.2,49514.8,39144879
2026-06-22,49355.1,49355.1,49757.2,49210.95,49670.9,32889841
2026-06-23,49059.05,49059.05,49514.6,49000.85,49269.8,28029544
2026-06-24,49085.1,49085.1,49238.5,48901.0,49102.2,27923815
2026-06-25,49419.25,49419.25,49630.3,49147.75,49201.6,34287298
2026-06-29,49127.65,49127.65,49686.75,49083.85,49537.25,39491152
2026-06-30,48794.2,48794.2,49159.4,48712.7,49119.8,45379229
2026-07-01,49806.8,49806.8,49880.5,48881.6,48981.9,34154793
2026-07-02,50084.7,50084.7,50176.5,49677.25,49930.3,38853877
2026-07-03,50096.4,50096.4,50550.15,49985.55,50378.8,26560353
2026-07-06,50196.35,50196.35,50302.15,49969.8,50121.6,54910417
2026-07-07,50225.85,50225.85,50367.75,49958.05,50202.65,39307331
2026-07-08,48977.4,48977.4,50035.65,48828.4,49955.25,40828607
2026-07-09,49350.15,49350.15,49657.4,49094.95,49094.95,30415633
2026-07-10,49310.6,49310.6,49644.35,49202.9,49515.95,32311075
2026-07-13,48809.9,48809.9,49156.45,48723.65,49156.45,31055982
2026-07-14,48524.95,48524.95,49074.35,48466.45,48593.15,37647556
2026-07-15,48286.5,48286.5,48694.95,48177.1,48639.8,104618678
2026-07-16,48408.0,48408.0,48628.1,48222.65,48375.85,41172332
2026-07-17,48748.7,48748.7,48842.1,48160.0,48356.45,35737500
2026-07-20,49067.45,49067.45,49141.15,48601.8,48800.55,29774495
2026-07-21,48917.2,48917.2,49251.0,48722.3,49134.35,29018918
2026-07-22,49233.8,49233.8,49362.7,48643.1,48900.4,38126862
2026-07-23,49033.2,49033.2,49478.7,48871.7,49216.15,41616749
2026-07-24,49053.3,49053.3,49244.55,48692.1,48739.2,48133567
2026-07-27,49564.8,49564.8,49748.2,49409.6,49520.75,42017752
2026-07-28,48881.2,48881.2,50063.4,48661.95,49565.4,97837464
2026-07-29,49690.65,49690.65,49867.5,49051.35,49233.2,70905008
2026-07-30,49642.05,49642.05,50035.0,49511.9,49702.35,50123454
2026-07-31,49121.2,49121.2,49769.05,49041.55,49756.4,41531537
2026-08-03,49965.6,49965.6,50036.65,49298.6,49351.9,66823512
2026-08-04,49527.1,49527.1,49771.9,48988.4,49767.2,40473013
2026-08-05,49383.5,49383.5,49544.15,49172.6,49474.75,32527875
2026-08-06,49369.85,49369.85,49448.95,49241.6,49375.3,30557213
2026-08-07,49435.2,49435.2,49628.85,49217.55,49325.2,23697331
2026-08-10,49363.6,49363.6,49558.3,49188.3,49421.75,28679933
2026-08-11,48787.85,48787.85,49360.45,48739.05,49337.25,37237923
2026-08-12,48429.35,48429.35,48655.1,48195.4,48635.05,51013391
2026-08-13,48837.3,48837.3,48838.9,48302.3,48400.45,30772615
2026-08-14,48615.05,48615.05,48813.55,48518.6,48809.65,21546112
2026-08-17,48105.05,48105.05,48625.55,48103.7,48611.65,30438448
2026-08-18,47734.8,47734.8,48173.65,47709.15,48170.85,32487682
2026-08-19,47473.9,47473.9,47950.7,47344.75,47746.6,28697208
2026-08-20,47863.25,47863.25,47900.15,47482.5,47698.4,44276704
2026-08-21,47510.95,47510.95,47904.2,47422.85,47901.0,22719767
2026-08-24,47527.8,47527.8,47604.8,47139.0,47604.2,23242393
2026-08-25,47706.95,47706.95,47710.95,47201.3,47463.55,29944397
2026-08-26,47252.9,47252.9,47855.85,47249.15,47834.2,54097475
2026-08-27,47030.45,47030.45,47388.3,46949.6,47223.95,31960874
2026-08-28,46815.0,46815.0,47118.9,46622.15,47118.25,34266735
2026-08-31,46025.55,46025.55,46722.1,46023.2,46706.0,54522635
2026-09-01,46457.15,46457.15,46615.1,46166.35,46470.1,51853920
2026-09-02,46240.55,46240.55,46294.1,45880.65,46186.9,36956192
2026-09-03,45955.65,45955.65,46287.45,45858.4,46247.7,41301671
2026-09-04,45892.75,45892.75,46134.55,45803.1,46035.2,26737558
2026-09-07,45592.15,45592.15,45891.0,45567.15,45850.65,24775665
2026-09-08,45749.85,45749.85,45963.65,45448.15,45612.45,23138198
2026-09-09,45309.25,45309.25,45707.75,45197.1,45635.7,41667541
2026-09-10,45185.6,45185.6,45477.75,45066.45,45335.3,38364518
2026-09-11,45053.75,45053.75,45276.7,44825.6,44909.3,31578620
2026-09-15,44829.95,44829.95,45562.85,44829.9,45241.2,39749758
2026-09-16,45559.0,45559.0,45748.7,44964.45,44971.4,61952795
2026-09-17,45572.7,45572.7,45883.15,45559.25,45590.2,39350891
2026-09-18,45466.8,45466.8,45788.3,45465.05,45652.45,44174329
