Date,Adj Close,Close,High,Low,Open,Volume
2019-01-02,8902.65,8902.65,9121.95,8885.3,9121.95,80074426
2019-01-03,8767.35,8767.35,8959.35,8755.75,8900.05,57987411
2019-01-04,8809.35,8809.35,8871.1,8754.05,8807.4,65040904
2019-01-07,8820.0,8820.0,8901.6,8809.9,8891.9,74853665
2019-01-08,8859.65,8859.65,8882.3,8781.8,8813.9,69837622
2019-01-09,8907.1,8907.1,8925.6,8827.9,8893.9,63915954
2019-01-10,8933.35,8933.35,8964.15,8908.05,8924.65,65217864
2019-01-11,8862.35,8862.35,8950.3,8816.9,8942.05,55529471
2019-01-14,8849.7,8849.7,8863.55,8752.1,8859.1,42617093
2019-01-15,8888.4,8888.4,8902.3,8845.5,8877.35,39982618
2019-01-16,8866.75,8866.75,8916.4,8856.75,8894.1,36040650
2019-01-17,8878.2,8878.2,8920.8,8850.25,8893.2,34385129
2019-01-18,8844.8,8844.8,8907.65,8806.05,8898.95,30451018
2019-01-21,8746.85,8746.85,8867.2,8725.25,8859.65,33802275
2019-01-22,8675.15,8675.15,8726.05,8580.0,8726.05,66674234
2019-01-23,8612.25,8612.25,8693.7,8594.2,8679.85,44701045
2019-01-24,8537.25,8537.25,8632.1,8510.4,8623.2,63934687
2019-01-25,8259.8,8259.8,8587.7,8241.1,8538.7,59732289
2019-01-28,8143.0,8143.0,8264.6,8092.85,8259.55,55235426
2019-01-29,8120.45,8120.45,8178.75,8059.45,8127.65,58347276
2019-01-30,8118.4,8118.4,8176.45,8080.2,8149.25,46436797
2019-01-31,8218.4,8218.4,8236.55,8083.9,8145.15,82045633
2019-02-01,8441.25,8441.25,8657.8,8254.15,8265.5,114415843
2019-02-04,8395.55,8395.55,8446.0,8325.75,8444.75,54660012
2019-02-05,8468.3,8468.3,8489.7,8408.25,8410.6,54040095
2019-02-06,8567.4,8567.4,8593.55,8441.5,8490.2,41261679
2019-02-07,8736.7,8736.7,8756.25,8581.0,8584.6,82981307
2019-02-08,8420.35,8420.35,8643.85,8399.9,8639.95,173156396
2019-02-11,8320.3,8320.3,8365.9,8257.9,8364.55,81645832
2019-02-12,8278.1,8278.1,8344.85,8259.2,8312.5,54349458
2019-02-14,8223.35,8223.35,8268.35,8166.7,8178.1,80697005
2019-02-15,8132.55,8132.55,8236.7,8057.15,8228.2,99047864
2019-02-18,8067.7,8067.7,8156.9,8035.55,8156.9,46562219
2019-02-19,8073.4,8073.4,8162.2,8061.85,8089.3,65194176
2019-02-20,8121.5,8121.5,8132.45,8072.9,8111.7,63344986
2019-02-21,8156.75,8156.75,8175.55,8056.45,8136.65,55711185
2019-02-22,8278.95,8278.95,8289.25,8156.5,8178.2,73433607
2019-02-25,8371.45,8371.45,8381.4,8307.55,8309.9,91376146
2019-02-26,8399.1,8399.1,8442.0,8234.55,8315.95,95423504
2019-02-27,8420.05,8420.05,8533.15,8343.65,8443.3,83778076
2019-02-28,8355.15,8355.15,8486.2,8343.8,8486.2,99546391
2019-03-01,8413.65,8413.65,8440.25,8362.8,8408.3,93506677
2019-03-05,8676.6,8676.6,8698.2,8376.7,8417.35,134156514
2019-03-06,8651.75,8651.75,8706.8,8599.4,8702.55,87596813
2019-03-07,8635.7,8635.7,8680.2,8580.7,8678.8,77218895
2019-03-08,8582.6,8582.6,8632.9,8565.75,8609.15,67598260
2019-03-11,8782.7,8782.7,8793.55,8607.85,8610.0,82518870
2019-03-12,8802.9,8802.9,8872.15,8775.45,8834.85,81980786
2019-03-13,8767.55,8767.55,8836.25,8748.3,8819.95,56147219
2019-03-14,8725.5,8725.5,8787.35,8670.8,8775.9,50339393
2019-03-15,8748.05,8748.05,8796.5,8723.45,8750.35,71316174
2019-03-18,8627.05,8627.05,8766.5,8589.1,8764.5,54775500
2019-03-19,8567.05,8567.05,8624.1,8520.3,8624.05,42958890
2019-03-20,8445.1,8445.1,8573.1,8428.65,8572.9,36964661
2019-03-22,8336.6,8336.6,8508.05,8319.45,8432.15,56308885
2019-03-25,8238.55,8238.55,8297.5,8218.6,8281.5,43070737
2019-03-26,8287.25,8287.25,8297.95,8219.05,8269.05,47822032
2019-03-27,8215.35,8215.35,8334.6,8205.3,8325.65,56442347
2019-03-28,8234.25,8234.25,8260.75,8194.6,8222.4,67482555
2019-04-01,8414.35,8414.35,8492.35,8394.7,8407.5,99486807
2019-04-02,8504.3,8504.3,8515.9,8429.05,8441.15,137860596
2019-04-03,8480.65,8480.65,8572.65,8462.9,8523.2,129281591
2019-04-04,8536.35,8536.35,8546.15,8484.95,8520.55,89019243
2019-04-05,8564.6,8564.6,8604.15,8526.25,8566.65,63941295
2019-04-08,8526.3,8526.3,8597.25,8483.95,8590.25,52275795
2019-04-09,8622.8,8622.8,8636.9,8482.9,8532.95,84324364
2019-04-10,8644.5,8644.5,8667.7,8583.2,8625.35,111813443
2019-04-11,8690.05,8690.05,8702.95,8639.1,8644.6,98468946
2019-04-12,8777.45,8777.45,8785.75,8665.0,8698.8,65224215
2019-04-15,8911.6,8911.6,8922.1,8804.0,8805.4,104682218
2019-04-16,8983.55,8983.55,9002.75,8928.3,8956.0,91834806
2019-04-18,8972.65,8972.65,9059.35,8952.55,9034.95,82867882
2019-04-22,8813.9,8813.9,8944.05,8802.5,8937.9,63005033
2019-04-23,8682.9,8682.9,8853.8,8666.8,8823.55,54354401
2019-04-24,8646.05,8646.05,8726.5,8557.1,8701.45,83285806
2019-04-25,8587.9,8587.9,8670.1,8573.8,8657.85,69747490
2019-04-26,8493.8,8493.8,8578.95,8458.5,8562.7,61087986
2019-04-30,8350.6,8350.6,8458.1,8293.95,8441.6,66898511
2019-05-02,8333.85,8333.85,8369.25,8213.45,8273.75,107852574
2019-05-03,8381.45,8381.45,8415.5,8315.6,8325.3,81387259
2019-05-06,8268.45,8268.45,8319.3,8260.2,8303.65,64166697
2019-05-07,8206.25,8206.25,8323.7,8189.8,8314.15,63289162
2019-05-08,8095.9,8095.9,8193.95,8086.0,8183.9,60972959
2019-05-09,8103.5,8103.5,8131.1,8049.8,8077.75,78533086
2019-05-10,8093.2,8093.2,8147.95,8070.75,8111.15,60983583
2019-05-13,7938.65,7938.65,8098.7,7911.45,8081.85,43858625
2019-05-14,7955.5,7955.5,7988.5,7855.9,7890.55,61323064
2019-05-15,7856.85,7856.85,8021.05,7840.1,7983.9,68107263
2019-05-16,7891.9,7891.9,7917.5,7821.75,7900.55,65662092
2019-05-17,8085.75,8085.75,8115.8,7884.15,7900.2,56383253
2019-05-20,8422.1,8422.1,8438.55,8221.3,8282.3,96833371
2019-05-21,8209.45,8209.45,8436.4,8172.65,8430.3,107072422
2019-05-22,8246.55,8246.55,8271.75,8154.0,8230.45,59799872
2019-05-23,8216.9,8216.9,8415.15,8182.4,8366.65,83675598
2019-05-24,8460.25,8460.25,8475.7,8217.25,8269.95,105764817
2019-05-27,8462.2,8462.2,8517.6,8382.05,8466.35,89346088
2019-05-28,8398.2,8398.2,8515.05,8382.2,8478.2,106488422
2019-05-29,8281.9,8281.9,8385.25,8251.55,8385.05,64401882
2019-05-30,8235.7,8235.7,8284.25,8220.5,8271.0,72417748
2019-05-31,8175.5,8175.5,8314.4,8151.75,8270.05,69967873
2019-06-03,8328.2,8328.2,8345.25,8107.3,8145.45,89801248
2019-06-04,8300.2,8300.2,8358.0,8283.45,8320.4,69225396
2019-06-06,8226.45,8226.45,8350.55,8174.6,8329.6,58357187
2019-06-07,8192.0,8192.0,8252.65,8129.85,8245.8,50359183
2019-06-10,8216.65,8216.65,8261.1,8163.65,8239.25,57218569
2019-06-11,8240.25,8240.25,8257.85,8202.95,8242.75,49864612
2019-06-12,8146.95,8146.95,8238.75,8131.2,8229.9,49208636
2019-06-13,8116.95,8116.95,8150.6,8060.5,8133.45,55681111
2019-06-14,8031.6,8031.6,8126.35,8013.75,8102.05,38030659
2019-06-17,7896.1,7896.1,8043.8,7878.95,8037.8,92608293
2019-06-18,7859.35,7859.35,7953.15,7815.55,7901.3,53629690
2019-06-19,7772.2,7772.2,7931.15,7727.85,7904.0,62751320
2019-06-20,7965.45,7965.45,7981.45,7722.65,7758.8,79852588
2019-06-21,7868.25,7868.25,7937.5,7840.35,7921.8,63645618
2019-06-24,7832.3,7832.3,7868.85,7761.75,7855.65,48557902
2019-06-25,7878.25,7878.25,7890.55,7793.9,7811.65,64613518
2019-06-26,7883.55,7883.55,7922.85,7847.8,7863.85,63228652
2019-06-27,7971.45,7971.45,8021.25,7901.05,7903.35,86570976
2019-06-28,7928.05,7928.05,8004.1,7918.65,7984.05,44954490
2019-07-01,8029.15,8029.15,8047.05,7965.2,7981.85,60202481
2019-07-02,8045.65,8045.65,8057.85,7959.95,8017.0,47770125
2019-07-03,8039.5,8039.5,8090.0,8024.65,8063.25,52767982
2019-07-04,8077.2,8077.2,8099.05,8031.4,8053.65,44669387
2019-07-05,7849.1,7849.1,8097.1,7810.5,8091.45,46549411
2019-07-08,7593.3,7593.3,7794.25,7564.4,7794.25,52868834
2019-07-09,7593.3,7593.3,7630.7,7538.65,7591.5,47860460
2019-07-10,7511.15,7511.15,7609.7,7484.35,7593.15,57074937
2019-07-11,7650.95,7650.95,7665.9,7504.45,7552.05,58527421
2019-07-12,7653.65,7653.65,7719.0,7603.75,7641.8,58668910
2019-07-15,7674.25,7674.25,7709.7,7628.7,7659.65,43579162
2019-07-16,7727.1,7727.1,7739.15,7602.6,7633.3,82376753
2019-07-17,7648.15,7648.15,7738.8,7638.35,7719.1,49942047
2019-07-18,7438.7,7438.7,7638.05,7427.2,7632.1,62688612
2019-07-19,7192.75,7192.75,7475.2,7180.05,7462.6,73142805
2019-07-22,7220.25,7220.25,7291.85,7146.8,7203.75,64075458
2019-07-23,7176.65,7176.65,7235.5,7157.3,7234.35,81728947
2019-07-24,7036.7,7036.7,7174.9,7017.0,7162.85,67418856
2019-07-25,7010.55,7010.55,7086.45,6996.3,7040.4,70812366
2019-07-26,7161.5,7161.5,7227.65,6968.05,6979.85,127546963
2019-07-29,6905.7,6905.7,7127.15,6896.25,7123.55,82855253
2019-07-30,6763.75,6763.75,6954.2,6747.4,6907.95,86871285
2019-07-31,6851.65,6851.65,6883.4,6727.55,6762.15,84478097
2019-08-01,6856.1,6856.1,6883.35,6764.2,6806.7,115698845
2019-08-02,6933.75,6933.75,6971.05,6732.65,6791.75,225293788
2019-08-05,6844.6,6844.6,6900.85,6751.0,6859.85,100754900
2019-08-06,6942.45,6942.45,6956.5,6801.9,6802.05,94537331
2019-08-07,6792.6,6792.6,6964.15,6768.9,6951.15,93977926
2019-08-08,6998.45,6998.45,7019.25,6784.8,6792.4,101327372
2019-08-09,7137.4,7137.4,7175.1,7005.75,7032.65,138892086
2019-08-13,6855.75,6855.75,7137.25,6840.3,7137.25,99501359
2019-08-14,6919.05,6919.05,6985.85,6811.0,6876.95,90734066
2019-08-16,6998.45,6998.45,7013.75,6772.1,6883.7,87715179
2019-08-19,6959.15,6959.15,7042.95,6938.5,7019.15,64873190
2019-08-20,7040.5,7040.5,7067.85,6940.6,6979.4,71208803
2019-08-21,7001.85,7001.85,7094.25,6967.6,7053.05,129827659
2019-08-22,6882.1,6882.1,6991.55,6864.95,6990.05,120560834
2019-08-23,6988.35,6988.35,7003.8,6801.0,6864.0,104958890
2019-08-26,7022.75,7022.75,7202.7,6871.05,7202.7,158857486
2019-08-27,7152.95,7152.95,7185.0,7055.9,7069.7,162100149
2019-08-28,7018.55,7018.55,7186.1,6985.3,7148.2,127422968
2019-08-29,6970.15,6970.15,7043.9,6944.1,7000.6,86464330
2019-08-30,7009.3,7009.3,7029.15,6901.65,7004.5,83120519
2019-09-03,6897.75,6897.75,6962.75,6884.75,6921.75,103145073
2019-09-04,6782.05,6782.05,6932.65,6744.75,6902.95,143223717
2019-09-05,6921.75,6921.75,6935.0,6786.1,6788.4,126336613
2019-09-06,7102.45,7102.45,7119.15,6920.35,6947.95,123463539
2019-09-09,7165.35,7165.35,7178.6,6992.85,7023.9,102959477
2019-09-11,7423.6,7423.6,7443.9,7177.9,7193.15,193625715
2019-09-12,7284.0,7284.0,7459.15,7270.65,7420.55,127198971
2019-09-13,7360.6,7360.6,7372.75,7249.75,7307.75,139514421
2019-09-16,7300.65,7300.65,7384.65,7263.4,7286.75,80491033
2019-09-17,7020.75,7020.75,7324.7,7004.35,7308.65,110555921
2019-09-18,7012.1,7012.1,7111.55,6924.2,7068.15,120391847
2019-09-19,6920.6,6920.6,7051.75,6886.85,7033.7,92834925
2019-09-20,7605.85,7605.85,7778.15,6936.2,6955.55,276682874
2019-09-23,7802.65,7802.65,7939.25,7654.4,7714.0,195308260
2019-09-24,7773.25,7773.25,7921.4,7700.65,7854.1,139583803
2019-09-25,7470.45,7470.45,7747.7,7437.65,7747.7,133274744
2019-09-26,7659.75,7659.75,7680.1,7491.05,7501.45,121310120
2019-09-27,7554.25,7554.25,7648.85,7528.3,7628.55,92823672
2019-09-30,7493.15,7493.15,7572.1,7395.5,7568.25,97283068
2019-10-01,7464.1,7464.1,7593.7,7353.8,7513.05,106674267
2019-10-03,7493.75,7493.75,7521.95,7431.75,7458.4,122347551
2019-10-04,7404.9,7404.9,7578.6,7381.75,7530.75,110952225
2019-10-07,7355.45,7355.45,7397.0,7296.5,7385.85,86005241
2019-10-09,7460.75,7460.75,7473.3,7331.65,7363.9,115383248
2019-10-10,7359.65,7359.65,7445.8,7332.95,7440.8,90133067
2019-10-11,7397.05,7397.05,7457.85,7322.3,7386.65,86661942
2019-10-14,7520.35,7520.35,7559.6,7397.8,7401.5,115690568
2019-10-15,7688.25,7688.25,7701.95,7510.1,7522.0,111068086
2019-10-16,7673.8,7673.8,7720.4,7642.8,7709.8,89943065
2019-10-17,7914.0,7914.0,7954.2,7655.5,7676.55,151459726
2019-10-18,7964.75,7964.75,8007.15,7848.95,7900.15,148501636
2019-10-22,7936.65,7936.65,8027.8,7920.0,7961.15,106951075
2019-10-23,8036.6,8036.6,8071.15,7879.4,7915.6,99136842
2019-10-24,8012.4,8012.4,8103.1,7965.55,8060.35,92130602
2019-10-25,7986.35,7986.35,8034.35,7927.75,8032.45,84276526
2019-10-29,8449.75,8449.75,8479.05,8128.5,8133.25,278954755
2019-10-30,8428.9,8428.9,8501.15,8360.75,8501.15,143314181
2019-10-31,8449.5,8449.5,8499.7,8427.75,8457.45,144960319
2019-11-01,8392.9,8392.9,8499.1,8367.3,8461.65,95690034
2019-11-04,8280.35,8280.35,8417.8,8266.65,8377.1,83073032
2019-11-05,8256.15,8256.15,8381.2,8227.85,8288.75,88141197
2019-11-06,8258.85,8258.85,8304.1,8195.6,8273.3,91021450
2019-11-07,8239.9,8239.9,8276.25,8164.9,8273.75,81620633
2019-11-08,8169.65,8169.65,8337.3,8157.4,8220.2,103327789
2019-11-11,8159.0,8159.0,8209.3,8115.95,8134.1,140881874
2019-11-13,8150.2,8150.2,8211.65,8135.1,8146.55,116472134
2019-11-14,8190.9,8190.9,8205.05,8125.0,8155.95,73741948
2019-11-15,8153.9,8153.9,8297.15,8130.2,8259.75,100560371
2019-11-18,8119.0,8119.0,8188.85,8105.75,8179.15,67604361
2019-11-19,8063.95,8063.95,8152.8,8052.05,8150.9,61454502
2019-11-20,8083.8,8083.8,8132.6,8039.8,8088.05,69518222
2019-11-21,8004.65,8004.65,8121.05,7998.75,8082.4,69276971
2019-11-22,8034.95,8034.95,8047.15,7973.35,8015.5,65947144
2019-11-25,8174.75,8174.75,8189.6,8024.1,8045.0,62921287
2019-11-26,8099.9,8099.9,8227.0,8085.5,8197.35,86312819
2019-11-27,8202.85,8202.85,8247.65,8157.1,8160.6,96231580
2019-11-28,8179.75,8179.75,8223.15,8150.2,8213.95,49899239
2019-11-29,8086.0,8086.0,8182.45,8066.95,8172.8,71783316
2019-12-02,8012.75,8012.75,8087.35,7995.15,8070.7,66566458
2019-12-03,7964.25,7964.25,8055.25,7931.75,8021.65,51977605
2019-12-04,7996.55,7996.55,8043.9,7916.95,7946.65,107569542
2019-12-05,7941.8,7941.8,8045.5,7928.15,8015.3,58799891
2019-12-06,7806.6,7806.6,7971.8,7781.05,7964.2,67759510
2019-12-09,7863.3,7863.3,7950.55,7826.3,7853.75,67176008
2019-12-10,7801.35,7801.35,7902.8,7778.5,7888.7,52183026
2019-12-11,7838.4,7838.4,7846.65,7773.6,7823.3,49071137
2019-12-12,7941.7,7941.7,7967.25,7866.05,7878.4,97282299
2019-12-13,8069.7,8069.7,8090.75,7986.65,7989.55,154790506
2019-12-16,7990.8,7990.8,8109.05,7981.95,8087.75,57313544
2019-12-17,8039.9,8039.9,8068.1,8013.85,8028.1,68358483
2019-12-18,8082.35,8082.35,8111.95,8039.25,8061.0,109141213
2019-12-19,8165.5,8165.5,8183.55,8058.4,8082.2,104431725
2019-12-20,8133.55,8133.55,8219.6,8121.2,8169.9,90494617
2019-12-23,8180.5,8180.5,8212.45,8120.75,8137.85,60822725
2019-12-24,8152.6,8152.6,8228.45,8142.6,8206.1,45268784
2019-12-26,8129.65,8129.65,8176.3,8120.45,8166.35,46004970
2019-12-27,8205.9,8205.9,8226.25,8145.4,8155.4,42217109
2019-12-30,8325.4,8325.4,8337.9,8218.8,8232.05,76938201
2019-12-31,8248.3,8248.3,8327.6,8236.85,8326.45,82304377
2020-01-02,8267.45,8267.45,8275.05,8206.85,8226.6,95024515
2020-01-03,8168.15,8168.15,8261.65,8136.8,8261.5,76927732
2020-01-06,7978.75,7978.75,8134.5,7967.2,8132.65,62846094
2020-01-07,8002.5,8002.5,8097.7,7961.2,8029.9,69137157
2020-01-08,7942.75,7942.75,8002.9,7900.8,7921.65,48307772
2020-01-09,8155.25,8155.25,8165.9,8022.35,8035.45,83425221
2020-01-10,8225.5,8225.5,8246.7,8147.65,8177.55,97824275
2020-01-13,8235.85,8235.85,8262.3,8192.05,8244.25,66635460
2020-01-14,8289.3,8289.3,8297.7,8216.55,8234.2,67598217
2020-01-15,8385.35,8385.35,8395.7,8246.4,8287.6,80644300
2020-01-16,8395.9,8395.9,8414.35,8373.65,8385.3,67729374
2020-01-17,8427.6,8427.6,8463.25,8369.7,8401.95,50146035
2020-01-20,8352.7,8352.7,8459.45,8343.4,8436.9,65281378
2020-01-21,8245.9,8245.9,8325.8,8229.3,8321.25,61056949
2020-01-22,8169.15,8169.15,8294.05,8147.15,8278.55,64701562
2020-01-23,8241.75,8241.75,8251.85,8145.8,8176.75,60518993
2020-01-24,8274.85,8274.85,8324.4,8234.95,8246.45,54172677
2020-01-27,8258.15,8258.15,8347.9,8189.0,8243.35,57326339
2020-01-28,8156.05,8156.05,8340.45,8125.9,8290.1,75179867
2020-01-29,8220.4,8220.4,8264.6,8179.25,8200.7,81946729
2020-01-30,8181.45,8181.45,8267.55,8148.2,8239.65,103601158
2020-01-31,8086.55,8086.55,8238.75,8072.95,8211.6,125866539
2020-02-03,7988.35,7988.35,8016.8,7816.35,7826.0,124213082
2020-02-04,8100.8,8100.8,8142.1,7997.85,8026.6,101430536
2020-02-05,8131.7,8131.7,8212.2,8064.7,8138.3,165901552
2020-02-06,8142.15,8142.15,8189.2,8092.55,8158.8,113488793
2020-02-07,8064.6,8064.6,8173.6,8042.2,8172.35,96990047
2020-02-10,7860.55,7860.55,8067.35,7820.3,8065.4,120638033
2020-02-11,7892.4,7892.4,7969.3,7881.35,7923.0,84781272
2020-02-12,7933.8,7933.8,7961.1,7905.75,7932.3,71096518
2020-02-13,7914.9,7914.9,7933.4,7873.75,7930.25,87754381
2020-02-14,7822.2,7822.2,7977.15,7807.3,7933.6,95722834
2020-02-17,7770.5,7770.5,7833.6,7742.45,7833.15,67993839
2020-02-18,7692.3,7692.3,7758.0,7620.5,7758.0,94588508
2020-02-19,7687.35,7687.35,7769.4,7606.25,7754.35,115975048
2020-02-20,7697.9,7697.9,7756.35,7667.85,7687.5,104257555
2020-02-24,7429.1,7429.1,7644.05,7414.0,7644.05,89107742
2020-02-25,7366.0,7366.0,7485.15,7339.9,7452.75,128000336
2020-02-26,7207.95,7207.95,7328.2,7178.5,7306.3,116463070
2020-02-27,7178.85,7178.85,7202.05,7090.45,7200.15,120786335
2020-02-28,6903.95,6903.95,7017.6,6883.35,7008.1,185874149
2020-03-02,6856.9,6856.9,7047.6,6813.2,6993.2,205715986
2020-03-03,6986.65,6986.65,7022.25,6846.7,6889.45,144602750
2020-03-04,6938.85,6938.85,7019.55,6775.8,6990.85,174403462
2020-03-05,6953.75,6953.75,7013.65,6892.75,6966.3,163392161
2020-03-06,6895.0,6895.0,6918.85,6661.95,6712.2,130898149
2020-03-09,6632.15,6632.15,6758.7,6498.8,6703.45,133699193
2020-03-11,6568.45,6568.45,6714.75,6539.75,6614.15,172323537
2020-03-12,6033.4,6033.4,6299.9,5953.2,6299.9,282205921
2020-03-13,6182.0,6182.0,6292.85,5265.8,5641.55,203336978
2020-03-16,5843.7,5843.7,6041.35,5826.1,5970.15,140253925
2020-03-17,5803.85,5803.85,6020.7,5767.5,5858.3,126029595
2020-03-18,5516.5,5516.5,5896.85,5491.0,5873.1,125615136
2020-03-19,5180.5,5180.5,5429.5,5042.9,5217.95,202740130
2020-03-20,5370.15,5370.15,5423.2,5154.1,5230.2,229830607
2020-03-23,4626.5,4626.5,5013.85,4593.05,4908.15,120637088
2020-03-24,4693.35,4693.35,4850.85,4452.2,4726.4,146706064
2020-03-25,4936.15,4936.15,5001.9,4577.15,4600.05,147442630
2020-03-26,5061.3,5061.3,5163.7,4847.15,4981.9,208806955
2020-03-27,4938.7,4938.7,5284.75,4866.05,5245.6,175519110
2020-03-30,4669.15,4669.15,4848.0,4625.5,4834.15,95603443
2020-03-31,4731.3,4731.3,4794.3,4630.2,4787.8,111576333
2020-04-01,4657.55,4657.55,4803.55,4612.7,4708.95,108107529
2020-04-03,4517.75,4517.75,4659.8,4511.1,4652.75,104162675
2020-04-07,4951.55,4951.55,4970.85,4656.5,4665.1,140084138
2020-04-08,5043.6,5043.6,5257.0,4830.4,4833.0,219644053
2020-04-09,5568.45,5568.45,5607.35,5146.4,5160.85,226178245
2020-04-13,5432.1,5432.1,5554.4,5308.85,5554.4,153555220
2020-04-15,5333.0,5333.0,5592.8,5314.25,5495.55,221470743
2020-04-16,5394.15,5394.15,5420.4,5235.65,5271.25,168466689
2020-04-17,5668.9,5668.9,5702.65,5507.75,5586.4,196606439
2020-04-20,5591.0,5591.0,5728.45,5565.95,5724.9,228792177
2020-04-21,5294.05,5294.05,5447.9,5268.15,5447.9,146929307
2020-04-22,5426.85,5426.85,5468.25,5243.6,5267.8,144746153
2020-04-23,5464.75,5464.75,5518.7,5390.95,5439.1,109244052
2020-04-24,5377.25,5377.25,5462.5,5362.85,5405.9,88175839
2020-04-27,5433.2,5433.2,5528.8,5405.7,5458.65,106148950
2020-04-28,5447.1,5447.1,5524.05,5399.3,5476.85,99044323
2020-04-29,5543.75,5543.75,5568.0,5461.05,5492.0,200005473
2020-04-30,5901.4,5901.4,5926.5,5660.55,5667.35,337079062
2020-05-04,5476.2,5476.2,5652.8,5436.05,5647.85,177071898
2020-05-05,5451.9,5451.9,5602.1,5442.75,5582.15,161356727
2020-05-06,5552.4,5552.4,5593.3,5351.2,5471.6,142224254
2020-05-07,5519.0,5519.0,5616.4,5505.45,5549.95,101010878
2020-05-08,5447.75,5447.75,5623.75,5424.8,5622.7,120922862
2020-05-11,5679.7,5679.7,5789.7,5514.4,5517.6,301862752
2020-05-12,5708.95,5708.95,5735.65,5502.8,5653.6,164451576
2020-05-13,5844.6,5844.6,6033.95,5815.5,6014.2,179261745
2020-05-14,5804.05,5804.05,5865.95,5668.4,5698.55,109783296
2020-05-15,5745.7,5745.7,5827.15,5680.25,5823.3,124232994
2020-05-18,5430.05,5430.05,5752.15,5411.95,5747.5,142416404
2020-05-19,5486.15,5486.15,5575.6,5456.1,5538.65,142201440
2020-05-20,5603.8,5603.8,5632.45,5436.35,5464.85,116215577
2020-05-21,5749.9,5749.9,5784.3,5588.35,5616.95,130058200
2020-05-22,5767.0,5767.0,5789.25,5639.65,5707.25,101208059
2020-05-26,5854.3,5854.3,5872.75,5775.4,5817.2,112408957
2020-05-27,5896.95,5896.95,5910.75,5791.25,5872.45,139933641
2020-05-28,6112.3,6112.3,6131.35,5876.4,5922.15,249406477
2020-05-29,6218.8,6218.8,6246.95,6016.0,6036.45,330410493
2020-06-01,6419.5,6419.5,6485.85,6294.05,6299.05,227171489
2020-06-02,6471.3,6471.3,6542.65,6395.5,6455.8,313034327
2020-06-03,6498.65,6498.65,6622.1,6475.3,6567.95,203249224
2020-06-04,6511.35,6511.35,6564.95,6411.25,6501.65,174970009
2020-06-05,6628.75,6628.75,6645.15,6527.0,6563.8,318957389
2020-06-08,6610.55,6610.55,6743.15,6588.5,6707.95,348484881
2020-06-09,6577.7,6577.7,6665.75,6525.25,6648.95,215281290
2020-06-10,6502.65,6502.65,6598.5,6470.5,6568.8,187890552
2020-06-11,6373.6,6373.6,6549.9,6345.8,6491.95,138121727
2020-06-12,6559.4,6559.4,6578.4,6074.15,6075.3,207413808
2020-06-15,6443.0,6443.0,6573.2,6417.75,6530.75,168470548
2020-06-16,6451.05,6451.05,6582.65,6355.75,6561.2,297809010
2020-06-17,6503.5,6503.5,6545.5,6394.45,6418.85,210942041
2020-06-18,6535.9,6535.9,6557.05,6454.65,6487.1,112922082
2020-06-19,6634.5,6634.5,6664.75,6500.15,6567.8,257357229
2020-06-22,6729.1,6729.1,6753.05,6636.5,6656.3,154410001
2020-06-23,6789.2,6789.2,6817.65,6744.1,6763.05,163118967
2020-06-24,6742.8,6742.8,6935.75,6727.4,6854.25,237402396
2020-06-25,6737.85,6737.85,6791.75,6645.15,6681.75,155954852
2020-06-26,6731.45,6731.45,6808.8,6705.0,6807.4,156655986
2020-06-29,6645.85,6645.85,6728.65,6605.5,6685.85,152013775
2020-06-30,6719.15,6719.15,6753.5,6670.9,6718.4,152206043
2020-07-01,6718.6,6718.6,6785.3,6702.5,6743.35,140092976
2020-07-02,6907.1,6907.1,6923.9,6751.95,6761.0,168680796
2020-07-03,6971.05,6971.05,6992.3,6903.1,6921.7,237050016
2020-07-06,7171.75,7171.75,7193.55,6993.8,7029.5,210529384
2020-07-07,7199.55,7199.55,7217.7,7099.5,7172.35,172502817
2020-07-08,7059.35,7059.35,7252.1,7037.9,7225.15,138439255
2020-07-09,7085.6,7085.6,7112.05,7022.2,7101.9,102206411
2020-07-10,7041.1,7041.1,7158.2,7020.3,7066.0,123653320
2020-07-13,7084.45,7084.45,7139.85,7035.9,7094.15,134063369
2020-07-14,6916.0,6916.0,7050.1,6883.7,7047.65,104104014
2020-07-15,6931.05,6931.05,7003.55,6910.2,6960.4,105623424
2020-07-16,7015.9,7015.9,7027.25,6853.75,6940.75,102697719
2020-07-17,7137.3,7137.3,7154.75,7016.85,7039.55,112281160
2020-07-20,7175.85,7175.85,7183.2,7105.55,7161.7,97655565
2020-07-21,7295.75,7295.75,7317.55,7198.25,7209.0,139658577
2020-07-22,7203.95,7203.95,7306.75,7154.15,7301.0,113375779
2020-07-23,7301.05,7301.05,7313.0,7172.4,7205.8,74120597
2020-07-24,7218.65,7218.65,7271.0,7178.85,7228.4,102088182
2020-07-27,7186.45,7186.45,7238.6,7121.95,7233.9,74203200
2020-07-28,7416.9,7416.9,7438.05,7185.25,7193.15,134266723
2020-07-29,7330.25,7330.25,7464.15,7299.7,7425.75,98494781
2020-07-30,7287.85,7287.85,7398.9,7270.55,7340.8,98987863
2020-07-31,7279.75,7279.75,7328.5,7225.75,7311.45,83824283
2020-08-03,7240.25,7240.25,7469.1,7224.8,7323.65,275246833
2020-08-04,7353.95,7353.95,7381.65,7273.2,7282.45,166384263
2020-08-05,7489.1,7489.1,7511.8,7392.2,7397.0,168322483
2020-08-06,7498.25,7498.25,7532.4,7433.1,7521.95,106790496
2020-08-07,7554.45,7554.45,7598.3,7468.2,7484.95,123891668
2020-08-10,7621.3,7621.3,7688.7,7577.5,7593.7,173609058
2020-08-11,7630.35,7630.35,7699.05,7618.3,7675.4,154231463
2020-08-12,7785.05,7785.05,7808.1,7586.75,7613.75,202279569
2020-08-13,7879.75,7879.75,7896.1,7757.05,7801.1,422670303
2020-08-14,7677.65,7677.65,7898.9,7657.95,7888.65,285591830
2020-08-17,7865.55,7865.55,7879.55,7667.75,7757.6,189533250
2020-08-18,7941.85,7941.85,7979.3,7878.3,7879.5,199524024
2020-08-19,7941.35,7941.35,8029.75,7927.6,7987.15,220157666
2020-08-20,7911.6,7911.6,7948.5,7844.65,7878.7,175590581
2020-08-21,7934.7,7934.7,7995.35,7910.55,7994.9,136558848
2020-08-24,7948.4,7948.4,8062.95,7932.5,7972.7,115417975
2020-08-25,7983.6,7983.6,8034.4,7933.2,7997.0,163974737
2020-08-26,8100.5,8100.5,8143.25,8074.25,8096.6,275769356
2020-08-27,8183.0,8183.0,8198.5,8080.7,8141.05,260300137
2020-08-28,8111.85,8111.85,8223.6,8101.05,8209.1,171811251
2020-08-31,7840.35,7840.35,8177.0,7814.0,8161.75,250905252
2020-09-01,7885.95,7885.95,7972.55,7824.15,7872.2,130818030
2020-09-02,7976.95,7976.95,8004.25,7799.45,7895.15,140694647
2020-09-03,8049.55,8049.55,8097.9,8008.0,8012.75,175362482
2020-09-04,7996.55,7996.55,8128.45,7890.45,7916.8,196296692
2020-09-07,7957.85,7957.85,8062.35,7906.65,8039.3,150984310
2020-09-08,7888.0,7888.0,7995.65,7867.85,7975.2,124577594
2020-09-09,7903.1,7903.1,7926.8,7780.3,7836.8,174446800
2020-09-10,7945.0,7945.0,7980.1,7873.0,7962.55,133408261
2020-09-11,7956.8,7956.8,7995.25,7930.8,7953.25,114792521
2020-09-14,8035.35,8035.35,8094.4,7955.1,7998.45,222420676
2020-09-15,8033.5,8033.5,8074.1,7997.8,8067.8,157619100
2020-09-16,8156.2,8156.2,8220.4,8041.0,8055.0,210284590
2020-09-17,8128.65,8128.65,8145.6,8041.85,8106.1,112245488
2020-09-18,8161.7,8161.7,8221.3,8125.45,8180.25,170659836
2020-09-21,7832.2,7832.2,8176.3,7791.65,8170.1,160775185
2020-09-22,7695.25,7695.25,7846.2,7600.3,7837.9,213890672
2020-09-23,7690.9,7690.9,7793.0,7609.55,7748.25,158855206
2020-09-24,7418.85,7418.85,7614.05,7398.35,7598.1,161032056
2020-09-25,7669.5,7669.5,7686.4,7477.5,7505.5,205105797
2020-09-28,7902.55,7902.55,7918.2,7734.15,7750.3,172017743
2020-09-29,7925.2,7925.2,8024.0,7861.1,7950.9,157969286
2020-09-30,7908.1,7908.1,7974.9,7887.85,7935.1,106578881
2020-10-01,7966.1,7966.1,8089.05,7953.9,7985.35,108761354
2020-10-05,7957.95,7957.95,8061.65,7878.3,8055.75,121082509
2020-10-06,8058.1,8058.1,8098.55,7991.35,8026.1,237907290
2020-10-07,8170.05,8170.05,8184.15,8039.9,8076.85,130842857
2020-10-08,8183.7,8183.7,8236.55,8125.65,8209.8,109622745
2020-10-09,8163.5,8163.5,8260.4,8132.1,8191.5,91734026
2020-10-12,8102.5,8102.5,8211.85,8068.25,8208.9,104348849
2020-10-13,8052.85,8052.85,8135.2,8038.25,8099.3,93035026
2020-10-14,8031.05,8031.05,8065.9,7968.4,8043.35,103435924
2020-10-15,7935.35,7935.35,8120.25,7909.0,8043.05,162399753
2020-10-16,7959.45,7959.45,8036.5,7932.55,7955.65,136089276
2020-10-19,7870.35,7870.35,8027.0,7844.6,8025.25,83585303
2020-10-20,7896.7,7896.7,7946.5,7824.75,7858.3,73102849
2020-10-21,7878.05,7878.05,7991.95,7784.35,7955.25,97163861
2020-10-22,7864.15,7864.15,7888.6,7810.9,7857.0,137000453
2020-10-23,8094.6,8094.6,8119.1,7883.75,7917.45,201669094
2020-10-26,7833.65,7833.65,8135.35,7801.3,8111.9,170101769
2020-10-27,7930.65,7930.65,7963.85,7765.75,7868.1,153621529
2020-10-28,7922.75,7922.75,8069.25,7884.4,7979.15,249357976
2020-10-29,7846.75,7846.75,7894.75,7790.85,7843.75,126295560
2020-10-30,7758.4,7758.4,7895.45,7707.9,7848.75,132528450
2020-11-02,7732.25,7732.25,7840.1,7686.85,7821.8,98752564
2020-11-03,7848.85,7848.85,7885.85,7756.15,7789.55,129624966
2020-11-04,7901.75,7901.75,7946.45,7827.25,7852.45,103926487
2020-11-05,7995.5,7995.5,8005.9,7918.6,7974.4,91397079
2020-11-06,8006.1,8006.1,8096.7,7973.6,8009.5,137171239
2020-11-09,8067.65,8067.65,8085.75,7992.05,8075.2,117118089
2020-11-10,8127.25,8127.25,8153.95,8045.9,8153.6,236638755
2020-11-11,8255.2,8255.2,8300.65,8143.0,8171.95,182808325
2020-11-12,8284.05,8284.05,8352.1,8234.75,8256.35,129703672
2020-11-13,8308.9,8308.9,8347.6,8251.8,8282.75,103615986
2020-11-17,8425.55,8425.55,8437.45,8339.35,8389.3,147523065
2020-11-18,8686.6,8686.6,8716.25,8421.3,8426.6,302732050
2020-11-19,8628.3,8628.3,8807.6,8594.75,8646.85,208985626
2020-11-20,8684.75,8684.75,8712.15,8572.1,8661.8,159411912
2020-11-23,8738.6,8738.6,8767.8,8651.1,8744.35,141074568
2020-11-24,8887.95,8887.95,8942.15,8767.65,8776.65,119111245
2020-11-25,8738.45,8738.45,8961.1,8708.75,8951.55,121509212
2020-11-26,8767.75,8767.75,8823.7,8682.0,8757.6,107476787
2020-11-27,8891.6,8891.6,8972.55,8808.35,8829.05,264064140
2020-12-01,8987.15,8987.15,8999.75,8855.05,8999.75,127557226
2020-12-02,9093.7,9093.7,9103.9,8985.95,9010.5,151147496
2020-12-03,9245.3,9245.3,9256.9,9123.25,9150.7,104962182
2020-12-04,9302.2,9302.2,9408.75,9207.5,9290.65,118642374
2020-12-07,9311.1,9311.1,9339.9,9260.6,9313.05,74655883
2020-12-08,9297.85,9297.85,9456.65,9235.75,9330.45,95394319
2020-12-09,9293.3,9293.3,9345.05,9283.15,9331.7,88643263
2020-12-10,9200.85,9200.85,9332.7,9173.25,9286.55,80728452
2020-12-11,9188.95,9188.95,9274.55,9133.65,9234.85,92635442
2020-12-14,9093.1,9093.1,9251.3,9074.9,9248.65,77680765
2020-12-15,9149.75,9149.75,9168.7,9052.05,9078.25,88257986
2020-12-16,9239.1,9239.1,9290.95,9207.4,9239.45,158009078
2020-12-17,9185.2,9185.2,9288.0,9146.4,9265.7,105375277
2020-12-18,9168.65,9168.65,9200.85,9091.8,9180.25,102380602
2020-12-21,8745.0,8745.0,9132.65,8560.2,9128.35,153717475
2020-12-22,8818.6,8818.6,8854.4,8540.95,8754.4,201102638
2020-12-23,8935.95,8935.95,8955.75,8786.45,8825.7,110982046
2020-12-24,8978.05,8978.05,9052.7,8937.45,8966.45,118029028
2020-12-28,9066.85,9066.85,9102.7,9029.35,9035.85,135299864
2020-12-29,9043.9,9043.9,9128.85,8997.3,9109.95,113534750
2020-12-30,9164.8,9164.8,9189.95,9001.4,9077.15,79890831
2020-12-31,9193.5,9193.5,9216.65,9155.6,9174.45,100830356
2021-01-04,9417.95,9417.95,9434.35,9267.5,9346.15,164133309
2021-01-05,9416.05,9416.05,9431.0,9293.45,9356.9,136135156
2021-01-06,9379.55,9379.55,9484.05,9279.05,9424.5,130185749
2021-01-07,9429.65,9429.65,9530.6,9406.05,9453.65,162002782
2021-01-08,9741.25,9741.25,9767.1,9478.3,9491.45,130177465
2021-01-11,9995.6,9995.6,10028.75,9693.7,9789.8,266777952
2021-01-12,10119.85,10119.85,10259.1,9975.05,9991.45,524426855
2021-01-13,10208.55,10208.55,10269.9,10120.25,10166.15,278435840
2021-01-14,10238.3,10238.3,10285.25,10148.95,10237.3,143816688
2021-01-15,10178.3,10178.3,10287.45,10092.05,10241.7,319178708
2021-01-18,9961.1,9961.1,10173.8,9863.9,10162.9,243272354
2021-01-19,10136.8,10136.8,10166.2,10008.75,10033.35,189171600
2021-01-20,10369.25,10369.25,10387.8,10118.45,10140.8,266689837
2021-01-21,10367.75,10367.75,10596.9,10282.25,10432.55,348416240
2021-01-25,10433.5,10433.5,10692.15,10337.4,10649.8,229287932
2021-01-27,10210.25,10210.25,10457.9,10161.3,10410.25,212260149
2021-01-28,10105.6,10105.6,10312.15,10056.95,10065.95,186624252
2021-01-29,9813.15,9813.15,10308.9,9776.9,10221.85,242836391
2021-02-01,10227.95,10227.95,10262.1,9726.55,9919.1,264249513
2021-02-02,10638.6,10638.6,10689.95,10383.55,10427.05,378775000
2021-02-03,10749.15,10749.15,10860.05,10626.45,10754.0,326033358
2021-02-04,10867.1,10867.1,10988.35,10732.2,10763.6,212135538
2021-02-05,10723.95,10723.95,10987.05,10649.0,10958.9,174318543
2021-02-08,11061.15,11061.15,11077.85,10818.4,10830.1,205152241
2021-02-09,10907.6,10907.6,11093.15,10855.25,11087.4,176334521
2021-02-10,11010.85,11010.85,11049.7,10822.5,10922.9,203307670
2021-02-11,10965.25,10965.25,11057.1,10878.35,10947.5,137197474
2021-02-12,10912.25,10912.25,10989.95,10835.55,10951.6,292431448
2021-02-16,10944.9,10944.9,11034.05,10881.4,11005.5,145881829
2021-02-18,10827.0,10827.0,11027.8,10787.7,11027.8,120037695
2021-02-19,10540.35,10540.35,10786.45,10450.55,10785.05,160188914
2021-02-22,10300.0,10300.0,10559.95,10241.25,10559.8,137874947
2021-02-23,10379.55,10379.55,10423.25,10205.85,10343.55,212136303
2021-02-24,10405.5,10405.5,10513.35,10325.55,10410.2,85437145
2021-02-25,10497.95,10497.95,10537.55,10411.15,10488.6,125526453
2021-02-26,10169.9,10169.9,10450.95,10110.5,10368.75,171209501
2021-03-01,10411.8,10411.8,10472.7,10292.75,10304.25,161742834
2021-03-02,10744.05,10744.05,10766.7,10419.75,10491.8,203848525
2021-03-03,10673.1,10673.1,10820.4,10640.15,10819.05,145083220
2021-03-04,10625.75,10625.75,10710.1,10514.3,10559.4,110349226
2021-03-05,10524.4,10524.4,10663.75,10488.85,10558.15,143548748
2021-03-08,10507.35,10507.35,10632.1,10488.4,10597.8,129958354
2021-03-09,10464.25,10464.25,10621.45,10381.6,10572.65,128775369
2021-03-10,10559.3,10559.3,10613.6,10511.15,10525.75,105320840
2021-03-12,10383.9,10383.9,10624.35,10313.35,10603.15,93164846
2021-03-15,10335.1,10335.1,10450.2,10178.25,10446.75,92986219
2021-03-16,10350.8,10350.8,10401.25,10301.7,10378.3,76199688
2021-03-17,10159.1,10159.1,10378.8,10133.9,10369.75,101835105
2021-03-18,10143.95,10143.95,10345.2,10039.55,10251.95,149400391
2021-03-19,10186.5,10186.5,10207.15,9841.65,10067.15,193169078
2021-03-22,10140.45,10140.45,10226.8,10069.45,10176.3,97762665
2021-03-23,10187.65,10187.65,10265.0,10167.2,10183.65,104759808
2021-03-24,9925.25,9925.25,10164.35,9897.85,10116.7,109638896
2021-03-25,9651.35,9651.35,9924.35,9605.05,9916.6,167022338
2021-03-26,9771.5,9771.5,9853.85,9749.4,9766.4,132881924
2021-03-30,9865.0,9865.0,9885.95,9749.35,9835.85,94636811
2021-03-31,9862.45,9862.45,9946.95,9812.25,9866.0,98695893
2021-04-01,10022.6,10022.6,10044.6,9889.7,9967.85,93981628
2021-04-05,9768.05,9768.05,9991.3,9688.4,9988.1,115412838
2021-04-06,9781.35,9781.35,9881.2,9755.1,9836.85,98275351
2021-04-07,9937.0,9937.0,9950.55,9761.15,9790.0,83645837
2021-04-08,9959.35,9959.35,10083.3,9933.1,9992.3,143994891
2021-04-09,9922.95,9922.95,10032.85,9885.6,9961.55,124222936
2021-04-12,9415.65,9415.65,9738.35,9345.2,9738.35,171306475
2021-04-13,9818.3,9818.3,9845.5,9406.4,9438.2,182406912
2021-04-15,9691.45,9691.45,9817.0,9558.7,9787.85,124802146
2021-04-16,9808.95,9808.95,9926.45,9679.5,9691.3,123527904
2021-04-19,9532.15,9532.15,9562.95,9395.25,9476.65,127131479
2021-04-20,9630.7,9630.7,9738.1,9539.7,9683.95,115384411
2021-04-22,9644.55,9644.55,9665.95,9503.8,9529.3,117258633
2021-04-23,9596.95,9596.95,9695.9,9534.9,9569.25,117321310
2021-04-26,9641.45,9641.45,9713.1,9612.7,9630.2,69631610
2021-04-27,9708.2,9708.2,9733.8,9653.9,9662.3,79787691
2021-04-28,9871.5,9871.5,9968.4,9758.15,9781.5,144645600
2021-04-29,9773.7,9773.7,9985.0,9754.0,9959.2,95398354
2021-04-30,9640.85,9640.85,9780.35,9619.0,9701.3,87886826
2021-05-03,9662.95,9662.95,9715.9,9485.5,9539.55,84173401
2021-05-04,9577.7,9577.7,9758.7,9541.2,9728.45,84571093
2021-05-06,9815.1,9815.1,9826.55,9664.3,9669.2,96767762
2021-05-07,9819.45,9819.45,9907.45,9767.0,9858.35,80119487
2021-05-10,9973.05,9973.05,9984.8,9834.5,9856.65,98657080
2021-05-12,10013.65,10013.65,10066.8,9913.5,9992.0,159794759
2021-05-14,9810.45,9810.45,10061.5,9777.5,10059.2,122799066
2021-05-17,10001.7,10001.7,10037.8,9785.9,9844.15,111287569
2021-05-18,10324.0,10324.0,10344.5,10070.25,10102.4,178051932
2021-05-19,10249.1,10249.1,10303.0,10179.45,10231.85,183713092
2021-05-21,10312.4,10312.4,10332.0,10215.1,10276.1,84958643
2021-05-24,10315.75,10315.75,10390.3,10299.25,10347.95,76938445
2021-05-26,10437.8,10437.8,10473.45,10399.1,10423.45,76408438
2021-05-27,10486.0,10486.0,10561.3,10441.35,10467.25,108963327
2021-05-28,10510.25,10510.25,10573.95,10429.4,10537.6,76036986
2021-06-01,10457.85,10457.85,10619.0,10443.75,10507.3,73116782
2021-06-02,10647.75,10647.75,10671.6,10413.3,10431.55,150866245
2021-06-03,10647.65,10647.65,10690.45,10600.65,10683.25,126681590
2021-06-04,10735.75,10735.75,10749.15,10634.9,10672.85,125333298
2021-06-07,10806.55,10806.55,10888.25,10791.2,10814.25,123931567
2021-06-08,10873.9,10873.9,10889.65,10762.15,10836.05,80305137
2021-06-09,10734.4,10734.4,10913.95,10670.55,10889.15,99849601
2021-06-10,10722.7,10722.7,10781.5,10681.9,10773.85,57285263
2021-06-11,10765.5,10765.5,10807.15,10717.25,10772.35,94215096
2021-06-14,10753.1,10753.1,10767.8,10570.85,10755.35,73534986
2021-06-15,10754.4,10754.4,10803.25,10739.4,10768.2,59696269
2021-06-16,10669.45,10669.45,10772.25,10644.55,10742.5,73105347
2021-06-17,10523.0,10523.0,10664.95,10484.95,10618.7,76483039
2021-06-18,10443.75,10443.75,10552.05,10229.1,10540.75,122053732
2021-06-21,10401.15,10401.15,10420.65,10276.1,10319.1,63646621
2021-06-22,10540.45,10540.45,10614.3,10451.5,10456.0,67491862
2021-06-23,10588.5,10588.5,10684.95,10551.15,10599.5,61047544
2021-06-24,10618.45,10618.45,10638.25,10550.85,10604.55,47164355
2021-06-25,10706.8,10706.8,10754.9,10643.9,10644.65,141317283
2021-06-28,10709.9,10709.9,10746.1,10676.9,10746.1,51507645
2021-06-29,10612.25,10612.25,10754.95,10588.25,10712.15,77044012
2021-06-30,10600.35,10600.35,10699.5,10583.0,10637.75,42102528
2021-07-01,10687.7,10687.7,10744.1,10619.55,10620.15,64393655
2021-07-02,10685.5,10685.5,10743.8,10646.2,10741.45,36439982
2021-07-06,10559.7,10559.7,10816.85,10527.5,10755.15,197418178
2021-07-07,10552.5,10552.5,10598.0,10493.65,10565.3,136207039
2021-07-08,10456.0,10456.0,10558.25,10425.95,10510.35,113210917
2021-07-09,10420.3,10420.3,10456.05,10386.05,10444.0,79563937
2021-07-12,10438.2,10438.2,10523.0,10422.75,10496.5,51084582
2021-07-13,10497.8,10497.8,10531.25,10463.6,10505.7,48580500
2021-07-14,10467.9,10467.9,10510.65,10455.75,10503.75,45852017
2021-07-15,10426.0,10426.0,10488.25,10404.25,10480.95,42593448
2021-07-16,10428.45,10428.45,10459.6,10400.35,10458.95,39758674
2021-07-19,10310.9,10310.9,10379.7,10268.4,10372.3,42881793
2021-07-20,10222.2,10222.2,10341.3,10175.6,10318.4,45481712
2021-07-22,10235.8,10235.8,10303.25,10189.15,10296.4,40391500
2021-07-23,10201.35,10201.35,10297.6,10190.8,10249.3,49425509
2021-07-26,10137.95,10137.95,10212.65,10127.15,10204.65,41198611
2021-07-27,10094.35,10094.35,10217.1,10047.65,10153.15,75265962
2021-07-28,10000.4,10000.4,10122.55,9947.95,10119.1,52737251
2021-07-29,9956.65,9956.65,10027.95,9945.8,10021.0,79991836
2021-07-30,10048.5,10048.5,10179.6,9976.9,9990.7,136246175
2021-08-02,10183.45,10183.45,10190.3,10114.1,10162.75,50520670
2021-08-03,10342.6,10342.6,10355.65,10206.45,10220.1,90315727
2021-08-04,10246.8,10246.8,10408.0,10203.2,10378.9,66434257
2021-08-05,10224.9,10224.9,10240.0,10157.7,10237.65,52662448
2021-08-06,10249.5,10249.5,10316.4,10235.55,10263.3,42987000
2021-08-09,10239.0,10239.0,10348.8,10200.45,10274.75,49578057
2021-08-10,10158.75,10158.75,10271.8,10095.1,10247.1,40571232
2021-08-11,10140.4,10140.4,10225.35,10000.95,10173.8,49694892
2021-08-12,10180.55,10180.55,10223.75,10137.1,10177.35,73337284
2021-08-13,10178.3,10178.3,10240.85,10151.6,10218.65,92851893
2021-08-16,10088.8,10088.8,10209.2,10071.1,10182.3,46695548
2021-08-17,10088.3,10088.3,10100.45,9963.25,10073.4,64204619
2021-08-18,10067.95,10067.95,10134.15,10045.6,10123.75,46364038
2021-08-20,9904.7,9904.7,10032.55,9876.6,9972.55,69250151
2021-08-23,9759.15,9759.15,10007.65,9744.5,9982.55,60450769
2021-08-24,9832.8,9832.8,9851.55,9704.6,9779.0,65794113
2021-08-25,9808.65,9808.65,9899.25,9799.1,9874.45,62579017
2021-08-26,9763.1,9763.1,9812.95,9745.95,9801.65,39134531
2021-08-27,9793.85,9793.85,9812.0,9718.25,9768.35,39788500
2021-08-30,9957.9,9957.9,9968.75,9863.45,9867.7,53889116
2021-08-31,10034.45,10034.45,10044.35,9893.85,9972.7,79899138
2021-09-01,10043.9,10043.9,10088.65,10010.6,10049.1,83544389
2021-09-02,10022.45,10022.45,10083.5,9981.3,10082.95,59022130
2021-09-03,10124.75,10124.75,10195.9,10042.55,10054.05,135494364
2021-09-06,10167.25,10167.25,10214.4,10156.1,10185.2,63149144
2021-09-07,10152.7,10152.7,10204.05,10115.55,10189.35,48917109
2021-09-08,10100.4,10100.4,10154.45,10047.15,10152.1,45884211
2021-09-09,10112.6,10112.6,10144.3,10054.35,10070.95,85623927
2021-09-13,10120.15,10120.15,10125.8,10045.0,10119.95,40423133
2021-09-14,10209.6,10209.6,10246.75,10149.35,10151.25,51224439
2021-09-15,10297.0,10297.0,10309.6,10222.95,10239.95,56519960
2021-09-16,10351.45,10351.45,10358.7,10300.45,10343.2,48665091
2021-09-17,10351.45,10351.45,10469.85,10284.45,10392.1,57951511
2021-09-20,10202.65,10202.65,10348.05,10176.4,10286.95,49504426
2021-09-21,10155.95,10155.95,10226.4,10021.35,10196.95,46835825
2021-09-22,10284.6,10284.6,10314.0,10174.15,10179.5,62548211
2021-09-23,10372.95,10372.95,10404.45,10333.25,10337.75,76208125
2021-09-24,10429.05,10429.05,10473.9,10341.75,10403.4,56801618
2021-09-27,10765.15,10765.15,10801.0,10501.05,10513.05,115907475
2021-09-28,10695.95,10695.95,10842.35,10608.75,10824.45,63936559
2021-09-29,10655.5,10655.5,10715.65,10559.4,10640.1,52280169
2021-09-30,10598.45,10598.45,10676.15,10561.75,10652.15,82864408
2021-10-01,10596.95,10596.95,10617.85,10437.1,10544.85,77555803
2021-10-04,10641.15,10641.15,10695.45,10616.4,10649.4,59782703
2021-10-05,10692.0,10692.0,10728.1,10599.95,10624.45,58370589
2021-10-06,10567.55,10567.55,10766.9,10535.1,10722.65,53361880
2021-10-07,11031.8,11031.8,11091.45,10639.45,10659.7,235375460
2021-10-08,11079.35,11079.35,11206.95,11054.65,11147.75,125060054
2021-10-11,11375.55,11375.55,11444.7,11125.05,11136.55,152199540
2021-10-12,11476.1,11476.1,11525.5,11374.1,11400.15,132051596
2021-10-13,11870.0,11870.0,12001.9,11603.1,11687.55,289499413
2021-10-14,11800.3,11800.3,12014.5,11775.5,12005.95,135101175
2021-10-18,11814.8,11814.8,11964.55,11796.85,11862.8,120255682
2021-10-19,11626.85,11626.85,11892.05,11580.75,11859.2,91657354
2021-10-20,11493.3,11493.3,11648.9,11388.85,11598.65,87651661
2021-10-21,11557.4,11557.4,11602.05,11392.5,11588.05,78611863
2021-10-22,11433.95,11433.95,11641.35,11380.8,11634.65,90380461
2021-10-25,11228.2,11228.2,11445.65,11177.75,11417.85,60604957
2021-10-26,11452.25,11452.25,11466.8,11258.85,11269.7,82843197
2021-10-27,11395.15,11395.15,11491.15,11364.45,11466.95,52995208
2021-10-28,11260.9,11260.9,11449.1,11223.45,11380.8,62608915
2021-10-29,11297.45,11297.45,11413.15,11070.65,11262.95,63997072
2021-11-01,11421.0,11421.0,11460.15,11205.25,11306.45,66106281
2021-11-02,11521.25,11521.25,11610.35,11487.5,11534.4,85002523
2021-11-03,11401.2,11401.2,11560.95,11366.95,11515.1,47047072
2021-11-04,11569.8,11569.8,11590.2,11471.0,11480.8,11350640
2021-11-08,11645.75,11645.75,11684.25,11602.5,11645.85,72291174
2021-11-09,11766.25,11766.25,11824.9,11691.35,11701.25,131434929
2021-11-10,11829.15,11829.15,11855.8,11718.7,11776.25,65168494
2021-11-11,11690.15,11690.15,11848.75,11645.0,11818.75,55434274
2021-11-12,11706.5,11706.5,11795.25,11635.7,11791.35,52279671
2021-11-15,11687.65,11687.65,11840.95,11645.3,11716.1,59389835
2021-11-16,11977.3,11977.3,12078.8,11692.05,11717.95,119932177
2021-11-17,12061.8,12061.8,12139.75,11958.5,11982.75,81890957
2021-11-18,11747.45,11747.45,12067.25,11690.9,12061.9,82690394
2021-11-22,11379.75,11379.75,11788.8,11270.35,11788.8,75566781
2021-11-23,11455.7,11455.7,11497.0,11275.25,11339.2,70570177
2021-11-24,11308.85,11308.85,11532.65,11266.95,11521.05,44647132
2021-11-25,11247.75,11247.75,11366.2,11193.0,11312.95,36101180
2021-11-26,10759.6,10759.6,11159.6,10721.35,11159.6,94286407
2021-11-29,10704.15,10704.15,10807.65,10448.15,10705.65,79312435
2021-11-30,10603.55,10603.55,10868.75,10554.25,10725.95,74161561
2021-12-01,10758.15,10758.15,10802.65,10670.1,10725.75,60180156
2021-12-02,10873.15,10873.15,10891.6,10752.8,10787.15,50615695
2021-12-03,10788.75,10788.75,10929.0,10757.3,10880.1,46340759
2021-12-06,10589.8,10589.8,10793.35,10570.35,10788.5,38540551
2021-12-07,10759.0,10759.0,10812.55,10653.65,10698.6,41371456
2021-12-08,11007.7,11007.7,11018.4,10807.3,10822.85,48194275
2021-12-09,11058.75,11058.75,11095.85,10942.1,11095.45,43236047
2021-12-10,11080.05,11080.05,11127.5,10997.45,11002.8,33013847
2021-12-13,11047.15,11047.15,11212.2,11032.05,11176.55,41998568
2021-12-14,10972.15,10972.15,11012.45,10888.35,11010.5,35400611
2021-12-15,11026.0,11026.0,11102.15,10961.2,10973.6,44506539
2021-12-16,10945.75,10945.75,11094.75,10905.2,11091.7,37010771
2021-12-17,10678.65,10678.65,10931.6,10661.4,10927.0,50918372
2021-12-20,10405.3,10405.3,10543.5,10197.2,10536.1,64031951
2021-12-21,10483.9,10483.9,10589.5,10412.9,10466.95,41502870
2021-12-22,10652.55,10652.55,10686.35,10534.05,10534.25,39379874
2021-12-23,10731.05,10731.05,10769.55,10700.35,10737.55,28068464
2021-12-24,10620.75,10620.75,10792.7,10561.2,10787.4,29400131
2021-12-27,10641.65,10641.65,10656.85,10505.75,10582.15,27713842
2021-12-28,10783.85,10783.85,10796.65,10671.35,10698.0,38347196
2021-12-29,10829.55,10829.55,10850.65,10740.75,10799.95,29588509
2021-12-30,10755.65,10755.65,10850.55,10741.75,10844.15,28079277
2021-12-31,10936.9,10936.9,10950.45,10774.7,10788.4,31971391
2022-01-03,11114.55,11114.55,11145.95,10998.35,11001.3,63895680
2022-01-04,11139.4,11139.4,11171.05,11058.25,11165.0,44791605
2022-01-05,11256.85,11256.85,11277.8,11103.2,11133.1,42985507
2022-01-06,11316.6,11316.6,11334.9,11122.05,11186.6,41422665
2022-01-07,11290.9,11290.9,11384.55,11216.25,11341.75,30350284
2022-01-10,11501.7,11501.7,11524.3,11327.2,11341.35,42181435
2022-01-11,11479.7,11479.7,11542.35,11439.5,11476.95,30945790
2022-01-12,11645.9,11645.9,11660.65,11484.75,11526.25,46630029
2022-01-13,11686.15,11686.15,11697.1,11507.5,11642.7,50283271
2022-01-14,11643.05,11643.05,11728.65,11592.15,11618.35,33778209
2022-01-17,11881.25,11881.25,11914.95,11676.4,11692.6,74727311
2022-01-18,11598.75,11598.75,11907.2,11555.6,11907.2,44608132
2022-01-19,11681.4,11681.4,11704.75,11492.45,11628.65,43435829
2022-01-20,11583.2,11583.2,11750.55,11525.15,11665.25,46605838
2022-01-21,11561.75,11561.75,11682.8,11421.25,11509.9,43511723
2022-01-24,11261.2,11261.2,11627.6,11152.65,11535.05,54043564
2022-01-25,11522.75,11522.75,11539.95,11075.15,11172.25,59807152
2022-01-27,11561.6,11561.6,11654.3,11296.9,11432.75,60025711
2022-01-28,11493.4,11493.4,11761.15,11470.0,11615.55,54105102
2022-01-31,11703.5,11703.5,11737.5,11578.1,11619.55,48902118
2022-02-01,11616.1,11616.1,11771.1,11427.3,11741.2,81133974
2022-02-02,11632.4,11632.4,11765.05,11594.5,11664.05,41748830
2022-02-03,11683.4,11683.4,11840.45,11633.6,11648.7,48667786
2022-02-04,11560.6,11560.6,11720.25,11521.55,11706.25,39679508
2022-02-07,11407.25,11407.25,11600.75,11334.7,11572.45,33251872
2022-02-08,11429.8,11429.8,11561.5,11300.2,11491.1,57361757
2022-02-09,11680.15,11680.15,11699.1,11478.4,11485.7,34910618
2022-02-10,11674.05,11674.05,11761.3,11603.5,11761.3,42819070
2022-02-11,11552.9,11552.9,11651.25,11505.35,11585.5,44530822
2022-02-14,11107.15,11107.15,11335.2,11056.65,11306.9,62752407
2022-02-15,11552.3,11552.3,11568.2,11060.1,11150.15,63342704
2022-02-16,11509.7,11509.7,11663.25,11470.25,11598.85,44543435
2022-02-17,11492.85,11492.85,11671.45,11469.6,11571.3,52273602
2022-02-18,11420.45,11420.45,11539.25,11396.85,11449.5,32738570
2022-02-21,11361.6,11361.6,11456.35,11260.4,11361.25,44855027
2022-02-22,11343.05,11343.05,11378.75,11113.9,11128.0,52244609
2022-02-23,11318.7,11318.7,11474.2,11286.65,11406.3,46520031
2022-02-24,10609.8,10609.8,11056.15,10542.1,10946.15,117158427
2022-02-25,10895.3,10895.3,11002.3,10790.05,10806.7,82865830
2022-02-28,10820.55,10820.55,10851.7,10618.55,10778.8,66685249
2022-03-02,10500.45,10500.45,10723.65,10449.55,10723.65,59450985
2022-03-03,10261.1,10261.1,10648.6,10222.25,10648.6,68541322
2022-03-04,9896.65,9896.65,10161.15,9854.35,10143.75,104201812
2022-03-07,9480.45,9480.45,9655.0,9374.0,9648.8,107036080
2022-03-08,9560.0,9560.0,9581.65,9226.95,9432.65,115564350
2022-03-09,9832.35,9832.35,9872.45,9560.1,9628.25,97864469
2022-03-10,10019.35,10019.35,10236.3,9958.6,10157.05,123029137
2022-03-11,9979.7,9979.7,10020.1,9868.8,9964.7,87191670
2022-03-14,10074.3,10074.3,10092.15,9817.95,9963.45,75310583
2022-03-15,10131.3,10131.3,10302.45,10060.7,10075.4,91802882
2022-03-16,10350.1,10350.1,10372.45,10233.5,10300.6,67633024
2022-03-17,10576.0,10576.0,10590.5,10443.0,10469.55,70882527
2022-03-21,10448.4,10448.4,10673.4,10423.8,10639.25,45539765
2022-03-22,10572.9,10572.9,10586.25,10302.65,10453.05,65905286
2022-03-23,10463.45,10463.45,10659.15,10435.7,10625.8,49658315
2022-03-24,10412.4,10412.4,10502.95,10353.2,10397.25,38275048
2022-03-25,10354.15,10354.15,10461.5,10300.6,10453.2,35301219
2022-03-28,10421.6,10421.6,10437.4,10300.15,10360.25,41229640
2022-03-29,10416.25,10416.25,10523.0,10387.2,10468.55,43111515
2022-03-30,10542.15,10542.15,10604.95,10491.45,10519.0,45250696
2022-03-31,10552.1,10552.1,10618.4,10528.65,10566.3,44609700
2022-04-01,10676.85,10676.85,10692.8,10471.75,10522.2,45358241
2022-04-04,10803.85,10803.85,10812.9,10641.8,10688.75,40379940
2022-04-05,10936.5,10936.5,10988.45,10837.9,10850.65,50958887
2022-04-06,10906.8,10906.8,10942.35,10830.1,10915.4,44092625
2022-04-07,10820.7,10820.7,10926.4,10804.5,10869.3,43260523
2022-04-08,10894.3,10894.3,10921.9,10792.45,10838.8,45392843
2022-04-11,10882.1,10882.1,10928.4,10847.3,10928.4,35852477
2022-04-12,10788.8,10788.8,10850.3,10694.35,10837.8,45479128
2022-04-13,10698.3,10698.3,10874.2,10676.9,10819.1,30850128
2022-04-18,10745.75,10745.75,10761.95,10566.45,10637.85,35380229
2022-04-19,10615.15,10615.15,10877.05,10519.05,10795.95,29101483
2022-04-20,10848.7,10848.7,10885.65,10668.5,10686.1,37045893
2022-04-21,11090.55,11090.55,11104.6,10890.75,10892.9,31439260
2022-04-22,11028.15,11028.15,11118.25,10899.75,10990.35,36374405
2022-04-25,10916.5,10916.5,11063.85,10864.4,10918.15,34354787
2022-04-26,11221.75,11221.75,11229.25,11018.4,11027.55,56367957
2022-04-27,11158.85,11158.85,11200.7,11063.1,11118.7,36074490
2022-04-28,11192.05,11192.05,11290.55,11128.85,11290.55,31702713
2022-04-29,11078.1,11078.1,11275.65,11034.75,11236.15,52517145
2022-05-02,10938.3,10938.3,11038.05,10897.05,11015.6,42858871
2022-05-04,10661.0,10661.0,11023.45,10617.9,10942.25,35761684
2022-05-05,10705.7,10705.7,10885.85,10684.35,10765.95,38273409
2022-05-06,10518.45,10518.45,10604.05,10473.15,10554.75,60129152
2022-05-09,10483.5,10483.5,10551.0,10312.65,10426.55,38974287
2022-05-10,10472.45,10472.45,10635.2,10436.2,10459.8,40962910
2022-05-11,10377.4,10377.4,10541.5,10233.4,10486.7,48950683
2022-05-12,10164.35,10164.35,10293.1,10092.6,10268.05,62873595
2022-05-13,10412.35,10412.35,10610.85,10280.35,10300.25,113200935
2022-05-16,10649.1,10649.1,10672.65,10475.75,10506.6,46859334
2022-05-17,10911.15,10911.15,10928.0,10677.0,10677.5,46370201
2022-05-18,10909.45,10909.45,11015.2,10878.7,10917.2,41996606
2022-05-19,10618.0,10618.0,10800.85,10597.55,10680.25,38645665
2022-05-20,10914.6,10914.6,10970.25,10780.45,10816.75,82337428
2022-05-23,11115.2,11115.2,11229.9,11057.55,11057.7,81929799
2022-05-24,11116.3,11116.3,11197.5,11062.8,11166.65,58655063
2022-05-25,11011.5,11011.5,11196.4,10975.8,11174.9,46872453
2022-05-26,11097.15,11097.15,11122.55,10852.45,11057.8,46057100
2022-05-27,11270.25,11270.25,11300.7,11141.1,11205.7,38620903
2022-05-30,11491.4,11491.4,11543.15,11380.25,11386.3,51717395
2022-05-31,11586.6,11586.6,11682.3,11494.7,11512.4,68485787
2022-06-01,11563.0,11563.0,11675.5,11490.55,11608.7,46493318
2022-06-02,11491.4,11491.4,11557.4,11416.25,11543.5,40371663
2022-06-03,11282.15,11282.15,11592.9,11258.1,11562.5,36412154
2022-06-06,11303.15,11303.15,11352.95,11175.25,11245.4,33766061
2022-06-07,11362.2,11362.2,11383.3,11153.4,11228.85,32288138
2022-06-08,11382.35,11382.35,11450.0,11270.65,11421.6,34399343
2022-06-09,11419.25,11419.25,11438.75,11294.3,11320.9,29553568
2022-06-10,11394.0,11394.0,11421.8,11318.5,11324.65,26479620
2022-06-13,11165.65,11165.65,11261.2,11132.05,11215.4,39237898
2022-06-14,11104.15,11104.15,11258.85,11049.05,11093.45,45194367
2022-06-15,11206.75,11206.75,11250.45,11153.95,11158.8,34009273
2022-06-16,10956.6,10956.6,11338.85,10939.7,11322.3,46015451
2022-06-17,10830.9,10830.9,10947.25,10762.45,10902.45,55389589
2022-06-20,10754.7,10754.7,10882.15,10684.65,10845.75,52192545
2022-06-21,10974.2,10974.2,10994.0,10786.8,10818.45,41539712
2022-06-22,10881.4,10881.4,10987.8,10825.75,10948.7,33606228
2022-06-23,11359.5,11359.5,11386.9,10933.95,10940.35,62345584
2022-06-24,11583.25,11583.25,11596.7,11407.75,11441.2,52314028
2022-06-27,11686.05,11686.05,11780.15,11659.7,11747.95,46578547
2022-06-28,11832.55,11832.55,11852.05,11608.45,11644.4,55346007
2022-06-29,11850.5,11850.5,11865.25,11715.95,11736.3,44644825
2022-06-30,11701.15,11701.15,11911.35,11671.8,11812.05,61732052
2022-07-01,11711.95,11711.95,11737.0,11530.35,11649.95,44652852
2022-07-04,11692.1,11692.1,11733.4,11591.45,11690.8,38475725
2022-07-05,11649.8,11649.8,11791.4,11632.05,11750.25,34406547
2022-07-06,11952.2,11952.2,11974.75,11671.65,11676.45,38099997
2022-07-07,12114.1,12114.1,12132.4,12039.2,12056.6,39382741
2022-07-08,12124.6,12124.6,12303.8,12069.5,12274.35,52750783
2022-07-11,12252.5,12252.5,12266.3,12040.5,12074.65,30880383
2022-07-12,12107.35,12107.35,12220.2,12082.9,12218.5,23442053
2022-07-13,12099.35,12099.35,12189.35,12080.15,12154.05,24765393
2022-07-14,12115.3,12115.3,12184.05,12025.25,12098.55,25708618
2022-07-15,12361.65,12361.65,12377.65,12135.65,12139.95,35175808
2022-07-18,12408.7,12408.7,12455.85,12391.0,12435.5,38146737
2022-07-19,12538.9,12538.9,12553.6,12364.65,12373.55,34368782
2022-07-20,12511.3,12511.3,12660.7,12484.6,12621.7,43901116
2022-07-21,12581.35,12581.35,12612.4,12501.9,12528.7,29884689
2022-07-22,12634.2,12634.2,12690.0,12596.45,12623.35,30859495
2022-07-25,12423.7,12423.7,12648.45,12369.1,12639.35,30257419
2022-07-26,12276.5,12276.5,12429.35,12262.05,12418.3,29594104
2022-07-27,12326.35,12326.35,12342.55,12204.65,12289.0,25344219
2022-07-28,12383.7,12383.7,12417.6,12238.7,12357.55,57276335
2022-07-29,12543.2,12543.2,12687.6,12474.15,12482.55,76707741
2022-08-01,12953.65,12953.65,12974.35,12627.95,12645.65,98838567
2022-08-02,13023.65,13023.65,13048.55,12817.05,12921.95,57679198
2022-08-03,12919.4,12919.4,13036.8,12767.75,13036.8,47159363
2022-08-04,12945.7,12945.7,13024.3,12754.25,13006.7,46988106
2022-08-05,12804.35,12804.35,12981.1,12782.8,12977.8,35960415
2022-08-08,12927.95,12927.95,12977.8,12816.4,12821.55,31438008
2022-08-10,12951.65,12951.65,12992.7,12868.5,12959.05,33867183
2022-08-11,12923.55,12923.55,13097.35,12859.9,13080.2,32518843
2022-08-12,12923.75,12923.75,12953.15,12847.45,12938.0,42948899
2022-08-16,13250.0,13250.0,13261.85,13013.1,13021.15,45146700
2022-08-17,13194.25,13194.25,13336.05,13172.85,13281.0,44047754
2022-08-18,13131.9,13131.9,13206.3,13093.75,13180.15,94090061
2022-08-19,12946.45,12946.45,13222.6,12910.35,13177.35,53362156
2022-08-22,12695.75,12695.75,12906.75,12675.75,12899.4,47308404
2022-08-23,12925.75,12925.75,12945.85,12607.6,12630.9,51174660
2022-08-24,12913.35,12913.35,12957.0,12820.5,12898.1,29850465
2022-08-25,12877.9,12877.9,13001.1,12856.7,12956.7,30098669
2022-08-26,12929.15,12929.15,13037.35,12912.85,12984.25,38658569
2022-08-29,12886.4,12886.4,12909.95,12651.75,12675.2,31092289
2022-08-30,13217.35,13217.35,13256.5,12968.2,12975.65,55630148
2022-09-01,13266.15,13266.15,13381.65,13025.55,13025.55,77798904
2022-09-02,13220.65,13220.65,13362.35,13203.35,13327.55,45383476
2022-09-05,13246.1,13246.1,13260.75,13162.85,13244.4,35302447
2022-09-06,13225.3,13225.3,13332.2,13198.15,13299.75,42382398
2022-09-07,13072.65,13072.65,13205.5,13025.5,13129.75,50898364
2022-09-08,13151.4,13151.4,13233.3,13117.4,13179.15,37294947
2022-09-09,13219.6,13219.6,13257.45,13133.95,13255.25,39810383
2022-09-12,13256.1,13256.1,13316.45,13243.65,13259.15,28843978
2022-09-13,13264.15,13264.15,13340.65,13242.3,13320.1,33074646
2022-09-14,13222.25,13222.25,13294.1,13085.7,13090.95,36179946
2022-09-15,13315.5,13315.5,13421.6,13263.85,13288.0,34351121
2022-09-16,12954.45,12954.45,13324.35,12849.55,13312.6,55007049
2022-09-19,13074.0,13074.0,13145.15,12872.55,12982.65,46970200
2022-09-20,13291.35,13291.35,13379.75,13174.7,13179.15,42960032
2022-09-21,13223.45,13223.45,13412.9,13186.35,13303.3,27577028
2022-09-22,13320.75,13320.75,13361.1,13146.55,13165.1,39037142
2022-09-23,13093.5,13093.5,13392.05,13023.5,13326.5,38211673
2022-09-26,12594.35,12594.35,12988.5,12539.55,12964.55,54821838
2022-09-27,12529.8,12529.8,12687.8,12407.4,12687.8,50480498
2022-09-28,12537.35,12537.35,12683.05,12371.0,12451.7,39656601
2022-09-29,12497.35,12497.35,12706.85,12468.35,12655.15,44875061
2022-09-30,12699.3,12699.3,12753.4,12365.7,12501.15,66863489
2022-10-03,12441.05,12441.05,12790.1,12388.05,12790.1,69439738
2022-10-04,12690.55,12690.55,12724.3,12586.6,12643.0,44234867
2022-10-06,12784.55,12784.55,12893.05,12757.5,12769.05,59413119
2022-10-07,12761.95,12761.95,12831.65,12711.35,12811.4,42931665
2022-10-10,12693.6,12693.6,12711.5,12514.65,12622.75,57527898
2022-10-11,12488.35,12488.35,12725.2,12463.25,12714.3,45010647
2022-10-12,12598.3,12598.3,12612.7,12459.15,12526.9,42077480
2022-10-13,12562.75,12562.75,12722.6,12501.6,12609.55,37093151
2022-10-14,12478.25,12478.25,12773.5,12464.3,12758.1,36698471
2022-10-17,12562.55,12562.55,12589.35,12386.3,12445.55,30812576
2022-10-18,12732.65,12732.65,12769.5,12620.6,12623.55,138309084
2022-10-19,12721.05,12721.05,12839.9,12698.65,12790.5,52206032
2022-10-20,12729.6,12729.6,12755.0,12544.6,12657.15,49883044
2022-10-21,12695.65,12695.65,12822.95,12600.95,12753.85,44664192
2022-10-24,12794.65,12794.65,12856.3,12775.8,12827.45,7869470
2022-10-25,12952.8,12952.8,12971.15,12803.05,12842.0,64918192
2022-10-27,12979.4,12979.4,13026.0,12908.6,13024.8,49291973
2022-10-28,13190.9,13190.9,13218.95,12991.1,13024.95,44129418
2022-10-31,13381.65,13381.65,13453.75,13270.3,13302.3,49404509
2022-11-01,13416.9,13416.9,13486.8,13303.05,13470.75,56563369
2022-11-02,13318.25,13318.25,13449.95,13264.25,13438.05,33353539
2022-11-03,13262.65,13262.65,13410.3,13223.4,13265.45,38451677
2022-11-04,13271.7,13271.7,13336.8,13228.75,13283.75,43884301
2022-11-07,13443.9,13443.9,13460.9,13316.45,13336.0,51717945
2022-11-09,13341.4,13341.4,13544.9,13308.2,13544.75,56560120
2022-11-10,13080.75,13080.75,13282.95,13033.95,13282.95,75776154
2022-11-11,13040.9,13040.9,13280.8,13003.2,13254.45,111484018
2022-11-14,13071.4,13071.4,13147.0,13035.9,13108.1,78444675
2022-11-15,13155.55,13155.55,13190.55,13074.5,13086.8,43650042
2022-11-16,13105.95,13105.95,13220.9,13043.25,13148.55,38672296
2022-11-17,12927.4,12927.4,13066.55,12904.05,13046.2,50660993
2022-11-18,12774.9,12774.9,12957.8,12717.4,12929.25,39329120
2022-11-21,12696.1,12696.1,12777.7,12668.3,12738.0,35642539
2022-11-22,12745.5,12745.5,12765.85,12694.6,12712.0,28834733
2022-11-23,12774.75,12774.75,12835.2,12762.85,12809.25,21972510
2022-11-24,12845.6,12845.6,12864.9,12781.15,12827.55,29155912
2022-11-25,12958.0,12958.0,12996.85,12828.45,12884.5,42824659
2022-11-28,13036.4,13036.4,13101.45,12950.6,12963.6,35817998
2022-11-29,13007.65,13007.65,13088.6,12979.4,13048.7,35890208
2022-11-30,13231.85,13231.85,13280.1,13021.9,13037.5,105106337
2022-12-01,13191.75,13191.75,13295.95,13162.25,13295.95,37295155
2022-12-02,13046.35,13046.35,13166.1,13024.85,13137.0,45345965
2022-12-05,13007.55,13007.55,13075.3,12972.3,13071.6,45280095
2022-12-06,12973.8,12973.8,12985.05,12912.7,12963.3,36929899
2022-12-07,12870.65,12870.65,12990.75,12855.0,12981.5,38529941
2022-12-08,12908.15,12908.15,12934.0,12846.45,12899.1,37000542
2022-12-09,12869.4,12869.4,13009.75,12764.65,12963.65,38554608
2022-12-12,12874.35,12874.35,12931.3,12767.75,12865.75,34164360
2022-12-13,12931.0,12931.0,12967.35,12905.0,12921.5,37671133
2022-12-14,13004.1,13004.1,13010.05,12949.5,12977.4,46337149
2022-12-15,12912.9,12912.9,13037.75,12890.7,13000.35,34319945
2022-12-16,12775.25,12775.25,12908.2,12702.7,12860.7,84068724
2022-12-19,12978.8,12978.8,12995.1,12715.35,12783.6,46626384
2022-12-20,12879.4,12879.4,12948.45,12768.1,12948.45,43612226
2022-12-21,12695.45,12695.45,12951.4,12633.1,12909.65,59065347
2022-12-22,12554.7,12554.7,12765.2,12511.9,12721.15,58012418
2022-12-23,12236.0,12236.0,12474.5,12213.55,12452.6,62865318
2022-12-27,12522.75,12522.75,12567.5,12409.4,12483.0,45768102
2022-12-28,12605.45,12605.45,12639.25,12470.2,12500.75,41989584
2022-12-29,12634.6,12634.6,12705.75,12456.45,12537.75,41715963
2022-12-30,12611.7,12611.7,12700.05,12593.2,12700.0,30457706
2023-01-02,12667.75,12667.75,12685.1,12604.45,12636.6,42719277
2023-01-03,12614.75,12614.75,12687.45,12583.75,12664.15,30870297
2023-01-04,12512.05,12512.05,12631.2,12467.8,12622.8,39674493
2023-01-05,12656.65,12656.65,12668.35,12507.45,12555.55,33135821
2023-01-06,12627.8,12627.8,12689.0,12597.75,12656.9,30506665
2023-01-09,12783.0,12783.0,12810.45,12694.35,12706.65,46261272
2023-01-10,12819.1,12819.1,12906.6,12769.45,12844.4,103739214
2023-01-11,12753.05,12753.05,12865.9,12714.7,12856.05,50097046
2023-01-12,12769.4,12769.4,12807.7,12703.25,12786.95,40086038
2023-01-13,12832.4,12832.4,12883.9,12724.05,12797.5,58469972
2023-01-16,12748.8,12748.8,12892.25,12694.85,12861.25,33397508
2023-01-17,12821.85,12821.85,12835.25,12705.7,12769.0,64303176
2023-01-18,12817.6,12817.6,12835.55,12759.95,12827.35,33940658
2023-01-19,12763.0,12763.0,12803.5,12743.55,12775.6,31395721
2023-01-20,12691.7,12691.7,12794.15,12673.8,12775.75,59551497
2023-01-23,12797.05,12797.05,12845.25,12700.4,12748.15,35018220
2023-01-24,12960.85,12960.85,12976.5,12818.8,12840.4,49978121
2023-01-25,12957.15,12957.15,13030.3,12895.35,12986.5,55379583
2023-01-27,13089.7,13089.7,13278.85,12912.2,13105.85,111193572
2023-01-30,13076.85,13076.85,13164.25,12959.65,13096.45,54688107
2023-01-31,13323.9,13323.9,13355.95,13099.4,13160.8,63233007
2023-02-01,13206.85,13206.85,13539.8,12972.35,13397.75,59213356
2023-02-02,13213.25,13213.25,13275.55,13091.15,13178.15,66669521
2023-02-03,13377.95,13377.95,13396.95,13167.65,13273.75,54593828
2023-02-06,13360.15,13360.15,13398.2,13221.8,13372.1,39422329
2023-02-07,13226.05,13226.05,13391.0,13182.6,13379.35,50088031
2023-02-08,13257.35,13257.35,13276.0,13132.85,13246.65,49146805
2023-02-09,13187.85,13187.85,13246.05,13133.55,13244.75,46506018
2023-02-10,13235.05,13235.05,13264.9,13153.8,13198.45,47141809
2023-02-13,13154.35,13154.35,13287.7,13074.15,13224.6,37135764
2023-02-14,13106.55,13106.55,13220.15,13093.55,13184.95,35975419
2023-02-15,13235.2,13235.2,13246.2,13087.4,13099.25,40417269
2023-02-16,13206.05,13206.05,13316.25,13187.0,13274.3,32422765
2023-02-17,13140.0,13140.0,13233.0,13107.85,13153.05,26026886
2023-02-20,13177.4,13177.4,13228.6,13105.35,13165.3,53695750
2023-02-21,13148.75,13148.75,13227.9,13129.3,13222.45,28696970
2023-02-22,12989.95,12989.95,13149.5,12973.3,13114.25,34153920
2023-02-23,12982.25,12982.25,13026.4,12896.25,13018.15,38731280
2023-02-24,12869.1,12869.1,13037.65,12853.95,13024.5,29637468
2023-02-27,12675.3,12675.3,12840.9,12566.05,12822.85,41504492
2023-02-28,12731.8,12731.8,12855.25,12689.4,12714.8,45431988
2023-03-01,12849.3,12849.3,12881.95,12755.85,12759.0,31257644
2023-03-02,12738.8,12738.8,12875.2,12712.35,12874.3,24540310
2023-03-03,12787.05,12787.05,12834.9,12750.95,12799.9,25788272
2023-03-06,12909.5,12909.5,12937.15,12821.75,12828.35,40039323
2023-03-08,13019.5,13019.5,13030.05,12859.25,12882.95,24733707
2023-03-09,12781.2,12781.2,13059.45,12766.75,13039.9,23061937
2023-03-10,12741.6,12741.6,12766.2,12692.05,12762.3,30034572
2023-03-13,12456.0,12456.0,12738.4,12410.1,12714.55,46398234
2023-03-14,12345.55,12345.55,12486.05,12310.05,12475.2,48821316
2023-03-15,12282.0,12282.0,12489.7,12266.6,12461.8,29239372
2023-03-16,12304.9,12304.9,12349.15,12159.9,12267.0,452824322
2023-03-17,12245.95,12245.95,12424.95,12177.55,12387.35,56110617
2023-03-20,12131.7,12131.7,12255.45,12025.4,12225.3,63256201
2023-03-21,12141.95,12141.95,12188.1,12114.45,12165.05,45206068
2023-03-22,12201.35,12201.35,12266.3,12165.2,12190.1,42515605
2023-03-23,12205.7,12205.7,12270.9,12153.4,12191.9,38760548
2023-03-24,12113.4,12113.4,12235.95,12089.1,12196.5,36818388
2023-03-27,12035.1,12035.1,12131.35,12015.85,12093.75,39704746
2023-03-28,11917.95,11917.95,12090.5,11901.85,12066.9,45163635
2023-03-29,12121.3,12121.3,12142.55,11935.1,11944.3,46017049
2023-03-31,12243.8,12243.8,12257.65,12154.0,12157.8,39220803
2023-04-03,12425.85,12425.85,12456.7,12328.4,12361.05,30415295
2023-04-05,12357.65,12357.65,12453.8,12340.25,12428.5,48141984
2023-04-06,12469.35,12469.35,12479.85,12312.75,12366.6,32600318
2023-04-10,12616.75,12616.75,12636.15,12516.45,12520.1,73596281
2023-04-11,12742.05,12742.05,12756.0,12640.4,12679.15,38083703
2023-04-12,12862.2,12862.2,12897.65,12751.75,12759.0,46436613
2023-04-13,12918.65,12918.65,12938.8,12861.15,12884.45,40006724
2023-04-17,12996.15,12996.15,13012.9,12910.95,13012.9,35288224
2023-04-18,13005.1,13005.1,13065.15,12954.35,13021.45,42865690
2023-04-19,13002.55,13002.55,13056.1,12981.15,12992.1,33303250
2023-04-20,13032.35,13032.35,13049.2,12995.1,13028.5,36654245
2023-04-21,12898.75,12898.75,13031.9,12881.15,13031.9,31363591
2023-04-24,12893.35,12893.35,12928.75,12838.2,12901.05,29512385
2023-04-25,12904.55,12904.55,12942.85,12869.1,12916.95,39822049
2023-04-26,12972.75,12972.75,12992.65,12900.65,12928.3,38715193
2023-04-27,13071.8,13071.8,13084.95,12961.4,12984.65,27939569
2023-04-28,13189.25,13189.25,13208.65,13071.0,13103.55,43551026
2023-05-02,13283.15,13283.15,13307.45,13147.9,13212.3,43950179
2023-05-03,13278.6,13278.6,13289.25,13215.95,13273.2,25489324
2023-05-04,13292.55,13292.55,13320.2,13260.55,13291.75,27482937
2023-05-05,13345.8,13345.8,13453.65,13287.65,13314.3,39105039
2023-05-08,13584.25,13584.25,13603.05,13396.55,13422.05,57409644
2023-05-09,13648.5,13648.5,13712.4,13600.05,13631.15,43498925
2023-05-10,13750.85,13750.85,13763.1,13626.65,13705.35,41131188
2023-05-11,13803.75,13803.75,13826.9,13736.05,13810.85,45819931
2023-05-12,13910.5,13910.5,13957.2,13854.8,13871.65,63330441
2023-05-15,14007.85,14007.85,14082.45,13931.4,13952.75,68826242
2023-05-16,13877.7,13877.7,14067.05,13851.2,14046.4,40375181
2023-05-17,13889.9,13889.9,13936.5,13839.2,13892.7,37784666
2023-05-18,13767.7,13767.7,13960.85,13756.85,13948.0,40885693
2023-05-19,13863.55,13863.55,13876.55,13647.6,13799.0,55715000
2023-05-22,13890.5,13890.5,13925.15,13823.4,13856.3,34928117
2023-05-23,13982.6,13982.6,13994.6,13884.7,13907.55,48819748
2023-05-24,13989.6,13989.6,14035.4,13916.25,13959.9,46195672
2023-05-25,14029.5,14029.5,14050.85,13920.75,13963.05,51408958
2023-05-26,14130.45,14130.45,14150.0,14017.65,14063.4,53994145
2023-05-29,14219.6,14219.6,14315.35,14158.0,14254.85,41961864
2023-05-30,14177.85,14177.85,14273.3,14164.75,14241.15,29905281
2023-05-31,14199.0,14199.0,14236.8,14107.7,14180.65,144276438
2023-06-01,14257.0,14257.0,14303.3,14168.75,14202.4,37129011
2023-06-02,14388.6,14388.6,14402.25,14263.45,14325.35,38636160
2023-06-05,14570.25,14570.25,14598.4,14449.75,14469.7,43610216
2023-06-06,14729.5,14729.5,14743.45,14594.3,14609.0,41448592
2023-06-07,14819.45,14819.45,14842.5,14716.35,14798.45,42581759
2023-06-08,14692.0,14692.0,14903.1,14669.8,14866.25,54012744
2023-06-09,14626.0,14626.0,14759.55,14610.2,14730.05,34319397
2023-06-12,14673.85,14673.85,14729.2,14601.0,14691.95,38622414
2023-06-13,14658.3,14658.3,14744.0,14643.55,14714.25,37072481
2023-06-14,14682.7,14682.7,14718.15,14635.9,14692.75,32948384
2023-06-15,14707.85,14707.85,14815.8,14660.55,14714.9,43850076
2023-06-16,14768.45,14768.45,14788.15,14701.55,14747.85,81968943
2023-06-19,14676.7,14676.7,14842.3,14658.05,14807.65,49333245
2023-06-20,14785.65,14785.65,14810.75,14573.9,14683.9,59257508
2023-06-21,14777.7,14777.7,14885.2,14738.3,14813.0,54699459
2023-06-22,14702.1,14702.1,14871.8,14683.0,14819.9,53934117
2023-06-23,14550.2,14550.2,14715.85,14536.35,14706.6,41024748
2023-06-26,14717.85,14717.85,14745.65,14527.6,14563.05,35005603
2023-06-27,14729.9,14729.9,14802.55,14694.9,14764.6,36678000
2023-06-28,14840.55,14840.55,14859.55,14767.4,14798.95,56499379
2023-06-30,15147.65,15147.65,15182.45,14884.35,14892.45,45001045
2023-07-03,15106.85,15106.85,15291.55,15089.8,15198.05,41958819
2023-07-04,15035.05,15035.05,15185.85,15010.1,15180.9,37273950
2023-07-05,15281.9,15281.9,15304.2,15048.2,15108.4,91046232
2023-07-06,15453.7,15453.7,15471.0,15239.1,15290.3,60130230
2023-07-07,15498.85,15498.85,15565.75,15374.5,15423.2,61864044
2023-07-10,15403.2,15403.2,15630.2,15387.2,15556.25,50971515
2023-07-11,15617.45,15617.45,15630.45,15456.45,15486.55,56018296
2023-07-12,15614.9,15614.9,15655.2,15549.8,15633.0,70436393
2023-07-13,15519.7,15519.7,15761.2,15460.8,15685.1,71598700
2023-07-14,15576.1,15576.1,15605.9,15513.3,15574.45,40125770
2023-07-17,15526.8,15526.8,15643.8,15477.7,15641.45,45803512
2023-07-18,15513.8,15513.8,15595.75,15443.05,15558.35,37333233
2023-07-19,15513.15,15513.15,15559.3,15454.85,15526.3,31286004
2023-07-20,15577.0,15577.0,15589.9,15434.4,15544.45,32981468
2023-07-21,15590.35,15590.35,15645.3,15509.55,15547.4,93148708
2023-07-24,15617.55,15617.55,15715.65,15581.6,15614.3,55130950
2023-07-25,15765.6,15765.6,15786.7,15664.35,15689.15,62878142
2023-07-26,15763.25,15763.25,15912.15,15734.85,15820.85,60292010
2023-07-27,15572.0,15572.0,15713.9,15492.55,15713.65,47915102
2023-07-28,15537.9,15537.9,15631.35,15466.9,15628.45,55578464
2023-07-31,15708.05,15708.05,15738.15,15512.9,15574.55,38475108
2023-08-01,15688.7,15688.7,15813.9,15638.7,15720.95,36803325
2023-08-02,15428.9,15428.9,15694.8,15300.1,15688.75,58063175
2023-08-03,15379.8,15379.8,15489.9,15316.05,15406.45,37682016
2023-08-04,15328.4,15328.4,15513.55,15218.6,15469.6,40683113
2023-08-07,15390.9,15390.9,15441.6,15333.85,15404.6,37936338
2023-08-08,15343.65,15343.65,15452.6,15280.6,15430.85,37414283
2023-08-09,15486.2,15486.2,15502.55,15272.6,15381.75,49040699
2023-08-10,15444.8,15444.8,15522.8,15400.6,15492.55,99897302
2023-08-11,15378.1,15378.1,15488.4,15355.75,15484.0,86159842
2023-08-14,15327.45,15327.45,15371.9,15122.95,15369.75,45543645
2023-08-16,15425.0,15425.0,15450.0,15218.9,15330.7,54226997
2023-08-17,15399.25,15399.25,15479.4,15339.75,15466.55,42269507
2023-08-18,15391.75,15391.75,15436.15,15329.95,15379.95,36361406
2023-08-21,15427.6,15427.6,15456.15,15338.65,15395.0,33498345
2023-08-22,15507.9,15507.9,15533.0,15422.65,15445.85,31638650
2023-08-23,15498.1,15498.1,15553.35,15471.5,15539.8,33698009
2023-08-24,15459.3,15459.3,15581.85,15439.45,15579.85,34177070
2023-08-25,15363.6,15363.6,15493.35,15293.9,15427.5,47401306
2023-08-28,15475.25,15475.25,15521.8,15392.35,15402.05,41473767
2023-08-29,15578.9,15578.9,15594.65,15472.65,15515.3,38741204
2023-08-30,15678.1,15678.1,15732.3,15623.7,15654.2,39277172
2023-08-31,15670.25,15670.25,15783.15,15643.55,15712.2,233706880
2023-09-01,15928.3,15928.3,15964.6,15667.4,15708.45,41344377
2023-09-04,15943.6,15943.6,16040.4,15855.9,16039.6,50879676
2023-09-05,15942.75,15942.75,16030.35,15919.05,15966.45,34640214
2023-09-06,15921.25,15921.25,15974.85,15842.8,15973.5,31449721
2023-09-07,15995.85,15995.85,16014.75,15898.2,15918.6,26432739
2023-09-08,16102.9,16102.9,16130.45,16012.75,16056.95,38509525
2023-09-11,16374.95,16374.95,16386.5,16163.45,16173.9,33103976
2023-09-12,16070.05,16070.05,16428.35,15940.05,16417.65,55191073
2023-09-13,15995.95,15995.95,16112.95,15926.2,16081.25,33089842
2023-09-14,16169.65,16169.65,16193.4,16056.9,16065.45,25999008
2023-09-15,16425.8,16425.8,16456.8,16241.55,16249.0,51106697
2023-09-18,16563.9,16563.9,16647.05,16397.4,16451.8,40951718
2023-09-20,16479.7,16479.7,16628.95,16411.6,16495.2,34972434
2023-09-21,16200.4,16200.4,16516.55,16160.6,16468.95,33163145
2023-09-22,16234.35,16234.35,16301.3,16129.05,16214.0,31961063
2023-09-25,16221.55,16221.55,16320.05,16170.5,16267.0,35357786
2023-09-26,16278.25,16278.25,16325.25,16231.25,16241.55,30572840
2023-09-27,16283.4,16283.4,16315.8,16195.85,16281.95,30195641
2023-09-28,16092.2,16092.2,16327.0,16041.5,16308.25,40340129
2023-09-29,16184.4,16184.4,16261.9,16045.1,16146.85,35493579
2023-10-03,15990.6,15990.6,16316.0,15955.9,16315.35,34486096
2023-10-04,15782.6,15782.6,15952.6,15715.9,15952.25,32577434
2023-10-05,15916.1,15916.1,15960.7,15785.9,15878.95,30204093
2023-10-06,15990.65,15990.65,16039.8,15966.4,16025.2,21802558
2023-10-09,15832.85,15832.85,15958.8,15801.85,15891.1,34478437
2023-10-10,16028.7,16028.7,16059.3,15877.05,15892.25,38603498
2023-10-11,16175.8,16175.8,16204.25,16085.2,16088.95,37736094
2023-10-12,16301.7,16301.7,16327.4,16216.85,16232.9,26619454
2023-10-13,16444.95,16444.95,16468.0,16229.35,16231.25,51410932
2023-10-16,16519.35,16519.35,16551.9,16446.15,16460.05,43447711
2023-10-17,16522.75,16522.75,16618.45,16490.55,16585.7,27945557
2023-10-18,16535.4,16535.4,16592.95,16482.65,16544.05,35331121
2023-10-19,16618.0,16618.0,16645.7,16445.25,16458.0,30828816
2023-10-20,16497.85,16497.85,16664.85,16470.25,16579.45,30519798
2023-10-23,16277.85,16277.85,16538.1,16253.75,16450.85,37065305
2023-10-25,16210.45,16210.45,16343.65,16082.45,16297.55,29758718
2023-10-26,15953.05,15953.05,16155.7,15928.6,16129.75,44669099
2023-10-27,16169.15,16169.15,16279.8,16002.15,16002.25,28692387
2023-10-30,16023.45,16023.45,16242.35,15831.8,16215.65,32797736
2023-10-31,15916.2,15916.2,16139.25,15899.25,16139.25,32688052
2023-11-01,15835.65,15835.65,16007.5,15807.95,15952.0,26521512
2023-11-02,15948.65,15948.65,15977.9,15836.0,15948.05,29090792
2023-11-03,16045.4,16045.4,16130.1,16015.1,16108.7,41564008
2023-11-06,16172.75,16172.75,16185.65,16102.85,16156.95,31297542
2023-11-07,16143.75,16143.75,16220.35,16116.6,16171.4,26470224
2023-11-08,16220.8,16220.8,16235.95,16166.0,16220.2,26039355
2023-11-09,16355.3,16355.3,16401.5,16229.65,16253.55,46840214
2023-11-10,16286.7,16286.7,16341.1,16185.5,16340.75,44352330
2023-11-13,16365.3,16365.3,16387.2,16307.8,16370.15,27037348
2023-11-15,16648.5,16648.5,16666.8,16421.75,16522.65,43869066
2023-11-16,16788.9,16788.9,16863.85,16632.3,16667.3,41826716
2023-11-17,16905.5,16905.5,16951.6,16798.9,16819.35,45613210
2023-11-20,16777.3,16777.3,16951.3,16730.1,16912.45,33845576
2023-11-21,16860.1,16860.1,16871.4,16758.3,16824.65,38249842
2023-11-22,16972.2,16972.2,16992.55,16767.65,16880.1,43697884
2023-11-23,17033.55,17033.55,17067.95,16993.75,17018.75,28388853
2023-11-24,17040.35,17040.35,17080.85,17014.1,17067.15,29832601
2023-11-28,17202.75,17202.75,17230.55,17047.1,17092.0,46757062
2023-11-29,17482.45,17482.45,17503.75,17244.25,17286.5,66065563
2023-11-30,17551.85,17551.85,17588.55,17436.7,17514.65,81814040
2023-12-01,17489.05,17489.05,17644.75,17462.05,17611.25,50137533
2023-12-04,17687.25,17687.25,17756.95,17530.95,17756.15,66188276
2023-12-05,17792.1,17792.1,17868.5,17681.6,17728.85,49097601
2023-12-06,17788.4,17788.4,17827.7,17672.95,17775.35,48230509
2023-12-07,17867.35,17867.35,18005.6,17757.4,17865.75,42433008
2023-12-08,17769.1,17769.1,17948.25,17663.3,17914.95,42856813
2023-12-11,17852.3,17852.3,17885.85,17711.65,17811.15,54237036
2023-12-12,17726.5,17726.5,17935.0,17630.65,17927.4,40242369
2023-12-13,17917.9,17917.9,17937.15,17699.65,17753.8,41820976
2023-12-14,18045.05,18045.05,18077.0,17926.6,17998.55,58754702
2023-12-15,18038.25,18038.25,18182.1,17843.25,18179.2,52909545
2023-12-18,18068.25,18068.25,18156.1,17969.75,18048.45,35153021
2023-12-19,17932.7,17932.7,18116.55,17905.1,18112.25,32126372
2023-12-20,17523.55,17523.55,18038.5,17479.9,18019.1,53666032
2023-12-21,17537.85,17537.85,17603.55,17294.35,17405.0,49255611
2023-12-22,17778.9,17778.9,17840.6,17566.85,17627.75,38606765
2023-12-26,17953.55,17953.55,17977.05,17806.9,17841.9,39441172
2023-12-27,18224.85,18224.85,18242.85,18009.75,18040.35,55165607
2023-12-28,18408.6,18408.6,18446.55,18234.75,18244.35,54346500
2023-12-29,18618.2,18618.2,18719.5,18417.85,18440.8,158226628
2024-01-02,18339.35,18339.35,18664.35,18241.0,18651.35,80495853
2024-01-03,18317.5,18317.5,18395.45,18175.5,18361.3,49691190
2024-01-04,18326.75,18326.75,18428.95,18296.75,18428.95,59064589
2024-01-05,18406.95,18406.95,18514.75,18345.2,18378.45,56528639
2024-01-08,18350.2,18350.2,18556.75,18332.3,18490.65,60751582
2024-01-09,18519.8,18519.8,18606.15,18402.4,18542.45,64931318
2024-01-10,18559.1,18559.1,18575.1,18384.45,18565.6,55216503
2024-01-11,18755.1,18755.1,18826.9,18631.45,18648.5,67888356
2024-01-12,18715.2,18715.2,18798.75,18588.15,18771.0,48862199
2024-01-15,18765.25,18765.25,18799.4,18623.6,18796.65,48437034
2024-01-16,18712.7,18712.7,18865.85,18642.3,18749.1,46996165
2024-01-17,18447.25,18447.25,18620.0,18413.65,18537.0,49750584
2024-01-18,18496.25,18496.25,18528.45,18142.5,18402.5,52982976
2024-01-19,18694.6,18694.6,18708.35,18572.75,18585.05,36218101
2024-01-23,18361.0,18361.0,18763.0,18314.15,18649.6,63360536
2024-01-24,18593.7,18593.7,18632.15,18143.75,18384.6,48266011
2024-01-25,18614.9,18614.9,18709.1,18434.45,18707.75,76636303
2024-01-29,18927.25,18927.25,18949.6,18570.75,18631.0,62622012
2024-01-30,18878.35,18878.35,19123.7,18859.1,18993.65,49829948
2024-01-31,19227.15,19227.15,19257.1,18861.55,18887.15,61585425
2024-02-01,19328.7,19328.7,19559.55,19283.35,19351.85,55933737
2024-02-02,19380.5,19380.5,19563.05,19304.75,19364.0,55128244
2024-02-05,19615.3,19615.3,19823.35,19529.2,19655.85,115089413
2024-02-06,19903.85,19903.85,19912.45,19683.9,19731.2,102438688
2024-02-07,19903.8,19903.8,20033.6,19762.2,19977.75,54477950
2024-02-08,19649.5,19649.5,19974.55,19607.5,19963.25,42430202
2024-02-09,19576.0,19576.0,19713.35,19365.2,19709.75,44856871
2024-02-12,19419.6,19419.6,19653.15,19364.5,19644.0,53756038
2024-02-13,19433.05,19433.05,19554.0,19235.9,19504.95,57177542
2024-02-14,19716.0,19716.0,19770.8,19257.1,19300.5,43003879
2024-02-15,19981.7,19981.7,20029.1,19811.95,19842.65,37820857
2024-02-16,20423.45,20423.45,20515.05,20074.1,20093.65,48866671
2024-02-20,20354.25,20354.25,20480.4,20239.5,20459.35,41518331
2024-02-21,20252.55,20252.55,20494.1,20192.45,20372.0,62180748
2024-02-22,20584.85,20584.85,20621.95,20181.0,20341.15,39334321
2024-02-23,20621.35,20621.35,20711.0,20540.75,20692.8,40071761
2024-02-26,20642.4,20642.4,20714.45,20537.5,20633.45,40767584
2024-02-27,20788.55,20788.55,20825.85,20593.0,20633.4,43485259
2024-02-28,20372.35,20372.35,20830.4,20325.7,20808.4,66452626
2024-02-29,20412.4,20412.4,20481.75,20230.2,20317.8,79203346
2024-03-01,20871.95,20871.95,20918.25,20473.3,20485.75,50775858
2024-03-04,20840.2,20840.2,21040.35,20824.95,20998.85,50656410
2024-03-05,21121.2,21121.2,21348.95,20930.4,21003.1,120846591
2024-03-06,21181.3,21181.3,21229.35,20888.8,21153.35,494641650
2024-03-07,21126.8,21126.8,21247.55,21004.5,21141.4,64684764
2024-03-11,21001.15,21001.15,21219.85,20962.0,21213.4,57255910
2024-03-12,20931.85,20931.85,21077.05,20853.85,20999.3,44597983
2024-03-13,20338.25,20338.25,20988.55,20211.2,20942.25,78929944
2024-03-14,20514.25,20514.25,20569.25,20169.85,20235.05,65323647
2024-03-15,20192.3,20192.3,20523.35,20066.8,20475.6,80387919
2024-03-18,20446.6,20446.6,20462.7,20102.9,20189.85,47737677
2024-03-19,20354.1,20354.1,20449.8,20258.1,20398.45,45785519
2024-03-20,20406.45,20406.45,20618.1,20263.9,20438.45,45661764
2024-03-21,20700.25,20700.25,20750.4,20472.6,20541.75,61033869
2024-03-22,21046.4,21046.4,21177.4,20622.8,20706.4,52410949
2024-03-26,21038.3,21038.3,21177.95,20974.75,21018.5,50917608
2024-03-27,21146.2,21146.2,21324.75,21088.7,21118.4,41299749
2024-03-28,21419.1,21419.1,21607.8,21085.85,21222.5,53397534
2024-04-01,21385.25,21385.25,21630.55,21338.65,21546.95,51272976
2024-04-02,21614.25,21614.25,21641.2,21373.2,21494.2,74513298
2024-04-03,21555.35,21555.35,21629.55,21446.75,21555.65,42393577
2024-04-04,21651.85,21651.85,21719.0,21404.85,21672.7,52824083
2024-04-05,21600.9,21600.9,21651.35,21539.25,21597.85,40178700
2024-04-08,22067.95,22067.95,22102.05,21642.9,21662.15,122797698
2024-04-09,21999.35,21999.35,22238.25,21921.65,22185.8,92144171
2024-04-10,21985.15,21985.15,22148.85,21920.8,22081.45,59631715
2024-04-12,21851.3,21851.3,22076.2,21834.45,21985.8,86183679
2024-04-15,21680.3,21680.3,21818.85,21445.0,21623.6,95235956
2024-04-16,21703.05,21703.05,21845.1,21480.75,21536.9,136279607
2024-04-18,21520.75,21520.75,21948.5,21459.05,21790.75,141966235
2024-04-19,21609.7,21609.7,21637.1,21144.75,21483.3,75732478
2024-04-22,21812.7,21812.7,21854.2,21653.75,21846.05,89846941
2024-04-23,21914.3,21914.3,22006.25,21806.15,21897.95,52535836
2024-04-24,21896.9,21896.9,22023.4,21869.25,21963.8,44998054
2024-04-25,22174.05,22174.05,22221.6,21852.95,21938.4,56375730
2024-04-26,22111.55,22111.55,22286.55,22081.1,22219.3,117135987
2024-04-29,22078.75,22078.75,22259.65,21990.9,22192.4,46229810
2024-04-30,22479.9,22479.9,22634.05,22181.1,22184.8,111469241
2024-05-02,22733.5,22733.5,22776.9,22478.15,22613.95,94917746
2024-05-03,22541.35,22541.35,22870.55,22342.6,22870.55,64074990
2024-05-06,22526.6,22526.6,22654.9,22394.35,22622.6,44441800
2024-05-07,22114.0,22114.0,22595.9,21996.65,22582.35,50868947
2024-05-08,22458.65,22458.65,22512.55,21959.3,22102.95,56587153
2024-05-09,22633.3,22633.3,22994.55,22492.6,22501.9,77164650
2024-05-10,22846.9,22846.9,22898.3,22672.3,22725.35,55658167
2024-05-13,22462.65,22462.65,22731.0,22127.9,22725.0,114099966
2024-05-14,22874.8,22874.8,22894.7,22435.7,22476.8,59753593
2024-05-15,22759.85,22759.85,22946.05,22681.0,22930.6,62856706
2024-05-16,22886.85,22886.85,22943.8,22448.55,22892.1,94641681
2024-05-17,23285.65,23285.65,23386.95,23039.4,23045.65,63939943
2024-05-21,23353.75,23353.75,23422.05,23215.45,23322.95,65431436
2024-05-22,23324.1,23324.1,23400.25,23201.95,23380.9,64571530
2024-05-23,23849.25,23849.25,23874.75,23252.2,23368.55,68097502
2024-05-24,23891.45,23891.45,24038.6,23692.15,23774.15,112344954
2024-05-27,23877.15,23877.15,23996.7,23696.35,23972.4,150518473
2024-05-28,23814.25,23814.25,23978.45,23763.4,23894.65,87645862
2024-05-29,23757.95,23757.95,23805.45,23566.05,23670.55,90165352
2024-05-30,23471.0,23471.0,23767.25,23392.15,23690.5,149456320
2024-05-31,23419.6,23419.6,23733.65,23314.05,23613.4,148925142
2024-06-03,23992.7,23992.7,24159.7,23874.9,24159.7,90005020
2024-06-04,23193.3,23193.3,24001.1,22026.3,24000.95,159623518
2024-06-05,24283.75,24283.75,24347.9,23120.65,23374.15,100526658
2024-06-06,24396.7,24396.7,24463.3,24200.95,24367.8,93625916
2024-06-07,25020.2,25020.2,25043.35,24282.4,24317.75,85280800
2024-06-10,25022.65,25022.65,25260.05,24912.6,25100.5,94077853
2024-06-11,25230.8,25230.8,25342.2,25008.2,25075.25,67249723
2024-06-12,25217.6,25217.6,25407.15,25198.05,25296.65,69940038
2024-06-13,25393.2,25393.2,25482.3,25162.5,25482.3,56188939
2024-06-14,25722.1,25722.1,25774.7,25347.35,25437.8,72887829
2024-06-18,25715.3,25715.3,25991.45,25690.35,25844.7,103640407
2024-06-19,25381.7,25381.7,25824.35,25344.4,25809.85,88472925
2024-06-20,25267.85,25267.85,25498.4,25201.25,25432.1,78385612
2024-06-21,25092.3,25092.3,25437.35,25016.9,25344.8,80595532
2024-06-24,25309.8,25309.8,25350.85,24861.3,25033.95,64272666
2024-06-25,25250.25,25250.25,25505.75,25205.5,25363.65,113407606
2024-06-26,25018.9,25018.9,25293.8,24999.6,25260.5,73071395
2024-06-27,25191.4,25191.4,25249.55,24841.85,25025.65,107204926
2024-06-28,25200.6,25200.6,25339.15,25119.65,25160.55,84279293
2024-07-01,25323.85,25323.85,25417.9,25172.4,25173.65,79054521
2024-07-02,25130.85,25130.85,25397.3,25039.15,25397.3,84189238
2024-07-03,25182.8,25182.8,25273.3,25123.2,25252.0,66859034
2024-07-04,25366.45,25366.45,25415.25,25242.55,25270.75,57740686
2024-07-05,25398.3,25398.3,25428.75,25226.45,25377.75,51803216
2024-07-08,25260.5,25260.5,25581.95,25230.8,25480.55,49449297
2024-07-09,25823.55,25823.55,25845.75,25338.35,25389.7,59737259
2024-07-10,25302.8,25302.8,25906.1,25094.1,25904.45,73851430
2024-07-11,25257.25,25257.25,25431.15,25228.9,25381.1,48690165
2024-07-12,25145.45,25145.45,25301.4,25102.4,25246.4,35341104
2024-07-15,25419.8,25419.8,25451.1,25191.15,25235.7,51106255
2024-07-16,25482.9,25482.9,25587.85,25430.95,25510.25,38007194
2024-07-18,25576.7,25576.7,25605.5,25162.7,25457.4,93208552
2024-07-19,24963.35,24963.35,25573.9,24931.25,25573.9,62626068
2024-07-22,25250.75,25250.75,25292.9,24689.8,24889.3,57703274
2024-07-23,25321.7,25321.7,25458.2,24473.8,25361.75,62594755
2024-07-24,25309.05,25309.05,25370.1,25193.05,25305.8,49580274
2024-07-25,25627.35,25627.35,25640.4,25147.35,25210.7,82928830
2024-07-26,26250.7,26250.7,26289.35,25601.7,25759.25,101503593
2024-07-29,26426.55,26426.55,26460.65,26261.8,26382.3,76547963
2024-07-30,26580.95,26580.95,26757.9,26386.1,26468.85,71655396
2024-07-31,26685.25,26685.25,26800.7,26516.35,26675.6,50956487
2024-08-01,26487.45,26487.45,26934.05,26357.45,26900.95,60850985
2024-08-02,25714.45,25714.45,26192.8,25678.35,26192.8,63744861
2024-08-05,24706.5,24706.5,25150.5,24509.25,25056.05,153448621
2024-08-06,24520.05,24520.05,25309.2,24464.5,24909.05,87133066
2024-08-07,24937.6,24937.6,25028.2,24789.85,25001.5,53094183
2024-08-08,24917.35,24917.35,25111.15,24785.05,24947.8,64934199
2024-08-09,25346.65,25346.65,25445.0,25202.75,25272.9,60189713
2024-08-12,25278.95,25278.95,25345.1,25089.75,25267.15,47190747
2024-08-13,25081.85,25081.85,25362.35,25041.95,25330.45,61736495
2024-08-14,25093.5,25093.5,25235.85,25021.1,25169.8,59103629
2024-08-16,25597.35,25597.35,25635.45,25261.75,25344.8,50265712
2024-08-19,25368.75,25368.75,25732.1,25355.7,25732.1,52441669
2024-08-20,25500.0,25500.0,25538.45,25377.6,25480.75,67207879
2024-08-21,25586.75,25586.75,25597.65,25448.05,25520.55,43988900
2024-08-22,25563.65,25563.65,25681.5,25518.05,25658.45,41215079
2024-08-23,25850.7,25850.7,25929.05,25621.25,25630.8,70287781
2024-08-26,25941.45,25941.45,25995.75,25802.15,25913.5,44105443
2024-08-27,25911.9,25911.9,26026.8,25857.05,25960.7,48149053
2024-08-28,25879.4,25879.4,26055.6,25817.25,25963.25,37324534
2024-08-29,26020.4,26020.4,26117.95,25671.25,25858.4,85191848
2024-08-30,26172.8,26172.8,26245.6,25976.45,26083.3,63954621
2024-09-02,26071.4,26071.4,26289.35,25951.9,26289.35,30609536
2024-09-03,26034.65,26034.65,26141.75,26004.15,26140.85,31457237
2024-09-04,25934.25,25934.25,25988.55,25764.2,25869.4,33645971
2024-09-05,25835.3,25835.3,26016.95,25800.25,25987.7,38808942
2024-09-06,25527.15,25527.15,25893.15,25435.9,25817.65,35229024
2024-09-09,25495.25,25495.25,25523.6,25259.25,25499.6,32983818
2024-09-10,25556.45,25556.45,25627.15,25398.3,25539.5,31064534
2024-09-11,25240.6,25240.6,25456.8,25191.0,25406.4,72547549
2024-09-12,25779.8,25779.8,25818.45,25191.1,25342.55,59497059
2024-09-13,25820.85,25820.85,25870.7,25718.15,25832.4,61549446
2024-09-16,25829.65,25829.65,25915.55,25801.1,25865.8,42309775
2024-09-17,25896.4,25896.4,25942.9,25602.2,25903.35,100207862
2024-09-18,25804.45,25804.45,26117.25,25746.35,25885.5,122923164
2024-09-19,25907.65,25907.65,26105.0,25806.0,25934.85,74076464
2024-09-20,26394.55,26394.55,26452.05,25926.75,25960.5,83365044
2024-09-23,26805.4,26805.4,26825.55,26485.9,26491.25,57761796
2024-09-24,26920.45,26920.45,26966.95,26696.6,26700.8,52054870
2024-09-25,26888.35,26888.35,27108.45,26714.8,26872.5,49037014
2024-09-26,27496.25,27496.25,27526.35,26839.3,26885.45,103423482
2024-09-27,27610.75,27610.75,27696.1,27382.65,27477.7,79775658
2024-09-30,27027.2,27027.2,27534.9,26971.05,27474.3,57925271
2024-10-01,27083.45,27083.45,27228.1,26971.65,27099.8,48022250
2024-10-03,26302.1,26302.1,26806.2,26261.55,26479.5,69051205
2024-10-04,25926.3,25926.3,26449.25,25850.4,26294.25,68087032
2024-10-07,25807.15,25807.15,26079.95,25544.8,26042.6,54936242
2024-10-08,26236.1,26236.1,26293.6,25612.45,25731.85,57335551
2024-10-09,26450.25,26450.25,26673.4,26271.0,26314.1,67937758
2024-10-10,26528.5,26528.5,26764.15,26392.15,26492.0,70401991
2024-10-11,26436.6,26436.6,26610.9,26381.0,26583.25,48322775
2024-10-14,26463.55,26463.55,26569.4,26428.05,26501.15,35649230
2024-10-15,26242.6,26242.6,26626.1,26028.8,26619.0,43390173
2024-10-16,25909.0,25909.0,26197.25,25783.25,26178.25,41133197
2024-10-17,24991.2,24991.2,25820.5,24959.85,25792.15,58069707
2024-10-18,25146.9,25146.9,25247.8,24699.35,24907.95,42828763
2024-10-21,25251.85,25251.85,25359.55,24777.6,25161.55,36511423
2024-10-22,24627.25,24627.25,25316.45,24583.95,25297.45,50098256
2024-10-23,24451.3,24451.3,24873.8,24388.0,24593.5,49557431
2024-10-24,24324.85,24324.85,24555.45,24257.45,24432.9,39832399
2024-10-25,23799.3,23799.3,24378.15,23519.8,24360.95,49094428
2024-10-28,23964.45,23964.45,24224.05,23664.5,23807.05,34342270
2024-10-29,23588.6,23588.6,24048.65,23264.3,23941.65,64576367
2024-10-30,23594.0,23594.0,23855.15,23423.9,23430.6,49482989
2024-10-31,23514.7,23514.7,23625.3,23401.85,23606.65,48548428
2024-11-01,23805.6,23805.6,23869.75,23765.9,23792.7,8691645
2024-11-04,23573.2,23573.2,24068.9,23258.15,23883.75,68421073
2024-11-05,23839.6,23839.6,23891.15,23462.45,23553.15,48008328
2024-11-06,24137.9,24137.9,24181.5,23835.85,23960.7,38475204
2024-11-07,23812.5,23812.5,24243.8,23696.05,24236.95,47982179
2024-11-08,23805.2,23805.2,23900.6,23536.05,23855.55,59204921
2024-11-11,23729.45,23729.45,24077.1,23618.3,23740.2,69227067
2024-11-12,23269.1,23269.1,23865.6,23183.75,23744.7,67220850
2024-11-13,22765.2,22765.2,23220.0,22691.5,23207.7,85543809
2024-11-14,22914.5,22914.5,23036.15,22659.05,22831.55,59268226
2024-11-18,23043.85,23043.85,23261.85,22854.55,23044.75,46023746
2024-11-19,23359.5,23359.5,23713.2,23051.6,23052.55,50525126
2024-11-21,23145.9,23145.9,23328.5,23072.65,23321.35,45166100
2024-11-22,23554.1,23554.1,23686.35,23089.05,23208.8,40492651
2024-11-25,23716.45,23716.45,24111.95,23648.65,23914.55,106218596
2024-11-26,23413.0,23413.0,23800.15,23326.8,23762.55,32749792
2024-11-27,23517.35,23517.35,23639.0,23419.4,23515.8,43578000
2024-11-28,23134.7,23134.7,23549.7,23091.8,23509.25,55606823
2024-11-29,23368.55,23368.55,23446.5,23128.9,23169.2,44715175
2024-12-02,23599.6,23599.6,23615.45,23353.75,23433.0,41300395
2024-12-03,23752.4,23752.4,23775.45,23580.75,23692.75,42595685
2024-12-04,23584.0,23584.0,23850.75,23466.75,23746.2,61935417
2024-12-05,23736.25,23736.25,23853.75,23438.55,23691.1,54415754
2024-12-06,23960.25,23960.25,23982.5,23722.85,23799.75,87600995
2024-12-09,23775.05,23775.05,23986.05,23750.6,23948.5,52196326
2024-12-10,23767.05,23767.05,23838.0,23635.4,23806.8,46124483
2024-12-11,23851.85,23851.85,23947.2,23757.1,23779.5,32663847
2024-12-12,23660.3,23660.3,23908.1,23615.3,23891.8,35740256
2024-12-13,23773.1,23773.1,23803.75,23292.1,23617.75,41946677
2024-12-16,23790.5,23790.5,23823.35,23628.25,23805.05,40627428
2024-12-17,23417.8,23417.8,23834.0,23361.65,23705.1,43050495
2024-12-18,23241.25,23241.25,23423.55,23208.6,23319.6,50799583
2024-12-19,23070.9,23070.9,23166.65,22862.4,22911.75,49016765
2024-12-20,22580.0,22580.0,23236.6,22531.65,23070.45,67849112
2024-12-23,22557.75,22557.75,22765.55,22488.3,22699.95,30036782
2024-12-24,22685.55,22685.55,22810.2,22510.6,22565.45,28770439
2024-12-26,22876.1,22876.1,22947.8,22709.85,22709.85,35268821
2024-12-27,23099.05,23099.05,23461.95,22952.6,22960.6,36551632
2024-12-30,22768.25,22768.25,23100.8,22695.75,23072.25,75966656
2024-12-31,22834.0,22834.0,22899.8,22641.0,22713.6,26178187
2025-01-02,24016.2,24016.2,24051.8,23155.2,23255.25,63686696
2025-01-03,24005.0,24005.0,24173.25,23899.75,24058.95,56380831
2025-01-06,23482.2,23482.2,24169.7,23365.6,24087.45,42989460
2025-01-07,23482.1,23482.1,23634.35,23426.0,23513.95,37456137
2025-01-08,23370.15,23370.15,23549.65,23191.6,23543.9,38888982
2025-01-09,23305.2,23305.2,23552.75,23240.0,23457.45,41578986
2025-01-10,23017.75,23017.75,23345.85,22896.05,23262.3,45141771
2025-01-13,22382.25,22382.25,22842.45,22351.0,22789.7,42868997
2025-01-14,22833.05,22833.05,22935.85,22415.95,22416.5,33356071
2025-01-15,22712.75,22712.75,23063.7,22602.65,22929.55,33604147
2025-01-16,22861.25,22861.25,22934.75,22758.15,22866.8,30568312
2025-01-17,22791.1,22791.1,22941.7,22651.6,22835.25,21121686
2025-01-20,22671.8,22671.8,22853.0,22511.75,22805.75,34103409
2025-01-21,22303.2,22303.2,22881.95,22261.9,22727.7,34822861
2025-01-22,22274.35,22274.35,22428.7,22121.4,22409.75,45187131
2025-01-23,22518.95,22518.95,22587.4,22166.15,22245.8,25725511
2025-01-24,22171.05,22171.05,22589.05,22120.05,22463.95,35149830
2025-01-27,21970.45,21970.45,22081.25,21835.6,22055.15,44812294
2025-01-28,22264.15,22264.15,22506.6,21867.8,22061.2,66018001
2025-01-29,22586.35,22586.35,22707.55,22269.95,22299.0,41656329
2025-01-30,22495.7,22495.7,22683.85,22259.1,22420.3,92133522
2025-01-31,22867.6,22867.6,22951.4,22490.3,22552.1,43846417
2025-02-03,23327.0,23327.0,23370.9,23096.1,23299.75,91969399
2025-02-04,23535.05,23535.05,23800.9,23366.9,23607.5,84225037
2025-02-05,23517.1,23517.1,23646.3,23410.5,23551.25,42290268
2025-02-06,23298.85,23298.85,23587.85,23264.15,23548.25,25472305
2025-02-07,23459.95,23459.95,23545.2,23193.35,23407.45,41218756
2025-02-10,23112.65,23112.65,23636.3,23082.2,23525.85,29472576
2025-02-11,22573.9,22573.9,23068.15,22531.1,23053.8,48131584
2025-02-12,22407.45,22407.45,22573.15,22099.05,22544.2,95027273
2025-02-13,22344.3,22344.3,22594.65,22285.1,22483.25,71809666
2025-02-14,22069.3,22069.3,22487.5,21874.55,22428.25,50787056
2025-02-17,21951.85,21951.85,22012.95,21610.15,22012.8,87390998
2025-02-18,21818.9,21818.9,21997.05,21638.55,21973.7,52109786
2025-02-19,21809.15,21809.15,21898.05,21597.1,21683.65,43942898
2025-02-20,22074.9,22074.9,22092.8,21562.8,21751.35,40601637
2025-02-21,21505.9,21505.9,22010.85,21435.5,21973.95,51484472
2025-02-24,21552.5,21552.5,21597.35,21291.3,21409.95,36818738
2025-02-25,21662.65,21662.65,21757.1,21585.9,21616.05,52340250
2025-02-27,21335.35,21335.35,21786.3,21243.5,21766.95,53987530
2025-02-28,20498.6,20498.6,21188.2,20460.1,21180.8,92747119
2025-03-03,20538.15,20538.15,20865.85,20368.85,20591.5,55275223
2025-03-04,20269.2,20269.2,20462.8,20174.85,20295.8,49536926
2025-03-05,20796.75,20796.75,20848.4,20327.05,20354.8,45261690
2025-03-06,20959.7,20959.7,21068.75,20733.4,21030.7,61788012
2025-03-07,21009.7,21009.7,21197.0,20846.0,20925.75,38374385
2025-03-10,20752.8,20752.8,21023.95,20706.3,20946.4,33348146
2025-03-11,20682.65,20682.65,20733.45,20480.75,20616.9,52331963
2025-03-12,20783.7,20783.7,20836.2,20590.8,20713.55,52670378
2025-03-13,20554.05,20554.05,20883.15,20530.4,20862.9,41360078
2025-03-17,20741.15,20741.15,20926.35,20538.05,20539.0,37986702
2025-03-18,21234.95,21234.95,21251.3,20836.05,20859.2,40120035
2025-03-19,21319.5,21319.5,21398.25,21194.15,21305.55,37620210
2025-03-20,21623.05,21623.05,21672.3,21368.25,21444.3,32967364
2025-03-21,21756.0,21756.0,21993.95,21667.35,21720.95,57737929
2025-03-24,21938.7,21938.7,21987.1,21665.2,21891.1,38586238
2025-03-25,21737.6,21737.6,22092.4,21683.1,22050.9,46643103
2025-03-26,21742.8,21742.8,21924.6,21704.8,21776.1,76100551
2025-03-27,21516.75,21516.75,21611.95,21216.4,21445.65,111412168
2025-03-28,21295.5,21295.5,21577.2,21200.75,21570.2,60036856
2025-04-01,21235.25,21235.25,21543.8,21100.2,21177.0,36848232
2025-04-02,21408.85,21408.85,21433.45,21175.85,21250.85,29918268
2025-04-03,21164.0,21164.0,21320.3,21095.0,21140.2,48081077
2025-04-04,20593.15,20593.15,21081.05,20507.55,21081.05,86334679
2025-04-07,19815.55,19815.55,19893.7,19316.65,19336.15,105696382
2025-04-08,20138.15,20138.15,20307.3,19805.25,20141.65,61540203
2025-04-09,20140.4,20140.4,20326.95,20034.65,20188.3,47335353
2025-04-11,20548.65,20548.65,20637.95,20432.3,20493.05,58458880
2025-04-15,21246.2,21246.2,21276.3,20929.75,21023.95,92607937
2025-04-16,21155.8,21155.8,21283.1,21058.6,21280.35,42119090
2025-04-17,21373.1,21373.1,21414.6,20953.1,21152.0,42264973
2025-04-21,21826.0,21826.0,21848.15,21272.15,21463.45,40671606
2025-04-22,21903.7,21903.7,21957.7,21729.8,21837.05,41513425
2025-04-23,22424.45,22424.45,22456.9,21947.05,21999.95,61415556
2025-04-24,22367.55,22367.55,22492.8,22286.85,22426.9,47474193
2025-04-25,21994.5,21994.5,22541.9,21885.2,22385.3,56351166
2025-04-28,22352.95,22352.95,22427.15,21919.95,22003.45,35194014
2025-04-29,22299.05,22299.05,22584.1,22216.55,22442.65,55022977
2025-04-30,22308.4,22308.4,22389.25,22091.15,22306.15,61251593
2025-05-02,22286.5,22286.5,22687.95,22198.35,22323.25,40928441
2025-05-05,22699.2,22699.2,22732.45,22366.3,22443.2,34204354
2025-05-06,22737.6,22737.6,23092.65,22668.65,22964.95,40994733
2025-05-07,23114.1,23114.1,23135.5,22435.3,22436.75,72331937
2025-05-08,22674.15,22674.15,23242.1,22560.2,23213.85,83108731
2025-05-09,22627.8,22627.8,22804.75,22220.7,22241.45,77899797
2025-05-12,23400.45,23400.45,23427.35,23066.4,23135.9,59201644
2025-05-13,23167.25,23167.25,23500.15,23046.95,23293.05,39961879
2025-05-14,23356.85,23356.85,23390.8,22947.65,23088.6,56183000
2025-05-15,23804.85,23804.85,23880.5,23261.85,23356.65,58651397
2025-05-16,23953.15,23953.15,24009.75,23777.55,23833.8,48971001
2025-05-19,24052.6,24052.6,24174.15,23933.15,23943.45,40694779
2025-05-20,23531.2,23531.2,24138.7,23495.55,24111.5,53450324
2025-05-21,23700.1,23700.1,23914.75,23503.95,23580.4,32628517
2025-05-22,23459.9,23459.9,23643.75,23291.4,23629.85,37818068
2025-05-23,23515.25,23515.25,23595.2,23423.45,23528.05,42344240
2025-05-26,23763.15,23763.15,23839.85,23551.25,23574.4,52875432
2025-05-27,23596.9,23596.9,23795.25,23477.4,23785.5,55949233
2025-05-28,23437.05,23437.05,23639.3,23411.9,23639.3,35886827
2025-05-29,23555.75,23555.75,23607.9,23417.25,23529.1,58416743
2025-05-30,23325.6,23325.6,23590.2,23291.05,23547.55,89209126
2025-06-02,23327.05,23327.05,23373.4,23147.2,23274.1,41114945
2025-06-03,23268.7,23268.7,23475.75,23204.9,23399.8,33204984
2025-06-04,23332.6,23332.6,23455.05,23250.0,23264.5,40034849
2025-06-05,23306.2,23306.2,23461.55,23169.7,23461.55,40896994
2025-06-06,23661.3,23661.3,23677.7,23208.1,23343.05,42497805
2025-06-09,23777.15,23777.15,23882.8,23698.6,23789.8,40154905
2025-06-10,23759.0,23759.0,23872.2,23743.2,23869.75,45128409
2025-06-11,23805.2,23805.2,23984.7,23774.0,23797.5,38634488
2025-06-12,23411.8,23411.8,23857.55,23341.45,23838.15,34475013
2025-06-13,23327.4,23327.4,23365.15,22915.65,22941.8,28743768
2025-06-16,23368.25,23368.25,23425.25,23074.25,23302.7,51333957
2025-06-17,23227.3,23227.3,23416.8,23176.7,23407.55,36132217
2025-06-18,23312.35,23312.35,23564.95,23130.05,23208.95,31513472
2025-06-19,23434.65,23434.65,23496.25,23299.6,23305.5,34168783
2025-06-20,23679.35,23679.35,23720.25,23403.7,23462.95,53245708
2025-06-23,23461.15,23461.15,23615.2,23360.85,23526.0,38301779
2025-06-24,23598.25,23598.25,23885.3,23572.35,23670.95,44923799
2025-06-25,23827.8,23827.8,23848.8,23668.1,23725.05,39246030
2025-06-26,23961.7,23961.7,23979.25,23768.9,23883.1,41426669
2025-06-27,24007.95,24007.95,24142.7,23937.9,23994.25,47326665
2025-06-30,23872.55,23872.55,24101.95,23824.2,24074.8,25880620
2025-07-01,23824.0,23824.0,23994.25,23745.8,23927.2,23334761
2025-07-02,23899.85,23899.85,23962.6,23786.05,23799.5,28796493
2025-07-03,24004.95,24004.95,24202.3,23933.6,23946.85,33710411
2025-07-04,23980.4,23980.4,24021.3,23850.85,23989.8,19022214
2025-07-07,23943.9,23943.9,24012.65,23896.9,23969.5,20630018
2025-07-08,23852.9,23852.9,23994.5,23681.3,23958.7,27008890
2025-07-09,23944.4,23944.4,23988.75,23790.4,23807.0,23322054
2025-07-10,23916.85,23916.85,24002.3,23807.25,23966.3,30232143
2025-07-11,23493.8,23493.8,23894.4,23433.3,23866.8,28539976
2025-07-14,23552.0,23552.0,23598.25,23447.8,23518.5,37452044
2025-07-15,23905.25,23905.25,23951.85,23576.05,23588.85,39606124
2025-07-16,24011.15,24011.15,24041.2,23654.05,23910.1,34428048
2025-07-17,24002.5,24002.5,24157.0,23954.0,24003.25,26904866
2025-07-18,23894.35,23894.35,24182.25,23874.2,24050.45,30698140
2025-07-21,24055.0,24055.0,24075.95,23725.1,23866.8,34969889
2025-07-22,23875.85,23875.85,24090.25,23826.9,24067.65,37720094
2025-07-23,24079.4,24079.4,24157.2,23928.2,23935.55,42098830
2025-07-24,24087.3,24087.3,24226.4,24051.15,24070.6,66468945
2025-07-25,23781.55,23781.55,24078.0,23675.9,24064.7,32995402
2025-07-28,23693.0,23693.0,23981.6,23670.9,23777.7,41480950
2025-07-29,23888.35,23888.35,23936.9,23620.9,23663.0,25789391
2025-07-30,23745.8,23745.8,23867.0,23580.35,23855.85,48051657
2025-07-31,23655.85,23655.85,23794.1,23397.95,23593.2,58837073
2025-08-01,23410.95,23410.95,23737.2,23378.9,23684.85,44729786
2025-08-04,23787.5,23787.5,23800.25,23416.05,23457.25,38006330
2025-08-05,23876.3,23876.3,23903.9,23669.7,23806.3,34096400
2025-08-06,23748.85,23748.85,23927.85,23662.5,23902.4,33676059
2025-08-07,23808.1,23808.1,23839.55,23453.55,23620.0,60570411
2025-08-08,23474.65,23474.65,23890.8,23439.05,23810.3,37623329
2025-08-11,23723.75,23723.75,23792.75,23440.2,23526.6,57531889
2025-08-12,23856.6,23856.6,24011.7,23732.45,23741.1,31735297
2025-08-13,24122.65,24122.65,24190.05,23913.35,23946.25,48321636
2025-08-14,24118.8,24118.8,24233.35,24034.1,24136.3,46241166
2025-08-18,25127.2,25127.2,25281.95,24782.3,24804.65,131689601
2025-08-19,25456.7,25456.7,25486.3,25031.2,25172.5,123273850
2025-08-20,25469.25,25469.25,25518.9,25412.55,25516.4,55977514
2025-08-21,25377.5,25377.5,25562.5,25322.3,25559.7,48239108
2025-08-22,25329.45,25329.45,25464.8,25291.55,25409.05,37247807
2025-08-25,25423.4,25423.4,25469.7,25244.65,25458.65,31556574
2025-08-26,25320.3,25320.3,25521.7,25226.45,25396.7,49148461
2025-08-28,25183.5,25183.5,25589.5,25163.45,25589.5,41536230
2025-08-29,24960.85,24960.85,25197.5,24891.75,25142.6,57537381
2025-09-01,25660.0,25660.0,25685.4,24998.65,24998.65,66555772
2025-09-02,25584.95,25584.95,25807.85,25529.9,25710.8,48599838
2025-09-03,25775.45,25775.45,25796.0,25535.15,25701.65,41198044
2025-09-04,25994.85,25994.85,26729.65,25964.15,26700.25,65076769
2025-09-05,26320.6,26320.6,26382.3,26080.1,26147.65,55326814
2025-09-08,27189.2,27189.2,27266.45,26440.0,26440.0,128776514
2025-09-09,27182.5,27182.5,27300.75,27073.45,27199.45,57506540
2025-09-10,26833.95,26833.95,27330.5,26756.75,27269.8,76616418
2025-09-11,26744.45,26744.45,26926.1,26676.85,26869.75,45108029
2025-09-12,26866.65,26866.65,27083.25,26784.6,26796.0,81798491
2025-09-15,26760.65,26760.65,27011.3,26737.2,26915.05,68396104
2025-09-16,27146.4,27146.4,27191.2,26818.15,26849.35,71484690
2025-09-17,27294.65,27294.65,27343.2,27138.4,27185.2,64551406
2025-09-18,27329.35,27329.35,27418.0,27179.45,27388.7,51602081
2025-09-19,27219.55,27219.55,27367.8,27195.05,27319.45,68098207
2025-09-22,27154.3,27154.3,27386.05,27105.35,27256.05,46008502
2025-09-23,27321.95,27321.95,27725.75,27284.75,27355.4,98694047
2025-09-24,27007.6,27007.6,27326.9,26990.75,27319.5,81548420
2025-09-25,26758.5,26758.5,26975.15,26718.35,26951.65,58357137
2025-09-26,26484.55,26484.55,26861.45,26463.7,26694.7,70280183
2025-09-29,26436.55,26436.55,26677.2,26393.05,26612.4,80690895
2025-09-30,26542.35,26542.35,26591.65,26328.05,26451.65,64048587
2025-10-01,26768.65,26768.65,26810.15,26538.75,26556.85,59111237
2025-10-03,26753.1,26753.1,26869.65,26488.3,26771.25,62805447
2025-10-06,26857.2,26857.2,26886.75,26559.75,26778.2,38266464
2025-10-07,26933.55,26933.55,27087.35,26825.5,26856.4,52568709
2025-10-08,26522.4,26522.4,27046.95,26487.5,26950.7,48029639
2025-10-09,26587.0,26587.0,26640.0,26365.65,26601.0,48175325
2025-10-10,26721.2,26721.2,26801.35,26468.05,26574.6,48331041
2025-10-13,26698.15,26698.15,26824.6,26592.05,26662.05,64296064
2025-10-14,26640.55,26640.55,26760.35,26495.95,26749.9,101104527
2025-10-15,26708.65,26708.65,26809.2,26618.45,26706.15,59415459
2025-10-16,27048.75,27048.75,27109.6,26756.75,26782.15,66139525
2025-10-17,27228.6,27228.6,27300.7,27033.55,27045.3,59536646
2025-10-20,27185.45,27185.45,27403.9,27165.05,27375.8,31522013
2025-10-21,27229.85,27229.85,27325.7,27156.05,27285.4,9290368
2025-10-23,27218.75,27218.75,27480.75,27170.05,27479.2,74144885
2025-10-24,27108.7,27108.7,27309.6,27018.65,27262.05,34303944
2025-10-27,27263.65,27263.65,27279.65,27128.3,27179.7,47119741
2025-10-28,27148.35,27148.35,27412.65,27065.35,27277.35,59712222
2025-10-29,26948.9,26948.9,27196.5,26890.15,27195.7,41194366
2025-10-30,26829.55,26829.55,27036.55,26795.7,27010.4,43981190
2025-10-31,26809.85,26809.85,27115.5,26774.4,26885.1,41593213
2025-11-03,26841.8,26841.8,26991.4,26710.3,26849.85,36488329
2025-11-04,26610.05,26610.05,26826.8,26583.6,26822.95,42498118
2025-11-06,26626.5,26626.5,26897.1,26555.6,26754.6,48732976
2025-11-07,26779.55,26779.55,26850.35,26285.35,26594.7,30862047
2025-11-10,26859.85,26859.85,26954.05,26722.0,26772.3,44473787
2025-11-11,27148.25,27148.25,27174.4,26735.8,26990.6,59339800
2025-11-12,27485.15,27485.15,27554.2,27137.8,27226.8,105955771
2025-11-13,27382.8,27382.8,27526.6,27327.2,27443.25,132969382
2025-11-14,27239.8,27239.8,27444.5,27078.4,27321.35,286538843
2025-11-17,27472.65,27472.65,27519.05,27116.05,27258.2,70240368
2025-11-18,27368.25,27368.25,27502.1,27292.5,27483.15,50314480
2025-11-19,27434.45,27434.45,27521.05,27270.55,27386.0,72772129
2025-11-20,27554.0,27554.0,27625.0,27441.15,27564.85,50020696
2025-11-21,27537.85,27537.85,27720.1,27488.9,27552.8,45766481
2025-11-24,27442.2,27442.2,27594.75,27391.6,27547.9,106296348
2025-11-25,27378.7,27378.7,27520.95,27335.55,27444.95,56511953
2025-11-26,27696.4,27696.4,27742.4,27418.05,27458.35,54380625
2025-11-27,27603.65,27603.65,27832.6,27527.45,27782.9,151747470
2025-11-28,27774.6,27774.6,27830.15,27562.65,27627.95,71760495
2025-12-01,27993.0,27993.0,28075.65,27853.85,27929.3,62949916
2025-12-02,27979.5,27979.5,28099.65,27908.15,27959.65,87111165
2025-12-03,27643.8,27643.8,28021.15,27581.2,28014.5,65016597
2025-12-04,27732.7,27732.7,27866.2,27581.1,27703.4,45473940
2025-12-05,27939.1,27939.1,27957.0,27663.3,27706.2,33920747
2025-12-08,27596.8,27596.8,27960.05,27503.8,27914.0,36196227
2025-12-09,27399.25,27399.25,27546.85,27116.5,27472.2,48537996
2025-12-10,27358.25,27358.25,27632.65,27313.15,27506.85,36443446
2025-12-11,27661.0,27661.0,27683.95,27307.8,27357.7,56515584
2025-12-12,27820.85,27820.85,27852.45,27683.95,27687.85,43689385
2025-12-15,27568.1,27568.1,27771.8,27477.85,27706.05,40211527
2025-12-16,27542.2,27542.2,27605.3,27447.8,27500.3,38015691
2025-12-17,27489.25,27489.25,27689.4,27438.3,27620.0,27557003
2025-12-18,27321.9,27321.9,27475.75,27013.75,27459.2,60594776
2025-12-19,27657.25,27657.25,27691.8,27280.4,27280.4,123286930
2025-12-22,27885.3,27885.3,27896.4,27661.9,27722.9,47862319
2025-12-23,27892.05,27892.05,27962.6,27778.25,27962.6,36280183
2025-12-24,27885.65,27885.65,27992.05,27814.4,27915.0,30646615
2025-12-26,27739.85,27739.85,27959.25,27683.3,27881.0,31153027
2025-12-29,27592.5,27592.5,27833.65,27561.65,27738.9,36860963
2025-12-30,27889.65,27889.65,27991.8,27516.85,27595.05,97592066
2025-12-31,28189.6,28189.6,28226.75,27858.65,27901.95,36439406
2026-01-02,28803.65,28803.65,28867.05,28486.55,28548.25,63269662
2026-01-05,28894.15,28894.15,29179.1,28806.95,28869.65,53148211
2026-01-06,28922.35,28922.35,28997.3,28812.55,28923.45,52762984
2026-01-07,28692.4,28692.4,28938.65,28501.1,28919.95,35561998
2026-01-08,28414.95,28414.95,28662.0,28357.6,28639.25,39497438
2026-01-09,28087.65,28087.65,28516.0,28034.85,28380.0,52658838
2026-01-12,28011.75,28011.75,28165.55,27492.65,28055.45,42642499
2026-01-13,27915.1,27915.1,28159.55,27694.6,28154.35,34402723
2026-01-14,27721.85,27721.85,27932.35,27635.7,27893.8,32671031
2026-01-16,27596.25,27596.25,27977.15,27516.25,27642.45,60250382
2026-01-19,27632.45,27632.45,27709.5,27418.15,27615.55,60352436
2026-01-20,26948.1,26948.1,27751.15,26850.05,27635.7,52867297
2026-01-21,26871.25,26871.25,27107.1,26602.95,26777.6,57826682
2026-01-22,27110.2,27110.2,27453.35,26954.65,27153.85,50786798
2026-01-23,26804.55,26804.55,27230.85,26766.7,27171.05,61005069
2026-01-27,26554.0,26554.0,26728.8,26218.3,26619.05,66874540
2026-01-28,26737.6,26737.6,26781.7,26236.7,26530.35,60190507
2026-01-29,26555.4,26555.4,26775.35,26170.45,26763.0,55874026
2026-01-30,26750.35,26750.35,26812.15,26253.55,26287.3,55100211
2026-02-02,26749.15,26749.15,26784.7,26006.7,26177.7,54816266
2026-02-03,27500.3,27500.3,28095.85,27271.8,28088.1,103625198
2026-02-04,27825.4,27825.4,27932.4,27427.4,27565.6,63610369
2026-02-05,27664.5,27664.5,27882.95,27463.75,27880.25,48447309
2026-02-06,27519.55,27519.55,27643.45,27307.55,27602.55,61885489
2026-02-09,27791.45,27791.45,27819.75,27479.05,27673.95,50383139
2026-02-10,28173.2,28173.2,28279.85,27771.1,27866.25,86555299
2026-02-11,28538.7,28538.7,28811.25,28296.2,28351.9,139194885
2026-02-12,28504.05,28504.05,28615.05,28360.1,28607.15,95259135
2026-02-13,28234.3,28234.3,28503.15,28161.25,28305.55,73940245
2026-02-16,28028.2,28028.2,28308.05,27928.3,28204.15,35021489
2026-02-17,28174.55,28174.55,28197.9,27866.6,27991.35,41324693
2026-02-18,28327.6,28327.6,28376.8,28085.6,28202.65,33690017
2026-02-19,27734.0,27734.0,28496.85,27670.45,28348.8,43297227
2026-02-20,27846.8,27846.8,27933.85,27617.45,27734.7,42732079
2026-02-23,28077.0,28077.0,28159.3,27913.95,27974.05,39238452
2026-02-24,27950.0,27950.0,27991.95,27772.95,27932.5,43568541
2026-02-25,28466.5,28466.5,28574.25,27917.5,27969.15,46282725
2026-02-26,28693.4,28693.4,28719.6,28459.45,28556.85,43095267
2026-02-27,28158.85,28158.85,28687.0,28094.25,28623.2,65410787
2026-03-02,27540.1,27540.1,27951.85,27133.55,27196.4,67868660
2026-03-04,26867.15,26867.15,27012.55,26607.2,26979.4,76549652
2026-03-05,27366.8,27366.8,27471.45,26909.8,27053.5,63384905
2026-03-06,27076.4,27076.4,27321.05,27042.4,27247.2,49711404
2026-03-09,25965.95,25965.95,26478.45,25733.5,26478.45,66608566
2026-03-10,26770.55,26770.55,26840.7,26200.4,26462.75,63168858
2026-03-11,25926.0,25926.0,26851.65,25875.2,26761.75,71703229
2026-03-12,25098.0,25098.0,25721.3,25046.0,25688.3,95147941
2026-03-13,24195.1,24195.1,24918.25,24100.6,24784.2,90337705
2026-03-16,24599.1,24599.1,24718.75,23863.4,24085.95,64591763
2026-03-17,25117.1,25117.1,25195.45,24518.7,24703.9,61241311
2026-03-18,25598.85,25598.85,25703.7,25250.8,25262.25,50907403
2026-03-19,24509.9,24509.9,25093.15,24380.55,25078.8,58784250
2026-03-20,24715.9,24715.9,24955.55,24611.3,24635.75,86715175
2026-03-23,23934.75,23934.75,24433.45,23865.65,24433.45,69298956
2026-03-24,24515.25,24515.25,24728.3,24055.45,24458.45,70228556
2026-03-25,25058.6,25058.6,25267.95,24814.5,24875.55,55758710
2026-03-27,24351.95,24351.95,24847.7,24301.4,24834.25,84465569
2026-03-30,23769.6,23769.6,24193.1,23708.2,23969.1,117711995
2026-04-01,24238.85,24238.85,24646.5,24132.4,24557.4,138713873
2026-04-02,24089.65,24089.65,24171.2,23560.1,23929.05,82961232
2026-04-06,24350.4,24350.4,24379.75,23896.45,24151.95,71403605
2026-04-07,24373.3,24373.3,24430.1,23839.1,24227.75,52183392
2026-04-08,26002.95,26002.95,26113.7,25295.95,25396.85,183928486
2026-04-09,25901.9,25901.9,26133.65,25643.35,25971.5,87957494
2026-04-10,26640.9,26640.9,26678.55,26002.45,26018.3,93995962
2026-04-13,26084.55,26084.55,26231.4,25910.45,26041.6,94489235
2026-04-15,26483.1,26483.1,26709.6,26304.1,26462.15,74647451
2026-04-16,26382.75,26382.75,26729.4,26233.3,26649.0,55391400
2026-04-17,26435.0,26435.0,26581.55,26190.3,26319.2,58535356
2026-04-20,26522.3,26522.3,26630.15,26173.85,26447.1,44532798
2026-04-21,26625.2,26625.2,26746.1,26493.9,26509.75,61794407
2026-04-22,26450.25,26450.25,26718.6,26416.8,26521.3,103166524
2026-04-23,25828.1,25828.1,26278.95,25746.7,26270.4,88107069
2026-04-24,25652.85,25652.85,26035.6,25559.8,25867.85,39980139
2026-04-27,26053.15,26053.15,26126.25,25776.0,25779.9,48674070
2026-04-28,25790.35,25790.35,26219.25,25762.05,26076.45,54409055
2026-04-29,26085.75,26085.75,26484.8,25935.45,25936.85,59724655
2026-04-30,25917.6,25917.6,26034.0,25441.55,25855.45,67197158
2026-05-04,26027.7,26027.7,26496.65,25810.1,26133.5,65470409
2026-05-05,26192.1,26192.1,26253.2,25805.8,26033.15,48701585
2026-05-06,26823.0,26823.0,26871.9,26278.95,26502.15,81310618
2026-05-07,27339.95,27339.95,27533.2,26878.15,26983.15,106777360
2026-05-08,27259.85,27259.85,27392.15,27082.6,27244.8,50498913
2026-05-11,26753.4,26753.4,26978.0,26600.7,26874.2,46273679
2026-05-12,26142.6,26142.6,26794.1,26091.45,26700.0,54809861
2026-05-13,25888.95,25888.95,26296.8,25842.15,26140.5,60757263
2026-05-14,26049.7,26049.7,26117.1,25603.15,26092.7,71897848
2026-05-15,26070.7,26070.7,26357.9,25967.15,26131.35,107203572
2026-05-18,25624.3,25624.3,25921.1,25486.4,25909.3,61887041
2026-05-19,25698.8,25698.8,25962.15,25520.9,25680.45,74496520
2026-05-20,25914.35,25914.35,26007.35,25325.6,25538.9,101437217
2026-05-21,25986.25,25986.25,26235.2,25901.0,26147.7,108477610
2026-05-22,26017.1,26017.1,26215.2,25980.6,26045.85,70555777
2026-05-25,26463.05,26463.05,26655.6,26319.6,26400.45,67646928
2026-05-26,26480.5,26480.5,26605.9,26362.05,26457.7,73766707
2026-05-27,26864.2,26864.2,26976.55,26473.75,26509.25,121406313
2026-05-29,26338.45,26338.45,27033.6,26210.2,26915.4,233774351
2026-06-01,25891.9,25891.9,26548.1,25830.2,26439.2,97732419
2026-06-02,26079.45,26079.45,26135.3,25581.15,25595.05,99169108
2026-06-03,26092.8,26092.8,26215.3,25881.6,26069.2,91106542
2026-06-04,26144.35,26144.35,26447.35,25897.35,25981.25,68438705
2026-06-05,26165.95,26165.95,26349.9,25997.75,26279.95,55805659
2026-06-08,25681.8,25681.8,25926.15,25615.0,25798.6,58949928
2026-06-09,26025.65,26025.65,26115.45,25807.95,25937.2,63136764
2026-06-10,25833.55,25833.55,26087.15,25759.3,26015.0,51351063
2026-06-11,25790.35,25790.35,25957.5,25516.6,25678.35,52622204
2026-06-12,26293.85,26293.85,26322.0,25877.5,26089.65,102356040
2026-06-15,26977.5,26977.5,27127.45,26650.4,26692.0,106050528
2026-06-16,26891.55,26891.55,27133.55,26850.95,27133.55,58206713
2026-06-17,26724.4,26724.4,26986.2,26548.7,26972.15,105281688
2026-06-18,26746.4,26746.4,26843.35,26654.25,26784.1,57787719
2026-06-19,26583.35,26583.35,26692.3,26462.05,26668.0,61044674
2026-06-22,26703.45,26703.45,26802.1,26609.9,26710.3,62470479
2026-06-23,26496.5,26496.5,26732.65,26437.55,26718.65,63519697
2026-06-24,26384.35,26384.35,26558.45,26241.6,26438.15,59712073
2026-06-25,26977.75,26977.75,27258.2,26549.85,26559.25,173847995
2026-06-29,26417.6,26417.6,26978.4,26334.75,26858.2,179799336
2026-06-30,26479.8,26479.8,26664.3,26067.7,26537.0,84746241
2026-07-01,26783.2,26783.2,26965.45,26585.15,26585.15,86073259
2026-07-02,27108.2,27108.2,27141.4,26777.1,26965.55,84714311
2026-07-03,26988.1,26988.1,27308.8,26949.35,27303.25,54899381
2026-07-06,27353.95,27353.95,27388.5,26936.15,27047.5,49736995
2026-07-07,27343.5,27343.5,27452.8,27244.6,27414.25,70284809
2026-07-08,26733.4,26733.4,27367.15,26620.85,27168.0,75044334
2026-07-09,26676.35,26676.35,26946.2,26613.9,26775.95,53511313
2026-07-10,26860.75,26860.75,26976.45,26774.15,26847.45,55308516
2026-07-13,26981.5,26981.5,27033.85,26490.0,26631.6,51418619
2026-07-14,26547.5,26547.5,26817.0,26504.6,26753.75,55346719
2026-07-15,26645.1,26645.1,26844.35,26573.2,26603.7,43940138
2026-07-16,26767.55,26767.55,26910.2,26668.65,26754.45,63027469
2026-07-17,27099.75,27099.75,27120.75,26765.75,26777.15,56411748
2026-07-20,27028.35,27028.35,27103.1,26806.05,27103.1,39714851
2026-07-21,27280.6,27280.6,27328.5,26912.25,27031.8,47369346
2026-07-22,27329.65,27329.65,27549.35,27280.05,27348.7,49504490
2026-07-23,27520.8,27520.8,27760.65,27230.45,27262.45,49886609
2026-07-24,27217.95,27217.95,27353.2,27032.0,27350.75,51973704
2026-07-27,27653.4,27653.4,27675.55,27365.25,27443.65,43186468
2026-07-28,27843.9,27843.9,27916.85,27559.2,27604.3,56462547
2026-07-29,27825.95,27825.95,28135.5,27731.0,27935.2,49549435
2026-07-30,28279.1,28279.1,28326.0,27720.25,27841.25,83382693
2026-07-31,28744.15,28744.15,28871.65,28168.0,28550.95,102686491
2026-08-03,29168.95,29168.95,29169.2,28813.75,29058.85,92007460
2026-08-04,29041.3,29041.3,29107.2,28893.15,29082.45,67962477
2026-08-05,29411.55,29411.55,29489.2,29113.1,29231.3,78112600
2026-08-06,29113.4,29113.4,29383.95,29050.75,29375.4,74204786
2026-08-07,29647.9,29647.9,29647.9,29011.3,29012.45,151552676
2026-08-10,29620.05,29620.05,29865.5,29576.1,29696.15,66354374
2026-08-11,29458.55,29458.55,29713.0,29422.3,29618.65,54076064
2026-08-12,29363.05,29363.05,29603.4,29306.1,29476.25,62967604
2026-08-13,29392.15,29392.15,29508.35,29277.0,29399.25,59680089
2026-08-14,29207.9,29207.9,29317.5,29120.6,29277.95,88506545
2026-08-17,29178.1,29178.1,29384.5,29166.75,29199.25,64890259
2026-08-18,29264.55,29264.55,29390.25,29178.65,29182.7,49756077
2026-08-19,29185.4,29185.4,29317.0,29076.7,29224.1,40615744
2026-08-20,29301.75,29301.75,29381.85,29165.2,29316.25,36026137
2026-08-21,29124.6,29124.6,29364.05,29087.1,29331.1,34073470
2026-08-24,29101.3,29101.3,29229.05,28983.35,29143.9,31192929
2026-08-25,29216.9,29216.9,29217.7,28894.95,29048.3,34732649
2026-08-26,29000.15,29000.15,29276.0,28999.45,29246.2,39810005
2026-08-27,28883.5,28883.5,29132.45,28827.6,29057.9,44637248
2026-08-28,28851.8,28851.8,29026.05,28674.05,28959.85,40585116
2026-08-31,28841.5,28841.5,28933.3,28671.5,28772.55,57452110
2026-09-01,28491.05,28491.05,29090.3,28244.0,29090.3,52877467
2026-09-02,27981.95,27981.95,28225.55,27541.65,28183.2,59753123
2026-09-03,27837.4,27837.4,28080.3,27780.5,28046.1,32924690
2026-09-04,27710.9,27710.9,27884.7,27673.7,27873.95,33840458
2026-09-07,27698.75,27698.75,27785.55,27552.05,27649.7,40802002
2026-09-08,27775.35,27775.35,27775.8,27457.15,27675.9,34773721
2026-09-09,27653.35,27653.35,27752.0,27496.4,27619.3,27579419
2026-09-10,27540.95,27540.95,27670.1,27384.8,27638.4,39715864
2026-09-11,27304.5,27304.5,27405.5,27094.95,27326.85,46059826
2026-09-15,26756.6,26756.6,27501.75,26752.4,27497.8,59000077
2026-09-16,26893.65,26893.65,27055.7,26702.0,26769.3,41640945
2026-09-17,27159.15,27159.15,27324.75,26858.4,26860.75,37132182
2026-09-18,27129.0,27129.0,27340.85,27126.45,27197.1,73968170
